usage_id,customer_id,usage_date,tower_id,voice_minutes,data_usage_mb,data_usage_gb,sms_count,is_roaming
USG00000001,5949-HGVJL,2026-08-31,TWR00055,118,2137.95,2.088,15,False
USG00000002,8868-WOZGU,2026-08-31,TWR00038,152,3874.93,3.784,6,False
USG00000003,3689-MOZGR,2026-08-31,TWR00051,166,911.28,0.89,12,False
USG00000004,0580-PIQHM,2026-08-31,TWR00061,26,1077.71,1.052,3,False
USG00000005,8717-VCTXJ,2026-08-31,TWR00009,146,1359.89,1.328,22,False
USG00000006,6872-HXFNF,2026-08-31,TWR00064,38,1851.12,1.808,20,False
USG00000007,4906-ZHGPK,2026-08-31,TWR00047,66,3335.76,3.258,9,False
USG00000008,8409-WQJUX,2026-08-31,TWR00013,49,4361.04,4.259,25,False
USG00000009,9762-YAQAA,2026-08-31,TWR00003,47,3190.77,3.116,4,False
USG00000010,1173-XZPYF,2026-08-31,TWR00043,106,2633.11,2.571,22,False
USG00000011,8681-ICONS,2026-08-31,TWR00034,60,3559.04,3.476,25,True
USG00000012,2608-BHKFN,2026-08-31,TWR00080,33,67.84,0.066,18,False
USG00000013,6016-NXBNJ,2026-08-31,TWR00083,157,1322.34,1.291,8,False
USG00000014,9732-EQMWY,2026-08-31,TWR00072,44,4445.02,4.341,9,False
USG00000015,0786-IVLAW,2026-08-31,TWR00025,5,3074.21,3.002,5,False
USG00000016,8272-ONJLV,2026-08-31,TWR00033,34,1817.5,1.775,0,False
USG00000017,5915-DGNVC,2026-08-31,TWR00042,43,1809.14,1.767,21,False
USG00000018,6086-ESGRL,2026-08-31,TWR00027,29,634.5,0.62,22,False
USG00000019,8597-CWYHH,2026-08-31,TWR00085,42,2293.15,2.239,11,False
USG00000020,7746-AWNQW,2026-08-31,TWR00080,73,1840.4,1.797,1,False
USG00000021,5076-YVXCM,2026-08-31,TWR00013,59,3796.16,3.707,25,False
USG00000022,1139-WUOAH,2026-08-31,TWR00051,92,1828.38,1.786,10,False
USG00000023,9261-WDCAF,2026-08-31,TWR00085,118,3500.99,3.419,0,False
USG00000024,3969-JQABI,2026-08-31,TWR00071,41,790.72,0.772,8,False
USG00000025,9916-AYHTC,2026-08-31,TWR00071,112,1370.25,1.338,15,False
USG00000026,5022-JNQEQ,2026-08-31,TWR00096,82,3497.87,3.416,4,False
USG00000027,2361-FJWNO,2026-08-31,TWR00070,36,2198.83,2.147,3,False
USG00000028,8565-HBFNN,2026-08-31,TWR00077,124,1066.34,1.041,0,False
USG00000029,9278-VZKCD,2026-08-31,TWR00079,177,3877.51,3.787,8,False
USG00000030,3209-ZPKFI,2026-08-31,TWR00034,112,1760.58,1.719,20,False
USG00000031,5996-NRVXR,2026-08-31,TWR00061,145,3087.35,3.015,21,False
USG00000032,7587-AOVVU,2026-08-31,TWR00059,57,204.19,0.199,16,False
USG00000033,0488-GSLFR,2026-08-31,TWR00054,25,3124.0,3.051,4,False
USG00000034,0188-GWFLE,2026-08-31,TWR00070,113,3683.76,3.597,5,False
USG00000035,8984-EYLLL,2026-08-31,TWR00023,141,3557.56,3.474,10,False
USG00000036,8894-JVDCV,2026-08-31,TWR00090,151,101.84,0.099,7,False
USG00000037,6904-JLBGY,2026-08-31,TWR00091,100,985.59,0.962,16,True
USG00000038,3569-JFODW,2026-08-31,TWR00046,47,2424.13,2.367,1,False
USG00000039,9283-LZQOH,2026-08-31,TWR00057,162,3131.27,3.058,21,False
USG00000040,6537-OTKMY,2026-08-31,TWR00038,24,2303.51,2.25,16,False
USG00000041,1663-MHLHE,2026-08-31,TWR00036,163,3943.11,3.851,6,False
USG00000042,0409-WTMPL,2026-08-31,TWR00010,163,3997.67,3.904,9,False
USG00000043,6202-DYYFX,2026-08-31,TWR00033,83,4032.05,3.938,20,False
USG00000044,7113-HIPFI,2026-08-31,TWR00084,136,2363.56,2.308,23,False
USG00000045,3186-AJIEK,2026-08-31,TWR00043,119,1158.16,1.131,0,False
USG00000046,7268-WNTCP,2026-08-31,TWR00041,63,4042.08,3.947,15,False
USG00000047,3345-PBBFH,2026-08-31,TWR00066,109,4369.34,4.267,9,False
USG00000048,7795-CFOCW,2026-08-31,TWR00061,11,2661.51,2.599,25,False
USG00000049,4525-VZCZG,2026-08-31,TWR00100,106,1010.63,0.987,22,False
USG00000050,8224-UAXBZ,2026-08-31,TWR00008,59,2373.79,2.318,19,False
USG00000051,3612-YVGSJ,2026-08-31,TWR00015,101,1506.68,1.471,19,False
USG00000052,9715-SBVSU,2026-08-31,TWR00024,84,3768.21,3.68,0,True
USG00000053,9986-BONCE,2026-08-31,TWR00001,72,745.34,0.728,7,True
USG00000054,1685-BQULA,2026-08-31,TWR00029,115,1248.88,1.22,15,False
USG00000055,6654-QGBZZ,2026-08-31,TWR00093,26,342.69,0.335,16,False
USG00000056,3373-YZZYM,2026-08-31,TWR00078,116,715.13,0.698,7,False
USG00000057,1205-WNWPJ,2026-08-31,TWR00002,127,1740.45,1.7,16,False
USG00000058,3655-SNQYZ,2026-08-31,TWR00056,157,701.96,0.686,3,False
USG00000059,7716-YTYHG,2026-08-31,TWR00044,103,1299.28,1.269,8,False
USG00000060,7025-IWFHT,2026-08-31,TWR00075,127,661.6,0.646,25,False
USG00000061,3943-KDREE,2026-08-31,TWR00022,176,2271.98,2.219,8,False
USG00000062,4194-WHFCB,2026-08-31,TWR00070,40,3584.57,3.501,3,False
USG00000063,6680-WKXRZ,2026-08-31,TWR00094,70,2675.98,2.613,8,False
USG00000064,3349-ANQNH,2026-08-31,TWR00058,74,1521.58,1.486,19,False
USG00000065,6725-TPKJO,2026-08-31,TWR00012,113,2498.48,2.44,20,False
USG00000066,6941-KXRRV,2026-08-31,TWR00063,29,2832.62,2.766,22,False
USG00000067,4393-RYCRE,2026-08-31,TWR00062,106,3279.67,3.203,14,False
USG00000068,0599-XNYDO,2026-08-31,TWR00059,130,1629.43,1.591,2,False
USG00000069,0971-QIFJK,2026-08-31,TWR00007,160,1366.09,1.334,6,False
USG00000070,1468-DEFNC,2026-08-31,TWR00039,5,2126.1,2.076,3,False
USG00000071,5161-XEUVX,2026-08-31,TWR00042,23,4402.7,4.3,3,False
USG00000072,7399-QHBJS,2026-08-31,TWR00016,178,2983.49,2.914,15,False
USG00000073,2634-HCZGT,2026-08-31,TWR00099,163,3987.82,3.894,11,False
USG00000074,4415-WNGVR,2026-08-31,TWR00046,145,675.67,0.66,25,False
USG00000075,5868-YTYKS,2026-08-31,TWR00060,53,2373.18,2.318,16,False
USG00000076,7480-QNVZJ,2026-08-31,TWR00009,17,2453.42,2.396,24,False
USG00000077,5882-CMAZQ,2026-08-31,TWR00032,43,3560.44,3.477,2,False
USG00000078,9069-LGEUL,2026-08-31,TWR00047,10,918.83,0.897,12,False
USG00000079,4211-MMAZN,2026-08-31,TWR00077,44,1666.72,1.628,2,False
USG00000080,3985-HOYPM,2026-08-31,TWR00040,123,1176.0,1.148,13,False
USG00000081,4851-BQDNX,2026-08-31,TWR00024,51,326.67,0.319,19,False
USG00000082,0822-GAVAP,2026-08-31,TWR00057,5,4275.94,4.176,21,False
USG00000083,3211-AAPKX,2026-08-31,TWR00037,142,1429.31,1.396,16,False
USG00000084,4450-MDZFX,2026-08-31,TWR00060,35,1167.03,1.14,19,True
USG00000085,4472-LVYGI,2026-08-31,TWR00035,2,2889.54,2.822,12,True
USG00000086,0709-TVGUR,2026-08-31,TWR00037,159,4199.62,4.101,16,False
USG00000087,8242-SOQUO,2026-08-31,TWR00005,118,3916.89,3.825,1,False
USG00000088,7191-ADRGF,2026-08-31,TWR00087,37,3713.37,3.626,24,False
USG00000089,4884-LEVMQ,2026-08-31,TWR00089,90,3658.35,3.573,16,False
USG00000090,9618-LFJRU,2026-08-31,TWR00035,121,1645.55,1.607,17,False
USG00000091,8017-UVSZU,2026-08-31,TWR00071,140,4098.56,4.003,25,False
USG00000092,5392-AKEMH,2026-08-31,TWR00046,168,483.26,0.472,12,False
USG00000093,5966-EMAZU,2026-08-31,TWR00018,1,967.64,0.945,20,False
USG00000094,2522-WLNSF,2026-08-31,TWR00030,111,2958.88,2.89,4,True
USG00000095,4635-EJYPD,2026-08-31,TWR00067,116,3453.72,3.373,6,False
USG00000096,0196-JTUQI,2026-08-31,TWR00036,54,3488.23,3.406,17,False
USG00000097,0442-TDYUO,2026-08-31,TWR00047,132,1405.25,1.372,17,False
USG00000098,0280-XJGEX,2026-08-31,TWR00075,84,3502.99,3.421,1,False
USG00000099,4273-MBHYA,2026-08-31,TWR00088,16,963.18,0.941,23,False
USG00000100,1792-UXAFY,2026-08-31,TWR00033,106,4136.74,4.04,1,False
USG00000101,8985-OOPOS,2026-08-31,TWR00061,99,1310.75,1.28,17,False
USG00000102,0872-JCPIB,2026-08-31,TWR00018,15,951.64,0.929,10,False
USG00000103,5692-FPTAH,2026-08-31,TWR00082,158,576.78,0.563,2,False
USG00000104,9919-FZDED,2026-08-31,TWR00058,54,3094.56,3.022,4,False
USG00000105,6522-YRBXD,2026-08-31,TWR00094,82,2487.08,2.429,25,False
USG00000106,6474-FVJLC,2026-08-31,TWR00044,25,1182.55,1.155,20,True
USG00000107,1905-OEILC,2026-08-31,TWR00048,91,1413.76,1.381,1,True
USG00000108,6583-KQJLK,2026-08-31,TWR00023,52,4260.62,4.161,23,False
USG00000109,5397-TUPSH,2026-08-31,TWR00071,176,3958.11,3.865,10,False
USG00000110,6156-UZDLF,2026-08-31,TWR00046,165,3013.44,2.943,12,False
USG00000111,3803-KMQFW,2026-08-31,TWR00024,50,211.25,0.206,8,False
USG00000112,6082-GLJIX,2026-08-31,TWR00046,28,2475.08,2.417,7,False
USG00000113,2720-FVBQP,2026-08-31,TWR00083,160,3333.1,3.255,10,False
USG00000114,5186-SAMNZ,2026-08-31,TWR00013,73,3418.02,3.338,4,False
USG00000115,9927-DSWDF,2026-08-31,TWR00008,136,2223.81,2.172,18,True
USG00000116,9979-RGMZT,2026-08-31,TWR00093,146,1264.16,1.235,2,False
USG00000117,5696-QURRL,2026-08-31,TWR00028,153,2793.97,2.728,12,False
USG00000118,1915-IOFGU,2026-08-31,TWR00070,39,2148.49,2.098,0,False
USG00000119,1459-QNFQT,2026-08-31,TWR00055,86,1379.38,1.347,1,False
USG00000120,4013-TLDHQ,2026-08-31,TWR00023,175,1021.65,0.998,1,False
USG00000121,5312-UXESG,2026-08-31,TWR00006,123,739.1,0.722,8,False
USG00000122,4578-PHJYZ,2026-08-31,TWR00022,177,1588.4,1.551,9,False
USG00000123,4634-JLRJT,2026-08-31,TWR00005,154,100.98,0.099,0,True
USG00000124,8898-KASCD,2026-08-31,TWR00009,54,1689.29,1.65,19,True
USG00000125,2176-OSJUV,2026-08-31,TWR00018,22,1637.28,1.599,4,False
USG00000126,5093-FEGLU,2026-08-31,TWR00015,49,3871.81,3.781,12,False
USG00000127,5071-FBJFS,2026-08-31,TWR00003,112,1743.38,1.703,3,False
USG00000128,6840-RESVB,2026-08-31,TWR00018,155,1873.1,1.829,2,False
USG00000129,6996-KNSML,2026-08-31,TWR00045,9,2571.95,2.512,5,False
USG00000130,0363-SVHYR,2026-08-31,TWR00061,62,4104.5,4.008,13,False
USG00000131,4512-ZUIYL,2026-08-31,TWR00096,89,1914.78,1.87,17,False
USG00000132,2990-IAJSV,2026-08-31,TWR00046,106,3187.76,3.113,10,False
USG00000133,9851-KIELU,2026-08-31,TWR00038,131,1705.43,1.665,0,False
USG00000134,4671-LXRDQ,2026-08-31,TWR00035,144,1942.69,1.897,6,False
USG00000135,7998-WNZEM,2026-08-31,TWR00045,57,121.69,0.119,20,False
USG00000136,6388-TABGU,2026-08-31,TWR00089,142,380.44,0.372,13,False
USG00000137,8806-EAGWC,2026-08-31,TWR00029,52,1451.05,1.417,5,False
USG00000138,5095-AESKG,2026-08-31,TWR00048,153,2380.89,2.325,24,False
USG00000139,5125-CNDSP,2026-08-31,TWR00099,136,2582.75,2.522,4,True
USG00000140,7361-YPXFS,2026-08-31,TWR00037,100,2242.79,2.19,3,False
USG00000141,1564-NTYXF,2026-08-31,TWR00019,10,3002.29,2.932,14,False
USG00000142,1545-JFUML,2026-08-31,TWR00024,87,2989.78,2.92,12,False
USG00000143,2207-OBZNX,2026-08-31,TWR00055,58,1239.94,1.211,5,False
USG00000144,5944-UGLLK,2026-08-31,TWR00082,42,4257.31,4.158,14,False
USG00000145,8963-MQVYN,2026-08-31,TWR00011,110,3990.54,3.897,5,False
USG00000146,4912-PIGUY,2026-08-31,TWR00050,99,856.69,0.837,9,False
USG00000147,6259-WJQLC,2026-08-31,TWR00085,19,398.48,0.389,11,False
USG00000148,2724-FJDYW,2026-08-31,TWR00017,98,3705.4,3.619,10,False
USG00000149,2180-DXNEG,2026-08-31,TWR00014,42,1717.76,1.677,25,False
USG00000150,1324-NLTJE,2026-08-31,TWR00020,23,1706.42,1.666,22,False
USG00000151,3039-MJSLN,2026-08-31,TWR00020,132,4421.12,4.317,18,False
USG00000152,2270-CHBFN,2026-08-31,TWR00054,138,335.02,0.327,7,False
USG00000153,5049-GLYVG,2026-08-31,TWR00014,130,1525.21,1.489,23,False
USG00000154,2120-SMPEX,2026-08-31,TWR00044,115,4378.24,4.276,17,False
USG00000155,0475-RIJEP,2026-08-31,TWR00045,169,4369.81,4.267,5,False
USG00000156,0237-YFUTL,2026-08-31,TWR00087,23,1174.64,1.147,1,False
USG00000157,5067-XJQFU,2026-08-31,TWR00076,62,2190.82,2.139,24,False
USG00000158,2480-SQIOB,2026-08-31,TWR00062,22,3386.67,3.307,2,False
USG00000159,2737-WFVYW,2026-08-31,TWR00033,18,2340.73,2.286,17,False
USG00000160,6726-WEXXK,2026-08-31,TWR00036,61,1472.44,1.438,3,False
USG00000161,4999-IEZLT,2026-08-31,TWR00061,12,4109.63,4.013,18,False
USG00000162,8565-CLBZW,2026-08-31,TWR00007,173,2944.2,2.875,14,False
USG00000163,2208-NKVVH,2026-08-31,TWR00005,173,1919.09,1.874,24,False
USG00000164,6674-KVJHG,2026-08-31,TWR00085,41,3412.04,3.332,23,False
USG00000165,5708-EVONK,2026-08-31,TWR00094,30,1509.92,1.475,8,False
USG00000166,3569-EDBPQ,2026-08-31,TWR00044,175,937.55,0.916,7,False
USG00000167,7698-YFGEZ,2026-08-31,TWR00058,99,156.97,0.153,7,False
USG00000168,0848-ZGQIJ,2026-08-31,TWR00018,148,3516.06,3.434,1,False
USG00000169,4706-AXVKM,2026-08-31,TWR00004,87,4229.48,4.13,11,False
USG00000170,7416-CKTEP,2026-08-31,TWR00077,35,3265.3,3.189,20,False
USG00000171,1453-RZFON,2026-08-31,TWR00096,45,2628.78,2.567,2,False
USG00000172,7396-VJUZB,2026-08-31,TWR00023,122,1409.76,1.377,25,False
USG00000173,2068-WWXQZ,2026-08-31,TWR00098,105,1421.85,1.389,17,False
USG00000174,3585-YNADK,2026-08-31,TWR00100,93,1213.36,1.185,21,False
USG00000175,7672-VFMXZ,2026-08-31,TWR00062,144,766.25,0.748,24,False
USG00000176,9578-VRMNM,2026-08-31,TWR00082,93,3438.66,3.358,22,False
USG00000177,8229-TNIQA,2026-08-31,TWR00028,62,3722.77,3.636,9,False
USG00000178,0187-WZNAB,2026-08-31,TWR00072,92,3722.4,3.635,18,False
USG00000179,9415-ZNBSX,2026-08-31,TWR00017,17,560.0,0.547,4,False
USG00000180,7249-WBIYX,2026-08-31,TWR00052,149,2854.4,2.788,12,False
USG00000181,3621-CHYVB,2026-08-31,TWR00026,68,357.2,0.349,10,False
USG00000182,0936-NQLJU,2026-08-31,TWR00087,167,3144.04,3.07,19,False
USG00000183,7112-OPOTK,2026-08-31,TWR00058,153,3377.17,3.298,25,False
USG00000184,2834-SPCJV,2026-08-31,TWR00038,95,3851.8,3.762,17,False
USG00000185,4452-ROHMO,2026-08-31,TWR00082,34,116.65,0.114,19,False
USG00000186,3904-UKFRE,2026-08-31,TWR00084,106,3071.63,3.0,1,False
USG00000187,0396-UKGAI,2026-08-31,TWR00074,19,4395.52,4.293,13,False
USG00000188,3842-IYKUE,2026-08-31,TWR00001,90,1437.91,1.404,19,False
USG00000189,3258-ZKPAI,2026-08-31,TWR00095,180,2976.69,2.907,3,False
USG00000190,4056-QHXHZ,2026-08-31,TWR00018,98,3630.23,3.545,13,False
USG00000191,3186-BAXNB,2026-08-31,TWR00082,171,1421.16,1.388,24,False
USG00000192,0687-ZVTHB,2026-08-31,TWR00046,39,3240.91,3.165,14,False
USG00000193,3744-ZBHON,2026-08-31,TWR00001,153,4415.69,4.312,17,True
USG00000194,0376-OIWME,2026-08-31,TWR00017,20,3184.66,3.11,12,False
USG00000195,7401-JIXNM,2026-08-31,TWR00064,136,1946.38,1.901,14,False
USG00000196,0212-ISBBF,2026-08-31,TWR00002,36,666.07,0.65,25,False
USG00000197,6479-VDGRK,2026-08-31,TWR00071,41,1117.46,1.091,5,False
USG00000198,9028-LIHRP,2026-08-31,TWR00071,145,1918.1,1.873,3,False
USG00000199,8464-EETCQ,2026-08-31,TWR00086,4,2359.02,2.304,7,False
USG00000200,2675-OTVVJ,2026-08-31,TWR00077,115,4310.08,4.209,13,False
USG00000201,9575-IWCAZ,2026-08-31,TWR00074,109,1828.47,1.786,13,False
USG00000202,0516-WJVXC,2026-08-31,TWR00095,88,1337.88,1.307,16,False
USG00000203,2081-VEYEH,2026-08-31,TWR00004,81,320.53,0.313,6,False
USG00000204,7208-PSIHR,2026-08-31,TWR00070,125,1782.24,1.74,19,False
USG00000205,6559-PDZLR,2026-08-31,TWR00038,58,492.89,0.481,14,False
USG00000206,6108-OQZDQ,2026-08-31,TWR00014,18,2427.68,2.371,21,False
USG00000207,5073-RZGBK,2026-08-31,TWR00021,153,1136.92,1.11,14,False
USG00000208,3407-QGWLG,2026-08-31,TWR00007,154,2103.13,2.054,8,False
USG00000209,3452-FLHYD,2026-08-31,TWR00073,94,2940.76,2.872,4,False
USG00000210,7064-JHXCE,2026-08-31,TWR00042,169,4216.84,4.118,19,False
USG00000211,6986-IXNDM,2026-08-31,TWR00021,172,789.85,0.771,1,False
USG00000212,0220-EBGCE,2026-08-31,TWR00034,47,500.75,0.489,17,False
USG00000213,3090-HAWSU,2026-08-31,TWR00065,44,446.4,0.436,9,False
USG00000214,0230-WEQUW,2026-08-31,TWR00052,9,574.79,0.561,6,False
USG00000215,9488-FYQAU,2026-08-31,TWR00097,97,2353.72,2.299,16,False
USG00000216,7252-NTGSS,2026-08-31,TWR00063,121,4248.0,4.148,12,False
USG00000217,1047-NNCBF,2026-08-31,TWR00058,166,2558.92,2.499,4,False
USG00000218,1557-EMYVT,2026-08-31,TWR00024,78,538.96,0.526,25,False
USG00000219,6374-AFWOX,2026-08-31,TWR00099,128,4291.78,4.191,9,False
USG00000220,0282-NVSJS,2026-08-31,TWR00030,27,3209.06,3.134,18,False
USG00000221,4959-JOSRX,2026-08-31,TWR00005,148,454.74,0.444,1,False
USG00000222,9067-YGSCA,2026-08-31,TWR00030,147,718.81,0.702,0,False
USG00000223,6575-SUVOI,2026-08-31,TWR00026,119,3067.37,2.995,24,True
USG00000224,2612-RANWT,2026-08-31,TWR00027,150,2759.34,2.695,18,False
USG00000225,4450-YOOHP,2026-08-31,TWR00030,72,2680.58,2.618,3,False
USG00000226,4342-HENTK,2026-08-31,TWR00033,161,3518.41,3.436,15,False
USG00000227,3372-KWFBM,2026-08-31,TWR00092,3,3690.03,3.604,4,False
USG00000228,3144-AUDBS,2026-08-31,TWR00033,60,341.86,0.334,23,False
USG00000229,7594-LZNWR,2026-08-31,TWR00061,176,3222.2,3.147,12,True
USG00000230,5222-IMUKT,2026-08-31,TWR00041,14,1495.21,1.46,19,False
USG00000231,6688-UZPWD,2026-08-31,TWR00026,26,68.38,0.067,4,True
USG00000232,8138-EALND,2026-08-31,TWR00084,74,1560.62,1.524,24,False
USG00000233,2220-IAHLS,2026-08-31,TWR00056,140,4368.84,4.266,24,False
USG00000234,5575-TPIZQ,2026-08-31,TWR00084,77,296.76,0.29,19,False
USG00000235,8220-OCUFY,2026-08-31,TWR00070,112,469.42,0.458,16,False
USG00000236,8563-IIOXK,2026-08-31,TWR00037,82,2931.8,2.863,14,False
USG00000237,9481-IEBZY,2026-08-31,TWR00053,151,1883.1,1.839,20,False
USG00000238,6166-ILMNY,2026-08-31,TWR00042,10,80.2,0.078,2,False
USG00000239,3509-GWQGF,2026-08-31,TWR00095,88,3953.9,3.861,2,False
USG00000240,8706-HRADD,2026-08-31,TWR00031,17,3390.47,3.311,4,False
USG00000241,3276-HDUEG,2026-08-31,TWR00089,8,3257.43,3.181,0,False
USG00000242,5117-ZSMHQ,2026-08-31,TWR00003,21,2777.51,2.712,5,False
USG00000243,2282-YGNOR,2026-08-31,TWR00094,17,412.97,0.403,20,True
USG00000244,2928-HLDBA,2026-08-31,TWR00088,87,2338.96,2.284,15,True
USG00000245,8903-XEBGX,2026-08-31,TWR00056,5,3584.83,3.501,2,False
USG00000246,5480-XTFFL,2026-08-31,TWR00096,35,1618.15,1.58,3,False
USG00000247,8265-HKSOW,2026-08-31,TWR00075,133,2589.87,2.529,22,False
USG00000248,9389-ACWBI,2026-08-31,TWR00016,151,4416.31,4.313,21,False
USG00000249,7495-OOKFY,2026-08-31,TWR00088,77,3660.33,3.575,23,False
USG00000250,1254-IZEYF,2026-08-31,TWR00093,53,3631.62,3.547,17,True
USG00000251,3726-TBHQT,2026-08-31,TWR00064,96,1550.49,1.514,18,False
USG00000252,8404-VLQFB,2026-08-31,TWR00094,121,2614.74,2.553,24,False
USG00000253,0603-TPMIB,2026-08-31,TWR00030,143,2393.61,2.338,17,False
USG00000254,4256-ZWTZI,2026-08-31,TWR00045,155,4305.38,4.204,22,False
USG00000255,4090-KPJIP,2026-08-31,TWR00021,109,1699.4,1.66,3,False
USG00000256,0137-OCGAB,2026-08-31,TWR00041,0,3357.2,3.279,21,False
USG00000257,4228-ZGYUW,2026-08-31,TWR00100,144,281.65,0.275,21,False
USG00000258,7047-FWEYA,2026-08-31,TWR00031,180,3979.85,3.887,9,False
USG00000259,5442-UTCVD,2026-08-31,TWR00029,12,851.88,0.832,18,False
USG00000260,7908-QCBCA,2026-08-31,TWR00054,156,1702.07,1.662,2,True
USG00000261,4804-NCPET,2026-08-31,TWR00078,124,1134.63,1.108,25,True
USG00000262,6718-BDGHG,2026-08-31,TWR00077,95,740.53,0.723,3,False
USG00000263,6510-UPNKS,2026-08-31,TWR00001,164,2697.93,2.635,0,False
USG00000264,4139-SUGLD,2026-08-31,TWR00022,86,4232.08,4.133,8,True
USG00000265,5275-PMFUT,2026-08-31,TWR00004,164,1349.55,1.318,16,False
USG00000266,0952-KMEEH,2026-08-31,TWR00012,15,475.77,0.465,9,False
USG00000267,4465-VDKIQ,2026-08-31,TWR00057,4,3476.97,3.395,20,False
USG00000268,1930-BZLHI,2026-08-31,TWR00012,93,742.85,0.725,8,False
USG00000269,5014-GSOUQ,2026-08-31,TWR00065,20,3139.43,3.066,16,False
USG00000270,3198-VELRD,2026-08-31,TWR00093,88,3586.11,3.502,23,False
USG00000271,1764-VUUMT,2026-08-31,TWR00013,10,2420.63,2.364,6,False
USG00000272,1763-WQFUK,2026-08-31,TWR00095,29,3473.51,3.392,16,False
USG00000273,1090-PYKCI,2026-08-31,TWR00029,42,4416.12,4.313,23,True
USG00000274,4285-GYRQC,2026-08-31,TWR00057,124,1819.96,1.777,3,False
USG00000275,8996-ZROXE,2026-08-31,TWR00020,141,670.33,0.655,0,False
USG00000276,4986-MXSFP,2026-08-31,TWR00068,128,4267.89,4.168,8,False
USG00000277,7133-VBDCG,2026-08-31,TWR00059,3,2561.8,2.502,23,False
USG00000278,3847-BAERP,2026-08-31,TWR00073,106,3349.2,3.271,18,False
USG00000279,2897-DOVND,2026-08-31,TWR00011,154,942.65,0.921,9,False
USG00000280,3235-ETOOB,2026-08-31,TWR00019,158,3431.59,3.351,11,False
USG00000281,3804-RVTGV,2026-08-31,TWR00084,142,4323.32,4.222,5,False
USG00000282,9546-KDTRB,2026-08-31,TWR00045,55,2924.97,2.856,12,False
USG00000283,0617-FHSGK,2026-08-31,TWR00026,75,3000.23,2.93,20,False
USG00000284,1038-ZAGBI,2026-08-31,TWR00064,31,1234.7,1.206,21,False
USG00000285,2858-MOFSQ,2026-08-31,TWR00013,66,1012.85,0.989,13,False
USG00000286,5155-AZQPB,2026-08-31,TWR00041,134,343.2,0.335,15,False
USG00000287,3620-EHIMZ,2026-08-31,TWR00025,162,3291.89,3.215,13,False
USG00000288,9504-DSHWM,2026-08-31,TWR00002,145,1127.11,1.101,9,False
USG00000289,8106-GWQOK,2026-08-31,TWR00019,19,4169.68,4.072,20,False
USG00000290,9972-NKTFD,2026-08-31,TWR00022,142,4297.22,4.197,3,False
USG00000291,8189-XRIKE,2026-08-31,TWR00097,123,3892.46,3.801,24,False
USG00000292,1941-HOSAM,2026-08-31,TWR00008,102,2245.63,2.193,23,False
USG00000293,5294-IMHHT,2026-08-31,TWR00030,108,2310.18,2.256,22,False
USG00000294,7176-WIONM,2026-08-31,TWR00070,70,1145.04,1.118,16,False
USG00000295,1934-MKPXS,2026-08-31,TWR00011,27,1974.77,1.928,13,False
USG00000296,5600-KTXFM,2026-08-31,TWR00044,151,1885.43,1.841,13,False
USG00000297,2523-EWWZL,2026-08-31,TWR00090,26,2524.73,2.466,0,False
USG00000298,0164-APGRB,2026-08-31,TWR00015,37,3044.85,2.973,8,False
USG00000299,2369-FEVNO,2026-08-31,TWR00084,69,2880.11,2.813,0,False
USG00000300,5231-FIQPA,2026-08-31,TWR00022,68,1296.71,1.266,21,False
USG00000301,5092-STPKP,2026-08-31,TWR00040,37,1490.07,1.455,11,False
USG00000302,7488-MXJIV,2026-08-31,TWR00098,101,3557.53,3.474,8,False
USG00000303,2228-BZDEE,2026-08-31,TWR00060,81,2598.99,2.538,8,False
USG00000304,4361-FEBGN,2026-08-31,TWR00057,136,3808.65,3.719,10,False
USG00000305,3452-ABWRL,2026-08-31,TWR00076,177,2308.32,2.254,20,False
USG00000306,3316-UWXUY,2026-08-31,TWR00055,140,253.5,0.248,10,False
USG00000307,2632-IVXVF,2026-08-31,TWR00042,32,1083.12,1.058,0,False
USG00000308,6656-JWRQX,2026-08-31,TWR00034,79,3229.99,3.154,20,False
USG00000309,1725-IQNIY,2026-08-31,TWR00071,46,713.14,0.696,0,False
USG00000310,2378-VTKDH,2026-08-31,TWR00073,62,635.4,0.621,12,False
USG00000311,8735-NBLWT,2026-08-31,TWR00072,170,2203.41,2.152,22,False
USG00000312,6376-GAHQE,2026-08-31,TWR00088,136,1775.47,1.734,3,False
USG00000313,6923-JHPMP,2026-08-31,TWR00009,117,296.04,0.289,19,False
USG00000314,5889-JTMUL,2026-08-31,TWR00098,166,2461.49,2.404,16,False
USG00000315,9445-ZUEQE,2026-08-31,TWR00038,21,1123.22,1.097,13,False
USG00000316,2823-LKABH,2026-08-31,TWR00023,96,637.83,0.623,7,False
USG00000317,8364-TRMMK,2026-08-31,TWR00037,130,1870.89,1.827,17,False
USG00000318,6942-LBFDP,2026-08-31,TWR00005,169,4141.24,4.044,22,False
USG00000319,7586-ZATGZ,2026-08-31,TWR00087,175,1018.66,0.995,0,False
USG00000320,7479-NITWS,2026-08-31,TWR00051,102,3724.62,3.637,18,False
USG00000321,3863-QSTYI,2026-08-31,TWR00061,102,1758.75,1.718,3,False
USG00000322,0260-ZDLGK,2026-08-31,TWR00056,88,2027.27,1.98,21,False
USG00000323,2049-BAFNW,2026-08-31,TWR00079,155,911.61,0.89,20,False
USG00000324,0909-SELIE,2026-08-31,TWR00032,131,2751.59,2.687,2,False
USG00000325,8111-BKVDS,2026-08-31,TWR00039,70,2852.99,2.786,7,False
USG00000326,2227-JRSJX,2026-08-31,TWR00079,142,3456.03,3.375,20,True
USG00000327,3926-YZVVX,2026-08-31,TWR00002,2,1361.19,1.329,13,False
USG00000328,9412-GHEEC,2026-08-31,TWR00089,127,1866.94,1.823,5,False
USG00000329,0975-UYDTX,2026-08-31,TWR00081,175,1613.67,1.576,10,False
USG00000330,5899-MQZZL,2026-08-31,TWR00029,83,930.68,0.909,21,False
USG00000331,6112-KTHFQ,2026-08-31,TWR00058,93,4081.06,3.985,12,False
USG00000332,5954-BDFSG,2026-08-31,TWR00048,147,2155.98,2.105,10,False
USG00000333,2927-CVULT,2026-08-31,TWR00085,109,2277.82,2.224,5,False
USG00000334,8149-AIQCG,2026-08-31,TWR00047,11,1591.17,1.554,8,False
USG00000335,0378-NHQXU,2026-08-31,TWR00026,88,252.89,0.247,13,True
USG00000336,5002-GCQFH,2026-08-31,TWR00018,56,4047.85,3.953,14,False
USG00000337,9638-JIQYA,2026-08-31,TWR00076,100,1960.89,1.915,16,False
USG00000338,1329-VHWNP,2026-08-31,TWR00015,155,4366.42,4.264,10,True
USG00000339,5743-KHMNA,2026-08-31,TWR00025,49,1706.39,1.666,22,False
USG00000340,4572-DVCGN,2026-08-31,TWR00029,123,1365.32,1.333,10,False
USG00000341,3957-LXOLK,2026-08-31,TWR00036,130,3784.48,3.696,23,False
USG00000342,2082-OJVTK,2026-08-31,TWR00048,49,4127.32,4.031,11,False
USG00000343,7714-YXSMB,2026-08-31,TWR00099,81,984.21,0.961,7,False
USG00000344,0442-ZXKVS,2026-08-31,TWR00016,140,947.02,0.925,8,False
USG00000345,6490-FGZAT,2026-08-31,TWR00023,5,3472.32,3.391,19,False
USG00000346,7129-CAKJW,2026-08-31,TWR00068,25,2299.99,2.246,19,False
USG00000347,6754-LZUKA,2026-08-31,TWR00022,131,3977.19,3.884,6,False
USG00000348,7341-LXCAF,2026-08-31,TWR00014,124,2580.58,2.52,11,False
USG00000349,0601-WZHJF,2026-08-31,TWR00088,96,829.89,0.81,16,True
USG00000350,5346-BZCHP,2026-08-31,TWR00021,170,3185.56,3.111,17,True
USG00000351,6804-GDMOI,2026-08-31,TWR00047,25,4489.83,4.385,24,False
USG00000352,7542-CYDDM,2026-08-31,TWR00011,12,205.49,0.201,7,False
USG00000353,4188-FRABG,2026-08-31,TWR00088,159,1235.85,1.207,4,False
USG00000354,2507-QZPQS,2026-08-31,TWR00005,48,190.73,0.186,13,True
USG00000355,9947-OTFQU,2026-08-31,TWR00049,162,4061.59,3.966,22,True
USG00000356,2481-SBOYW,2026-08-31,TWR00055,164,1120.74,1.094,6,False
USG00000357,2770-NSVDG,2026-08-31,TWR00080,18,3096.99,3.024,25,False
USG00000358,8053-WWDRO,2026-08-31,TWR00062,73,2519.18,2.46,13,False
USG00000359,6695-AMZUF,2026-08-31,TWR00078,79,3354.57,3.276,13,False
USG00000360,8514-VZHEB,2026-08-31,TWR00063,12,2189.96,2.139,19,False
USG00000361,3318-NMQXL,2026-08-31,TWR00024,103,517.13,0.505,19,False
USG00000362,5837-LXSDN,2026-08-31,TWR00089,26,207.24,0.202,23,False
USG00000363,1741-WTPON,2026-08-31,TWR00026,40,3506.33,3.424,4,False
USG00000364,3078-ZKNTS,2026-08-31,TWR00088,42,2756.85,2.692,9,False
USG00000365,8690-UPCZI,2026-08-31,TWR00057,43,2432.24,2.375,10,False
USG00000366,5177-RVZNU,2026-08-31,TWR00003,36,2880.09,2.813,9,False
USG00000367,6650-BWFRT,2026-08-31,TWR00064,12,3934.24,3.842,1,False
USG00000368,0585-EGDDA,2026-08-31,TWR00050,14,1966.38,1.92,20,False
USG00000369,0481-SUMCB,2026-08-31,TWR00079,58,1651.79,1.613,18,False
USG00000370,8120-JDCAM,2026-08-31,TWR00082,41,1218.02,1.189,19,False
USG00000371,2929-QNSRW,2026-08-31,TWR00080,30,1968.82,1.923,8,False
USG00000372,9391-YZEJW,2026-08-31,TWR00075,149,2994.65,2.924,1,False
USG00000373,3482-ABPKK,2026-08-31,TWR00025,33,110.49,0.108,22,True
USG00000374,2884-GBPFB,2026-08-31,TWR00031,105,1686.08,1.647,10,True
USG00000375,2626-URJFX,2026-08-31,TWR00026,41,2050.66,2.003,12,True
USG00000376,8993-IZEUX,2026-08-31,TWR00097,108,1519.46,1.484,19,False
USG00000377,1555-HAPSU,2026-08-31,TWR00076,49,1853.73,1.81,20,False
USG00000378,9451-WLYRI,2026-08-31,TWR00012,148,2873.65,2.806,9,False
USG00000379,9940-HPQPG,2026-08-31,TWR00072,38,4183.95,4.086,7,False
USG00000380,0003-MKNFE,2026-08-31,TWR00083,130,1709.96,1.67,2,False
USG00000381,8922-NPKBJ,2026-08-31,TWR00015,1,4122.59,4.026,4,False
USG00000382,6313-GIDIT,2026-08-31,TWR00016,178,3064.94,2.993,20,False
USG00000383,6504-VBLFL,2026-08-31,TWR00051,143,3990.94,3.897,9,False
USG00000384,5318-IXUZF,2026-08-31,TWR00080,50,2634.5,2.573,1,False
USG00000385,6322-PJJDJ,2026-08-31,TWR00065,62,4097.21,4.001,21,False
USG00000386,5339-TJFEK,2026-08-31,TWR00022,50,537.55,0.525,14,False
USG00000387,3606-SBKRY,2026-08-31,TWR00021,166,843.72,0.824,11,False
USG00000388,6586-MYGKD,2026-08-31,TWR00095,162,4068.12,3.973,12,True
USG00000389,2460-NGXBJ,2026-08-31,TWR00075,67,2563.57,2.503,17,False
USG00000390,4067-HLYQI,2026-08-31,TWR00061,82,1986.81,1.94,16,False
USG00000391,2737-YNGYW,2026-08-31,TWR00096,73,1582.13,1.545,2,False
USG00000392,4523-WXCEF,2026-08-31,TWR00036,134,833.52,0.814,10,False
USG00000393,3331-HQDTW,2026-08-31,TWR00043,125,2944.25,2.875,16,False
USG00000394,0835-DUUIQ,2026-08-31,TWR00038,62,3896.55,3.805,8,False
USG00000395,6484-LATFU,2026-08-31,TWR00018,136,960.39,0.938,25,False
USG00000396,0345-XMMUG,2026-08-31,TWR00007,94,3421.38,3.341,0,False
USG00000397,5204-QZXPU,2026-08-31,TWR00093,94,4170.9,4.073,9,False
USG00000398,8984-HPEMB,2026-08-31,TWR00074,17,1676.14,1.637,22,True
USG00000399,4950-HKQTE,2026-08-31,TWR00061,144,3724.21,3.637,0,False
USG00000400,1814-WFGVS,2026-08-31,TWR00070,69,4347.9,4.246,11,False
USG00000401,2284-VFLKH,2026-08-31,TWR00027,172,2390.93,2.335,4,False
USG00000402,2404-JIBFC,2026-08-31,TWR00050,128,2721.74,2.658,6,False
USG00000403,3223-DWFIO,2026-08-31,TWR00090,180,1163.13,1.136,21,False
USG00000404,4747-LCAQL,2026-08-31,TWR00016,148,410.04,0.4,6,False
USG00000405,1852-QSWCD,2026-08-31,TWR00070,50,1517.39,1.482,10,False
USG00000406,3027-YNWZU,2026-08-31,TWR00052,37,2467.34,2.41,9,False
USG00000407,2774-LVQUS,2026-08-31,TWR00080,19,4288.52,4.188,22,False
USG00000408,9253-QXKBE,2026-08-31,TWR00046,149,4036.94,3.942,3,False
USG00000409,7940-UQQUG,2026-08-31,TWR00015,160,3574.88,3.491,7,False
USG00000410,6869-FGJJC,2026-08-31,TWR00055,135,3907.6,3.816,20,False
USG00000411,9938-TKDGL,2026-08-31,TWR00076,9,2630.73,2.569,17,False
USG00000412,3398-FSHON,2026-08-31,TWR00044,117,718.66,0.702,5,False
USG00000413,7188-CBBBA,2026-08-31,TWR00008,66,909.21,0.888,23,False
USG00000414,1813-JLKWR,2026-08-31,TWR00002,79,4172.63,4.075,2,False
USG00000415,5204-HMGYF,2026-08-31,TWR00094,45,288.68,0.282,15,False
USG00000416,5995-LFTLE,2026-08-31,TWR00047,41,2670.4,2.608,11,False
USG00000417,3824-RHKVR,2026-08-31,TWR00002,123,3526.68,3.444,5,True
USG00000418,7868-BGSZA,2026-08-31,TWR00033,179,51.79,0.051,16,False
USG00000419,2907-ILJBN,2026-08-31,TWR00027,144,3827.56,3.738,25,False
USG00000420,9926-PJHDQ,2026-08-31,TWR00081,180,2892.72,2.825,17,False
USG00000421,3003-CMDUU,2026-08-31,TWR00038,170,3183.26,3.109,19,False
USG00000422,0731-EBJQB,2026-08-31,TWR00017,86,1398.02,1.365,6,False
USG00000423,9975-SKRNR,2026-08-31,TWR00047,75,492.63,0.481,4,True
USG00000424,0786-VSSUD,2026-08-31,TWR00072,4,2748.21,2.684,7,False
USG00000425,3756-VNWDH,2026-08-31,TWR00060,47,446.71,0.436,20,False
USG00000426,5605-XNWEN,2026-08-31,TWR00010,34,2925.98,2.857,3,False
USG00000427,8348-JLBUG,2026-08-31,TWR00018,72,3425.64,3.345,23,False
USG00000428,5349-AZPEW,2026-08-31,TWR00038,36,1702.5,1.663,18,False
USG00000429,2890-WFBHU,2026-08-31,TWR00009,156,2604.25,2.543,11,False
USG00000430,6729-FZWSY,2026-08-31,TWR00077,161,4347.03,4.245,11,False
USG00000431,6072-NUQCB,2026-08-31,TWR00069,86,748.35,0.731,19,False
USG00000432,3884-UEBXB,2026-08-31,TWR00064,149,1608.64,1.571,6,False
USG00000433,1910-FMXJM,2026-08-31,TWR00026,70,3024.15,2.953,1,False
USG00000434,0841-NULXI,2026-08-31,TWR00046,60,510.77,0.499,6,False
USG00000435,2804-ETQDK,2026-08-31,TWR00034,177,4035.68,3.941,19,False
USG00000436,1518-OMDIK,2026-08-31,TWR00083,23,1475.45,1.441,17,False
USG00000437,5825-XJOCM,2026-08-31,TWR00035,143,3010.25,2.94,24,True
USG00000438,4631-OACRM,2026-08-31,TWR00075,96,2989.95,2.92,12,False
USG00000439,4760-XOHVN,2026-08-31,TWR00084,0,2463.62,2.406,1,False
USG00000440,3845-JHAMY,2026-08-31,TWR00041,175,4068.38,3.973,9,False
USG00000441,8624-GIOUT,2026-08-31,TWR00015,151,143.32,0.14,18,True
USG00000442,5650-YLIBA,2026-08-31,TWR00100,162,721.26,0.704,0,False
USG00000443,5201-FRKKS,2026-08-31,TWR00019,39,2467.17,2.409,21,True
USG00000444,4367-NUYAO,2026-08-31,TWR00071,32,3508.47,3.426,22,False
USG00000445,0305-SQECB,2026-08-31,TWR00007,149,3141.42,3.068,5,False
USG00000446,2320-SLKMB,2026-08-31,TWR00044,150,2851.31,2.784,25,False
USG00000447,8640-SDGKB,2026-08-31,TWR00068,174,747.59,0.73,16,False
USG00000448,1932-UEDCX,2026-08-31,TWR00097,78,2403.72,2.347,7,False
USG00000449,7317-GGVPB,2026-08-31,TWR00096,130,3713.02,3.626,14,False
USG00000450,4686-UXDML,2026-08-31,TWR00052,168,1661.03,1.622,21,False
USG00000451,4817-VYYWS,2026-08-31,TWR00010,86,150.66,0.147,5,False
USG00000452,9398-MMQTO,2026-08-31,TWR00017,115,390.82,0.382,7,False
USG00000453,6402-EJMWF,2026-08-31,TWR00055,67,2122.47,2.073,13,False
USG00000454,6351-SCJKT,2026-08-31,TWR00050,120,4019.77,3.926,7,False
USG00000455,2777-PHDEI,2026-08-31,TWR00085,57,489.57,0.478,24,False
USG00000456,9747-DDZOS,2026-08-31,TWR00036,51,1076.65,1.051,2,False
USG00000457,2990-HWIML,2026-08-31,TWR00088,72,1971.79,1.926,20,False
USG00000458,5955-ERIHD,2026-08-31,TWR00093,166,164.76,0.161,23,False
USG00000459,4188-PCPIG,2026-08-31,TWR00091,84,2942.03,2.873,10,False
USG00000460,6122-EFVKN,2026-08-31,TWR00079,72,2106.24,2.057,1,False
USG00000461,1474-JUWSM,2026-08-31,TWR00085,13,2015.0,1.968,25,False
USG00000462,2748-MYRVK,2026-08-31,TWR00065,140,645.32,0.63,12,False
USG00000463,4818-DRBQT,2026-08-31,TWR00052,4,2589.96,2.529,0,False
USG00000464,3334-CTHOL,2026-08-31,TWR00076,96,1039.11,1.015,11,False
USG00000465,3197-NNYNB,2026-08-31,TWR00088,156,3069.25,2.997,10,False
USG00000466,2452-SNHFZ,2026-08-31,TWR00057,139,4366.6,4.264,25,False
USG00000467,2873-ZLIWT,2026-08-31,TWR00006,86,3166.13,3.092,11,False
USG00000468,4821-SJHJV,2026-08-31,TWR00057,87,3584.64,3.501,9,False
USG00000469,4589-IUAJB,2026-08-31,TWR00040,27,2296.92,2.243,21,False
USG00000470,6861-OKBCE,2026-08-31,TWR00063,67,1893.87,1.849,13,False
USG00000471,8727-JQFHV,2026-08-31,TWR00037,75,1917.68,1.873,9,False
USG00000472,8857-CUPFQ,2026-08-31,TWR00070,175,579.47,0.566,17,False
USG00000473,4625-LAMOB,2026-08-31,TWR00078,127,4375.55,4.273,24,False
USG00000474,2466-FCCPT,2026-08-31,TWR00036,154,819.71,0.8,14,False
USG00000475,8573-CGOCC,2026-08-31,TWR00100,8,1247.49,1.218,24,False
USG00000476,1093-YSWCA,2026-08-31,TWR00095,41,3216.77,3.141,3,False
USG00000477,4283-FUTGF,2026-08-31,TWR00062,112,2167.59,2.117,12,False
USG00000478,3174-RKMOW,2026-08-31,TWR00042,103,812.7,0.794,24,False
USG00000479,9761-XUJWD,2026-08-31,TWR00068,27,1570.53,1.534,2,False
USG00000480,6959-GQEGV,2026-08-31,TWR00078,113,3760.19,3.672,16,False
USG00000481,1031-IIDEO,2026-08-31,TWR00073,161,3498.37,3.416,14,False
USG00000482,3351-NGXYI,2026-08-31,TWR00082,10,3910.82,3.819,4,False
USG00000483,8739-XNIKG,2026-08-31,TWR00094,97,984.6,0.962,23,False
USG00000484,3308-JSGML,2026-08-31,TWR00034,23,371.01,0.362,7,True
USG00000485,5442-XSDCW,2026-08-31,TWR00029,30,2626.07,2.565,10,False
USG00000486,2645-QTLMB,2026-08-31,TWR00064,132,1631.18,1.593,8,False
USG00000487,5602-BVFMK,2026-08-31,TWR00065,4,314.04,0.307,8,False
USG00000488,1502-XFCVR,2026-08-31,TWR00099,128,2094.35,2.045,6,False
USG00000489,8246-SHFGA,2026-08-31,TWR00053,95,3273.46,3.197,9,False
USG00000490,0011-IGKFF,2026-08-31,TWR00019,177,4151.28,4.054,4,False
USG00000491,6905-NIQIN,2026-08-31,TWR00056,40,3753.12,3.665,24,False
USG00000492,4826-DXMUP,2026-08-31,TWR00015,11,2174.72,2.124,20,False
USG00000493,9332-GYWLO,2026-08-31,TWR00035,15,1714.75,1.675,22,False
USG00000494,8584-KMVXD,2026-08-31,TWR00089,78,2031.44,1.984,6,False
USG00000495,2073-QBVBI,2026-08-31,TWR00089,131,1963.59,1.918,10,False
USG00000496,0862-PRCBS,2026-08-31,TWR00076,92,2014.41,1.967,18,False
USG00000497,8763-KIAFH,2026-08-31,TWR00049,87,1417.06,1.384,10,False
USG00000498,3496-LFSZU,2026-08-31,TWR00033,173,1074.66,1.049,21,False
USG00000499,4706-DGAHW,2026-08-31,TWR00016,124,577.64,0.564,21,False
USG00000500,4776-XSKYQ,2026-08-31,TWR00028,2,982.42,0.959,21,False
USG00000501,5118-MUEYH,2026-08-31,TWR00077,152,2410.69,2.354,21,False
USG00000502,9885-CSMWE,2026-08-31,TWR00005,79,1515.79,1.48,16,False
USG00000503,6664-FPDAC,2026-08-31,TWR00095,129,3430.39,3.35,6,False
USG00000504,0516-UXRMT,2026-08-31,TWR00010,178,1960.59,1.915,22,False
USG00000505,5372-FBKBN,2026-08-31,TWR00006,172,1320.29,1.289,18,False
USG00000506,0520-FDVVT,2026-08-31,TWR00017,70,991.52,0.968,13,True
USG00000507,5730-RIITO,2026-08-31,TWR00026,171,70.25,0.069,17,False
USG00000508,4123-FCVCB,2026-08-31,TWR00007,137,2607.9,2.547,22,False
USG00000509,4623-ZKHLY,2026-08-31,TWR00036,96,1606.15,1.569,11,True
USG00000510,4396-KLSEH,2026-08-31,TWR00093,128,4099.68,4.004,17,False
USG00000511,3780-YVMFA,2026-08-31,TWR00024,7,4168.54,4.071,2,False
USG00000512,3374-TTZTK,2026-08-31,TWR00028,107,1511.79,1.476,4,False
USG00000513,0103-CSITQ,2026-08-31,TWR00094,10,2138.69,2.089,12,False
USG00000514,4412-YLTKF,2026-08-31,TWR00023,136,4133.32,4.036,21,False
USG00000515,8164-OCKUJ,2026-08-31,TWR00026,143,647.94,0.633,25,False
USG00000516,1325-USMEC,2026-08-31,TWR00011,147,3039.72,2.968,4,False
USG00000517,5748-RNCJT,2026-08-31,TWR00029,156,3696.52,3.61,0,False
USG00000518,9812-GHVRI,2026-08-31,TWR00069,177,4104.49,4.008,19,True
USG00000519,7905-NJMXS,2026-08-31,TWR00055,164,1950.83,1.905,22,False
USG00000520,6463-HHXJR,2026-08-31,TWR00005,30,3924.84,3.833,4,True
USG00000521,3415-TAILE,2026-08-31,TWR00029,66,2554.48,2.495,19,False
USG00000522,3148-AOIQT,2026-08-31,TWR00008,54,3135.6,3.062,15,False
USG00000523,3279-DYZQM,2026-08-31,TWR00064,4,2633.4,2.572,1,False
USG00000524,0811-GSDTP,2026-08-31,TWR00021,153,3525.37,3.443,17,False
USG00000525,3752-CQSJI,2026-08-31,TWR00051,85,2150.55,2.1,19,False
USG00000526,7666-WKRON,2026-08-31,TWR00032,132,1678.45,1.639,5,False
USG00000527,9076-AXYIK,2026-08-31,TWR00045,119,2382.8,2.327,21,False
USG00000528,5396-IZEPB,2026-08-31,TWR00017,95,4254.89,4.155,0,False
USG00000529,8111-SLLHI,2026-08-31,TWR00084,38,130.97,0.128,22,False
USG00000530,6164-HAQTX,2026-08-31,TWR00032,40,2230.63,2.178,7,False
USG00000531,6285-FTQBF,2026-08-31,TWR00061,177,4396.19,4.293,3,False
USG00000532,1754-GKYPY,2026-08-31,TWR00082,103,3213.5,3.138,15,False
USG00000533,8835-VSDSE,2026-08-31,TWR00025,30,4085.73,3.99,19,False
USG00000534,2181-TIDSV,2026-08-31,TWR00024,79,1477.53,1.443,5,False
USG00000535,3423-HHXAO,2026-08-31,TWR00033,145,709.78,0.693,7,False
USG00000536,5832-EXGTT,2026-08-31,TWR00008,101,245.67,0.24,10,False
USG00000537,7766-CLTIC,2026-08-31,TWR00063,17,3530.05,3.447,1,False
USG00000538,2709-UQGNP,2026-08-31,TWR00025,93,2982.11,2.912,19,True
USG00000539,3227-WLKLI,2026-08-31,TWR00091,53,292.93,0.286,12,False
USG00000540,7392-YYPYJ,2026-08-31,TWR00066,22,640.9,0.626,17,False
USG00000541,5519-TEEUH,2026-08-31,TWR00039,176,960.19,0.938,4,False
USG00000542,4789-KWMXN,2026-08-31,TWR00007,172,2835.57,2.769,6,False
USG00000543,7483-IQWIB,2026-08-31,TWR00022,145,997.53,0.974,23,False
USG00000544,1086-LXKFY,2026-08-31,TWR00008,75,2717.16,2.653,10,True
USG00000545,4226-KKDON,2026-08-31,TWR00100,98,2749.36,2.685,13,False
USG00000546,2773-OVBPK,2026-08-31,TWR00039,145,2107.86,2.058,21,False
USG00000547,6344-SFJVH,2026-08-31,TWR00031,160,861.17,0.841,15,False
USG00000548,4615-PIVVU,2026-08-31,TWR00037,35,3169.34,3.095,14,False
USG00000549,9505-SQFSW,2026-08-31,TWR00096,91,2037.18,1.989,9,False
USG00000550,5879-SESNB,2026-08-31,TWR00025,104,4320.05,4.219,0,False
USG00000551,6892-BOGQE,2026-08-31,TWR00026,136,3740.14,3.652,16,False
USG00000552,6288-CHQJB,2026-08-31,TWR00048,81,689.9,0.674,6,False
USG00000553,4670-TABXH,2026-08-31,TWR00015,124,3947.97,3.855,3,False
USG00000554,0206-TBWLC,2026-08-31,TWR00019,13,1799.03,1.757,11,False
USG00000555,7108-DGVUU,2026-08-31,TWR00039,56,2385.2,2.329,7,False
USG00000556,5499-ECUTN,2026-08-31,TWR00058,174,3811.36,3.722,10,False
USG00000557,0661-KQHNK,2026-08-31,TWR00100,2,200.63,0.196,11,False
USG00000558,6851-WEFYX,2026-08-31,TWR00023,72,3204.37,3.129,8,True
USG00000559,8111-RKSPX,2026-08-31,TWR00002,37,2315.5,2.261,23,False
USG00000560,8329-IBCTI,2026-08-31,TWR00051,0,523.71,0.511,24,False
USG00000561,5174-ITUMV,2026-08-31,TWR00071,174,3913.88,3.822,3,True
USG00000562,2696-ECXKC,2026-08-31,TWR00006,108,397.9,0.389,21,False
USG00000563,8000-REIQB,2026-08-31,TWR00036,147,3023.04,2.952,19,False
USG00000564,1032-MAELW,2026-08-31,TWR00056,168,4375.54,4.273,16,False
USG00000565,2302-ANTDP,2026-08-31,TWR00034,164,916.18,0.895,22,False
USG00000566,4174-LPGTI,2026-08-31,TWR00032,6,622.52,0.608,15,False
USG00000567,0301-KOBTQ,2026-08-31,TWR00040,96,3260.18,3.184,3,False
USG00000568,8150-QUDFX,2026-08-31,TWR00043,12,437.92,0.428,2,False
USG00000569,5981-ITEMU,2026-08-31,TWR00065,121,4367.15,4.265,8,False
USG00000570,6719-FGEDO,2026-08-31,TWR00082,109,4156.93,4.06,4,False
USG00000571,9470-YFUYI,2026-08-31,TWR00006,81,3991.72,3.898,17,False
USG00000572,0135-NMXAP,2026-08-31,TWR00092,11,4198.97,4.101,22,False
USG00000573,5590-YRFJT,2026-08-31,TWR00041,42,978.72,0.956,0,False
USG00000574,2933-XEUJM,2026-08-31,TWR00065,64,4279.31,4.179,14,False
USG00000575,6133-OZILE,2026-08-31,TWR00069,152,942.65,0.921,19,False
USG00000576,8393-JMVMB,2026-08-31,TWR00051,114,1612.75,1.575,7,False
USG00000577,9591-YVTEB,2026-08-31,TWR00090,143,2465.52,2.408,9,True
USG00000578,4860-YZGZM,2026-08-31,TWR00096,12,3584.41,3.5,8,False
USG00000579,9788-HNGUT,2026-08-31,TWR00034,142,2405.27,2.349,7,False
USG00000580,9581-GVBXT,2026-08-31,TWR00034,137,2129.59,2.08,14,False
USG00000581,0983-TATYJ,2026-08-31,TWR00057,104,461.37,0.451,14,False
USG00000582,5686-CMAWK,2026-08-31,TWR00047,19,2424.38,2.368,20,True
USG00000583,4580-TMHJU,2026-08-31,TWR00031,173,3904.41,3.813,13,True
USG00000584,1266-NZYUI,2026-08-31,TWR00095,52,4235.3,4.136,20,False
USG00000585,5510-BOIUJ,2026-08-31,TWR00098,90,3550.36,3.467,2,False
USG00000586,6289-CPNLD,2026-08-31,TWR00098,150,3796.61,3.708,12,False
USG00000587,9146-JRIOX,2026-08-31,TWR00001,20,4316.71,4.216,25,False
USG00000588,4710-NKCAW,2026-08-31,TWR00060,13,3461.21,3.38,25,False
USG00000589,2592-HODOV,2026-08-31,TWR00009,24,1807.96,1.766,18,False
USG00000590,4322-RCYMT,2026-08-31,TWR00085,112,288.62,0.282,6,False
USG00000591,5678-VFNEQ,2026-08-31,TWR00038,161,3822.8,3.733,13,False
USG00000592,1485-YDHMM,2026-08-31,TWR00027,129,420.77,0.411,15,True
USG00000593,0674-DGMAQ,2026-08-31,TWR00067,86,1106.78,1.081,1,False
USG00000594,2408-PSJVE,2026-08-31,TWR00066,154,3653.27,3.568,16,False
USG00000595,2080-SRCDE,2026-08-31,TWR00063,72,3073.29,3.001,9,False
USG00000596,7615-ESMYF,2026-08-31,TWR00034,133,154.9,0.151,17,False
USG00000597,3034-ZBEQN,2026-08-31,TWR00094,141,2105.75,2.056,1,False
USG00000598,4430-UZIPO,2026-08-31,TWR00026,98,470.31,0.459,23,False
USG00000599,3724-BSCVH,2026-08-31,TWR00020,28,3133.58,3.06,8,False
USG00000600,7410-KTVFV,2026-08-31,TWR00008,67,3825.46,3.736,6,True
USG00000601,5960-MVTUK,2026-08-31,TWR00057,132,2635.72,2.574,9,False
USG00000602,3071-VBYPO,2026-08-31,TWR00060,50,3226.62,3.151,13,False
USG00000603,5117-IFGPS,2026-08-31,TWR00030,35,4142.17,4.045,22,False
USG00000604,9717-QEBGU,2026-08-31,TWR00006,162,537.33,0.525,6,False
USG00000605,0831-JNISG,2026-08-31,TWR00097,40,286.36,0.28,10,False
USG00000606,8060-HIWJJ,2026-08-31,TWR00092,17,2904.79,2.837,7,True
USG00000607,6424-ELEYH,2026-08-31,TWR00081,146,982.03,0.959,1,False
USG00000608,6174-NRBTZ,2026-08-31,TWR00020,9,2833.13,2.767,22,False
USG00000609,1834-WULEG,2026-08-31,TWR00095,125,82.06,0.08,7,False
USG00000610,9191-MYQKX,2026-08-31,TWR00069,123,241.56,0.236,0,False
USG00000611,4597-ELFTS,2026-08-31,TWR00046,2,2454.27,2.397,19,False
USG00000612,1608-GMEWB,2026-08-31,TWR00085,176,2085.59,2.037,3,False
USG00000613,4343-EJVQB,2026-08-31,TWR00046,166,191.92,0.187,9,False
USG00000614,8050-DVOJX,2026-08-31,TWR00062,50,2697.46,2.634,23,True
USG00000615,9766-HGEDE,2026-08-31,TWR00032,24,2567.87,2.508,11,False
USG00000616,9508-ILZDG,2026-08-31,TWR00084,15,667.35,0.652,14,False
USG00000617,3920-HIHMQ,2026-08-31,TWR00081,163,1456.57,1.422,12,False
USG00000618,3744-ZRRDZ,2026-08-31,TWR00063,90,1335.11,1.304,8,False
USG00000619,7410-YTJIK,2026-08-31,TWR00001,63,3351.31,3.273,18,False
USG00000620,7684-XSZIY,2026-08-31,TWR00095,157,4198.0,4.1,25,False
USG00000621,3878-AVSOQ,2026-08-31,TWR00092,180,2462.62,2.405,13,False
USG00000622,0988-JRWWP,2026-08-31,TWR00026,11,393.1,0.384,22,False
USG00000623,0697-ZMSWS,2026-08-31,TWR00070,110,3452.18,3.371,9,True
USG00000624,9661-JALZV,2026-08-31,TWR00008,60,703.33,0.687,19,True
USG00000625,9739-JLPQJ,2026-08-31,TWR00047,36,2555.05,2.495,20,False
USG00000626,7752-XUSCI,2026-08-31,TWR00033,128,2822.58,2.756,7,False
USG00000627,7817-BOQPW,2026-08-31,TWR00030,77,2705.73,2.642,20,False
USG00000628,1448-PWKYE,2026-08-31,TWR00093,37,870.99,0.851,12,False
USG00000629,5902-WBLSE,2026-08-31,TWR00072,86,373.09,0.364,11,False
USG00000630,5010-IPEAQ,2026-08-31,TWR00060,158,3867.83,3.777,18,False
USG00000631,4872-VXRIL,2026-08-31,TWR00016,24,1131.62,1.105,7,True
USG00000632,7205-BAIAD,2026-08-31,TWR00066,115,2164.58,2.114,1,False
USG00000633,4361-JEIVL,2026-08-31,TWR00002,25,1743.11,1.702,16,False
USG00000634,7065-YUNRY,2026-08-31,TWR00031,100,4241.11,4.142,7,False
USG00000635,6437-UDQJM,2026-08-31,TWR00008,80,4378.84,4.276,6,False
USG00000636,4837-QUSFT,2026-08-31,TWR00002,49,1912.46,1.868,24,False
USG00000637,4883-QICIH,2026-08-31,TWR00033,150,3214.15,3.139,4,False
USG00000638,0557-ASKVU,2026-08-31,TWR00081,75,633.7,0.619,9,False
USG00000639,9853-JFZDU,2026-08-31,TWR00022,133,3661.58,3.576,8,False
USG00000640,2039-JONDJ,2026-08-31,TWR00013,104,3274.47,3.198,6,True
USG00000641,2034-CGRHZ,2026-08-31,TWR00051,7,3924.47,3.832,7,False
USG00000642,7854-FOKSF,2026-08-31,TWR00097,5,2883.99,2.816,12,False
USG00000643,1135-LMECX,2026-08-31,TWR00021,57,2727.77,2.664,25,True
USG00000644,1996-DBMUS,2026-08-31,TWR00043,14,552.33,0.539,10,False
USG00000645,7159-FVYPK,2026-08-31,TWR00086,163,3523.55,3.441,18,False
USG00000646,6691-CCIHA,2026-08-31,TWR00067,102,371.8,0.363,3,False
USG00000647,8318-LCNBW,2026-08-31,TWR00080,22,1086.89,1.061,8,False
USG00000648,4847-QNOKA,2026-08-31,TWR00046,66,711.23,0.695,8,False
USG00000649,6418-HNFED,2026-08-31,TWR00057,33,771.81,0.754,8,False
USG00000650,1707-HABPF,2026-08-31,TWR00098,129,2357.71,2.302,20,False
USG00000651,6244-BESBM,2026-08-31,TWR00056,147,708.89,0.692,2,False
USG00000652,8404-GFGCZ,2026-08-31,TWR00054,169,352.89,0.345,17,False
USG00000653,5724-BIDBU,2026-08-31,TWR00012,145,3421.13,3.341,9,True
USG00000654,8663-UPDGF,2026-08-31,TWR00044,158,901.07,0.88,4,False
USG00000655,7576-OYWBN,2026-08-31,TWR00014,103,1028.16,1.004,17,False
USG00000656,3902-FOIGH,2026-08-31,TWR00097,23,1471.34,1.437,14,False
USG00000657,2087-QAREY,2026-08-31,TWR00027,38,2571.78,2.512,3,False
USG00000658,4010-YLMVT,2026-08-31,TWR00046,91,3710.02,3.623,9,False
USG00000659,7594-RQHXR,2026-08-31,TWR00079,140,583.03,0.569,21,False
USG00000660,2782-LFZVW,2026-08-31,TWR00070,2,4061.78,3.967,12,False
USG00000661,7576-JMYWV,2026-08-31,TWR00035,131,845.89,0.826,15,False
USG00000662,3736-BLEPA,2026-08-31,TWR00071,34,1836.75,1.794,15,False
USG00000663,0504-HHAPI,2026-08-31,TWR00030,60,3280.79,3.204,15,False
USG00000664,2789-CZANW,2026-08-31,TWR00002,41,4447.91,4.344,16,False
USG00000665,5734-EJKXG,2026-08-31,TWR00052,89,2549.34,2.49,1,False
USG00000666,1017-FBQMM,2026-08-31,TWR00025,158,3363.02,3.284,21,False
USG00000667,4808-YNLEU,2026-08-31,TWR00060,33,4492.18,4.387,3,True
USG00000668,0975-VOOVL,2026-08-31,TWR00073,30,3340.66,3.262,15,True
USG00000669,8224-DWCKX,2026-08-31,TWR00018,87,2008.37,1.961,8,False
USG00000670,7225-IILWY,2026-08-31,TWR00079,54,1622.92,1.585,20,False
USG00000671,2632-UCGVD,2026-08-31,TWR00099,58,2734.42,2.67,19,False
USG00000672,2750-BJLSB,2026-08-31,TWR00074,140,910.3,0.889,21,False
USG00000673,0064-YIJGF,2026-08-31,TWR00021,123,274.85,0.268,3,False
USG00000674,7787-BNTZM,2026-08-31,TWR00085,135,989.26,0.966,2,True
USG00000675,5553-AOINX,2026-08-31,TWR00079,147,4072.52,3.977,23,False
USG00000676,3703-VAVCL,2026-08-31,TWR00006,144,4466.95,4.362,10,False
USG00000677,5652-MSDEY,2026-08-31,TWR00002,16,3428.63,3.348,5,False
USG00000678,5624-BQSSA,2026-08-31,TWR00039,178,3978.0,3.885,15,False
USG00000679,3635-QQRQD,2026-08-31,TWR00037,148,3754.63,3.667,14,False
USG00000680,6745-JEFZB,2026-08-31,TWR00014,37,3238.49,3.163,13,True
USG00000681,6584-VQMYT,2026-08-31,TWR00080,32,4213.54,4.115,7,False
USG00000682,0572-ZJKLT,2026-08-31,TWR00047,119,1260.97,1.231,2,False
USG00000683,8775-ERLNB,2026-08-31,TWR00071,174,3720.8,3.634,11,True
USG00000684,2694-CIUMO,2026-08-31,TWR00032,67,253.91,0.248,25,False
USG00000685,0895-DQHEW,2026-08-31,TWR00010,52,3799.49,3.71,15,False
USG00000686,7860-UXCRM,2026-08-31,TWR00020,158,101.99,0.1,1,False
USG00000687,0289-IVARM,2026-08-31,TWR00063,18,572.24,0.559,22,False
USG00000688,6551-VLJMV,2026-08-31,TWR00055,144,1881.92,1.838,13,False
USG00000689,0263-FJTQO,2026-08-31,TWR00080,80,67.22,0.066,25,False
USG00000690,1241-EZFMJ,2026-08-31,TWR00037,165,565.66,0.552,10,False
USG00000691,0142-GVYSN,2026-08-31,TWR00001,102,4491.06,4.386,16,False
USG00000692,5762-TJXGK,2026-08-31,TWR00026,17,110.67,0.108,4,True
USG00000693,2885-HIJDH,2026-08-31,TWR00020,45,2765.53,2.701,20,False
USG00000694,1564-HJUVY,2026-08-31,TWR00069,37,290.97,0.284,2,False
USG00000695,4049-ZPALD,2026-08-31,TWR00054,84,1967.54,1.921,1,False
USG00000696,5405-ZMYXQ,2026-08-31,TWR00063,56,3242.88,3.167,2,False
USG00000697,3709-OIJEA,2026-08-31,TWR00085,110,482.5,0.471,22,False
USG00000698,0235-KGSLC,2026-08-31,TWR00057,22,3323.81,3.246,5,False
USG00000699,0374-AACSZ,2026-08-31,TWR00056,137,2780.64,2.715,14,False
USG00000700,6890-PFRQX,2026-08-31,TWR00055,174,109.47,0.107,23,False
USG00000701,0961-ZWLVI,2026-08-31,TWR00009,3,1022.9,0.999,12,False
USG00000702,6646-QVXLR,2026-08-31,TWR00001,52,2088.15,2.039,2,False
USG00000703,2831-EBWRN,2026-08-31,TWR00063,7,2703.32,2.64,24,False
USG00000704,4451-RWASJ,2026-08-31,TWR00053,4,4356.99,4.255,23,False
USG00000705,4636-OLWOE,2026-08-31,TWR00063,121,2558.69,2.499,0,False
USG00000706,7255-SSFBC,2026-08-31,TWR00053,136,3250.99,3.175,22,False
USG00000707,6496-SLWHQ,2026-08-31,TWR00024,10,3839.32,3.749,3,True
USG00000708,3620-MWJNE,2026-08-31,TWR00073,94,2006.87,1.96,25,True
USG00000709,2446-PLQVO,2026-08-31,TWR00081,132,410.59,0.401,15,True
USG00000710,5567-GZKQY,2026-08-31,TWR00009,165,503.46,0.492,0,False
USG00000711,7851-WZEKY,2026-08-31,TWR00009,69,315.53,0.308,9,False
USG00000712,3645-DEYGF,2026-08-31,TWR00050,18,3983.34,3.89,21,False
USG00000713,7625-XCQRH,2026-08-31,TWR00075,60,1819.67,1.777,7,False
USG00000714,4973-RLZVI,2026-08-31,TWR00040,105,3366.09,3.287,24,False
USG00000715,2038-LLMLM,2026-08-31,TWR00091,75,970.41,0.948,14,False
USG00000716,7250-EQKIY,2026-08-31,TWR00051,77,3808.4,3.719,20,False
USG00000717,7089-RKVSZ,2026-08-31,TWR00007,64,912.83,0.891,0,False
USG00000718,0345-HKJVM,2026-08-31,TWR00071,79,1518.6,1.483,14,True
USG00000719,3038-PQIUY,2026-08-31,TWR00045,164,477.03,0.466,24,False
USG00000720,8086-OVPWV,2026-08-31,TWR00001,178,1221.44,1.193,9,False
USG00000721,5811-IWXYM,2026-08-31,TWR00064,53,3687.54,3.601,22,False
USG00000722,1561-BWHIN,2026-08-31,TWR00014,141,1650.01,1.611,3,False
USG00000723,0082-LDZUE,2026-08-31,TWR00053,74,1006.29,0.983,3,False
USG00000724,5099-BAILX,2026-08-31,TWR00098,151,1734.11,1.693,4,False
USG00000725,1816-FLZDK,2026-08-31,TWR00073,122,317.43,0.31,10,False
USG00000726,4074-SJFFA,2026-08-31,TWR00047,17,3669.11,3.583,12,False
USG00000727,3197-ARFOY,2026-08-31,TWR00068,9,1689.75,1.65,4,False
USG00000728,5356-KZCKT,2026-08-31,TWR00038,168,4338.74,4.237,16,False
USG00000729,6408-OTUBZ,2026-08-31,TWR00042,118,4047.01,3.952,18,False
USG00000730,4137-JOPHL,2026-08-31,TWR00013,46,1831.3,1.788,10,False
USG00000731,8344-WFMFH,2026-08-31,TWR00010,81,1885.86,1.842,5,False
USG00000732,9220-CXRSC,2026-08-31,TWR00074,35,197.49,0.193,12,False
USG00000733,0684-AOSIH,2026-08-31,TWR00019,153,4334.35,4.233,23,False
USG00000734,0164-XAIRP,2026-08-31,TWR00034,180,982.3,0.959,11,False
USG00000735,5820-PTRYM,2026-08-31,TWR00029,32,1069.27,1.044,22,False
USG00000736,1596-BBVTG,2026-08-31,TWR00068,15,3914.23,3.822,18,False
USG00000737,3823-KYNQY,2026-08-31,TWR00069,122,1865.48,1.822,2,False
USG00000738,7688-AWMDX,2026-08-31,TWR00087,141,3916.71,3.825,19,False
USG00000739,2260-USTRB,2026-08-31,TWR00076,47,846.71,0.827,12,False
USG00000740,5141-ZUVBH,2026-08-31,TWR00054,178,2761.3,2.697,16,False
USG00000741,0221-NAUXK,2026-08-31,TWR00082,26,1725.57,1.685,16,False
USG00000742,5701-GUXDC,2026-08-31,TWR00072,92,3597.88,3.514,24,False
USG00000743,7169-YWAMK,2026-08-31,TWR00027,20,3110.03,3.037,20,False
USG00000744,2225-ZRGSG,2026-08-31,TWR00050,51,1499.37,1.464,21,False
USG00000745,6543-JXSOO,2026-08-31,TWR00069,50,3962.36,3.869,19,False
USG00000746,8792-AOROI,2026-08-31,TWR00004,50,1892.5,1.848,12,False
USG00000747,5916-QEWPT,2026-08-31,TWR00005,73,2438.12,2.381,4,False
USG00000748,3115-JPJDD,2026-08-31,TWR00086,9,2311.59,2.257,9,False
USG00000749,0036-IHMOT,2026-08-31,TWR00075,66,1093.88,1.068,3,False
USG00000750,2400-FEQME,2026-08-31,TWR00056,69,4409.22,4.306,12,False
USG00000751,8660-BUETV,2026-08-31,TWR00041,24,806.8,0.788,2,False
USG00000752,5474-LAMUQ,2026-08-31,TWR00014,116,1337.78,1.306,11,False
USG00000753,6845-RGTYS,2026-08-31,TWR00054,117,3823.85,3.734,13,False
USG00000754,3672-YITQD,2026-08-31,TWR00022,64,3112.0,3.039,22,False
USG00000755,0634-SZPQA,2026-08-31,TWR00065,31,2675.45,2.613,9,False
USG00000756,4741-WWJQZ,2026-08-31,TWR00041,139,4406.62,4.303,23,False
USG00000757,5199-FPUSP,2026-08-31,TWR00026,138,1112.57,1.086,2,False
USG00000758,0812-WUPTB,2026-08-31,TWR00005,108,3506.57,3.424,22,False
USG00000759,4628-WQCQQ,2026-08-31,TWR00075,19,1654.18,1.615,11,False
USG00000760,8751-EDEKA,2026-08-31,TWR00058,100,2433.39,2.376,18,False
USG00000761,6993-OHLXR,2026-08-31,TWR00077,160,1673.25,1.634,19,True
USG00000762,9619-GSATL,2026-08-31,TWR00024,104,3010.84,2.94,5,True
USG00000763,3307-TLCUD,2026-08-31,TWR00076,28,4464.02,4.359,25,False
USG00000764,6114-TCFID,2026-08-31,TWR00035,86,4016.13,3.922,17,False
USG00000765,5135-GRQJV,2026-08-31,TWR00079,176,953.57,0.931,13,False
USG00000766,8606-CIQUL,2026-08-31,TWR00053,81,1716.05,1.676,5,False
USG00000767,6508-NJYRO,2026-08-31,TWR00011,79,3364.8,3.286,0,False
USG00000768,3745-HRPHI,2026-08-31,TWR00019,120,3054.37,2.983,12,False
USG00000769,1761-AEZZR,2026-08-31,TWR00054,112,1917.63,1.873,14,False
USG00000770,3318-OSATS,2026-08-31,TWR00070,10,2051.3,2.003,18,False
USG00000771,9070-BCKQP,2026-08-31,TWR00074,124,2811.32,2.745,6,False
USG00000772,8668-KNZTI,2026-08-31,TWR00075,126,2418.74,2.362,14,False
USG00000773,4770-UEZOX,2026-08-31,TWR00079,175,3034.86,2.964,3,False
USG00000774,7883-ROJOC,2026-08-31,TWR00014,114,788.62,0.77,16,False
USG00000775,7147-AYBAA,2026-08-31,TWR00041,123,83.45,0.081,17,False
USG00000776,1930-QPBVZ,2026-08-31,TWR00060,89,2568.87,2.509,10,False
USG00000777,0266-GMEAO,2026-08-31,TWR00018,41,3837.09,3.747,1,False
USG00000778,3665-JATSN,2026-08-31,TWR00093,61,2475.86,2.418,23,False
USG00000779,8144-DGHXP,2026-08-31,TWR00034,116,3942.5,3.85,20,False
USG00000780,8286-AFUYI,2026-08-31,TWR00070,97,616.9,0.602,5,True
USG00000781,1465-LNTLJ,2026-08-31,TWR00087,145,178.39,0.174,8,False
USG00000782,9173-IVZVP,2026-08-31,TWR00090,31,4086.66,3.991,10,False
USG00000783,7253-UVNDW,2026-08-31,TWR00100,32,2782.24,2.717,13,False
USG00000784,3030-YZADT,2026-08-31,TWR00005,36,4305.35,4.204,21,False
USG00000785,9430-NKQLY,2026-08-31,TWR00093,22,1802.11,1.76,17,True
USG00000786,5583-EJXRD,2026-08-31,TWR00047,65,3766.51,3.678,14,False
USG00000787,5133-VRSAB,2026-08-31,TWR00050,153,2386.95,2.331,5,False
USG00000788,0374-FIUCA,2026-08-31,TWR00059,114,4095.63,4.0,11,False
USG00000789,9741-YLNTD,2026-08-31,TWR00024,143,4151.06,4.054,3,True
USG00000790,1057-FOGLZ,2026-08-31,TWR00066,22,134.27,0.131,16,False
USG00000791,4791-QRGMF,2026-08-31,TWR00076,161,1940.6,1.895,20,True
USG00000792,7013-PSXHK,2026-08-31,TWR00005,155,4158.59,4.061,25,False
USG00000793,0988-AADSA,2026-08-31,TWR00032,137,4199.3,4.101,21,False
USG00000794,8261-GWDBQ,2026-08-31,TWR00051,92,324.34,0.317,24,False
USG00000795,9609-BENEA,2026-08-31,TWR00082,159,3849.91,3.76,20,False
USG00000796,2606-RMDHZ,2026-08-31,TWR00074,135,2514.06,2.455,0,False
USG00000797,0584-BJQGZ,2026-08-31,TWR00081,17,3001.06,2.931,1,False
USG00000798,0946-CLJTI,2026-08-31,TWR00061,73,658.24,0.643,10,False
USG00000799,4701-AHWMW,2026-08-31,TWR00058,24,764.81,0.747,6,False
USG00000800,9424-CMPOG,2026-08-31,TWR00046,93,4026.31,3.932,11,False
USG00000801,0454-OKRCT,2026-08-31,TWR00047,3,2391.67,2.336,0,False
USG00000802,6048-UWKAL,2026-08-31,TWR00042,42,2533.78,2.474,5,True
USG00000803,3132-TVFDZ,2026-08-31,TWR00057,101,3934.95,3.843,13,False
USG00000804,9593-CVZKR,2026-08-31,TWR00085,148,2850.8,2.784,23,False
USG00000805,5307-DZCVC,2026-08-31,TWR00032,77,1596.38,1.559,15,False
USG00000806,5846-ABOBJ,2026-08-31,TWR00073,91,3041.3,2.97,23,False
USG00000807,3967-VQOGC,2026-08-31,TWR00091,138,2945.27,2.876,15,False
USG00000808,1728-CXQBE,2026-08-31,TWR00082,5,774.65,0.756,25,False
USG00000809,2382-BCKQJ,2026-08-31,TWR00034,26,3244.26,3.168,3,True
USG00000810,8125-QPFJD,2026-08-31,TWR00016,107,2245.7,2.193,17,False
USG00000811,4373-MAVJG,2026-08-31,TWR00004,129,1918.2,1.873,2,False
USG00000812,6253-GNHWH,2026-08-31,TWR00081,159,4285.59,4.185,17,False
USG00000813,1448-CYWKC,2026-08-31,TWR00002,59,3060.21,2.988,23,False
USG00000814,1226-UDFZR,2026-08-31,TWR00001,105,1533.58,1.498,15,False
USG00000815,5044-XDPYX,2026-08-31,TWR00074,51,3227.72,3.152,0,False
USG00000816,7964-VEXDG,2026-08-31,TWR00039,117,2241.73,2.189,25,False
USG00000817,4947-DSMXK,2026-08-31,TWR00008,134,3561.66,3.478,3,False
USG00000818,2357-COQEK,2026-08-31,TWR00055,8,2400.0,2.344,5,False
USG00000819,3714-NTNFO,2026-08-31,TWR00016,42,2633.04,2.571,11,False
USG00000820,1153-GNOLC,2026-08-31,TWR00055,122,963.55,0.941,10,False
USG00000821,3936-QQFLL,2026-08-31,TWR00094,3,2326.26,2.272,20,False
USG00000822,8652-YHIYU,2026-08-31,TWR00024,86,2800.78,2.735,16,True
USG00000823,9052-DHNKM,2026-08-31,TWR00029,114,1175.25,1.148,6,False
USG00000824,7577-SWIFR,2026-08-31,TWR00088,15,71.34,0.07,16,False
USG00000825,0804-YGEQV,2026-08-31,TWR00029,48,465.55,0.455,6,False
USG00000826,8225-BTJAU,2026-08-31,TWR00006,137,445.68,0.435,18,False
USG00000827,6711-VTNRE,2026-08-31,TWR00007,176,3305.4,3.228,25,False
USG00000828,7969-AULMZ,2026-08-31,TWR00093,58,696.81,0.68,23,False
USG00000829,1257-SXUXQ,2026-08-31,TWR00019,96,2622.59,2.561,9,False
USG00000830,1839-UMACK,2026-08-31,TWR00037,74,768.43,0.75,6,False
USG00000831,5119-NZPTV,2026-08-31,TWR00082,175,1235.06,1.206,23,False
USG00000832,4020-KIUDI,2026-08-31,TWR00076,87,1526.7,1.491,18,True
USG00000833,1455-HFBXA,2026-08-31,TWR00037,95,3679.96,3.594,25,False
USG00000834,0114-IGABW,2026-08-31,TWR00012,34,3017.37,2.947,5,False
USG00000835,0722-SVSFK,2026-08-31,TWR00012,35,3079.24,3.007,17,True
USG00000836,4641-FROLU,2026-08-31,TWR00047,73,1295.99,1.266,22,False
USG00000837,4080-IIARD,2026-08-31,TWR00061,86,1304.73,1.274,13,False
USG00000838,2359-QWQUL,2026-08-31,TWR00041,100,3285.8,3.209,21,False
USG00000839,7912-SYRQT,2026-08-31,TWR00004,83,3578.05,3.494,24,False
USG00000840,9938-PRCVK,2026-08-31,TWR00070,40,1572.64,1.536,19,True
USG00000841,5914-DVBWJ,2026-08-31,TWR00072,58,3936.34,3.844,4,False
USG00000842,8048-DSDFQ,2026-08-31,TWR00038,37,307.16,0.3,21,False
USG00000843,9174-FKWZE,2026-08-31,TWR00067,109,184.05,0.18,4,False
USG00000844,0968-GSIKN,2026-08-31,TWR00064,137,426.08,0.416,16,False
USG00000845,9917-KWRBE,2026-08-31,TWR00058,93,1861.85,1.818,21,False
USG00000846,6017-PPLPX,2026-08-31,TWR00010,134,2332.07,2.277,0,False
USG00000847,0218-QNVAS,2026-08-31,TWR00049,113,3554.76,3.471,15,False
USG00000848,0691-JVSYA,2026-08-31,TWR00096,87,2638.75,2.577,7,False
USG00000849,5356-RHIPP,2026-08-31,TWR00088,156,2898.56,2.831,22,False
USG00000850,3865-QBWSJ,2026-08-31,TWR00085,140,4016.23,3.922,8,False
USG00000851,6618-RYATB,2026-08-31,TWR00075,77,3185.55,3.111,15,False
USG00000852,4390-KYULV,2026-08-31,TWR00033,52,4448.96,4.345,15,False
USG00000853,3841-NFECX,2026-08-31,TWR00089,90,1943.89,1.898,1,True
USG00000854,5229-PRWKT,2026-08-31,TWR00086,106,1302.19,1.272,18,False
USG00000855,3750-RNQKR,2026-08-31,TWR00054,110,4376.68,4.274,5,False
USG00000856,6873-UDNLD,2026-08-31,TWR00076,65,3111.42,3.038,13,False
USG00000857,9297-FVVDH,2026-08-31,TWR00061,162,105.79,0.103,11,False
USG00000858,8659-IOOPU,2026-08-31,TWR00030,140,4240.0,4.141,21,False
USG00000859,6579-JPICP,2026-08-31,TWR00055,116,3127.32,3.054,2,False
USG00000860,5857-TYBCJ,2026-08-31,TWR00096,53,1354.25,1.323,15,False
USG00000861,2789-HQBOU,2026-08-31,TWR00036,152,230.85,0.225,3,False
USG00000862,1328-EUZHC,2026-08-31,TWR00021,78,2399.59,2.343,11,False
USG00000863,8108-UXRQN,2026-08-31,TWR00042,167,2693.45,2.63,1,False
USG00000864,7813-ZGGAW,2026-08-31,TWR00086,152,815.67,0.797,4,False
USG00000865,3274-NSDWE,2026-08-31,TWR00001,84,4072.33,3.977,15,True
USG00000866,6481-ESCNL,2026-08-31,TWR00014,102,494.15,0.483,6,True
USG00000867,1347-KTTTA,2026-08-31,TWR00037,113,1284.28,1.254,25,False
USG00000868,7925-PNRGI,2026-08-31,TWR00033,171,2081.04,2.032,7,False
USG00000869,0118-JPNOY,2026-08-31,TWR00013,42,4431.23,4.327,19,False
USG00000870,3545-CNWRG,2026-08-31,TWR00055,61,2376.37,2.321,4,False
USG00000871,1925-TIBLE,2026-08-31,TWR00042,49,605.06,0.591,21,False
USG00000872,1600-DILPE,2026-08-31,TWR00082,104,4169.38,4.072,11,False
USG00000873,3648-GZPHF,2026-08-31,TWR00097,120,818.74,0.8,12,False
USG00000874,0733-VUNUW,2026-08-31,TWR00040,112,3711.71,3.625,1,False
USG00000875,8597-CTXVJ,2026-08-31,TWR00046,106,3415.7,3.336,16,False
USG00000876,6317-YPKDH,2026-08-31,TWR00090,140,4205.16,4.107,0,False
USG00000877,9746-MDMBK,2026-08-31,TWR00060,92,1387.13,1.355,15,False
USG00000878,6993-YCOBK,2026-08-31,TWR00007,81,3837.66,3.748,1,False
USG00000879,4781-ZXYGU,2026-08-31,TWR00039,171,543.04,0.53,2,False
USG00000880,8631-XVRZL,2026-08-31,TWR00092,72,4203.58,4.105,13,False
USG00000881,1157-BQCUW,2026-08-31,TWR00033,120,3033.74,2.963,21,False
USG00000882,3458-IDMFK,2026-08-31,TWR00004,168,3160.58,3.087,16,False
USG00000883,7876-DNYAP,2026-08-31,TWR00083,27,4409.08,4.306,19,False
USG00000884,9504-YAZWB,2026-08-31,TWR00056,112,2809.78,2.744,16,False
USG00000885,3717-OEAUQ,2026-08-31,TWR00026,75,4154.44,4.057,6,False
USG00000886,5084-OOVCJ,2026-08-31,TWR00095,42,1533.58,1.498,19,False
USG00000887,8705-DWKTI,2026-08-31,TWR00074,81,3757.38,3.669,21,False
USG00000888,5649-TJHOV,2026-08-31,TWR00085,75,4428.81,4.325,11,False
USG00000889,7994-XIRTR,2026-08-31,TWR00083,53,4233.07,4.134,8,False
USG00000890,8570-KLJYJ,2026-08-31,TWR00099,46,4085.51,3.99,2,False
USG00000891,6746-WAUWT,2026-08-31,TWR00056,14,116.56,0.114,20,False
USG00000892,2272-QAGFO,2026-08-31,TWR00096,176,1396.17,1.363,19,False
USG00000893,5550-VFRLC,2026-08-31,TWR00013,150,2951.16,2.882,9,False
USG00000894,0820-FNRNX,2026-08-31,TWR00057,135,1912.66,1.868,0,False
USG00000895,3259-QMXUN,2026-08-31,TWR00047,29,819.3,0.8,3,False
USG00000896,4682-BLBUC,2026-08-31,TWR00084,174,178.16,0.174,1,False
USG00000897,9611-CTWIH,2026-08-31,TWR00048,10,93.65,0.091,4,False
USG00000898,4547-KQRTM,2026-08-31,TWR00071,146,1227.1,1.198,23,True
USG00000899,2996-XAUVF,2026-08-31,TWR00086,157,1858.05,1.815,0,False
USG00000900,4588-YBNIB,2026-08-31,TWR00088,176,4235.29,4.136,11,False
USG00000901,3963-RYFNS,2026-08-31,TWR00013,38,3840.73,3.751,14,False
USG00000902,0376-YMCJC,2026-08-31,TWR00006,147,167.42,0.163,4,False
USG00000903,4654-DLAMQ,2026-08-31,TWR00015,112,1691.92,1.652,23,False
USG00000904,2625-TRCZQ,2026-08-31,TWR00062,29,266.16,0.26,10,False
USG00000905,0772-GYEQQ,2026-08-31,TWR00077,0,3537.0,3.454,17,False
USG00000906,6202-JVYEU,2026-08-31,TWR00047,62,2044.06,1.996,19,False
USG00000907,0685-MLYYM,2026-08-31,TWR00086,58,1112.82,1.087,24,False
USG00000908,9565-DJPIB,2026-08-31,TWR00013,89,2409.25,2.353,7,False
USG00000909,2946-KIQSP,2026-08-31,TWR00041,92,248.84,0.243,8,False
USG00000910,4484-GLZOU,2026-08-31,TWR00004,54,1272.46,1.243,16,False
USG00000911,8696-JKZNU,2026-08-31,TWR00021,155,2549.29,2.49,22,False
USG00000912,8670-MEFCP,2026-08-31,TWR00070,122,2620.69,2.559,16,False
USG00000913,1621-YNCJH,2026-08-31,TWR00074,175,1749.17,1.708,20,False
USG00000914,3329-WDIOK,2026-08-31,TWR00074,89,2049.17,2.001,16,False
USG00000915,9018-PCIOK,2026-08-31,TWR00075,52,2900.97,2.833,10,False
USG00000916,0871-OPBXW,2026-08-31,TWR00098,46,2796.41,2.731,2,False
USG00000917,5173-ZXXXL,2026-08-31,TWR00055,157,710.17,0.694,13,False
USG00000918,6368-TZZDT,2026-08-31,TWR00033,2,4206.32,4.108,14,True
USG00000919,8819-WFGGJ,2026-08-31,TWR00008,23,2098.52,2.049,11,False
USG00000920,2969-WGHQO,2026-08-31,TWR00037,169,63.22,0.062,3,True
USG00000921,0107-YHINA,2026-08-31,TWR00079,96,914.81,0.893,19,False
USG00000922,8262-COGGB,2026-08-31,TWR00030,91,2463.4,2.406,25,True
USG00000923,6952-OMNWB,2026-08-31,TWR00037,45,2113.73,2.064,8,False
USG00000924,8421-WZOOW,2026-08-31,TWR00067,172,1577.47,1.54,0,False
USG00000925,3134-DSHVC,2026-08-31,TWR00038,171,4082.66,3.987,6,False
USG00000926,6838-YAUVY,2026-08-31,TWR00032,141,1598.67,1.561,6,False
USG00000927,1346-PJWTK,2026-08-31,TWR00001,15,3667.45,3.581,2,False
USG00000928,1195-OIYEJ,2026-08-31,TWR00093,139,1735.71,1.695,5,False
USG00000929,4909-JOUPP,2026-08-31,TWR00027,14,4227.89,4.129,24,False
USG00000930,7794-JASDG,2026-08-31,TWR00017,139,917.78,0.896,0,False
USG00000931,2254-DLXRI,2026-08-31,TWR00073,54,552.13,0.539,13,False
USG00000932,0895-UADGO,2026-08-31,TWR00088,83,1119.63,1.093,21,False
USG00000933,2908-ZTPNF,2026-08-31,TWR00085,104,3824.96,3.735,21,False
USG00000934,0793-TWELN,2026-08-31,TWR00064,39,1223.52,1.195,5,False
USG00000935,5261-QSHQM,2026-08-31,TWR00073,54,86.73,0.085,12,False
USG00000936,5515-AKOAJ,2026-08-31,TWR00075,144,572.18,0.559,3,False
USG00000937,3162-ZJZFU,2026-08-31,TWR00006,151,2099.58,2.05,14,False
USG00000938,3768-NLUBH,2026-08-31,TWR00062,123,740.87,0.724,7,False
USG00000939,3627-FCRDW,2026-08-31,TWR00095,65,2690.27,2.627,9,False
USG00000940,7596-ZYWBB,2026-08-31,TWR00087,146,2653.71,2.592,24,False
USG00000941,9467-ROOLM,2026-08-31,TWR00010,179,177.01,0.173,5,False
USG00000942,7369-TRPFD,2026-08-31,TWR00096,37,3787.14,3.698,18,False
USG00000943,4310-KEDTB,2026-08-31,TWR00088,39,1002.22,0.979,23,False
USG00000944,8158-WPEZG,2026-08-31,TWR00020,78,3964.49,3.872,17,False
USG00000945,2886-KEFUM,2026-08-31,TWR00070,177,2554.69,2.495,21,False
USG00000946,9640-ZSLDC,2026-08-31,TWR00096,131,520.06,0.508,19,False
USG00000947,7821-DPRQE,2026-08-31,TWR00035,86,4120.66,4.024,21,False
USG00000948,7083-MIOPC,2026-08-31,TWR00060,31,2582.1,2.522,5,False
USG00000949,5671-UUNXD,2026-08-31,TWR00061,136,4320.61,4.219,4,False
USG00000950,6434-TTGJP,2026-08-31,TWR00096,98,294.68,0.288,20,False
USG00000951,6960-HVYXR,2026-08-31,TWR00044,170,685.25,0.669,1,False
USG00000952,1237-WIYYZ,2026-08-31,TWR00088,80,2057.46,2.009,16,False
USG00000953,4795-WRNVT,2026-08-31,TWR00038,112,1668.64,1.63,14,False
USG00000954,4139-JPIAM,2026-08-31,TWR00077,165,2838.4,2.772,13,True
USG00000955,7599-FKVXZ,2026-08-31,TWR00065,52,1143.13,1.116,6,True
USG00000956,1830-IPXVJ,2026-08-31,TWR00045,16,2335.47,2.281,7,False
USG00000957,7980-MHFLQ,2026-08-31,TWR00054,124,273.02,0.267,8,True
USG00000958,0214-JHPFW,2026-08-31,TWR00070,13,4208.02,4.109,22,False
USG00000959,7550-WIQVA,2026-08-31,TWR00062,51,929.28,0.907,11,False
USG00000960,1915-OAKWD,2026-08-31,TWR00064,40,1308.93,1.278,19,True
USG00000961,4905-JEFDW,2026-08-31,TWR00001,62,111.9,0.109,13,True
USG00000962,3557-HTYWR,2026-08-31,TWR00066,98,3708.19,3.621,21,False
USG00000963,2232-DMLXU,2026-08-31,TWR00094,96,4284.94,4.185,16,False
USG00000964,9818-XQCUV,2026-08-31,TWR00056,112,683.73,0.668,21,False
USG00000965,3429-IFLEM,2026-08-31,TWR00099,151,1452.7,1.419,1,False
USG00000966,3814-MLAXC,2026-08-31,TWR00022,64,1088.07,1.063,9,False
USG00000967,1622-HSHSF,2026-08-31,TWR00100,25,3386.93,3.308,2,False
USG00000968,6261-LHRTG,2026-08-31,TWR00063,159,896.95,0.876,11,False
USG00000969,1345-GKDZZ,2026-08-31,TWR00043,176,2533.35,2.474,3,False
USG00000970,2773-MADBQ,2026-08-31,TWR00018,36,3575.62,3.492,0,False
USG00000971,7614-QVWQL,2026-08-31,TWR00074,175,3550.19,3.467,21,False
USG00000972,0484-JPBRU,2026-08-31,TWR00079,154,285.74,0.279,13,False
USG00000973,6598-RFFVI,2026-08-31,TWR00057,170,707.85,0.691,25,False
USG00000974,8327-LZKAS,2026-08-31,TWR00047,127,3948.26,3.856,24,False
USG00000975,6248-TKCQV,2026-08-31,TWR00042,175,3398.21,3.319,25,False
USG00000976,3714-XPXBW,2026-08-31,TWR00041,81,4222.61,4.124,9,False
USG00000977,8859-AXJZP,2026-08-31,TWR00062,82,1369.15,1.337,3,False
USG00000978,0440-MOGPM,2026-08-31,TWR00047,6,2078.92,2.03,23,False
USG00000979,7109-CQYUZ,2026-08-31,TWR00043,93,2249.69,2.197,7,False
USG00000980,3045-XETSH,2026-08-31,TWR00008,148,421.03,0.411,23,False
USG00000981,2364-UFROM,2026-08-31,TWR00083,160,1519.71,1.484,20,False
USG00000982,5940-AHUHD,2026-08-31,TWR00001,9,3992.38,3.899,21,False
USG00000983,3030-ZKIWL,2026-08-31,TWR00001,3,693.86,0.678,6,False
USG00000984,0397-GZBBC,2026-08-31,TWR00026,175,2351.38,2.296,0,False
USG00000985,2235-DWLJU,2026-08-31,TWR00094,179,499.55,0.488,24,False
USG00000986,9170-ARBTB,2026-08-31,TWR00088,18,2956.34,2.887,2,False
USG00000987,6603-QWSPR,2026-08-31,TWR00070,72,1072.66,1.048,17,False
USG00000988,9861-PDSZP,2026-08-31,TWR00005,105,1323.0,1.292,2,False
USG00000989,6286-ZHAOK,2026-08-31,TWR00018,45,1189.02,1.161,23,False
USG00000990,5804-LEPIM,2026-08-31,TWR00076,137,2708.49,2.645,9,False
USG00000991,7312-XSBAT,2026-08-31,TWR00043,160,1166.23,1.139,9,False
USG00000992,7277-OZCGZ,2026-08-31,TWR00001,3,844.91,0.825,20,False
USG00000993,4011-ARPHK,2026-08-31,TWR00078,162,4339.94,4.238,7,False
USG00000994,9254-RBFON,2026-08-31,TWR00023,40,4358.4,4.256,20,False
USG00000995,0396-YCHWO,2026-08-31,TWR00073,162,3396.72,3.317,6,False
USG00000996,0244-LGNFY,2026-08-31,TWR00090,43,2148.03,2.098,23,False
USG00000997,6685-GBWJZ,2026-08-31,TWR00043,107,1253.58,1.224,25,False
USG00000998,1133-KXCGE,2026-08-31,TWR00082,158,1979.89,1.933,9,True
USG00000999,3946-MHCZW,2026-08-31,TWR00056,50,3877.65,3.787,20,False
USG00001000,7610-TVOPG,2026-08-31,TWR00017,137,304.74,0.298,1,False
USG00001001,4827-LTQRJ,2026-08-31,TWR00070,153,1122.03,1.096,1,True
USG00001002,8465-SBRXP,2026-08-31,TWR00019,88,409.97,0.4,8,False
USG00001003,8816-VXNZD,2026-08-31,TWR00006,8,3703.74,3.617,16,False
USG00001004,9058-HRZSV,2026-08-31,TWR00034,62,548.43,0.536,9,False
USG00001005,5016-LIPDW,2026-08-31,TWR00064,71,3600.63,3.516,14,False
USG00001006,6458-CYIDZ,2026-08-31,TWR00055,145,3200.99,3.126,12,False
USG00001007,0436-TWFFZ,2026-08-31,TWR00025,7,974.65,0.952,20,False
USG00001008,4897-QSUYC,2026-08-31,TWR00076,46,1987.32,1.941,21,True
USG00001009,3011-WQKSZ,2026-08-31,TWR00080,19,4128.47,4.032,6,False
USG00001010,8840-DQLGN,2026-08-31,TWR00041,152,2939.24,2.87,20,True
USG00001011,2667-WYLWJ,2026-08-31,TWR00090,180,3058.17,2.986,13,False
USG00001012,0869-PAPRP,2026-08-31,TWR00047,79,2676.16,2.613,0,False
USG00001013,9046-DQMTP,2026-08-31,TWR00074,85,2485.18,2.427,6,True
USG00001014,1265-HVPZB,2026-08-31,TWR00082,122,924.58,0.903,16,True
USG00001015,2235-ZGKPT,2026-08-31,TWR00034,144,3765.47,3.677,15,False
USG00001016,4145-UQXUQ,2026-08-31,TWR00064,176,3103.54,3.031,22,False
USG00001017,0369-ZGOVK,2026-08-31,TWR00069,139,952.24,0.93,12,False
USG00001018,1298-PHBTI,2026-08-31,TWR00084,4,1709.55,1.669,4,False
USG00001019,4877-EVATK,2026-08-31,TWR00024,24,3353.73,3.275,18,False
USG00001020,7758-XKCBS,2026-08-31,TWR00077,122,2130.49,2.081,12,False
USG00001021,4250-ZBWLV,2026-08-31,TWR00082,126,229.08,0.224,17,False
USG00001022,6013-BHCAW,2026-08-31,TWR00082,148,2539.19,2.48,7,False
USG00001023,2931-SVLTV,2026-08-31,TWR00089,22,4363.47,4.261,6,True
USG00001024,3096-JRDSO,2026-08-31,TWR00068,67,3026.25,2.955,3,False
USG00001025,6563-VNPMN,2026-08-31,TWR00043,44,959.05,0.937,22,False
USG00001026,7293-LSCDV,2026-08-31,TWR00052,179,1464.09,1.43,10,True
USG00001027,2460-FPSYH,2026-08-31,TWR00028,139,4401.91,4.299,2,False
USG00001028,2716-GFZOR,2026-08-31,TWR00022,56,1719.13,1.679,14,False
USG00001029,2469-DTSGX,2026-08-31,TWR00098,95,4342.19,4.24,16,False
USG00001030,4890-VMUAV,2026-08-31,TWR00019,87,1865.68,1.822,2,False
USG00001031,3137-NYQQI,2026-08-31,TWR00043,12,138.53,0.135,7,True
USG00001032,8194-PEEBY,2026-08-31,TWR00074,95,3692.62,3.606,7,False
USG00001033,2055-BFOCC,2026-08-31,TWR00007,132,2276.65,2.223,1,False
USG00001034,1042-HFUCW,2026-08-31,TWR00067,33,2505.98,2.447,5,False
USG00001035,2675-DHUTR,2026-08-31,TWR00092,21,2459.63,2.402,25,False
USG00001036,2202-CUYXZ,2026-08-31,TWR00045,168,430.45,0.42,23,True
USG00001037,8849-GYOKR,2026-08-31,TWR00054,89,2158.09,2.108,20,True
USG00001038,5693-PIPCS,2026-08-31,TWR00016,106,2785.91,2.721,20,False
USG00001039,6519-ZHPXP,2026-08-31,TWR00059,26,1585.33,1.548,23,False
USG00001040,9334-GWGOW,2026-08-31,TWR00070,96,2443.96,2.387,13,False
USG00001041,1950-KSVVJ,2026-08-31,TWR00037,53,2427.61,2.371,15,True
USG00001042,2133-TSRRM,2026-08-31,TWR00016,171,488.55,0.477,11,False
USG00001043,9795-SHUHB,2026-08-31,TWR00007,51,1104.87,1.079,4,True
USG00001044,5747-PMBSQ,2026-08-31,TWR00079,72,3442.6,3.362,9,False
USG00001045,2024-BASKD,2026-08-31,TWR00057,153,956.69,0.934,12,False
USG00001046,1945-XISKS,2026-08-31,TWR00067,80,264.75,0.259,2,True
USG00001047,8387-MOJJT,2026-08-31,TWR00067,109,941.76,0.92,22,False
USG00001048,5248-KWLAR,2026-08-31,TWR00090,17,3022.99,2.952,9,False
USG00001049,7595-EUIVN,2026-08-31,TWR00003,31,1616.26,1.578,4,False
USG00001050,1386-ZIKUV,2026-08-31,TWR00078,26,2453.03,2.396,25,False
USG00001051,7892-POOKP,2026-08-31,TWR00025,77,3656.0,3.57,19,False
USG00001052,7516-GMHUV,2026-08-31,TWR00098,113,456.35,0.446,22,False
USG00001053,9625-QNLUX,2026-08-31,TWR00006,113,3790.42,3.702,10,False
USG00001054,7956-XQWGU,2026-08-31,TWR00003,147,2332.9,2.278,10,False
USG00001055,3022-BEXHZ,2026-08-31,TWR00058,51,2001.76,1.955,10,False
USG00001056,6097-EQISJ,2026-08-31,TWR00077,20,2711.52,2.648,14,False
USG00001057,7740-BTPUX,2026-08-31,TWR00052,171,2205.54,2.154,20,False
USG00001058,8443-WVPSS,2026-08-31,TWR00005,27,3460.83,3.38,25,False
USG00001059,9764-REAFF,2026-08-31,TWR00004,123,1434.73,1.401,21,False
USG00001060,7270-BDIOA,2026-08-31,TWR00078,53,1633.23,1.595,20,False
USG00001061,2740-JFBOK,2026-08-31,TWR00075,23,4041.1,3.946,18,True
USG00001062,4360-PNRQB,2026-08-31,TWR00033,69,671.52,0.656,17,False
USG00001063,3948-XHGNA,2026-08-31,TWR00059,1,1383.05,1.351,1,False
USG00001064,9065-ZCPQX,2026-08-31,TWR00016,30,466.93,0.456,18,False
USG00001065,5285-MVEHD,2026-08-31,TWR00040,63,684.72,0.669,14,True
USG00001066,6427-FEFIG,2026-08-31,TWR00092,98,2143.41,2.093,20,False
USG00001067,8205-OTCHB,2026-08-31,TWR00053,114,866.59,0.846,10,False
USG00001068,2587-EKXTS,2026-08-31,TWR00004,112,1006.19,0.983,1,False
USG00001069,4981-FLTMF,2026-08-31,TWR00093,1,2824.6,2.758,15,False
USG00001070,8809-XKHMD,2026-08-31,TWR00039,36,827.97,0.809,13,False
USG00001071,3544-FBCAS,2026-08-31,TWR00060,30,2725.42,2.662,11,False
USG00001072,4854-CIDCF,2026-08-31,TWR00004,101,1535.92,1.5,12,False
USG00001073,4548-SDBKE,2026-08-31,TWR00097,125,4044.15,3.949,9,False
USG00001074,0784-ZQJZX,2026-08-31,TWR00034,75,1179.74,1.152,18,False
USG00001075,3410-MHHUM,2026-08-31,TWR00095,96,526.13,0.514,14,False
USG00001076,1383-EZRWL,2026-08-31,TWR00091,87,820.84,0.802,10,False
USG00001077,2034-GDRCN,2026-08-31,TWR00021,161,1553.76,1.517,0,False
USG00001078,9229-RQABD,2026-08-31,TWR00074,179,844.68,0.825,15,False
USG00001079,9451-LPGOO,2026-08-31,TWR00027,178,3250.3,3.174,9,False
USG00001080,6134-KWTBV,2026-08-31,TWR00084,151,1503.64,1.468,15,False
USG00001081,2025-JKFWI,2026-08-31,TWR00014,10,4148.9,4.052,12,False
USG00001082,5671-RQRLP,2026-08-31,TWR00074,77,1236.68,1.208,16,False
USG00001083,7853-GVUDZ,2026-08-31,TWR00094,73,4177.29,4.079,23,False
USG00001084,3786-WOVKF,2026-08-31,TWR00039,67,3156.49,3.083,24,True
USG00001085,8818-XYFCQ,2026-08-31,TWR00083,64,3428.36,3.348,15,False
USG00001086,0383-CLDDA,2026-08-31,TWR00071,60,3043.3,2.972,8,False
USG00001087,6899-PPEEA,2026-08-31,TWR00058,98,1265.36,1.236,6,False
USG00001088,6749-UTDVX,2026-08-31,TWR00044,120,2707.01,2.644,3,True
USG00001089,1121-QSIVB,2026-08-31,TWR00006,4,763.81,0.746,14,False
USG00001090,6227-FBDXH,2026-08-31,TWR00033,19,1193.1,1.165,4,False
USG00001091,0114-RSRRW,2026-08-31,TWR00004,85,1422.31,1.389,9,False
USG00001092,0459-SPZHJ,2026-08-31,TWR00014,42,3198.59,3.124,13,False
USG00001093,6029-CSMJE,2026-08-31,TWR00091,130,3597.28,3.513,14,False
USG00001094,6040-CGACY,2026-08-31,TWR00056,45,450.74,0.44,14,False
USG00001095,1335-NTIUC,2026-08-31,TWR00032,171,2689.82,2.627,2,False
USG00001096,5793-YOLJN,2026-08-31,TWR00001,133,4229.65,4.131,15,False
USG00001097,4952-YSOGZ,2026-08-31,TWR00063,159,630.64,0.616,11,False
USG00001098,0455-ENTCR,2026-08-31,TWR00061,89,1798.09,1.756,5,False
USG00001099,1452-XRSJV,2026-08-31,TWR00060,24,2848.28,2.782,9,False
USG00001100,7140-ADSMJ,2026-08-31,TWR00098,156,633.37,0.619,15,True
USG00001101,8455-HIRAQ,2026-08-31,TWR00014,140,912.38,0.891,24,False
USG00001102,6465-GSRCL,2026-08-31,TWR00064,36,3321.81,3.244,23,False
USG00001103,3570-YUEKJ,2026-08-31,TWR00011,161,2378.39,2.323,15,True
USG00001104,5980-BDHPY,2026-08-31,TWR00034,12,3769.19,3.681,2,False
USG00001105,1073-XXCZD,2026-08-31,TWR00085,174,1656.1,1.617,21,False
USG00001106,1573-LGXBA,2026-08-31,TWR00014,142,1982.14,1.936,5,False
USG00001107,3941-XTSKM,2026-08-31,TWR00085,145,3568.32,3.485,21,False
USG00001108,0106-UGRDO,2026-08-31,TWR00059,145,3408.11,3.328,22,False
USG00001109,6168-WFVVF,2026-08-31,TWR00042,3,2674.35,2.612,25,False
USG00001110,7898-PDWQE,2026-08-31,TWR00035,116,3062.27,2.99,18,False
USG00001111,5129-HHMZC,2026-08-31,TWR00020,155,871.07,0.851,25,False
USG00001112,4334-HOWRP,2026-08-31,TWR00073,88,1701.91,1.662,23,False
USG00001113,1371-OJCEK,2026-08-31,TWR00029,24,4031.32,3.937,9,False
USG00001114,8414-MYSHR,2026-08-31,TWR00047,155,1914.29,1.869,1,True
USG00001115,5176-LMJXE,2026-08-31,TWR00057,179,454.91,0.444,5,False
USG00001116,9995-HOTOH,2026-08-31,TWR00060,30,2212.65,2.161,21,False
USG00001117,2703-AMTUL,2026-08-31,TWR00085,85,2202.24,2.151,3,False
USG00001118,5150-LJNSR,2026-08-31,TWR00066,19,1077.58,1.052,10,False
USG00001119,8679-JOEVF,2026-08-31,TWR00005,129,1726.84,1.686,25,False
USG00001120,6784-XYJAE,2026-08-31,TWR00090,64,2941.83,2.873,2,False
USG00001121,4102-HLENU,2026-08-31,TWR00099,87,2991.04,2.921,25,False
USG00001122,9200-NLNPD,2026-08-31,TWR00058,4,2681.22,2.618,25,False
USG00001123,7929-DMBCV,2026-08-31,TWR00061,113,2604.04,2.543,20,True
USG00001124,8327-WKMIE,2026-08-31,TWR00013,62,3744.43,3.657,20,False
USG00001125,4933-BSAIP,2026-08-31,TWR00094,45,4490.37,4.385,4,False
USG00001126,8805-JNRAZ,2026-08-31,TWR00086,111,2973.45,2.904,4,False
USG00001127,2072-ZVJJX,2026-08-31,TWR00050,12,4401.14,4.298,20,True
USG00001128,6253-WRFHY,2026-08-31,TWR00069,88,3275.04,3.198,13,False
USG00001129,7562-GSUHK,2026-08-31,TWR00095,5,3257.63,3.181,1,False
USG00001130,7758-UJWYS,2026-08-31,TWR00087,34,4361.49,4.259,20,False
USG00001131,0842-IWYCP,2026-08-31,TWR00073,121,3959.59,3.867,25,False
USG00001132,5013-SBUIH,2026-08-31,TWR00061,151,1667.1,1.628,23,False
USG00001133,8780-RSYYU,2026-08-31,TWR00057,178,184.87,0.181,15,False
USG00001134,3466-WAESX,2026-08-31,TWR00094,67,1015.4,0.992,25,False
USG00001135,5293-WXJAK,2026-08-31,TWR00072,115,446.9,0.436,1,True
USG00001136,0148-DCDOS,2026-08-31,TWR00046,146,4404.17,4.301,9,False
USG00001137,4378-BZYFP,2026-08-31,TWR00037,78,379.85,0.371,12,False
USG00001138,9658-WYUFB,2026-08-31,TWR00017,168,541.63,0.529,8,True
USG00001139,3590-TCXTB,2026-08-31,TWR00042,147,4132.93,4.036,2,False
USG00001140,9755-JHNMN,2026-08-31,TWR00051,69,1597.48,1.56,5,False
USG00001141,1084-MNSMJ,2026-08-31,TWR00070,61,3769.44,3.681,18,False
USG00001142,9136-ALYBR,2026-08-31,TWR00067,27,2669.91,2.607,24,False
USG00001143,7130-YXBRO,2026-08-31,TWR00074,165,2034.92,1.987,4,False
USG00001144,6036-TTFYU,2026-08-31,TWR00022,152,1326.94,1.296,9,False
USG00001145,2325-WINES,2026-08-31,TWR00018,57,1949.17,1.903,18,False
USG00001146,6078-VESFR,2026-08-31,TWR00073,165,2486.53,2.428,25,False
USG00001147,8847-GEOOQ,2026-08-31,TWR00058,14,4338.33,4.237,23,False
USG00001148,6372-RFVNS,2026-08-31,TWR00068,29,1630.27,1.592,16,False
USG00001149,6549-NNDYT,2026-08-31,TWR00009,87,3936.72,3.844,0,False
USG00001150,2259-OUUSZ,2026-08-31,TWR00049,69,417.7,0.408,1,False
USG00001151,8097-VBQTZ,2026-08-31,TWR00080,18,3507.19,3.425,1,False
USG00001152,9058-CBREO,2026-08-31,TWR00067,35,1751.25,1.71,17,False
USG00001153,4323-ELYYB,2026-08-31,TWR00023,5,253.72,0.248,7,False
USG00001154,2979-SXESE,2026-08-31,TWR00050,158,209.4,0.204,5,True
USG00001155,2138-VFAPZ,2026-08-31,TWR00087,120,861.26,0.841,20,False
USG00001156,4254-QPEDE,2026-08-31,TWR00033,24,1954.1,1.908,15,False
USG00001157,8741-LQOBK,2026-08-31,TWR00075,124,3111.57,3.039,21,True
USG00001158,5716-EZXZN,2026-08-31,TWR00065,31,1577.22,1.54,7,False
USG00001159,7786-WBJYI,2026-08-31,TWR00075,62,916.48,0.895,10,False
USG00001160,2691-NZETQ,2026-08-31,TWR00017,11,1555.35,1.519,13,False
USG00001161,7629-WIXZF,2026-08-31,TWR00038,154,2005.26,1.958,18,True
USG00001162,2845-KDHVX,2026-08-31,TWR00003,6,980.27,0.957,25,False
USG00001163,0623-GDISB,2026-08-31,TWR00029,83,875.27,0.855,21,False
USG00001164,6663-JOCQO,2026-08-31,TWR00091,106,4127.33,4.031,8,False
USG00001165,6599-RCLCJ,2026-08-31,TWR00082,57,1671.93,1.633,12,False
USG00001166,7251-LJBQN,2026-08-31,TWR00092,1,688.01,0.672,14,False
USG00001167,4759-TRPLW,2026-08-31,TWR00077,71,2148.77,2.098,25,False
USG00001168,1574-DYCWE,2026-08-31,TWR00032,52,2846.55,2.78,7,False
USG00001169,1334-FJSVR,2026-08-31,TWR00091,99,3121.42,3.048,11,False
USG00001170,0516-VRYBW,2026-08-31,TWR00079,99,1206.88,1.179,21,False
USG00001171,4817-KEQSP,2026-08-31,TWR00082,148,165.58,0.162,0,False
USG00001172,0640-YJTPY,2026-08-31,TWR00045,177,1572.97,1.536,11,True
USG00001173,2079-FBMZK,2026-08-31,TWR00042,41,980.91,0.958,23,False
USG00001174,5919-VCZYM,2026-08-31,TWR00017,174,802.1,0.783,21,False
USG00001175,8229-BUJHX,2026-08-31,TWR00028,39,2954.29,2.885,21,False
USG00001176,4178-EGMON,2026-08-31,TWR00062,170,4213.19,4.114,5,False
USG00001177,3440-JPSCL,2026-08-31,TWR00069,9,3032.12,2.961,21,True
USG00001178,3192-NQECA,2026-08-31,TWR00077,113,1459.35,1.425,17,False
USG00001179,1265-BCFEO,2026-08-31,TWR00098,88,1033.45,1.009,9,False
USG00001180,3751-KTZEL,2026-08-31,TWR00031,172,347.72,0.34,17,False
USG00001181,7919-ZODZZ,2026-08-31,TWR00047,75,1837.55,1.794,8,False
USG00001182,8063-RJYNF,2026-08-31,TWR00029,135,1281.54,1.252,8,False
USG00001183,2889-FPWRM,2026-08-31,TWR00001,61,1058.44,1.034,10,False
USG00001184,8910-LEDAG,2026-08-31,TWR00062,148,2339.62,2.285,9,False
USG00001185,8221-EQDGL,2026-08-31,TWR00068,113,311.93,0.305,1,True
USG00001186,5816-QVHRX,2026-08-31,TWR00053,55,2570.42,2.51,25,False
USG00001187,6015-VVHHE,2026-08-31,TWR00024,102,1640.83,1.602,21,False
USG00001188,8242-PDSGJ,2026-08-31,TWR00079,52,1418.0,1.385,3,False
USG00001189,8573-JGCZW,2026-08-31,TWR00052,113,3245.33,3.169,21,False
USG00001190,7175-NTIXE,2026-08-31,TWR00043,148,949.43,0.927,7,False
USG00001191,5868-YWPDW,2026-08-31,TWR00093,117,3940.18,3.848,23,False
USG00001192,2452-KDRRH,2026-08-31,TWR00048,8,4066.45,3.971,7,False
USG00001193,5816-SCGFC,2026-08-31,TWR00043,174,250.75,0.245,13,False
USG00001194,5976-JCJRH,2026-08-31,TWR00012,30,1986.8,1.94,23,False
USG00001195,2810-FTLEM,2026-08-31,TWR00061,176,511.15,0.499,3,False
USG00001196,7706-YLMQA,2026-08-31,TWR00032,98,2013.6,1.966,15,False
USG00001197,5884-FBCTL,2026-08-31,TWR00009,124,2622.34,2.561,10,False
USG00001198,8338-QIUNR,2026-08-31,TWR00030,25,998.71,0.975,20,False
USG00001199,3577-AMVUX,2026-08-31,TWR00071,78,577.77,0.564,22,False
USG00001200,4335-BSMJS,2026-08-31,TWR00055,1,3765.53,3.677,10,False
USG00001201,9750-BOOHV,2026-08-31,TWR00046,143,3207.68,3.132,2,False
USG00001202,6005-OBZPH,2026-08-31,TWR00019,14,3390.01,3.311,0,False
USG00001203,0898-XCGTF,2026-08-31,TWR00053,101,982.29,0.959,18,False
USG00001204,4950-BDEUX,2026-08-31,TWR00016,67,4055.47,3.96,21,False
USG00001205,8999-XXGNS,2026-08-31,TWR00029,142,2203.51,2.152,14,False
USG00001206,6341-JVQGF,2026-08-31,TWR00027,173,2778.67,2.714,3,False
USG00001207,6034-YMTOB,2026-08-31,TWR00053,104,211.61,0.207,7,False
USG00001208,4878-BUNFV,2026-08-31,TWR00006,91,3779.64,3.691,2,True
USG00001209,3298-QEICA,2026-08-31,TWR00086,169,2304.55,2.251,14,False
USG00001210,1104-TNLZA,2026-08-31,TWR00024,164,781.36,0.763,9,False
USG00001211,4236-UJPWO,2026-08-31,TWR00065,70,3787.21,3.698,23,False
USG00001212,3196-NVXLZ,2026-08-31,TWR00043,80,1228.93,1.2,20,False
USG00001213,6215-NQCPY,2026-08-31,TWR00067,113,2285.62,2.232,24,True
USG00001214,2085-JVGAD,2026-08-31,TWR00020,34,3659.19,3.573,16,False
USG00001215,2824-DXNKN,2026-08-31,TWR00050,9,2394.42,2.338,6,True
USG00001216,1156-ZFYDO,2026-08-31,TWR00004,77,1561.05,1.524,18,False
USG00001217,3642-BYHDO,2026-08-31,TWR00028,8,469.47,0.458,0,False
USG00001218,9309-BZGNT,2026-08-31,TWR00035,30,2109.41,2.06,12,False
USG00001219,3113-IWHLC,2026-08-31,TWR00069,48,925.1,0.903,12,False
USG00001220,2305-MRGLV,2026-08-31,TWR00089,153,1654.32,1.616,21,False
USG00001221,1635-FJFCC,2026-08-31,TWR00039,58,2907.42,2.839,21,False
USG00001222,8550-XSXUQ,2026-08-31,TWR00043,119,1359.97,1.328,8,False
USG00001223,1784-EZDKJ,2026-08-31,TWR00012,10,1070.48,1.045,9,False
USG00001224,9863-JZAIC,2026-08-31,TWR00032,153,2569.01,2.509,24,False
USG00001225,1866-NXPSP,2026-08-31,TWR00019,171,1149.73,1.123,20,True
USG00001226,0743-HRVFF,2026-08-31,TWR00069,27,4300.47,4.2,5,False
USG00001227,3428-XZMAZ,2026-08-31,TWR00082,108,3274.46,3.198,21,False
USG00001228,7011-CVEUC,2026-08-31,TWR00082,160,3976.88,3.884,16,False
USG00001229,5605-IYGFG,2026-08-31,TWR00071,60,771.96,0.754,8,False
USG00001230,2959-MJHIC,2026-08-31,TWR00074,15,3006.66,2.936,4,False
USG00001231,9862-KJTYK,2026-08-31,TWR00089,156,4189.9,4.092,11,False
USG00001232,4183-WCSEP,2026-08-31,TWR00088,169,3576.44,3.493,5,False
USG00001233,3987-KQDDU,2026-08-31,TWR00057,96,800.13,0.781,25,False
USG00001234,6199-IPCAO,2026-08-31,TWR00065,6,115.37,0.113,3,False
USG00001235,4012-YCFAI,2026-08-31,TWR00075,70,2156.37,2.106,19,True
USG00001236,8929-KSWIH,2026-08-31,TWR00029,109,4383.91,4.281,0,False
USG00001237,0953-LGOVU,2026-08-31,TWR00049,11,985.7,0.963,10,False
USG00001238,9530-EHPOH,2026-08-31,TWR00095,114,2843.35,2.777,22,False
USG00001239,7128-GGCNO,2026-08-31,TWR00068,114,3510.65,3.428,19,False
USG00001240,1769-GRUIK,2026-08-31,TWR00099,30,2697.96,2.635,20,False
USG00001241,8069-RHUXK,2026-08-31,TWR00007,17,2609.07,2.548,25,True
USG00001242,5295-PCJOO,2026-08-31,TWR00067,152,1602.31,1.565,17,False
USG00001243,1534-OULXE,2026-08-31,TWR00006,137,3302.47,3.225,21,False
USG00001244,7321-KKSDU,2026-08-31,TWR00068,43,1869.5,1.826,2,True
USG00001245,2274-XUATA,2026-08-31,TWR00062,134,2493.04,2.435,17,False
USG00001246,8348-HFYIV,2026-08-31,TWR00086,171,3082.04,3.01,14,False
USG00001247,1550-EENBN,2026-08-31,TWR00025,76,2738.14,2.674,18,True
USG00001248,9560-BBZXK,2026-08-31,TWR00075,8,1010.71,0.987,23,False
USG00001249,3902-MIVLE,2026-08-31,TWR00006,103,2417.46,2.361,1,False
USG00001250,8010-EZLOU,2026-08-31,TWR00060,168,4151.95,4.055,1,False
USG00001251,6950-TWMYB,2026-08-31,TWR00029,20,2509.06,2.45,14,False
USG00001252,8532-UEFWH,2026-08-31,TWR00002,18,1101.84,1.076,15,False
USG00001253,1335-MXCSE,2026-08-31,TWR00037,158,1466.52,1.432,17,False
USG00001254,0052-DCKON,2026-08-31,TWR00036,13,1601.86,1.564,23,False
USG00001255,7743-EXURX,2026-08-31,TWR00089,62,3249.64,3.173,21,False
USG00001256,2362-IBOOY,2026-08-31,TWR00003,36,2950.59,2.881,9,False
USG00001257,7855-DIWPO,2026-08-31,TWR00069,94,4133.48,4.037,3,False
USG00001258,1241-FPMOF,2026-08-31,TWR00003,83,2512.11,2.453,19,False
USG00001259,3043-TYBNO,2026-08-31,TWR00077,108,3536.34,3.453,21,False
USG00001260,5619-XZZKR,2026-08-31,TWR00039,17,2966.54,2.897,7,False
USG00001261,7018-WBJNK,2026-08-31,TWR00069,131,3672.19,3.586,19,False
USG00001262,5389-FFVKB,2026-08-31,TWR00057,143,3226.44,3.151,24,False
USG00001263,9405-GPBBG,2026-08-31,TWR00051,44,69.06,0.067,20,False
USG00001264,3058-WQDRE,2026-08-31,TWR00076,170,3219.92,3.144,14,False
USG00001265,4616-EWBNJ,2026-08-31,TWR00097,126,1188.54,1.161,10,False
USG00001266,0959-WHOKV,2026-08-31,TWR00037,2,1773.3,1.732,24,False
USG00001267,1338-CECEE,2026-08-31,TWR00075,55,4157.89,4.06,16,False
USG00001268,4026-SKKHW,2026-08-31,TWR00019,1,4086.0,3.99,14,False
USG00001269,1552-AAGRX,2026-08-31,TWR00002,37,2937.54,2.869,17,False
USG00001270,3191-CSNMG,2026-08-31,TWR00043,27,3189.28,3.115,13,False
USG00001271,2378-YIZKA,2026-08-31,TWR00069,177,2113.77,2.064,5,False
USG00001272,8620-RJPZN,2026-08-31,TWR00016,81,758.75,0.741,16,False
USG00001273,8544-JNBOX,2026-08-31,TWR00025,29,421.48,0.412,8,False
USG00001274,7020-OZKXZ,2026-08-31,TWR00100,8,268.88,0.263,19,False
USG00001275,4065-JJAVA,2026-08-31,TWR00019,17,703.34,0.687,2,False
USG00001276,8345-MVDYC,2026-08-31,TWR00073,85,3426.39,3.346,3,False
USG00001277,8690-ZVLCL,2026-08-31,TWR00061,153,2767.3,2.702,22,False
USG00001278,0871-URUWO,2026-08-31,TWR00100,124,2888.88,2.821,9,True
USG00001279,6198-PNNSZ,2026-08-31,TWR00017,127,3127.23,3.054,7,False
USG00001280,0650-BWOZN,2026-08-31,TWR00074,129,1429.66,1.396,2,False
USG00001281,5542-TBBWB,2026-08-31,TWR00002,117,2966.54,2.897,9,True
USG00001282,6794-HKIAJ,2026-08-31,TWR00094,60,3936.36,3.844,20,False
USG00001283,2530-ENDWQ,2026-08-31,TWR00034,37,1643.97,1.605,16,True
USG00001284,9447-YPTBX,2026-08-31,TWR00026,172,4231.17,4.132,8,False
USG00001285,8519-IMDHU,2026-08-31,TWR00048,87,716.38,0.7,8,False
USG00001286,5522-NYKPB,2026-08-31,TWR00027,58,3167.43,3.093,15,False
USG00001287,4607-CHPCA,2026-08-31,TWR00072,54,3351.17,3.273,21,False
USG00001288,2159-TURXX,2026-08-31,TWR00079,34,2389.56,2.334,16,False
USG00001289,0536-ESJEP,2026-08-31,TWR00098,77,1102.12,1.076,3,False
USG00001290,0423-UDIJQ,2026-08-31,TWR00077,164,3521.51,3.439,10,False
USG00001291,0057-QBUQH,2026-08-31,TWR00082,77,1607.52,1.57,8,False
USG00001292,6252-DFGTK,2026-08-31,TWR00098,10,4269.85,4.17,18,True
USG00001293,2791-SFVEW,2026-08-31,TWR00030,32,1952.2,1.906,21,False
USG00001294,5839-SUYVZ,2026-08-31,TWR00032,132,2272.76,2.219,17,False
USG00001295,3221-CJMSG,2026-08-31,TWR00005,8,2193.83,2.142,23,False
USG00001296,0913-XWSCN,2026-08-31,TWR00049,180,1082.62,1.057,20,True
USG00001297,2434-EEVDB,2026-08-31,TWR00091,134,3921.65,3.83,8,False
USG00001298,0178-SZBHO,2026-08-31,TWR00044,136,4101.11,4.005,11,False
USG00001299,4195-PNGZS,2026-08-31,TWR00032,138,3673.92,3.588,15,False
USG00001300,7465-ZZRVX,2026-08-31,TWR00021,73,4064.25,3.969,23,True
USG00001301,0559-CKHUS,2026-08-31,TWR00096,79,2152.42,2.102,15,False
USG00001302,2676-SSLTO,2026-08-31,TWR00046,70,2399.63,2.343,9,False
USG00001303,6818-WOBHJ,2026-08-31,TWR00008,25,2720.34,2.657,21,True
USG00001304,6087-YPWHO,2026-08-31,TWR00090,62,2050.43,2.002,17,False
USG00001305,1301-LOPVR,2026-08-31,TWR00072,79,2794.34,2.729,4,False
USG00001306,2923-ARZLG,2026-08-31,TWR00097,76,518.83,0.507,18,False
USG00001307,1051-EQPZR,2026-08-31,TWR00017,165,2363.31,2.308,14,False
USG00001308,7176-WRTNX,2026-08-31,TWR00065,114,1560.82,1.524,11,False
USG00001309,1363-TXLSL,2026-08-31,TWR00084,3,4095.77,4.0,15,False
USG00001310,1624-NALOJ,2026-08-31,TWR00037,171,2110.2,2.061,23,False
USG00001311,9367-OIUXP,2026-08-31,TWR00089,35,3946.15,3.854,23,False
USG00001312,9092-GDZKO,2026-08-31,TWR00090,113,3886.75,3.796,7,False
USG00001313,9114-VEPUF,2026-08-31,TWR00033,172,127.99,0.125,10,False
USG00001314,9708-HPXWZ,2026-08-31,TWR00007,12,765.53,0.748,10,False
USG00001315,2351-BKRZW,2026-08-31,TWR00047,168,3471.14,3.39,0,False
USG00001316,2384-OVPSA,2026-08-31,TWR00046,56,100.55,0.098,2,False
USG00001317,7486-KSRVI,2026-08-31,TWR00073,126,4345.69,4.244,11,True
USG00001318,6016-LVTJQ,2026-08-31,TWR00088,102,3589.58,3.505,11,False
USG00001319,9633-DENPU,2026-08-31,TWR00058,134,1285.82,1.256,8,False
USG00001320,9814-AOUDH,2026-08-31,TWR00004,23,1590.16,1.553,21,False
USG00001321,7633-MVPUY,2026-08-31,TWR00056,8,764.14,0.746,19,False
USG00001322,6870-ECSHE,2026-08-31,TWR00019,67,3488.08,3.406,8,False
USG00001323,3808-HFKDE,2026-08-31,TWR00070,172,434.65,0.424,6,False
USG00001324,2664-XJZNO,2026-08-31,TWR00004,169,1357.39,1.326,15,True
USG00001325,6242-SGYTS,2026-08-31,TWR00024,113,4164.1,4.067,24,False
USG00001326,3090-LETTY,2026-08-31,TWR00068,110,731.29,0.714,5,False
USG00001327,2453-SAFNS,2026-08-31,TWR00058,19,1876.21,1.832,10,False
USG00001328,8065-BVEPF,2026-08-31,TWR00023,85,337.98,0.33,16,False
USG00001329,0058-EVZWM,2026-08-31,TWR00054,92,1244.14,1.215,11,False
USG00001330,8035-BUYVG,2026-08-31,TWR00082,67,4180.92,4.083,25,False
USG00001331,8981-FJGLA,2026-08-31,TWR00071,28,389.3,0.38,17,False
USG00001332,2568-BRGYX,2026-08-31,TWR00006,116,1475.79,1.441,2,False
USG00001333,3930-ZGWVE,2026-08-31,TWR00050,95,2870.27,2.803,6,False
USG00001334,1179-INLAT,2026-08-31,TWR00046,124,2109.42,2.06,15,False
USG00001335,8773-HHUOZ,2026-08-31,TWR00005,58,3661.95,3.576,16,False
USG00001336,5968-HYJRZ,2026-08-31,TWR00040,177,1297.46,1.267,18,False
USG00001337,4751-ERMAN,2026-08-31,TWR00056,166,2213.6,2.162,22,False
USG00001338,6651-AZVTJ,2026-08-31,TWR00073,52,3003.66,2.933,20,True
USG00001339,9639-BUJXT,2026-08-31,TWR00024,136,1673.97,1.635,13,False
USG00001340,6416-JNVRK,2026-08-31,TWR00043,114,2886.94,2.819,10,False
USG00001341,1875-QIVME,2026-08-31,TWR00049,169,3838.43,3.748,20,False
USG00001342,0839-QNXME,2026-08-31,TWR00016,66,4298.67,4.198,12,True
USG00001343,2398-YPMUR,2026-08-31,TWR00004,89,4077.76,3.982,16,False
USG00001344,8259-NFJTV,2026-08-31,TWR00045,85,1025.28,1.001,14,False
USG00001345,2519-ERQOJ,2026-08-31,TWR00033,174,2726.93,2.663,20,True
USG00001346,6981-TDRFT,2026-08-31,TWR00044,111,4422.23,4.319,15,False
USG00001347,5968-VXZLG,2026-08-31,TWR00086,26,276.48,0.27,13,False
USG00001348,1929-ZCBHE,2026-08-31,TWR00017,171,1970.33,1.924,14,False
USG00001349,5995-WWKKG,2026-08-31,TWR00026,120,4335.6,4.234,16,False
USG00001350,7841-TZDMQ,2026-08-31,TWR00085,78,2106.32,2.057,22,False
USG00001351,1226-IENZN,2026-08-31,TWR00028,60,4158.63,4.061,0,False
USG00001352,1303-SRDOK,2026-08-31,TWR00037,162,1535.91,1.5,22,False
USG00001353,9055-MOJJJ,2026-08-31,TWR00072,145,462.43,0.452,0,False
USG00001354,5364-EVNIB,2026-08-31,TWR00064,159,804.4,0.786,21,True
USG00001355,1471-GIQKQ,2026-08-31,TWR00064,12,2198.97,2.147,17,False
USG00001356,1867-TJHTS,2026-08-31,TWR00044,21,4204.39,4.106,14,False
USG00001357,6402-ZFPPI,2026-08-31,TWR00008,145,2238.42,2.186,2,False
USG00001358,2040-LDIWQ,2026-08-31,TWR00001,27,4196.75,4.098,11,False
USG00001359,3323-CPBWR,2026-08-31,TWR00095,163,1113.03,1.087,1,False
USG00001360,9909-IDLEK,2026-08-31,TWR00016,72,3273.2,3.196,14,False
USG00001361,7734-DBOAI,2026-08-31,TWR00002,59,3324.31,3.246,3,True
USG00001362,6641-XRPSU,2026-08-31,TWR00083,54,1182.26,1.155,18,False
USG00001363,3285-UCQVC,2026-08-31,TWR00093,85,3217.99,3.143,25,False
USG00001364,2969-QWUBZ,2026-08-31,TWR00093,105,4095.79,4.0,7,False
USG00001365,5777-KJIRB,2026-08-31,TWR00069,81,3550.95,3.468,5,False
USG00001366,7245-JMTTQ,2026-08-31,TWR00091,119,702.77,0.686,20,False
USG00001367,3956-MGXOG,2026-08-31,TWR00008,69,411.42,0.402,18,False
USG00001368,7363-QTBIW,2026-08-31,TWR00076,23,3553.42,3.47,4,False
USG00001369,3682-YEUWS,2026-08-31,TWR00035,67,2630.46,2.569,8,False
USG00001370,5055-MGMGF,2026-08-31,TWR00021,106,2406.67,2.35,19,False
USG00001371,7432-FFVAR,2026-08-31,TWR00079,101,440.49,0.43,11,False
USG00001372,9972-VAFJJ,2026-08-31,TWR00084,106,4325.42,4.224,18,False
USG00001373,0616-ATFGB,2026-08-31,TWR00074,116,4359.24,4.257,22,False
USG00001374,6705-LXORM,2026-08-31,TWR00099,73,3482.07,3.4,24,True
USG00001375,2058-DCJBE,2026-08-31,TWR00023,123,3051.98,2.98,21,False
USG00001376,5320-BRKGK,2026-08-31,TWR00027,57,3422.12,3.342,6,False
USG00001377,5465-BUBFA,2026-08-31,TWR00082,97,3058.84,2.987,10,False
USG00001378,9282-IZGQK,2026-08-31,TWR00071,141,4247.1,4.148,8,False
USG00001379,8775-CEBBJ,2026-08-31,TWR00073,40,1855.64,1.812,10,False
USG00001380,0743-HNPFG,2026-08-31,TWR00043,179,1044.73,1.02,7,True
USG00001381,9152-AMKAK,2026-08-31,TWR00097,77,4255.09,4.155,0,False
USG00001382,3995-WFCSM,2026-08-31,TWR00085,46,2421.15,2.364,9,False
USG00001383,3795-GWTRD,2026-08-31,TWR00045,72,3738.34,3.651,9,False
USG00001384,0621-JFHOL,2026-08-31,TWR00044,20,141.72,0.138,0,False
USG00001385,0310-MVLET,2026-08-31,TWR00068,15,2763.78,2.699,21,False
USG00001386,8735-DCXNF,2026-08-31,TWR00085,155,1905.83,1.861,20,False
USG00001387,5296-BFCYD,2026-08-31,TWR00045,78,61.93,0.06,6,False
USG00001388,8450-UYIBU,2026-08-31,TWR00008,62,2027.39,1.98,25,False
USG00001389,8949-JTMAY,2026-08-31,TWR00077,157,1428.38,1.395,25,False
USG00001390,5498-IBWPI,2026-08-31,TWR00001,157,300.8,0.294,20,False
USG00001391,3550-SAHFP,2026-08-31,TWR00008,2,3686.56,3.6,3,False
USG00001392,1766-GKNMI,2026-08-31,TWR00004,55,4452.97,4.349,22,False
USG00001393,6137-MFAJN,2026-08-31,TWR00069,124,252.84,0.247,12,False
USG00001394,6906-MPARY,2026-08-31,TWR00049,169,1047.38,1.023,1,False
USG00001395,5897-ZYEKH,2026-08-31,TWR00092,115,3665.74,3.58,11,False
USG00001396,1212-GLHMD,2026-08-31,TWR00009,1,4085.21,3.989,23,True
USG00001397,4648-YPBTM,2026-08-31,TWR00073,83,1422.79,1.389,9,False
USG00001398,6900-PXRMS,2026-08-31,TWR00029,130,2643.83,2.582,15,False
USG00001399,9633-XQABV,2026-08-31,TWR00043,106,183.58,0.179,5,False
USG00001400,7858-GTZSP,2026-08-31,TWR00089,133,2137.52,2.087,14,False
USG00001401,3572-UUHRS,2026-08-31,TWR00016,66,4255.03,4.155,8,False
USG00001402,0939-YAPAF,2026-08-31,TWR00031,109,1581.82,1.545,10,False
USG00001403,6974-DAFLI,2026-08-31,TWR00090,40,4253.69,4.154,23,False
USG00001404,6169-PPETC,2026-08-31,TWR00093,121,1847.68,1.804,10,False
USG00001405,0825-CPPQH,2026-08-31,TWR00093,119,4069.51,3.974,6,True
USG00001406,9708-KFDBY,2026-08-31,TWR00044,165,719.17,0.702,15,True
USG00001407,2710-WYVXG,2026-08-31,TWR00099,153,4045.05,3.95,2,False
USG00001408,7560-QJAVJ,2026-08-31,TWR00097,170,3017.44,2.947,5,False
USG00001409,7234-FECYN,2026-08-31,TWR00055,25,3659.05,3.573,4,False
USG00001410,4702-IOQDC,2026-08-31,TWR00093,17,3603.61,3.519,15,False
USG00001411,8651-ENBZX,2026-08-31,TWR00067,148,943.01,0.921,25,False
USG00001412,7196-LIWRH,2026-08-31,TWR00053,26,3520.66,3.438,5,False
USG00001413,9364-YKUVW,2026-08-31,TWR00025,135,3935.59,3.843,18,False
USG00001414,3144-KMTWZ,2026-08-31,TWR00044,102,1094.03,1.068,9,False
USG00001415,7055-HNEOJ,2026-08-31,TWR00085,38,125.04,0.122,16,False
USG00001416,3778-FOAQW,2026-08-31,TWR00023,62,3143.63,3.07,20,True
USG00001417,3070-DVEYC,2026-08-31,TWR00060,28,817.42,0.798,5,False
USG00001418,7008-LZVOZ,2026-08-31,TWR00008,83,3320.25,3.242,22,False
USG00001419,4422-QVIJA,2026-08-31,TWR00013,16,65.73,0.064,16,False
USG00001420,6827-IEAUQ,2026-08-31,TWR00099,152,1855.87,1.812,23,False
USG00001421,7587-RZNME,2026-08-31,TWR00086,66,2935.84,2.867,12,False
USG00001422,0130-SXOUN,2026-08-31,TWR00007,119,3605.22,3.521,10,False
USG00001423,2498-XLDZR,2026-08-31,TWR00001,68,2048.04,2.0,5,False
USG00001424,1555-DJEQW,2026-08-31,TWR00097,172,2480.31,2.422,19,False
USG00001425,4360-QRAVE,2026-08-31,TWR00098,172,3796.37,3.707,0,False
USG00001426,3518-FSTWG,2026-08-31,TWR00085,130,1563.0,1.526,13,True
USG00001427,3748-FVMZZ,2026-08-31,TWR00056,125,2847.4,2.781,17,False
USG00001428,6365-HITVU,2026-08-31,TWR00070,88,3465.98,3.385,11,False
USG00001429,1790-NESIO,2026-08-31,TWR00001,81,1204.21,1.176,6,False
USG00001430,6648-INWPS,2026-08-31,TWR00051,137,840.84,0.821,4,False
USG00001431,8007-YYPWD,2026-08-31,TWR00030,92,2116.06,2.066,8,True
USG00001432,1952-DVVSW,2026-08-31,TWR00097,114,3639.56,3.554,13,False
USG00001433,6615-NGGZJ,2026-08-31,TWR00025,124,135.33,0.132,15,False
USG00001434,9251-AWQGT,2026-08-31,TWR00023,123,4009.36,3.915,10,False
USG00001435,7596-LDUXP,2026-08-31,TWR00002,35,3459.63,3.379,3,False
USG00001436,8999-BOHSE,2026-08-31,TWR00012,119,3154.82,3.081,21,False
USG00001437,7139-JZFVG,2026-08-31,TWR00084,49,2964.97,2.895,21,False
USG00001438,7571-YXDAD,2026-08-31,TWR00066,148,1648.45,1.61,14,False
USG00001439,4097-YODCF,2026-08-31,TWR00021,166,1992.43,1.946,20,False
USG00001440,8070-AAWZP,2026-08-31,TWR00005,104,533.15,0.521,3,False
USG00001441,0824-VWDPO,2026-08-31,TWR00055,169,938.22,0.916,9,False
USG00001442,1724-BQUHA,2026-08-31,TWR00067,104,2747.48,2.683,10,False
USG00001443,1094-BKOSX,2026-08-31,TWR00052,39,3892.91,3.802,8,False
USG00001444,3976-HXHCE,2026-08-31,TWR00021,19,4070.59,3.975,7,False
USG00001445,8245-UMPYT,2026-08-31,TWR00045,73,2714.44,2.651,18,False
USG00001446,2581-VKIRT,2026-08-31,TWR00085,79,1498.76,1.464,6,False
USG00001447,8205-VSLRB,2026-08-31,TWR00045,113,2002.93,1.956,19,False
USG00001448,6516-NKQBO,2026-08-31,TWR00090,135,912.85,0.891,19,False
USG00001449,0696-UKTOX,2026-08-31,TWR00009,44,3296.62,3.219,19,True
USG00001450,8224-KDLKN,2026-08-31,TWR00031,9,753.61,0.736,23,True
USG00001451,1696-HXOWK,2026-08-31,TWR00081,92,3452.13,3.371,24,False
USG00001452,4881-JVQOD,2026-08-31,TWR00099,158,683.55,0.668,0,False
USG00001453,2479-BRAMR,2026-08-31,TWR00036,77,3432.09,3.352,24,False
USG00001454,2263-SFSQZ,2026-08-31,TWR00099,120,255.16,0.249,23,False
USG00001455,7607-QKKTJ,2026-08-31,TWR00060,147,2750.51,2.686,6,False
USG00001456,6907-CQGPN,2026-08-31,TWR00064,120,1115.13,1.089,7,False
USG00001457,8200-LGKSR,2026-08-31,TWR00029,144,375.03,0.366,1,False
USG00001458,8250-ZNGGW,2026-08-31,TWR00086,67,1574.56,1.538,14,True
USG00001459,7351-MHQVU,2026-08-31,TWR00051,53,2205.33,2.154,13,False
USG00001460,4937-QPZPO,2026-08-31,TWR00029,140,997.51,0.974,8,False
USG00001461,8950-MTZNV,2026-08-31,TWR00064,67,3260.29,3.184,20,False
USG00001462,9743-DQKQW,2026-08-31,TWR00012,6,2902.89,2.835,15,False
USG00001463,2642-MAWLJ,2026-08-31,TWR00034,26,1522.79,1.487,12,False
USG00001464,9386-LDCZR,2026-08-31,TWR00077,147,3551.18,3.468,13,False
USG00001465,5542-DHSXL,2026-08-31,TWR00083,121,883.7,0.863,1,False
USG00001466,8917-SZTTJ,2026-08-31,TWR00068,69,2902.28,2.834,9,False
USG00001467,5402-HTOTQ,2026-08-31,TWR00068,99,1481.86,1.447,16,False
USG00001468,5712-PTIWW,2026-08-31,TWR00022,151,4155.92,4.059,16,False
USG00001469,7234-KMNRQ,2026-08-31,TWR00067,172,2071.18,2.023,17,False
USG00001470,6907-NZZIJ,2026-08-31,TWR00096,159,220.84,0.216,6,False
USG00001471,1452-KIOVK,2026-08-31,TWR00006,170,496.39,0.485,11,False
USG00001472,2371-JQHZZ,2026-08-31,TWR00070,64,1633.38,1.595,2,False
USG00001473,6116-RFVHN,2026-08-31,TWR00036,15,4372.06,4.27,0,False
USG00001474,0327-WFZSY,2026-08-31,TWR00096,13,2343.02,2.288,18,False
USG00001475,8044-BGWPI,2026-08-31,TWR00077,140,3160.96,3.087,18,True
USG00001476,8118-LSUEL,2026-08-31,TWR00082,30,2378.17,2.322,16,True
USG00001477,6348-SNFUS,2026-08-31,TWR00065,110,2480.09,2.422,0,False
USG00001478,8189-HBVRW,2026-08-31,TWR00002,154,2368.26,2.313,8,False
USG00001479,1202-KKGFU,2026-08-31,TWR00062,139,3331.53,3.253,4,True
USG00001480,9805-FILKB,2026-08-31,TWR00004,46,2031.77,1.984,6,False
USG00001481,9432-VOFYX,2026-08-31,TWR00017,154,1311.69,1.281,21,False
USG00001482,0096-BXERS,2026-08-31,TWR00094,106,892.7,0.872,17,False
USG00001483,1304-NECVQ,2026-08-31,TWR00021,13,1126.01,1.1,11,False
USG00001484,3801-HMYNL,2026-08-31,TWR00063,28,1874.54,1.831,4,False
USG00001485,1336-EZFZY,2026-08-31,TWR00098,18,710.52,0.694,0,False
USG00001486,6145-NNPNO,2026-08-31,TWR00030,26,3929.1,3.837,21,False
USG00001487,5196-WPYOW,2026-08-31,TWR00073,88,1922.46,1.877,21,False
USG00001488,6035-RIIOM,2026-08-31,TWR00023,152,1076.92,1.052,12,False
USG00001489,1097-FSPVW,2026-08-31,TWR00086,80,750.54,0.733,23,False
USG00001490,4626-OZDTJ,2026-08-31,TWR00011,150,2733.92,2.67,24,False
USG00001491,1635-HDGFT,2026-08-31,TWR00096,150,4179.36,4.081,3,True
USG00001492,4423-JWZJN,2026-08-31,TWR00093,140,3532.71,3.45,20,True
USG00001493,8197-BFWVU,2026-08-31,TWR00052,21,585.51,0.572,14,False
USG00001494,8049-WJCLQ,2026-08-31,TWR00023,87,4084.34,3.989,21,False
USG00001495,2592-SEIFQ,2026-08-31,TWR00014,141,2330.29,2.276,15,False
USG00001496,8869-TORSS,2026-08-31,TWR00017,108,951.52,0.929,3,False
USG00001497,0516-QREYC,2026-08-31,TWR00022,73,573.99,0.561,5,True
USG00001498,7124-UGSUR,2026-08-31,TWR00031,77,392.1,0.383,5,False
USG00001499,0023-UYUPN,2026-08-31,TWR00084,4,4160.36,4.063,7,False
USG00001500,8945-GRKHX,2026-08-31,TWR00010,71,181.08,0.177,17,False
USG00001501,2077-MPJQO,2026-08-31,TWR00020,64,3549.87,3.467,2,False
USG00001502,9681-KYGYB,2026-08-31,TWR00064,5,1403.81,1.371,6,False
USG00001503,3506-LCJDC,2026-08-31,TWR00045,63,3204.37,3.129,1,False
USG00001504,2683-JXWQQ,2026-08-31,TWR00022,167,1690.75,1.651,24,False
USG00001505,2659-VXMWZ,2026-08-31,TWR00052,114,1389.66,1.357,8,False
USG00001506,6888-SBYAI,2026-08-31,TWR00100,60,2418.36,2.362,7,False
USG00001507,1626-ERCMM,2026-08-31,TWR00044,76,2443.94,2.387,1,False
USG00001508,3472-OAOOR,2026-08-31,TWR00091,55,1123.0,1.097,4,False
USG00001509,3551-GAEGL,2026-08-31,TWR00063,89,2599.13,2.538,1,False
USG00001510,8390-FESFV,2026-08-31,TWR00097,104,1718.63,1.678,5,False
USG00001511,4355-CVPVS,2026-08-31,TWR00047,51,3997.31,3.904,11,False
USG00001512,4903-UYAVB,2026-08-31,TWR00013,54,3643.8,3.558,13,False
USG00001513,6087-MVHJH,2026-08-31,TWR00029,86,3313.65,3.236,16,False
USG00001514,2812-SFXMJ,2026-08-31,TWR00005,174,1456.45,1.422,2,False
USG00001515,8654-DHAOW,2026-08-31,TWR00040,50,1559.48,1.523,4,False
USG00001516,6727-IOTLZ,2026-08-31,TWR00037,1,2340.52,2.286,1,False
USG00001517,8821-KVZKQ,2026-08-31,TWR00069,41,829.13,0.81,14,False
USG00001518,7137-NAXML,2026-08-31,TWR00098,176,489.69,0.478,11,False
USG00001519,8905-IAZPF,2026-08-31,TWR00069,18,854.0,0.834,21,False
USG00001520,2403-BCASL,2026-08-31,TWR00095,83,1807.72,1.765,15,False
USG00001521,6599-GZWCM,2026-08-31,TWR00037,112,3844.89,3.755,16,True
USG00001522,5419-JKZNQ,2026-08-31,TWR00080,83,3066.18,2.994,9,False
USG00001523,6000-UKLWI,2026-08-31,TWR00037,42,2320.74,2.266,10,False
USG00001524,6022-KOUQO,2026-08-31,TWR00077,176,796.38,0.778,15,False
USG00001525,2832-SCUCO,2026-08-31,TWR00094,81,1246.8,1.218,3,False
USG00001526,8485-GJCDN,2026-08-31,TWR00085,109,132.3,0.129,2,True
USG00001527,3719-TDVQB,2026-08-31,TWR00095,48,1578.68,1.542,21,False
USG00001528,5020-ZSTTY,2026-08-31,TWR00035,128,2703.9,2.641,23,False
USG00001529,3229-USWAR,2026-08-31,TWR00096,6,3987.67,3.894,10,False
USG00001530,2673-ZALNP,2026-08-31,TWR00006,83,451.49,0.441,14,False
USG00001531,9844-FELAJ,2026-08-31,TWR00021,144,1659.07,1.62,13,False
USG00001532,2480-EJWYP,2026-08-31,TWR00032,73,4211.94,4.113,24,False
USG00001533,5329-KRDTM,2026-08-31,TWR00005,54,1453.75,1.42,1,False
USG00001534,6323-AYBRX,2026-08-31,TWR00061,28,1921.28,1.876,0,False
USG00001535,3162-KKZXO,2026-08-31,TWR00075,121,4263.46,4.164,21,False
USG00001536,3704-IEAXF,2026-08-31,TWR00007,41,263.91,0.258,1,False
USG00001537,8837-VVWLQ,2026-08-31,TWR00089,137,576.05,0.563,22,False
USG00001538,1208-DNHLN,2026-08-31,TWR00052,93,3005.38,2.935,18,True
USG00001539,9919-YLNNG,2026-08-31,TWR00100,11,175.88,0.172,4,False
USG00001540,7295-JOMMD,2026-08-31,TWR00098,108,3460.11,3.379,25,False
USG00001541,9066-QRSDU,2026-08-31,TWR00007,61,3217.24,3.142,14,False
USG00001542,9985-MWVIX,2026-08-31,TWR00010,118,1343.9,1.312,4,False
USG00001543,7422-WNBTY,2026-08-31,TWR00095,146,3294.77,3.218,13,False
USG00001544,3420-YJLQT,2026-08-31,TWR00035,98,2227.37,2.175,17,False
USG00001545,9281-PKKZE,2026-08-31,TWR00092,102,364.14,0.356,9,True
USG00001546,8992-OBVDG,2026-08-31,TWR00015,166,482.92,0.472,25,False
USG00001547,0129-KPTWJ,2026-08-31,TWR00001,92,448.64,0.438,10,False
USG00001548,2729-VNVAP,2026-08-31,TWR00070,102,2806.98,2.741,17,False
USG00001549,8347-GDTMP,2026-08-31,TWR00045,5,3181.94,3.107,7,False
USG00001550,5924-IFQTT,2026-08-31,TWR00093,160,4311.07,4.21,25,False
USG00001551,2252-NKNSI,2026-08-31,TWR00080,117,3334.75,3.257,2,True
USG00001552,6497-TILVL,2026-08-31,TWR00084,20,4485.59,4.38,24,False
USG00001553,3932-CMDTD,2026-08-31,TWR00076,64,1050.4,1.026,10,False
USG00001554,6599-SFQVE,2026-08-31,TWR00087,175,319.19,0.312,7,False
USG00001555,8884-ADFVN,2026-08-31,TWR00044,163,3309.87,3.232,4,False
USG00001556,6743-HHQPF,2026-08-31,TWR00041,126,4436.41,4.332,22,False
USG00001557,3594-IVHJZ,2026-08-31,TWR00046,48,2306.86,2.253,7,False
USG00001558,7590-VHVEG,2026-08-31,TWR00045,171,2871.92,2.805,9,False
USG00001559,5676-CFLYY,2026-08-31,TWR00002,114,83.13,0.081,2,False
USG00001560,2683-BPJSO,2026-08-31,TWR00075,87,2504.18,2.445,12,False
USG00001561,7365-BVCJH,2026-08-31,TWR00032,85,2650.11,2.588,23,False
USG00001562,3457-PQBYH,2026-08-31,TWR00098,93,3244.34,3.168,21,True
USG00001563,0923-PNFUB,2026-08-31,TWR00034,48,2008.85,1.962,3,False
USG00001564,9614-RMGHA,2026-08-31,TWR00042,53,2193.48,2.142,21,False
USG00001565,8229-MYEJZ,2026-08-31,TWR00025,64,1323.56,1.293,1,False
USG00001566,7632-YUTXB,2026-08-31,TWR00015,99,3218.66,3.143,16,False
USG00001567,0730-BGQGF,2026-08-31,TWR00090,111,3518.75,3.436,5,False
USG00001568,9779-DPNEJ,2026-08-31,TWR00033,54,2020.88,1.974,3,True
USG00001569,1027-LKKQQ,2026-08-31,TWR00035,66,207.41,0.203,16,True
USG00001570,6891-JPYFF,2026-08-31,TWR00022,80,2807.16,2.741,24,True
USG00001571,6135-OZQVA,2026-08-31,TWR00079,48,1487.74,1.453,6,False
USG00001572,9780-FKVVF,2026-08-31,TWR00077,158,2090.15,2.041,24,False
USG00001573,5485-WUYWF,2026-08-31,TWR00066,148,4182.88,4.085,1,False
USG00001574,2955-BJZHG,2026-08-31,TWR00041,81,2644.84,2.583,6,False
USG00001575,5913-INRQV,2026-08-31,TWR00068,130,1498.18,1.463,25,True
USG00001576,3755-JBMNH,2026-08-31,TWR00032,113,553.55,0.541,7,False
USG00001577,6204-IEUXJ,2026-08-31,TWR00064,22,3931.24,3.839,23,False
USG00001578,5445-UTODQ,2026-08-31,TWR00090,106,4066.98,3.972,4,False
USG00001579,1956-YIFGE,2026-08-31,TWR00043,77,697.79,0.681,14,False
USG00001580,0362-RAOQO,2026-08-31,TWR00063,46,3895.89,3.805,21,True
USG00001581,9648-BCHKM,2026-08-31,TWR00078,16,4166.7,4.069,5,False
USG00001582,3865-ZFZIB,2026-08-31,TWR00079,153,266.46,0.26,12,False
USG00001583,4566-NECEV,2026-08-31,TWR00051,46,3850.07,3.76,10,False
USG00001584,2798-NYLMZ,2026-08-31,TWR00046,105,2642.01,2.58,5,False
USG00001585,6479-OAUSD,2026-08-31,TWR00077,41,3663.24,3.577,10,False
USG00001586,2103-ZRXFN,2026-08-31,TWR00014,157,92.25,0.09,9,True
USG00001587,1866-RZZQS,2026-08-31,TWR00021,67,299.81,0.293,6,False
USG00001588,8204-TIFGJ,2026-08-31,TWR00020,13,534.52,0.522,24,False
USG00001589,9415-TPKRV,2026-08-31,TWR00053,40,2952.78,2.884,19,False
USG00001590,3085-QUOZK,2026-08-31,TWR00026,101,2458.33,2.401,5,False
USG00001591,2911-UREFD,2026-08-31,TWR00025,171,4036.35,3.942,20,False
USG00001592,3129-AAQOU,2026-08-31,TWR00058,164,4425.08,4.321,10,False
USG00001593,4759-PXTAN,2026-08-31,TWR00015,134,4459.92,4.355,4,True
USG00001594,5656-JAMLX,2026-08-31,TWR00072,142,63.24,0.062,9,False
USG00001595,4530-NDRKU,2026-08-31,TWR00058,41,1026.83,1.003,18,True
USG00001596,0396-HUJBP,2026-08-31,TWR00025,169,550.28,0.537,8,False
USG00001597,3384-CTMSF,2026-08-31,TWR00067,21,4332.8,4.231,2,False
USG00001598,0248-IPDFW,2026-08-31,TWR00018,121,2331.65,2.277,2,True
USG00001599,5495-GPSRW,2026-08-31,TWR00011,26,4459.92,4.355,0,False
USG00001600,2740-TVLFN,2026-08-31,TWR00037,179,4447.23,4.343,6,True
USG00001601,2292-XQWSV,2026-08-31,TWR00097,120,131.56,0.128,1,False
USG00001602,4806-HIPDW,2026-08-31,TWR00078,118,3952.41,3.86,19,False
USG00001603,0484-FFVBJ,2026-08-31,TWR00006,49,1705.15,1.665,12,False
USG00001604,0727-BMPLR,2026-08-31,TWR00011,71,2159.71,2.109,24,False
USG00001605,6457-GIRWB,2026-08-31,TWR00078,137,1597.08,1.56,12,False
USG00001606,4701-MLJPN,2026-08-31,TWR00060,131,2577.59,2.517,5,False
USG00001607,1518-VOWAV,2026-08-31,TWR00079,132,1970.93,1.925,6,True
USG00001608,9667-EQRXU,2026-08-31,TWR00027,1,3682.8,3.596,14,False
USG00001609,7398-LXGYX,2026-08-31,TWR00056,22,3344.82,3.266,21,False
USG00001610,0897-FEGMU,2026-08-31,TWR00010,38,2515.75,2.457,25,False
USG00001611,9030-QGZNL,2026-08-31,TWR00039,56,634.63,0.62,6,False
USG00001612,8208-EUMTE,2026-08-31,TWR00052,138,4196.6,4.098,17,False
USG00001613,8849-PRIQJ,2026-08-31,TWR00052,156,914.57,0.893,19,False
USG00001614,1591-MQJTP,2026-08-31,TWR00049,23,1642.52,1.604,23,False
USG00001615,4625-XMOYM,2026-08-31,TWR00077,162,1649.26,1.611,22,False
USG00001616,4636-TVXVG,2026-08-31,TWR00025,35,2279.61,2.226,1,True
USG00001617,2595-KIWPV,2026-08-31,TWR00070,103,3918.69,3.827,3,False
USG00001618,1728-BQDMA,2026-08-31,TWR00036,45,3534.99,3.452,3,False
USG00001619,5575-GNVDE,2026-08-31,TWR00003,54,1529.15,1.493,3,False
USG00001620,2167-FQSTQ,2026-08-31,TWR00055,178,2374.68,2.319,5,False
USG00001621,0519-XUZJU,2026-08-31,TWR00058,31,4258.39,4.159,12,True
USG00001622,2621-UDNLU,2026-08-31,TWR00089,131,2219.89,2.168,8,False
USG00001623,4658-HCOHW,2026-08-31,TWR00090,136,526.99,0.515,6,True
USG00001624,6211-WWLTF,2026-08-31,TWR00017,99,634.52,0.62,9,False
USG00001625,5569-KGJHX,2026-08-31,TWR00053,139,479.92,0.469,1,False
USG00001626,5687-DKDTV,2026-08-31,TWR00096,34,1846.24,1.803,21,False
USG00001627,9820-RMCQV,2026-08-31,TWR00067,13,1278.66,1.249,13,False
USG00001628,9356-AXGMP,2026-08-31,TWR00066,66,741.04,0.724,9,True
USG00001629,5788-YPOEG,2026-08-31,TWR00059,9,2902.33,2.834,24,False
USG00001630,2650-GYRYL,2026-08-31,TWR00001,144,2554.78,2.495,7,False
USG00001631,5473-KHBPS,2026-08-31,TWR00028,159,3413.04,3.333,24,True
USG00001632,3996-ZNWYK,2026-08-31,TWR00036,66,1571.29,1.534,0,False
USG00001633,8395-ETZKQ,2026-08-31,TWR00003,41,787.76,0.769,9,False
USG00001634,5043-TRZWM,2026-08-31,TWR00044,149,611.97,0.598,10,False
USG00001635,1104-FEJAM,2026-08-31,TWR00092,148,2607.1,2.546,5,False
USG00001636,5240-IJOQT,2026-08-31,TWR00007,139,3575.8,3.492,1,False
USG00001637,1025-FALIX,2026-08-31,TWR00010,41,3749.1,3.661,12,False
USG00001638,8564-LDKFL,2026-08-31,TWR00016,45,3610.52,3.526,9,False
USG00001639,0386-CWRGM,2026-08-31,TWR00085,137,3233.99,3.158,0,False
USG00001640,5366-IJEQJ,2026-08-31,TWR00023,148,827.25,0.808,0,False
USG00001641,0799-DDIHE,2026-08-31,TWR00050,153,2802.1,2.736,11,False
USG00001642,2931-VUVJN,2026-08-31,TWR00096,174,586.5,0.573,15,False
USG00001643,8331-ZXFOE,2026-08-31,TWR00075,129,377.56,0.369,17,False
USG00001644,9286-DOJGF,2026-08-31,TWR00036,11,2121.7,2.072,18,False
USG00001645,9257-AZMTZ,2026-08-31,TWR00072,18,2058.17,2.01,16,False
USG00001646,8591-NXRCV,2026-08-31,TWR00035,41,3374.47,3.295,3,False
USG00001647,4304-TSPVK,2026-08-31,TWR00054,132,881.66,0.861,14,False
USG00001648,3086-RUCRN,2026-08-31,TWR00097,73,2390.75,2.335,20,False
USG00001649,2320-JRSDE,2026-08-31,TWR00013,56,2483.02,2.425,13,False
USG00001650,8999-EXMNO,2026-08-31,TWR00081,23,3676.68,3.591,21,False
USG00001651,7503-EPSZW,2026-08-31,TWR00057,161,236.86,0.231,15,False
USG00001652,2266-FUBDZ,2026-08-31,TWR00061,64,2893.24,2.825,1,False
USG00001653,1989-PRJHP,2026-08-31,TWR00039,75,3505.82,3.424,11,False
USG00001654,3521-SYVOR,2026-08-31,TWR00051,71,2915.25,2.847,9,False
USG00001655,3170-GWYKC,2026-08-31,TWR00051,116,1589.84,1.553,4,True
USG00001656,7173-TETGO,2026-08-31,TWR00035,77,3301.22,3.224,7,False
USG00001657,0318-QUUOB,2026-08-31,TWR00095,123,1180.18,1.153,21,False
USG00001658,2123-AGEEN,2026-08-31,TWR00079,32,193.04,0.189,19,False
USG00001659,7459-RRWQZ,2026-08-31,TWR00006,12,3271.44,3.195,23,False
USG00001660,6655-LHBYW,2026-08-31,TWR00070,32,4159.38,4.062,23,False
USG00001661,8023-QHAIO,2026-08-31,TWR00060,33,1072.68,1.048,1,True
USG00001662,4855-SNKMY,2026-08-31,TWR00076,171,117.35,0.115,21,False
USG00001663,1644-IRKSF,2026-08-31,TWR00086,28,4328.0,4.227,9,False
USG00001664,1587-FKLZB,2026-08-31,TWR00090,96,999.85,0.976,8,False
USG00001665,2672-TGEFF,2026-08-31,TWR00075,127,4082.8,3.987,24,False
USG00001666,0181-RITDD,2026-08-31,TWR00071,150,2377.97,2.322,13,False
USG00001667,1016-DJTSV,2026-08-31,TWR00005,125,196.03,0.191,3,False
USG00001668,7665-NKLAV,2026-08-31,TWR00011,53,1717.62,1.677,11,False
USG00001669,4547-FZJWE,2026-08-31,TWR00040,2,64.5,0.063,3,False
USG00001670,7162-WPHPM,2026-08-31,TWR00088,124,2357.31,2.302,5,False
USG00001671,3312-ZWLGF,2026-08-31,TWR00044,173,1580.22,1.543,21,False
USG00001672,8563-OYMQY,2026-08-31,TWR00097,139,3744.53,3.657,12,True
USG00001673,0739-UUAJR,2026-08-31,TWR00035,97,2304.12,2.25,19,False
USG00001674,6689-VRRTK,2026-08-31,TWR00033,136,2092.73,2.044,22,True
USG00001675,7661-CPURM,2026-08-31,TWR00003,171,3021.88,2.951,17,False
USG00001676,9225-BZLNZ,2026-08-31,TWR00033,163,2429.41,2.372,7,False
USG00001677,3219-JQRSL,2026-08-31,TWR00067,141,3140.48,3.067,15,False
USG00001678,0581-BXBUB,2026-08-31,TWR00009,150,4246.64,4.147,21,False
USG00001679,2360-RDGRO,2026-08-31,TWR00041,55,3264.96,3.188,11,False
USG00001680,0835-JKADZ,2026-08-31,TWR00061,0,3349.1,3.271,8,False
USG00001681,6297-NOOPG,2026-08-31,TWR00018,89,4213.4,4.115,20,False
USG00001682,7808-DVWEP,2026-08-31,TWR00095,46,1582.82,1.546,1,False
USG00001683,8966-KZXXA,2026-08-31,TWR00015,73,526.76,0.514,22,True
USG00001684,3247-MHJKM,2026-08-31,TWR00093,79,485.19,0.474,15,False
USG00001685,1535-VTJOQ,2026-08-31,TWR00078,72,4146.85,4.05,0,False
USG00001686,8040-MNRTF,2026-08-31,TWR00083,3,3305.19,3.228,3,False
USG00001687,6425-YQLLO,2026-08-31,TWR00045,20,3635.46,3.55,17,False
USG00001688,3646-ITDGM,2026-08-31,TWR00024,122,3513.99,3.432,12,False
USG00001689,8058-INTPH,2026-08-31,TWR00032,55,4350.15,4.248,1,False
USG00001690,7789-CRUVC,2026-08-31,TWR00095,172,2253.83,2.201,6,False
USG00001691,2894-QOJRX,2026-08-31,TWR00023,79,2116.97,2.067,2,False
USG00001692,4686-GEFRM,2026-08-31,TWR00035,12,634.88,0.62,4,False
USG00001693,2568-OIADY,2026-08-31,TWR00006,157,1708.28,1.668,16,True
USG00001694,2408-TZMJL,2026-08-31,TWR00002,99,3695.35,3.609,9,False
USG00001695,2545-EBUPK,2026-08-31,TWR00040,145,2772.91,2.708,12,False
USG00001696,3088-FVYWK,2026-08-31,TWR00051,164,2252.66,2.2,0,True
USG00001697,3097-PYWXL,2026-08-31,TWR00084,174,3633.67,3.549,20,True
USG00001698,1970-KKFWL,2026-08-31,TWR00028,30,2437.05,2.38,3,False
USG00001699,8015-IHCGW,2026-08-31,TWR00059,59,3850.01,3.76,22,False
USG00001700,2378-HTWFW,2026-08-31,TWR00040,106,3737.16,3.65,19,False
USG00001701,6849-WLEYG,2026-08-31,TWR00049,35,4260.75,4.161,24,False
USG00001702,3720-DBRWL,2026-08-31,TWR00087,12,3158.6,3.085,11,False
USG00001703,5337-IIWKZ,2026-08-31,TWR00043,170,3088.89,3.016,14,False
USG00001704,7219-TLZHO,2026-08-31,TWR00039,24,2836.64,2.77,16,False
USG00001705,0014-BMAQU,2026-08-31,TWR00083,84,4081.14,3.985,8,False
USG00001706,4832-VRBMR,2026-08-31,TWR00012,127,955.16,0.933,22,False
USG00001707,5160-UXJED,2026-08-31,TWR00089,69,2853.34,2.786,5,False
USG00001708,3838-OZURD,2026-08-31,TWR00057,118,735.77,0.719,11,False
USG00001709,7322-OCWHC,2026-08-31,TWR00090,127,264.7,0.258,24,False
USG00001710,5949-HGVJL,2026-08-30,TWR00042,0,3562.05,3.479,8,False
USG00001711,8868-WOZGU,2026-08-30,TWR00010,93,1145.87,1.119,14,False
USG00001712,2522-AHJXR,2026-08-30,TWR00081,88,1455.45,1.421,17,False
USG00001713,3689-MOZGR,2026-08-30,TWR00093,130,610.97,0.597,22,False
USG00001714,0580-PIQHM,2026-08-30,TWR00034,35,382.83,0.374,15,False
USG00001715,8717-VCTXJ,2026-08-30,TWR00021,42,3178.34,3.104,22,False
USG00001716,6872-HXFNF,2026-08-30,TWR00092,44,980.05,0.957,6,False
USG00001717,4906-ZHGPK,2026-08-30,TWR00050,87,751.7,0.734,20,False
USG00001718,8409-WQJUX,2026-08-30,TWR00054,38,101.94,0.1,11,False
USG00001719,9762-YAQAA,2026-08-30,TWR00028,130,2307.79,2.254,18,False
USG00001720,1173-XZPYF,2026-08-30,TWR00100,122,3086.67,3.014,19,False
USG00001721,8681-ICONS,2026-08-30,TWR00070,160,693.03,0.677,11,False
USG00001722,2608-BHKFN,2026-08-30,TWR00061,77,4072.62,3.977,6,False
USG00001723,6016-NXBNJ,2026-08-30,TWR00036,4,827.29,0.808,18,False
USG00001724,9732-EQMWY,2026-08-30,TWR00021,93,3072.84,3.001,16,False
USG00001725,0786-IVLAW,2026-08-30,TWR00063,119,1949.73,1.904,20,False
USG00001726,6086-ESGRL,2026-08-30,TWR00007,144,1991.17,1.945,6,False
USG00001727,8597-CWYHH,2026-08-30,TWR00089,179,4107.12,4.011,12,True
USG00001728,4933-IKULF,2026-08-30,TWR00087,29,2585.8,2.525,8,False
USG00001729,8731-WBBMB,2026-08-30,TWR00068,1,1143.71,1.117,16,False
USG00001730,0810-BDHAW,2026-08-30,TWR00008,74,2502.96,2.444,22,False
USG00001731,7746-AWNQW,2026-08-30,TWR00015,101,3995.51,3.902,3,False
USG00001732,5076-YVXCM,2026-08-30,TWR00063,161,1076.63,1.051,12,False
USG00001733,1139-WUOAH,2026-08-30,TWR00090,127,3116.28,3.043,24,False
USG00001734,9261-WDCAF,2026-08-30,TWR00003,127,2826.09,2.76,21,False
USG00001735,3969-JQABI,2026-08-30,TWR00030,116,3760.35,3.672,22,False
USG00001736,9916-AYHTC,2026-08-30,TWR00055,157,2142.61,2.092,22,False
USG00001737,5022-JNQEQ,2026-08-30,TWR00007,5,2479.12,2.421,18,False
USG00001738,2361-FJWNO,2026-08-30,TWR00012,119,4373.89,4.271,12,False
USG00001739,9643-AVVWI,2026-08-30,TWR00014,74,3413.81,3.334,21,False
USG00001740,3209-ZPKFI,2026-08-30,TWR00030,98,4122.68,4.026,10,False
USG00001741,5996-NRVXR,2026-08-30,TWR00076,111,3907.28,3.816,0,False
USG00001742,7587-AOVVU,2026-08-30,TWR00064,82,1701.77,1.662,7,False
USG00001743,0488-GSLFR,2026-08-30,TWR00098,107,1755.3,1.714,2,False
USG00001744,0188-GWFLE,2026-08-30,TWR00091,69,2056.62,2.008,11,False
USG00001745,8984-EYLLL,2026-08-30,TWR00034,84,3979.97,3.887,20,False
USG00001746,8894-JVDCV,2026-08-30,TWR00034,154,4034.01,3.939,17,False
USG00001747,3569-JFODW,2026-08-30,TWR00085,24,2609.51,2.548,8,False
USG00001748,9283-LZQOH,2026-08-30,TWR00025,27,2374.23,2.319,1,False
USG00001749,1663-MHLHE,2026-08-30,TWR00025,114,1764.59,1.723,21,False
USG00001750,0409-WTMPL,2026-08-30,TWR00100,36,2885.02,2.817,6,False
USG00001751,6202-DYYFX,2026-08-30,TWR00026,168,1191.34,1.163,15,False
USG00001752,7113-HIPFI,2026-08-30,TWR00034,123,2325.16,2.271,12,False
USG00001753,5214-NLTIT,2026-08-30,TWR00073,19,4452.19,4.348,15,False
USG00001754,3186-AJIEK,2026-08-30,TWR00093,149,958.51,0.936,21,False
USG00001755,7268-WNTCP,2026-08-30,TWR00002,13,487.99,0.477,7,True
USG00001756,3345-PBBFH,2026-08-30,TWR00028,147,2454.41,2.397,18,False
USG00001757,7795-CFOCW,2026-08-30,TWR00001,16,1254.33,1.225,2,False
USG00001758,4525-VZCZG,2026-08-30,TWR00100,70,537.66,0.525,13,False
USG00001759,8224-UAXBZ,2026-08-30,TWR00014,59,2704.29,2.641,6,False
USG00001760,9715-SBVSU,2026-08-30,TWR00032,81,2008.24,1.961,25,False
USG00001761,9986-BONCE,2026-08-30,TWR00055,65,2496.23,2.438,25,False
USG00001762,1685-BQULA,2026-08-30,TWR00074,110,2837.08,2.771,3,False
USG00001763,6654-QGBZZ,2026-08-30,TWR00043,64,375.84,0.367,25,False
USG00001764,1205-WNWPJ,2026-08-30,TWR00021,61,2028.3,1.981,16,False
USG00001765,7716-YTYHG,2026-08-30,TWR00013,122,909.84,0.889,16,False
USG00001766,6728-CZFEI,2026-08-30,TWR00049,94,2604.25,2.543,16,False
USG00001767,3943-KDREE,2026-08-30,TWR00059,134,2228.67,2.176,22,False
USG00001768,4194-WHFCB,2026-08-30,TWR00013,101,2698.98,2.636,19,False
USG00001769,6680-WKXRZ,2026-08-30,TWR00093,36,4102.56,4.006,14,False
USG00001770,3349-ANQNH,2026-08-30,TWR00050,178,2684.07,2.621,8,False
USG00001771,6725-TPKJO,2026-08-30,TWR00008,143,3136.36,3.063,8,True
USG00001772,6941-KXRRV,2026-08-30,TWR00002,138,4337.38,4.236,17,False
USG00001773,4393-RYCRE,2026-08-30,TWR00024,24,4134.84,4.038,0,False
USG00001774,0599-XNYDO,2026-08-30,TWR00048,26,2036.62,1.989,0,False
USG00001775,6265-SXWBU,2026-08-30,TWR00006,0,4097.17,4.001,22,False
USG00001776,0971-QIFJK,2026-08-30,TWR00001,59,2952.98,2.884,19,False
USG00001777,1468-DEFNC,2026-08-30,TWR00053,92,1626.88,1.589,18,False
USG00001778,5161-XEUVX,2026-08-30,TWR00096,10,1947.21,1.902,12,False
USG00001779,7399-QHBJS,2026-08-30,TWR00082,110,2738.33,2.674,24,False
USG00001780,2634-HCZGT,2026-08-30,TWR00014,161,2633.66,2.572,19,False
USG00001781,4415-WNGVR,2026-08-30,TWR00063,167,2362.46,2.307,15,False
USG00001782,5868-YTYKS,2026-08-30,TWR00049,102,524.95,0.513,11,False
USG00001783,4636-QRJKY,2026-08-30,TWR00008,67,128.19,0.125,0,True
USG00001784,9069-LGEUL,2026-08-30,TWR00053,122,3572.52,3.489,17,False
USG00001785,4211-MMAZN,2026-08-30,TWR00062,14,960.35,0.938,2,False
USG00001786,3985-HOYPM,2026-08-30,TWR00060,67,818.62,0.799,18,True
USG00001787,4851-BQDNX,2026-08-30,TWR00077,118,4372.01,4.27,14,False
USG00001788,0822-GAVAP,2026-08-30,TWR00046,34,2195.49,2.144,12,False
USG00001789,3211-AAPKX,2026-08-30,TWR00037,73,3066.12,2.994,7,False
USG00001790,4450-MDZFX,2026-08-30,TWR00054,45,4493.48,4.388,19,False
USG00001791,4472-LVYGI,2026-08-30,TWR00019,16,4160.42,4.063,21,False
USG00001792,0709-TVGUR,2026-08-30,TWR00095,21,1692.51,1.653,20,True
USG00001793,4514-GFCFI,2026-08-30,TWR00095,164,461.88,0.451,0,False
USG00001794,7191-ADRGF,2026-08-30,TWR00039,84,733.93,0.717,2,False
USG00001795,5349-IECLD,2026-08-30,TWR00095,78,4117.75,4.021,21,False
USG00001796,4884-LEVMQ,2026-08-30,TWR00077,180,1301.63,1.271,20,True
USG00001797,9618-LFJRU,2026-08-30,TWR00097,121,945.76,0.924,16,True
USG00001798,4568-TTZRT,2026-08-30,TWR00074,2,3109.74,3.037,15,False
USG00001799,8017-UVSZU,2026-08-30,TWR00070,172,1966.07,1.92,5,False
USG00001800,5392-AKEMH,2026-08-30,TWR00011,96,310.69,0.303,1,False
USG00001801,5966-EMAZU,2026-08-30,TWR00041,146,1382.05,1.35,22,False
USG00001802,2522-WLNSF,2026-08-30,TWR00007,162,2451.76,2.394,21,False
USG00001803,4635-EJYPD,2026-08-30,TWR00001,159,68.6,0.067,3,True
USG00001804,0196-JTUQI,2026-08-30,TWR00082,13,1526.23,1.49,14,True
USG00001805,0442-TDYUO,2026-08-30,TWR00008,24,3600.39,3.516,10,False
USG00001806,0280-XJGEX,2026-08-30,TWR00034,122,2266.9,2.214,10,False
USG00001807,4273-MBHYA,2026-08-30,TWR00028,0,451.75,0.441,19,False
USG00001808,1792-UXAFY,2026-08-30,TWR00045,16,1814.42,1.772,12,False
USG00001809,0872-JCPIB,2026-08-30,TWR00053,112,3261.66,3.185,8,False
USG00001810,5692-FPTAH,2026-08-30,TWR00099,85,2144.12,2.094,13,True
USG00001811,9919-FZDED,2026-08-30,TWR00031,39,1246.45,1.217,8,False
USG00001812,6522-YRBXD,2026-08-30,TWR00040,54,1867.04,1.823,24,False
USG00001813,6474-FVJLC,2026-08-30,TWR00068,73,284.17,0.278,23,False
USG00001814,1905-OEILC,2026-08-30,TWR00037,36,2167.84,2.117,21,False
USG00001815,6583-KQJLK,2026-08-30,TWR00098,106,4054.26,3.959,18,False
USG00001816,5397-TUPSH,2026-08-30,TWR00095,121,4030.63,3.936,15,False
USG00001817,6156-UZDLF,2026-08-30,TWR00028,23,2722.08,2.658,5,False
USG00001818,3803-KMQFW,2026-08-30,TWR00049,106,4035.94,3.941,20,False
USG00001819,2720-FVBQP,2026-08-30,TWR00011,40,1588.65,1.551,3,False
USG00001820,5186-SAMNZ,2026-08-30,TWR00098,21,4358.88,4.257,20,False
USG00001821,9919-KNPOO,2026-08-30,TWR00018,65,4039.83,3.945,13,True
USG00001822,1977-STDKI,2026-08-30,TWR00049,86,4072.51,3.977,14,False
USG00001823,9927-DSWDF,2026-08-30,TWR00029,115,2519.27,2.46,21,False
USG00001824,9979-RGMZT,2026-08-30,TWR00088,91,369.83,0.361,7,False
USG00001825,5696-QURRL,2026-08-30,TWR00081,40,2215.59,2.164,3,False
USG00001826,1915-IOFGU,2026-08-30,TWR00041,68,3280.61,3.204,11,False
USG00001827,4013-TLDHQ,2026-08-30,TWR00035,91,4146.2,4.049,20,False
USG00001828,5312-UXESG,2026-08-30,TWR00099,62,3450.51,3.37,25,False
USG00001829,4578-PHJYZ,2026-08-30,TWR00011,131,886.53,0.866,12,False
USG00001830,4634-JLRJT,2026-08-30,TWR00077,5,1138.28,1.112,9,False
USG00001831,8943-URTMR,2026-08-30,TWR00095,33,2211.78,2.16,25,False
USG00001832,8898-KASCD,2026-08-30,TWR00064,15,3705.08,3.618,19,False
USG00001833,2176-OSJUV,2026-08-30,TWR00037,156,1101.51,1.076,6,False
USG00001834,5093-FEGLU,2026-08-30,TWR00012,171,4433.71,4.33,23,False
USG00001835,5071-FBJFS,2026-08-30,TWR00072,124,3771.71,3.683,13,False
USG00001836,6840-RESVB,2026-08-30,TWR00005,107,1687.01,1.647,16,False
USG00001837,6996-KNSML,2026-08-30,TWR00080,162,3453.44,3.373,23,False
USG00001838,0363-SVHYR,2026-08-30,TWR00091,116,3801.32,3.712,11,True
USG00001839,4512-ZUIYL,2026-08-30,TWR00060,99,3084.1,3.012,18,False
USG00001840,9572-WUKSB,2026-08-30,TWR00022,90,3882.86,3.792,3,False
USG00001841,2990-IAJSV,2026-08-30,TWR00054,140,1808.7,1.766,15,False
USG00001842,9851-KIELU,2026-08-30,TWR00027,4,197.02,0.192,21,False
USG00001843,4671-LXRDQ,2026-08-30,TWR00009,14,1351.91,1.32,21,False
USG00001844,5931-FLJJF,2026-08-30,TWR00045,97,111.14,0.109,6,False
USG00001845,6388-TABGU,2026-08-30,TWR00053,28,3698.11,3.611,22,False
USG00001846,8806-EAGWC,2026-08-30,TWR00051,100,918.73,0.897,5,False
USG00001847,5095-AESKG,2026-08-30,TWR00029,68,4385.78,4.283,3,False
USG00001848,5125-CNDSP,2026-08-30,TWR00030,92,2581.06,2.521,23,False
USG00001849,7361-YPXFS,2026-08-30,TWR00089,54,4351.44,4.249,21,False
USG00001850,4612-THJBS,2026-08-30,TWR00039,44,553.85,0.541,24,False
USG00001851,1564-NTYXF,2026-08-30,TWR00075,107,2573.34,2.513,6,False
USG00001852,7740-KKCXF,2026-08-30,TWR00075,136,3253.86,3.178,25,True
USG00001853,1545-JFUML,2026-08-30,TWR00028,48,3141.21,3.068,4,True
USG00001854,2207-OBZNX,2026-08-30,TWR00068,64,4400.54,4.297,15,False
USG00001855,5944-UGLLK,2026-08-30,TWR00071,19,3605.19,3.521,7,True
USG00001856,8963-MQVYN,2026-08-30,TWR00095,40,208.56,0.204,18,False
USG00001857,4912-PIGUY,2026-08-30,TWR00083,21,2481.52,2.423,13,False
USG00001858,6259-WJQLC,2026-08-30,TWR00047,105,1977.12,1.931,13,False
USG00001859,2724-FJDYW,2026-08-30,TWR00035,25,4326.81,4.225,11,False
USG00001860,6865-JZNKO,2026-08-30,TWR00078,13,4354.29,4.252,7,False
USG00001861,2180-DXNEG,2026-08-30,TWR00093,134,3957.28,3.865,14,True
USG00001862,1324-NLTJE,2026-08-30,TWR00032,43,4218.55,4.12,24,False
USG00001863,3039-MJSLN,2026-08-30,TWR00008,32,1198.91,1.171,18,False
USG00001864,2270-CHBFN,2026-08-30,TWR00027,82,2482.29,2.424,4,False
USG00001865,5832-XKAES,2026-08-30,TWR00075,168,205.76,0.201,20,False
USG00001866,3859-CVCET,2026-08-30,TWR00061,93,219.63,0.214,15,False
USG00001867,5049-GLYVG,2026-08-30,TWR00071,79,4074.95,3.979,2,False
USG00001868,2120-SMPEX,2026-08-30,TWR00024,153,470.97,0.46,12,False
USG00001869,0475-RIJEP,2026-08-30,TWR00098,135,1396.72,1.364,19,False
USG00001870,0237-YFUTL,2026-08-30,TWR00073,139,3984.55,3.891,13,False
USG00001871,5067-XJQFU,2026-08-30,TWR00002,46,4336.15,4.235,15,False
USG00001872,2480-SQIOB,2026-08-30,TWR00072,103,2328.18,2.274,13,False
USG00001873,2737-WFVYW,2026-08-30,TWR00035,49,3702.15,3.615,15,False
USG00001874,2332-TODQS,2026-08-30,TWR00033,157,1324.46,1.293,5,False
USG00001875,6726-WEXXK,2026-08-30,TWR00023,102,4223.64,4.125,21,False
USG00001876,8565-CLBZW,2026-08-30,TWR00099,11,3208.1,3.133,4,False
USG00001877,6674-KVJHG,2026-08-30,TWR00031,44,2322.63,2.268,19,False
USG00001878,5707-ORNDZ,2026-08-30,TWR00006,35,2255.99,2.203,14,False
USG00001879,5245-VDBUR,2026-08-30,TWR00100,79,1249.69,1.22,20,True
USG00001880,7698-YFGEZ,2026-08-30,TWR00064,49,1405.61,1.373,16,True
USG00001881,0848-ZGQIJ,2026-08-30,TWR00009,21,944.61,0.922,22,True
USG00001882,4706-AXVKM,2026-08-30,TWR00099,93,571.3,0.558,12,True
USG00001883,7416-CKTEP,2026-08-30,TWR00004,99,852.79,0.833,20,False
USG00001884,7396-VJUZB,2026-08-30,TWR00045,74,436.03,0.426,13,False
USG00001885,2068-WWXQZ,2026-08-30,TWR00079,82,902.78,0.882,1,True
USG00001886,7136-IHZJA,2026-08-30,TWR00090,150,2747.19,2.683,6,True
USG00001887,3585-YNADK,2026-08-30,TWR00041,106,3152.56,3.079,3,False
USG00001888,7672-VFMXZ,2026-08-30,TWR00100,163,2493.59,2.435,25,False
USG00001889,9578-VRMNM,2026-08-30,TWR00049,156,3589.45,3.505,5,False
USG00001890,8295-KMENE,2026-08-30,TWR00021,27,1083.9,1.058,16,False
USG00001891,8229-TNIQA,2026-08-30,TWR00086,32,3620.32,3.535,23,False
USG00001892,0187-WZNAB,2026-08-30,TWR00018,164,2851.21,2.784,7,True
USG00001893,9415-ZNBSX,2026-08-30,TWR00086,156,123.8,0.121,4,True
USG00001894,3621-CHYVB,2026-08-30,TWR00001,127,1800.83,1.759,13,False
USG00001895,0936-NQLJU,2026-08-30,TWR00016,78,4192.94,4.095,4,False
USG00001896,7112-OPOTK,2026-08-30,TWR00007,176,1080.1,1.055,2,False
USG00001897,4213-HKBJO,2026-08-30,TWR00021,40,373.73,0.365,6,False
USG00001898,4452-ROHMO,2026-08-30,TWR00051,164,115.56,0.113,6,False
USG00001899,2082-CEFLT,2026-08-30,TWR00100,121,4478.69,4.374,9,False
USG00001900,3904-UKFRE,2026-08-30,TWR00075,133,78.2,0.076,17,False
USG00001901,0396-UKGAI,2026-08-30,TWR00031,46,131.82,0.129,3,False
USG00001902,3842-IYKUE,2026-08-30,TWR00048,72,2493.3,2.435,6,False
USG00001903,6959-UWKHF,2026-08-30,TWR00046,130,936.42,0.914,14,False
USG00001904,3258-ZKPAI,2026-08-30,TWR00086,94,678.49,0.663,21,False
USG00001905,3186-BAXNB,2026-08-30,TWR00088,47,1385.02,1.353,21,False
USG00001906,0687-ZVTHB,2026-08-30,TWR00062,62,2245.7,2.193,19,False
USG00001907,3744-ZBHON,2026-08-30,TWR00009,156,3802.74,3.714,17,True
USG00001908,0376-OIWME,2026-08-30,TWR00039,171,3545.37,3.462,21,False
USG00001909,7401-JIXNM,2026-08-30,TWR00088,97,3523.1,3.441,20,False
USG00001910,8098-LLAZX,2026-08-30,TWR00026,170,610.52,0.596,14,False
USG00001911,9028-LIHRP,2026-08-30,TWR00011,61,909.85,0.889,14,False
USG00001912,8464-EETCQ,2026-08-30,TWR00069,126,1470.11,1.436,25,False
USG00001913,2675-OTVVJ,2026-08-30,TWR00023,46,212.41,0.207,12,False
USG00001914,9575-IWCAZ,2026-08-30,TWR00018,131,2211.3,2.159,6,False
USG00001915,9373-WSLOY,2026-08-30,TWR00061,3,4218.82,4.12,3,False
USG00001916,0516-WJVXC,2026-08-30,TWR00062,73,696.01,0.68,24,False
USG00001917,2081-VEYEH,2026-08-30,TWR00005,160,1960.59,1.915,13,False
USG00001918,4908-XAXAY,2026-08-30,TWR00067,65,1378.47,1.346,21,False
USG00001919,6559-PDZLR,2026-08-30,TWR00058,94,1905.43,1.861,2,False
USG00001920,6108-OQZDQ,2026-08-30,TWR00021,0,3432.12,3.352,3,True
USG00001921,5073-RZGBK,2026-08-30,TWR00072,98,694.23,0.678,21,False
USG00001922,3407-QGWLG,2026-08-30,TWR00044,58,589.41,0.576,16,False
USG00001923,5549-ZGHFB,2026-08-30,TWR00087,90,1056.99,1.032,15,False
USG00001924,0872-CASZJ,2026-08-30,TWR00071,13,792.52,0.774,9,False
USG00001925,3452-FLHYD,2026-08-30,TWR00012,29,3460.63,3.38,10,False
USG00001926,5063-IUOKK,2026-08-30,TWR00084,22,470.33,0.459,9,False
USG00001927,9793-WECQC,2026-08-30,TWR00043,120,4141.55,4.044,8,False
USG00001928,0220-EBGCE,2026-08-30,TWR00056,44,702.58,0.686,23,False
USG00001929,0230-WEQUW,2026-08-30,TWR00013,137,1166.97,1.14,21,False
USG00001930,9488-FYQAU,2026-08-30,TWR00028,151,1217.89,1.189,14,False
USG00001931,7252-NTGSS,2026-08-30,TWR00070,3,4457.92,4.353,24,False
USG00001932,1557-EMYVT,2026-08-30,TWR00045,119,95.6,0.093,20,False
USG00001933,6374-AFWOX,2026-08-30,TWR00065,134,3624.17,3.539,11,False
USG00001934,0282-NVSJS,2026-08-30,TWR00039,42,3035.06,2.964,7,False
USG00001935,4959-JOSRX,2026-08-30,TWR00055,127,3308.49,3.231,6,False
USG00001936,9067-YGSCA,2026-08-30,TWR00002,20,2184.28,2.133,7,False
USG00001937,6575-SUVOI,2026-08-30,TWR00065,127,4067.79,3.972,7,False
USG00001938,2612-RANWT,2026-08-30,TWR00025,83,3164.82,3.091,18,False
USG00001939,6143-JQKEA,2026-08-30,TWR00025,167,1713.98,1.674,23,True
USG00001940,4450-YOOHP,2026-08-30,TWR00047,168,549.77,0.537,2,True
USG00001941,4342-HENTK,2026-08-30,TWR00054,81,2245.24,2.193,4,False
USG00001942,3372-KWFBM,2026-08-30,TWR00033,105,1417.84,1.385,13,False
USG00001943,3144-AUDBS,2026-08-30,TWR00087,82,732.47,0.715,0,False
USG00001944,7594-LZNWR,2026-08-30,TWR00002,32,1478.98,1.444,6,False
USG00001945,5222-IMUKT,2026-08-30,TWR00090,113,2906.81,2.839,0,True
USG00001946,6688-UZPWD,2026-08-30,TWR00035,37,1244.37,1.215,2,False
USG00001947,8138-EALND,2026-08-30,TWR00089,87,207.85,0.203,25,False
USG00001948,2220-IAHLS,2026-08-30,TWR00023,132,3425.41,3.345,19,False
USG00001949,5575-TPIZQ,2026-08-30,TWR00017,85,642.06,0.627,13,False
USG00001950,5229-DTFYB,2026-08-30,TWR00010,114,476.79,0.466,3,False
USG00001951,8220-OCUFY,2026-08-30,TWR00031,13,514.29,0.502,0,False
USG00001952,8563-IIOXK,2026-08-30,TWR00063,130,2914.36,2.846,24,False
USG00001953,9481-IEBZY,2026-08-30,TWR00009,143,1678.21,1.639,8,False
USG00001954,6166-ILMNY,2026-08-30,TWR00008,174,1444.79,1.411,5,False
USG00001955,3509-GWQGF,2026-08-30,TWR00086,48,3499.98,3.418,3,False
USG00001956,8706-HRADD,2026-08-30,TWR00097,117,3540.45,3.457,13,False
USG00001957,3276-HDUEG,2026-08-30,TWR00039,3,3670.93,3.585,24,False
USG00001958,5117-ZSMHQ,2026-08-30,TWR00073,94,2681.04,2.618,16,False
USG00001959,2282-YGNOR,2026-08-30,TWR00001,104,2930.64,2.862,19,False
USG00001960,8903-XEBGX,2026-08-30,TWR00023,135,3749.38,3.662,10,False
USG00001961,5480-XTFFL,2026-08-30,TWR00058,31,1478.11,1.443,8,False
USG00001962,8265-HKSOW,2026-08-30,TWR00039,10,4109.87,4.014,14,False
USG00001963,9389-ACWBI,2026-08-30,TWR00086,82,2494.32,2.436,23,False
USG00001964,3647-GMGDH,2026-08-30,TWR00079,31,3447.65,3.367,15,False
USG00001965,1763-KUAAW,2026-08-30,TWR00057,150,2732.31,2.668,15,False
USG00001966,7495-OOKFY,2026-08-30,TWR00001,82,811.58,0.793,10,False
USG00001967,1254-IZEYF,2026-08-30,TWR00047,120,478.55,0.467,2,False
USG00001968,3726-TBHQT,2026-08-30,TWR00045,125,2958.41,2.889,1,False
USG00001969,8404-VLQFB,2026-08-30,TWR00062,72,280.52,0.274,20,False
USG00001970,4090-KPJIP,2026-08-30,TWR00064,131,2738.25,2.674,0,False
USG00001971,0137-OCGAB,2026-08-30,TWR00077,98,3169.91,3.096,21,True
USG00001972,4228-ZGYUW,2026-08-30,TWR00021,36,3146.27,3.073,15,False
USG00001973,7047-FWEYA,2026-08-30,TWR00053,127,2591.27,2.531,1,False
USG00001974,5442-UTCVD,2026-08-30,TWR00012,98,1914.34,1.869,3,False
USG00001975,7908-QCBCA,2026-08-30,TWR00034,78,1318.08,1.287,23,True
USG00001976,7274-RTAPZ,2026-08-30,TWR00036,168,4023.62,3.929,11,False
USG00001977,4804-NCPET,2026-08-30,TWR00069,82,564.35,0.551,20,False
USG00001978,2636-SJDOU,2026-08-30,TWR00047,164,454.36,0.444,19,False
USG00001979,6510-UPNKS,2026-08-30,TWR00071,144,1564.38,1.528,14,False
USG00001980,5275-PMFUT,2026-08-30,TWR00016,166,137.35,0.134,4,False
USG00001981,0952-KMEEH,2026-08-30,TWR00014,78,2018.37,1.971,2,False
USG00001982,5014-GSOUQ,2026-08-30,TWR00081,10,3419.81,3.34,8,False
USG00001983,6319-QSUSR,2026-08-30,TWR00078,137,4177.68,4.08,21,False
USG00001984,1764-VUUMT,2026-08-30,TWR00006,50,2827.97,2.762,6,False
USG00001985,1763-WQFUK,2026-08-30,TWR00076,120,2751.59,2.687,13,False
USG00001986,1090-PYKCI,2026-08-30,TWR00067,18,3109.25,3.036,11,False
USG00001987,8996-ZROXE,2026-08-30,TWR00028,106,4272.21,4.172,3,False
USG00001988,4986-MXSFP,2026-08-30,TWR00022,113,258.27,0.252,23,True
USG00001989,4778-IZARL,2026-08-30,TWR00071,173,3399.6,3.32,1,False
USG00001990,7133-VBDCG,2026-08-30,TWR00075,88,2535.22,2.476,2,False
USG00001991,6506-EYCNH,2026-08-30,TWR00012,146,2658.7,2.596,15,False
USG00001992,4868-AADLV,2026-08-30,TWR00078,111,3694.36,3.608,23,True
USG00001993,3847-BAERP,2026-08-30,TWR00050,78,3573.27,3.49,6,False
USG00001994,2897-DOVND,2026-08-30,TWR00041,69,3156.51,3.083,19,False
USG00001995,3235-ETOOB,2026-08-30,TWR00099,89,2059.68,2.011,11,False
USG00001996,9546-KDTRB,2026-08-30,TWR00079,135,3004.11,2.934,2,False
USG00001997,0617-FHSGK,2026-08-30,TWR00087,130,3256.58,3.18,8,False
USG00001998,1038-ZAGBI,2026-08-30,TWR00001,57,1346.06,1.315,20,True
USG00001999,2858-MOFSQ,2026-08-30,TWR00069,33,1818.4,1.776,23,False
USG00002000,5155-AZQPB,2026-08-30,TWR00005,107,3963.06,3.87,8,False
USG00002001,3620-EHIMZ,2026-08-30,TWR00092,84,470.12,0.459,10,False
USG00002002,4750-UKWJK,2026-08-30,TWR00057,34,4302.83,4.202,12,False
USG00002003,9124-LHCJQ,2026-08-30,TWR00083,59,4075.74,3.98,18,False
USG00002004,8189-XRIKE,2026-08-30,TWR00032,86,3580.05,3.496,2,False
USG00002005,5294-IMHHT,2026-08-30,TWR00006,105,243.37,0.238,2,False
USG00002006,1035-IPQPU,2026-08-30,TWR00074,20,2058.05,2.01,25,False
USG00002007,7176-WIONM,2026-08-30,TWR00100,64,951.02,0.929,19,False
USG00002008,1934-MKPXS,2026-08-30,TWR00089,174,1424.91,1.392,1,False
USG00002009,5600-KTXFM,2026-08-30,TWR00027,42,1161.74,1.135,23,False
USG00002010,0164-APGRB,2026-08-30,TWR00024,173,2370.42,2.315,8,False
USG00002011,2369-FEVNO,2026-08-30,TWR00054,23,1656.17,1.617,13,False
USG00002012,1024-GUALD,2026-08-30,TWR00091,18,3339.3,3.261,5,False
USG00002013,5231-FIQPA,2026-08-30,TWR00001,171,4233.77,4.135,10,False
USG00002014,5092-STPKP,2026-08-30,TWR00017,131,1509.01,1.474,17,False
USG00002015,7488-MXJIV,2026-08-30,TWR00025,145,745.03,0.728,1,True
USG00002016,2228-BZDEE,2026-08-30,TWR00027,58,2719.12,2.655,24,False
USG00002017,4361-FEBGN,2026-08-30,TWR00017,45,2275.09,2.222,12,False
USG00002018,3316-UWXUY,2026-08-30,TWR00097,129,3629.81,3.545,16,True
USG00002019,2632-IVXVF,2026-08-30,TWR00027,7,1595.77,1.558,11,False
USG00002020,6656-JWRQX,2026-08-30,TWR00040,131,573.59,0.56,10,False
USG00002021,1725-IQNIY,2026-08-30,TWR00093,99,3286.52,3.209,2,False
USG00002022,8735-NBLWT,2026-08-30,TWR00025,49,1246.86,1.218,3,False
USG00002023,6376-GAHQE,2026-08-30,TWR00081,136,1397.0,1.364,19,True
USG00002024,9445-ZUEQE,2026-08-30,TWR00096,89,370.31,0.362,24,False
USG00002025,2823-LKABH,2026-08-30,TWR00056,180,3477.52,3.396,18,False
USG00002026,6942-LBFDP,2026-08-30,TWR00061,91,3161.88,3.088,5,True
USG00002027,7586-ZATGZ,2026-08-30,TWR00018,129,3542.71,3.46,22,False
USG00002028,7479-NITWS,2026-08-30,TWR00025,109,2370.59,2.315,7,False
USG00002029,3863-QSTYI,2026-08-30,TWR00025,125,2445.54,2.388,0,False
USG00002030,0260-ZDLGK,2026-08-30,TWR00068,59,3809.27,3.72,23,True
USG00002031,2049-BAFNW,2026-08-30,TWR00048,69,3346.78,3.268,1,False
USG00002032,0909-SELIE,2026-08-30,TWR00047,172,2600.57,2.54,23,False
USG00002033,8111-BKVDS,2026-08-30,TWR00059,98,3783.5,3.695,15,False
USG00002034,2227-JRSJX,2026-08-30,TWR00090,118,725.52,0.709,8,False
USG00002035,9412-GHEEC,2026-08-30,TWR00008,104,1087.26,1.062,23,False
USG00002036,0975-UYDTX,2026-08-30,TWR00094,174,3492.21,3.41,10,False
USG00002037,9357-UJRUN,2026-08-30,TWR00089,131,3747.87,3.66,6,False
USG00002038,5899-MQZZL,2026-08-30,TWR00089,12,4437.6,4.334,0,False
USG00002039,6112-KTHFQ,2026-08-30,TWR00049,99,3065.53,2.994,15,False
USG00002040,5954-BDFSG,2026-08-30,TWR00015,64,2914.47,2.846,13,False
USG00002041,2826-UWHIS,2026-08-30,TWR00022,55,2065.61,2.017,7,False
USG00002042,2927-CVULT,2026-08-30,TWR00064,65,1641.65,1.603,15,False
USG00002043,8149-AIQCG,2026-08-30,TWR00009,128,332.01,0.324,25,False
USG00002044,0378-NHQXU,2026-08-30,TWR00070,100,3071.55,3.0,22,False
USG00002045,5002-GCQFH,2026-08-30,TWR00079,0,529.24,0.517,2,False
USG00002046,9638-JIQYA,2026-08-30,TWR00045,67,4377.62,4.275,13,False
USG00002047,1329-VHWNP,2026-08-30,TWR00007,135,4243.62,4.144,18,True
USG00002048,5627-TVBPP,2026-08-30,TWR00011,158,741.04,0.724,0,False
USG00002049,5743-KHMNA,2026-08-30,TWR00017,17,4135.88,4.039,17,False
USG00002050,3957-LXOLK,2026-08-30,TWR00100,14,678.02,0.662,3,False
USG00002051,2082-OJVTK,2026-08-30,TWR00015,19,911.73,0.89,10,True
USG00002052,7714-YXSMB,2026-08-30,TWR00043,35,1026.22,1.002,13,False
USG00002053,0442-ZXKVS,2026-08-30,TWR00075,165,2279.63,2.226,7,False
USG00002054,7129-CAKJW,2026-08-30,TWR00020,167,2097.78,2.049,17,False
USG00002055,6754-LZUKA,2026-08-30,TWR00097,28,1371.68,1.34,22,False
USG00002056,0601-WZHJF,2026-08-30,TWR00066,100,3357.64,3.279,23,False
USG00002057,6549-YMFAW,2026-08-30,TWR00022,112,2378.74,2.323,19,False
USG00002058,4188-FRABG,2026-08-30,TWR00019,97,3193.17,3.118,19,False
USG00002059,9947-OTFQU,2026-08-30,TWR00011,147,3725.2,3.638,24,False
USG00002060,2481-SBOYW,2026-08-30,TWR00046,157,4097.12,4.001,23,True
USG00002061,2770-NSVDG,2026-08-30,TWR00055,62,1461.78,1.428,18,False
USG00002062,8053-WWDRO,2026-08-30,TWR00063,32,380.07,0.371,16,False
USG00002063,6695-AMZUF,2026-08-30,TWR00063,135,4227.67,4.129,19,False
USG00002064,2324-EFHVG,2026-08-30,TWR00005,42,1243.83,1.215,6,True
USG00002065,8514-VZHEB,2026-08-30,TWR00031,59,3591.16,3.507,16,False
USG00002066,3318-NMQXL,2026-08-30,TWR00078,81,961.09,0.939,22,False
USG00002067,7056-IMHCC,2026-08-30,TWR00031,102,3437.28,3.357,13,False
USG00002068,3923-CSIHK,2026-08-30,TWR00092,43,4161.43,4.064,23,False
USG00002069,8647-SDTWQ,2026-08-30,TWR00037,15,1132.66,1.106,3,True
USG00002070,3078-ZKNTS,2026-08-30,TWR00063,135,1546.69,1.51,25,False
USG00002071,5177-RVZNU,2026-08-30,TWR00048,98,1264.78,1.235,8,False
USG00002072,6650-BWFRT,2026-08-30,TWR00041,47,2258.45,2.206,0,False
USG00002073,0585-EGDDA,2026-08-30,TWR00071,152,3631.15,3.546,14,False
USG00002074,0481-SUMCB,2026-08-30,TWR00088,160,129.12,0.126,5,False
USG00002075,8120-JDCAM,2026-08-30,TWR00062,65,4246.14,4.147,2,False
USG00002076,2929-QNSRW,2026-08-30,TWR00090,49,2844.2,2.778,0,False
USG00002077,2884-GBPFB,2026-08-30,TWR00059,42,3672.03,3.586,1,False
USG00002078,2626-URJFX,2026-08-30,TWR00071,142,2782.23,2.717,0,False
USG00002079,8993-IZEUX,2026-08-30,TWR00011,97,2433.09,2.376,10,False
USG00002080,9451-WLYRI,2026-08-30,TWR00079,156,3223.89,3.148,8,False
USG00002081,9940-HPQPG,2026-08-30,TWR00023,69,729.98,0.713,2,False
USG00002082,0003-MKNFE,2026-08-30,TWR00048,3,4485.16,4.38,4,True
USG00002083,8922-NPKBJ,2026-08-30,TWR00037,125,1323.96,1.293,21,False
USG00002084,6313-GIDIT,2026-08-30,TWR00028,173,180.03,0.176,3,True
USG00002085,2903-YYTBW,2026-08-30,TWR00018,41,651.83,0.637,21,False
USG00002086,5318-IXUZF,2026-08-30,TWR00066,134,1366.45,1.334,11,False
USG00002087,0533-BNWKF,2026-08-30,TWR00041,123,3251.53,3.175,22,False
USG00002088,6599-CEBNN,2026-08-30,TWR00079,20,1690.77,1.651,10,True
USG00002089,3606-SBKRY,2026-08-30,TWR00058,13,1520.59,1.485,21,False
USG00002090,4067-HLYQI,2026-08-30,TWR00011,79,1267.22,1.238,25,False
USG00002091,4523-WXCEF,2026-08-30,TWR00045,123,4308.24,4.207,16,False
USG00002092,6484-LATFU,2026-08-30,TWR00053,114,3121.78,3.049,9,False
USG00002093,6551-GNYDG,2026-08-30,TWR00075,13,3844.16,3.754,21,False
USG00002094,0345-XMMUG,2026-08-30,TWR00013,155,1195.56,1.168,5,False
USG00002095,5204-QZXPU,2026-08-30,TWR00073,131,2622.69,2.561,4,False
USG00002096,8984-HPEMB,2026-08-30,TWR00045,61,3868.65,3.778,2,False
USG00002097,4950-HKQTE,2026-08-30,TWR00016,131,3279.74,3.203,24,False
USG00002098,1814-WFGVS,2026-08-30,TWR00097,73,3623.99,3.539,13,False
USG00002099,3223-DWFIO,2026-08-30,TWR00014,165,840.73,0.821,21,False
USG00002100,4747-LCAQL,2026-08-30,TWR00087,119,982.41,0.959,6,True
USG00002101,1852-QSWCD,2026-08-30,TWR00011,130,134.69,0.132,21,False
USG00002102,3027-YNWZU,2026-08-30,TWR00007,79,526.4,0.514,0,False
USG00002103,2774-LVQUS,2026-08-30,TWR00011,167,3768.51,3.68,0,False
USG00002104,9253-QXKBE,2026-08-30,TWR00097,180,998.5,0.975,10,False
USG00002105,7940-UQQUG,2026-08-30,TWR00059,115,2220.57,2.169,15,False
USG00002106,6869-FGJJC,2026-08-30,TWR00021,107,3572.83,3.489,16,False
USG00002107,7188-CBBBA,2026-08-30,TWR00036,100,1011.45,0.988,22,False
USG00002108,5702-KVQRD,2026-08-30,TWR00096,4,2596.22,2.535,8,True
USG00002109,1813-JLKWR,2026-08-30,TWR00050,145,1926.7,1.882,20,False
USG00002110,6857-TKDJV,2026-08-30,TWR00098,179,924.49,0.903,5,False
USG00002111,3370-GQEAL,2026-08-30,TWR00012,146,786.14,0.768,19,False
USG00002112,5204-HMGYF,2026-08-30,TWR00064,146,4219.49,4.121,19,True
USG00002113,5995-LFTLE,2026-08-30,TWR00085,44,3797.99,3.709,5,False
USG00002114,3824-RHKVR,2026-08-30,TWR00031,7,449.05,0.439,17,False
USG00002115,7868-BGSZA,2026-08-30,TWR00018,165,1112.28,1.086,14,False
USG00002116,2907-ILJBN,2026-08-30,TWR00094,157,1629.29,1.591,6,False
USG00002117,9926-PJHDQ,2026-08-30,TWR00074,79,932.49,0.911,6,False
USG00002118,3003-CMDUU,2026-08-30,TWR00017,160,2304.37,2.25,8,False
USG00002119,4195-SMMNX,2026-08-30,TWR00079,160,3158.59,3.085,17,False
USG00002120,3756-VNWDH,2026-08-30,TWR00062,34,327.93,0.32,6,True
USG00002121,5605-XNWEN,2026-08-30,TWR00093,71,753.36,0.736,11,False
USG00002122,5349-AZPEW,2026-08-30,TWR00098,102,4002.74,3.909,1,False
USG00002123,6729-FZWSY,2026-08-30,TWR00047,118,156.91,0.153,24,False
USG00002124,2037-XJFUP,2026-08-30,TWR00016,85,1236.14,1.207,9,False
USG00002125,3884-UEBXB,2026-08-30,TWR00001,94,1299.02,1.269,1,False
USG00002126,1910-FMXJM,2026-08-30,TWR00029,31,515.01,0.503,12,False
USG00002127,7239-HZZCX,2026-08-30,TWR00096,78,1479.89,1.445,13,False
USG00002128,0841-NULXI,2026-08-30,TWR00055,46,1805.27,1.763,5,False
USG00002129,4825-FUREZ,2026-08-30,TWR00086,35,1705.91,1.666,15,False
USG00002130,2804-ETQDK,2026-08-30,TWR00039,152,1178.31,1.151,16,False
USG00002131,1518-OMDIK,2026-08-30,TWR00024,8,1873.31,1.829,22,False
USG00002132,5825-XJOCM,2026-08-30,TWR00089,53,3346.72,3.268,22,False
USG00002133,4631-OACRM,2026-08-30,TWR00049,172,2253.47,2.201,25,False
USG00002134,8317-BVKSO,2026-08-30,TWR00032,145,630.97,0.616,19,False
USG00002135,4760-XOHVN,2026-08-30,TWR00089,53,730.62,0.713,7,True
USG00002136,3845-JHAMY,2026-08-30,TWR00073,150,406.87,0.397,13,False
USG00002137,8624-GIOUT,2026-08-30,TWR00013,53,2006.38,1.959,22,False
USG00002138,5650-YLIBA,2026-08-30,TWR00046,134,1664.31,1.625,21,True
USG00002139,5201-FRKKS,2026-08-30,TWR00037,34,1499.91,1.465,24,True
USG00002140,4367-NUYAO,2026-08-30,TWR00052,121,2025.49,1.978,25,False
USG00002141,2320-SLKMB,2026-08-30,TWR00098,14,4095.51,4.0,1,False
USG00002142,8640-SDGKB,2026-08-30,TWR00012,92,3371.34,3.292,15,False
USG00002143,1932-UEDCX,2026-08-30,TWR00009,106,1257.81,1.228,4,False
USG00002144,7317-GGVPB,2026-08-30,TWR00027,6,2111.03,2.062,2,False
USG00002145,4686-UXDML,2026-08-30,TWR00051,94,2521.2,2.462,22,False
USG00002146,4817-VYYWS,2026-08-30,TWR00059,126,345.34,0.337,13,False
USG00002147,2055-SIFSS,2026-08-30,TWR00011,125,1301.28,1.271,12,False
USG00002148,9398-MMQTO,2026-08-30,TWR00080,87,3085.65,3.013,10,False
USG00002149,4526-ZJJTM,2026-08-30,TWR00010,151,3238.74,3.163,11,False
USG00002150,3584-WKTTW,2026-08-30,TWR00050,35,1735.08,1.694,4,False
USG00002151,6402-EJMWF,2026-08-30,TWR00002,167,3916.83,3.825,10,False
USG00002152,6351-SCJKT,2026-08-30,TWR00083,87,445.05,0.435,14,False
USG00002153,2777-PHDEI,2026-08-30,TWR00075,162,2827.44,2.761,17,False
USG00002154,2990-HWIML,2026-08-30,TWR00026,6,1890.2,1.846,0,False
USG00002155,5955-ERIHD,2026-08-30,TWR00036,132,4207.6,4.109,0,False
USG00002156,4188-PCPIG,2026-08-30,TWR00049,144,250.37,0.245,9,False
USG00002157,6122-EFVKN,2026-08-30,TWR00093,116,2548.8,2.489,18,False
USG00002158,7567-ECMCM,2026-08-30,TWR00090,19,1819.21,1.777,4,False
USG00002159,1474-JUWSM,2026-08-30,TWR00019,33,1917.46,1.873,2,False
USG00002160,2748-MYRVK,2026-08-30,TWR00100,48,4428.46,4.325,25,True
USG00002161,4818-DRBQT,2026-08-30,TWR00090,103,2151.98,2.102,24,False
USG00002162,3334-CTHOL,2026-08-30,TWR00048,28,2085.73,2.037,19,False
USG00002163,2452-SNHFZ,2026-08-30,TWR00028,56,4324.59,4.223,24,False
USG00002164,2873-ZLIWT,2026-08-30,TWR00010,63,4042.02,3.947,23,False
USG00002165,4821-SJHJV,2026-08-30,TWR00066,171,543.94,0.531,24,False
USG00002166,4589-IUAJB,2026-08-30,TWR00065,112,1561.66,1.525,2,False
USG00002167,6861-OKBCE,2026-08-30,TWR00031,36,2332.23,2.278,24,False
USG00002168,3518-PZXZQ,2026-08-30,TWR00028,162,2937.35,2.869,12,False
USG00002169,8727-JQFHV,2026-08-30,TWR00011,84,325.7,0.318,7,False
USG00002170,8857-CUPFQ,2026-08-30,TWR00022,41,975.7,0.953,22,False
USG00002171,4625-LAMOB,2026-08-30,TWR00027,148,3957.56,3.865,15,True
USG00002172,8992-JQYUN,2026-08-30,TWR00055,25,2449.01,2.392,2,False
USG00002173,8573-CGOCC,2026-08-30,TWR00034,27,512.07,0.5,13,False
USG00002174,1093-YSWCA,2026-08-30,TWR00030,41,687.31,0.671,15,True
USG00002175,4283-FUTGF,2026-08-30,TWR00029,81,1611.34,1.574,25,False
USG00002176,3174-RKMOW,2026-08-30,TWR00073,37,4435.11,4.331,15,False
USG00002177,9761-XUJWD,2026-08-30,TWR00070,127,2558.91,2.499,24,False
USG00002178,6959-GQEGV,2026-08-30,TWR00041,179,2240.25,2.188,16,False
USG00002179,1031-IIDEO,2026-08-30,TWR00055,149,3111.03,3.038,11,False
USG00002180,3454-JFUBC,2026-08-30,TWR00092,159,2970.23,2.901,21,False
USG00002181,3351-NGXYI,2026-08-30,TWR00089,15,2649.7,2.588,0,False
USG00002182,8739-XNIKG,2026-08-30,TWR00072,31,3581.57,3.498,0,True
USG00002183,3308-JSGML,2026-08-30,TWR00033,70,3430.13,3.35,21,False
USG00002184,5442-XSDCW,2026-08-30,TWR00077,178,3751.67,3.664,11,False
USG00002185,2645-QTLMB,2026-08-30,TWR00042,56,2809.71,2.744,10,False
USG00002186,5602-BVFMK,2026-08-30,TWR00064,176,2816.23,2.75,1,False
USG00002187,1502-XFCVR,2026-08-30,TWR00081,138,3264.48,3.188,11,False
USG00002188,8246-SHFGA,2026-08-30,TWR00080,159,1141.23,1.114,2,False
USG00002189,0011-IGKFF,2026-08-30,TWR00020,30,689.73,0.674,3,True
USG00002190,4826-DXMUP,2026-08-30,TWR00052,138,1328.0,1.297,3,False
USG00002191,9332-GYWLO,2026-08-30,TWR00082,174,60.58,0.059,4,False
USG00002192,8584-KMVXD,2026-08-30,TWR00061,58,3177.8,3.103,9,False
USG00002193,2073-QBVBI,2026-08-30,TWR00074,133,705.32,0.689,11,False
USG00002194,0862-PRCBS,2026-08-30,TWR00052,111,3148.9,3.075,22,False
USG00002195,8763-KIAFH,2026-08-30,TWR00048,25,1044.46,1.02,6,False
USG00002196,3496-LFSZU,2026-08-30,TWR00021,163,698.27,0.682,22,False
USG00002197,4706-DGAHW,2026-08-30,TWR00045,111,2402.79,2.346,12,False
USG00002198,4776-XSKYQ,2026-08-30,TWR00075,64,1184.97,1.157,15,False
USG00002199,5118-MUEYH,2026-08-30,TWR00087,93,2977.01,2.907,25,False
USG00002200,9931-KGHOA,2026-08-30,TWR00075,141,2644.8,2.583,15,False
USG00002201,9885-CSMWE,2026-08-30,TWR00021,46,1879.93,1.836,11,False
USG00002202,6664-FPDAC,2026-08-30,TWR00059,162,1333.33,1.302,0,False
USG00002203,0516-UXRMT,2026-08-30,TWR00075,47,686.81,0.671,23,False
USG00002204,7856-GANIL,2026-08-30,TWR00080,23,2301.22,2.247,18,False
USG00002205,5372-FBKBN,2026-08-30,TWR00006,163,2793.59,2.728,13,False
USG00002206,0520-FDVVT,2026-08-30,TWR00051,159,4181.97,4.084,1,False
USG00002207,5730-RIITO,2026-08-30,TWR00017,108,3527.59,3.445,9,False
USG00002208,4123-FCVCB,2026-08-30,TWR00042,21,4458.48,4.354,23,False
USG00002209,4623-ZKHLY,2026-08-30,TWR00081,117,2518.12,2.459,5,False
USG00002210,4396-KLSEH,2026-08-30,TWR00019,108,579.95,0.566,23,False
USG00002211,3780-YVMFA,2026-08-30,TWR00002,123,3596.23,3.512,17,True
USG00002212,0103-CSITQ,2026-08-30,TWR00001,38,1961.68,1.916,25,True
USG00002213,4412-YLTKF,2026-08-30,TWR00067,62,2964.28,2.895,1,False
USG00002214,8164-OCKUJ,2026-08-30,TWR00039,102,1498.39,1.463,12,False
USG00002215,1325-USMEC,2026-08-30,TWR00099,30,392.93,0.384,6,False
USG00002216,5748-RNCJT,2026-08-30,TWR00033,152,3403.48,3.324,1,False
USG00002217,9812-GHVRI,2026-08-30,TWR00015,91,2293.42,2.24,24,False
USG00002218,1074-WVEVG,2026-08-30,TWR00046,31,2577.71,2.517,11,False
USG00002219,7905-NJMXS,2026-08-30,TWR00004,50,4047.77,3.953,18,False
USG00002220,3415-TAILE,2026-08-30,TWR00049,170,3439.94,3.359,0,False
USG00002221,0811-GSDTP,2026-08-30,TWR00022,96,3890.14,3.799,7,False
USG00002222,6927-WTFIV,2026-08-30,TWR00070,8,4498.51,4.393,23,False
USG00002223,3752-CQSJI,2026-08-30,TWR00076,24,2019.52,1.972,15,False
USG00002224,7666-WKRON,2026-08-30,TWR00097,178,513.72,0.502,4,False
USG00002225,9076-AXYIK,2026-08-30,TWR00034,3,4164.0,4.066,22,False
USG00002226,5396-IZEPB,2026-08-30,TWR00070,37,1672.15,1.633,23,False
USG00002227,8111-SLLHI,2026-08-30,TWR00016,96,2572.14,2.512,23,False
USG00002228,6164-HAQTX,2026-08-30,TWR00027,31,531.75,0.519,9,False
USG00002229,6285-FTQBF,2026-08-30,TWR00097,8,1836.41,1.793,22,True
USG00002230,1754-GKYPY,2026-08-30,TWR00007,89,1824.49,1.782,23,True
USG00002231,8835-VSDSE,2026-08-30,TWR00027,13,1858.74,1.815,7,False
USG00002232,2181-TIDSV,2026-08-30,TWR00098,85,4174.42,4.077,23,False
USG00002233,3423-HHXAO,2026-08-30,TWR00011,36,494.15,0.483,7,False
USG00002234,5832-EXGTT,2026-08-30,TWR00024,90,1609.49,1.572,16,False
USG00002235,7766-CLTIC,2026-08-30,TWR00093,32,1701.76,1.662,18,False
USG00002236,2709-UQGNP,2026-08-30,TWR00005,94,3577.45,3.494,11,False
USG00002237,3227-WLKLI,2026-08-30,TWR00001,113,1387.43,1.355,7,False
USG00002238,7392-YYPYJ,2026-08-30,TWR00055,125,3063.03,2.991,10,False
USG00002239,5519-TEEUH,2026-08-30,TWR00071,24,4414.63,4.311,13,False
USG00002240,4789-KWMXN,2026-08-30,TWR00080,140,1061.88,1.037,23,False
USG00002241,7483-IQWIB,2026-08-30,TWR00005,23,2514.22,2.455,6,True
USG00002242,1086-LXKFY,2026-08-30,TWR00006,100,2816.69,2.751,20,False
USG00002243,4226-KKDON,2026-08-30,TWR00081,108,1793.69,1.752,7,False
USG00002244,6344-SFJVH,2026-08-30,TWR00060,54,1415.82,1.383,10,False
USG00002245,9489-DEDVP,2026-08-30,TWR00027,114,4180.18,4.082,9,True
USG00002246,9505-SQFSW,2026-08-30,TWR00081,89,3078.01,3.006,8,False
USG00002247,5879-SESNB,2026-08-30,TWR00011,43,183.35,0.179,4,False
USG00002248,6892-BOGQE,2026-08-30,TWR00036,72,1311.39,1.281,17,False
USG00002249,6288-CHQJB,2026-08-30,TWR00016,158,3697.89,3.611,4,False
USG00002250,4670-TABXH,2026-08-30,TWR00064,165,3338.43,3.26,7,False
USG00002251,0206-TBWLC,2026-08-30,TWR00068,111,3079.57,3.007,17,False
USG00002252,6778-JFCMK,2026-08-30,TWR00019,16,1564.75,1.528,0,False
USG00002253,7108-DGVUU,2026-08-30,TWR00011,15,1855.54,1.812,22,False
USG00002254,6322-HRPFA,2026-08-30,TWR00023,162,1488.97,1.454,7,False
USG00002255,5499-ECUTN,2026-08-30,TWR00049,65,3319.62,3.242,21,False
USG00002256,0661-KQHNK,2026-08-30,TWR00079,72,2425.52,2.369,9,False
USG00002257,6851-WEFYX,2026-08-30,TWR00079,97,1426.39,1.393,18,False
USG00002258,8980-WQFWL,2026-08-30,TWR00063,76,972.63,0.95,7,False
USG00002259,8111-RKSPX,2026-08-30,TWR00002,63,4314.66,4.214,7,False
USG00002260,8329-IBCTI,2026-08-30,TWR00002,94,481.19,0.47,13,False
USG00002261,5174-ITUMV,2026-08-30,TWR00073,66,3356.58,3.278,15,False
USG00002262,2696-ECXKC,2026-08-30,TWR00028,34,3548.58,3.465,10,False
USG00002263,8000-REIQB,2026-08-30,TWR00041,52,1992.4,1.946,17,False
USG00002264,1032-MAELW,2026-08-30,TWR00037,175,1176.35,1.149,23,False
USG00002265,2302-ANTDP,2026-08-30,TWR00061,140,2215.54,2.164,7,False
USG00002266,4174-LPGTI,2026-08-30,TWR00089,127,76.3,0.075,1,False
USG00002267,0301-KOBTQ,2026-08-30,TWR00057,94,2629.3,2.568,18,False
USG00002268,8150-QUDFX,2026-08-30,TWR00007,176,3091.26,3.019,16,False
USG00002269,5981-ITEMU,2026-08-30,TWR00068,32,790.89,0.772,20,False
USG00002270,6719-FGEDO,2026-08-30,TWR00084,122,4028.42,3.934,10,False
USG00002271,9470-YFUYI,2026-08-30,TWR00068,123,1845.35,1.802,22,False
USG00002272,0135-NMXAP,2026-08-30,TWR00069,4,1515.85,1.48,25,True
USG00002273,5590-YRFJT,2026-08-30,TWR00030,139,3892.59,3.801,10,False
USG00002274,2933-XEUJM,2026-08-30,TWR00085,77,3642.37,3.557,23,True
USG00002275,6133-OZILE,2026-08-30,TWR00026,31,3313.27,3.236,22,False
USG00002276,9591-YVTEB,2026-08-30,TWR00045,42,613.33,0.599,7,False
USG00002277,4860-YZGZM,2026-08-30,TWR00001,56,2831.31,2.765,17,True
USG00002278,9788-HNGUT,2026-08-30,TWR00086,10,825.45,0.806,15,False
USG00002279,9581-GVBXT,2026-08-30,TWR00030,58,538.84,0.526,14,False
USG00002280,0983-TATYJ,2026-08-30,TWR00009,62,3831.97,3.742,6,False
USG00002281,5686-CMAWK,2026-08-30,TWR00004,101,145.5,0.142,12,False
USG00002282,4580-TMHJU,2026-08-30,TWR00020,101,539.04,0.526,20,False
USG00002283,0201-MIBOL,2026-08-30,TWR00028,99,2181.87,2.131,24,True
USG00002284,1266-NZYUI,2026-08-30,TWR00036,16,2869.22,2.802,19,False
USG00002285,5510-BOIUJ,2026-08-30,TWR00081,154,135.61,0.132,13,True
USG00002286,6289-CPNLD,2026-08-30,TWR00069,145,2680.39,2.618,4,False
USG00002287,9146-JRIOX,2026-08-30,TWR00011,107,2893.44,2.826,15,False
USG00002288,4710-NKCAW,2026-08-30,TWR00012,80,2708.75,2.645,21,False
USG00002289,2592-HODOV,2026-08-30,TWR00100,66,2094.39,2.045,22,False
USG00002290,5678-VFNEQ,2026-08-30,TWR00003,112,2729.81,2.666,0,False
USG00002291,0674-DGMAQ,2026-08-30,TWR00041,97,3997.79,3.904,24,False
USG00002292,3807-BPOMJ,2026-08-30,TWR00039,107,3772.35,3.684,1,False
USG00002293,2408-PSJVE,2026-08-30,TWR00059,36,2686.98,2.624,7,False
USG00002294,7435-ZNUYY,2026-08-30,TWR00082,63,414.03,0.404,16,False
USG00002295,7615-ESMYF,2026-08-30,TWR00092,29,1715.06,1.675,18,False
USG00002296,3034-ZBEQN,2026-08-30,TWR00028,151,716.26,0.699,7,False
USG00002297,1544-JJMYL,2026-08-30,TWR00097,154,2869.96,2.803,20,False
USG00002298,4430-UZIPO,2026-08-30,TWR00070,131,1280.13,1.25,22,False
USG00002299,3724-BSCVH,2026-08-30,TWR00099,63,3819.83,3.73,25,False
USG00002300,7410-KTVFV,2026-08-30,TWR00013,11,4137.07,4.04,18,False
USG00002301,5960-MVTUK,2026-08-30,TWR00064,169,387.3,0.378,20,False
USG00002302,3071-VBYPO,2026-08-30,TWR00062,36,1635.19,1.597,14,False
USG00002303,5117-IFGPS,2026-08-30,TWR00079,37,518.78,0.507,23,False
USG00002304,9717-QEBGU,2026-08-30,TWR00016,31,3290.05,3.213,12,False
USG00002305,0831-JNISG,2026-08-30,TWR00088,106,743.25,0.726,10,False
USG00002306,8060-HIWJJ,2026-08-30,TWR00028,75,3504.48,3.422,11,True
USG00002307,6424-ELEYH,2026-08-30,TWR00061,119,1367.56,1.336,16,False
USG00002308,9970-QBCDA,2026-08-30,TWR00072,130,495.56,0.484,10,True
USG00002309,6174-NRBTZ,2026-08-30,TWR00064,117,3026.7,2.956,14,True
USG00002310,1834-WULEG,2026-08-30,TWR00045,170,4318.55,4.217,20,False
USG00002311,9191-MYQKX,2026-08-30,TWR00070,146,213.01,0.208,25,False
USG00002312,4597-ELFTS,2026-08-30,TWR00047,146,3564.0,3.48,15,False
USG00002313,1608-GMEWB,2026-08-30,TWR00037,158,2651.1,2.589,24,False
USG00002314,4343-EJVQB,2026-08-30,TWR00041,38,4109.09,4.013,23,False
USG00002315,8050-DVOJX,2026-08-30,TWR00012,68,2496.7,2.438,5,False
USG00002316,9766-HGEDE,2026-08-30,TWR00096,143,3187.67,3.113,15,True
USG00002317,9508-ILZDG,2026-08-30,TWR00045,126,4017.77,3.924,2,False
USG00002318,3920-HIHMQ,2026-08-30,TWR00038,85,3071.49,3.0,1,False
USG00002319,3744-ZRRDZ,2026-08-30,TWR00059,48,1109.3,1.083,24,False
USG00002320,7410-YTJIK,2026-08-30,TWR00020,78,2524.77,2.466,16,False
USG00002321,2921-XWDJH,2026-08-30,TWR00012,143,3689.05,3.603,1,False
USG00002322,7684-XSZIY,2026-08-30,TWR00015,63,2346.62,2.292,18,False
USG00002323,3878-AVSOQ,2026-08-30,TWR00008,51,3091.3,3.019,25,False
USG00002324,0988-JRWWP,2026-08-30,TWR00006,105,2613.58,2.552,12,False
USG00002325,0697-ZMSWS,2026-08-30,TWR00043,95,2882.24,2.815,17,False
USG00002326,9661-JALZV,2026-08-30,TWR00040,40,104.54,0.102,24,False
USG00002327,9739-JLPQJ,2026-08-30,TWR00063,86,776.71,0.759,23,False
USG00002328,7752-XUSCI,2026-08-30,TWR00031,64,2554.28,2.494,25,False
USG00002329,1448-PWKYE,2026-08-30,TWR00021,146,3626.57,3.542,22,False
USG00002330,5902-WBLSE,2026-08-30,TWR00096,173,4025.88,3.932,19,False
USG00002331,5010-IPEAQ,2026-08-30,TWR00082,123,2175.71,2.125,18,False
USG00002332,4872-VXRIL,2026-08-30,TWR00094,170,2999.23,2.929,19,False
USG00002333,4361-JEIVL,2026-08-30,TWR00056,10,4020.8,3.927,4,False
USG00002334,7065-YUNRY,2026-08-30,TWR00045,111,1754.57,1.713,1,False
USG00002335,6437-UDQJM,2026-08-30,TWR00097,176,1447.07,1.413,22,False
USG00002336,4837-QUSFT,2026-08-30,TWR00001,161,1020.62,0.997,16,False
USG00002337,4883-QICIH,2026-08-30,TWR00064,110,3118.01,3.045,18,False
USG00002338,0557-ASKVU,2026-08-30,TWR00072,59,1776.24,1.735,5,False
USG00002339,1926-QUZNN,2026-08-30,TWR00078,21,2431.5,2.375,18,False
USG00002340,2039-JONDJ,2026-08-30,TWR00027,115,2632.31,2.571,5,False
USG00002341,7854-FOKSF,2026-08-30,TWR00040,39,1226.4,1.198,10,False
USG00002342,1135-LMECX,2026-08-30,TWR00037,69,1766.06,1.725,12,False
USG00002343,1996-DBMUS,2026-08-30,TWR00074,48,4235.94,4.137,15,False
USG00002344,7159-FVYPK,2026-08-30,TWR00004,35,3306.65,3.229,12,False
USG00002345,6691-CCIHA,2026-08-30,TWR00064,178,2475.58,2.418,18,True
USG00002346,8318-LCNBW,2026-08-30,TWR00002,60,1086.4,1.061,17,False
USG00002347,4847-QNOKA,2026-08-30,TWR00032,6,1251.82,1.222,6,False
USG00002348,5774-QPLTF,2026-08-30,TWR00019,179,1451.46,1.417,2,False
USG00002349,6418-HNFED,2026-08-30,TWR00080,72,969.52,0.947,25,False
USG00002350,5108-ADXWO,2026-08-30,TWR00009,13,1106.95,1.081,1,False
USG00002351,6244-BESBM,2026-08-30,TWR00020,68,145.8,0.142,16,False
USG00002352,8404-GFGCZ,2026-08-30,TWR00013,134,3320.02,3.242,22,False
USG00002353,5724-BIDBU,2026-08-30,TWR00078,131,1454.94,1.421,7,True
USG00002354,3192-LNKRK,2026-08-30,TWR00056,172,1794.07,1.752,9,False
USG00002355,7576-OYWBN,2026-08-30,TWR00039,157,61.86,0.06,23,False
USG00002356,3902-FOIGH,2026-08-30,TWR00027,158,2885.37,2.818,21,False
USG00002357,2087-QAREY,2026-08-30,TWR00096,105,846.53,0.827,8,True
USG00002358,4010-YLMVT,2026-08-30,TWR00096,149,2271.95,2.219,6,False
USG00002359,7594-RQHXR,2026-08-30,TWR00028,165,513.82,0.502,2,False
USG00002360,7576-JMYWV,2026-08-30,TWR00056,176,1418.82,1.386,4,False
USG00002361,3736-BLEPA,2026-08-30,TWR00016,54,1684.55,1.645,6,False
USG00002362,0504-HHAPI,2026-08-30,TWR00089,66,1385.53,1.353,8,False
USG00002363,2789-CZANW,2026-08-30,TWR00079,164,3455.76,3.375,22,False
USG00002364,5734-EJKXG,2026-08-30,TWR00053,69,1974.43,1.928,16,False
USG00002365,1017-FBQMM,2026-08-30,TWR00081,11,3088.42,3.016,8,False
USG00002366,4808-YNLEU,2026-08-30,TWR00077,88,4368.68,4.266,12,False
USG00002367,0975-VOOVL,2026-08-30,TWR00034,1,3879.33,3.788,3,False
USG00002368,8224-DWCKX,2026-08-30,TWR00076,167,934.75,0.913,1,True
USG00002369,7225-IILWY,2026-08-30,TWR00059,3,238.26,0.233,20,False
USG00002370,2632-UCGVD,2026-08-30,TWR00078,71,259.24,0.253,9,False
USG00002371,2750-BJLSB,2026-08-30,TWR00096,10,2860.94,2.794,0,False
USG00002372,0064-YIJGF,2026-08-30,TWR00062,91,2120.44,2.071,14,True
USG00002373,7787-BNTZM,2026-08-30,TWR00038,91,975.51,0.953,5,True
USG00002374,5553-AOINX,2026-08-30,TWR00091,4,3856.13,3.766,11,False
USG00002375,3703-VAVCL,2026-08-30,TWR00065,22,2830.83,2.764,20,False
USG00002376,5652-MSDEY,2026-08-30,TWR00015,127,3348.32,3.27,10,False
USG00002377,5624-BQSSA,2026-08-30,TWR00087,98,1367.01,1.335,24,False
USG00002378,2882-DDZPG,2026-08-30,TWR00032,78,2983.28,2.913,24,False
USG00002379,3635-QQRQD,2026-08-30,TWR00074,25,2407.0,2.351,16,False
USG00002380,6745-JEFZB,2026-08-30,TWR00097,110,1782.77,1.741,14,False
USG00002381,6584-VQMYT,2026-08-30,TWR00057,87,3977.73,3.885,7,False
USG00002382,0572-ZJKLT,2026-08-30,TWR00057,17,3245.6,3.17,10,False
USG00002383,8775-ERLNB,2026-08-30,TWR00085,11,1459.52,1.425,12,False
USG00002384,2694-CIUMO,2026-08-30,TWR00061,179,2726.12,2.662,17,True
USG00002385,3537-HPKQT,2026-08-30,TWR00080,89,976.41,0.954,2,False
USG00002386,3347-YJZZE,2026-08-30,TWR00042,99,998.61,0.975,10,False
USG00002387,0895-DQHEW,2026-08-30,TWR00030,133,2371.75,2.316,20,False
USG00002388,7860-UXCRM,2026-08-30,TWR00012,177,1689.78,1.65,3,False
USG00002389,0289-IVARM,2026-08-30,TWR00038,152,4489.04,4.384,24,False
USG00002390,6961-VCPMC,2026-08-30,TWR00086,77,2901.87,2.834,17,False
USG00002391,0742-MOABM,2026-08-30,TWR00036,100,1317.96,1.287,1,True
USG00002392,6551-VLJMV,2026-08-30,TWR00036,9,1245.97,1.217,17,True
USG00002393,0263-FJTQO,2026-08-30,TWR00068,96,3899.77,3.808,19,False
USG00002394,1241-EZFMJ,2026-08-30,TWR00054,89,1739.46,1.699,9,True
USG00002395,0142-GVYSN,2026-08-30,TWR00043,37,1417.83,1.385,25,False
USG00002396,2885-HIJDH,2026-08-30,TWR00069,61,221.39,0.216,19,False
USG00002397,1564-HJUVY,2026-08-30,TWR00024,50,2813.53,2.748,7,False
USG00002398,4049-ZPALD,2026-08-30,TWR00094,151,4162.18,4.065,18,False
USG00002399,3709-OIJEA,2026-08-30,TWR00076,111,3654.14,3.568,15,False
USG00002400,3845-FXCYS,2026-08-30,TWR00041,89,2501.75,2.443,0,False
USG00002401,0235-KGSLC,2026-08-30,TWR00090,121,3914.09,3.822,8,True
USG00002402,0374-AACSZ,2026-08-30,TWR00063,3,3142.97,3.069,18,False
USG00002403,0899-LIIBW,2026-08-30,TWR00085,72,3327.4,3.249,19,False
USG00002404,6890-PFRQX,2026-08-30,TWR00062,6,652.61,0.637,25,False
USG00002405,0961-ZWLVI,2026-08-30,TWR00008,59,1331.91,1.301,23,False
USG00002406,6646-QVXLR,2026-08-30,TWR00090,66,4105.99,4.01,19,False
USG00002407,2831-EBWRN,2026-08-30,TWR00081,96,239.49,0.234,9,False
USG00002408,4451-RWASJ,2026-08-30,TWR00032,169,2057.96,2.01,13,False
USG00002409,4636-OLWOE,2026-08-30,TWR00053,141,1249.56,1.22,17,False
USG00002410,7255-SSFBC,2026-08-30,TWR00078,9,449.39,0.439,18,True
USG00002411,6198-ZFIOJ,2026-08-30,TWR00058,43,3856.2,3.766,4,False
USG00002412,3620-MWJNE,2026-08-30,TWR00082,52,3010.99,2.94,19,False
USG00002413,2446-PLQVO,2026-08-30,TWR00033,159,4050.38,3.955,7,False
USG00002414,5567-GZKQY,2026-08-30,TWR00001,156,306.85,0.3,20,False
USG00002415,7851-WZEKY,2026-08-30,TWR00061,40,987.39,0.964,11,False
USG00002416,8029-XYPWT,2026-08-30,TWR00003,71,653.43,0.638,12,False
USG00002417,7625-XCQRH,2026-08-30,TWR00024,129,3319.29,3.241,13,False
USG00002418,4973-RLZVI,2026-08-30,TWR00026,179,3914.28,3.823,20,False
USG00002419,8201-AAXCB,2026-08-30,TWR00039,21,1342.34,1.311,7,False
USG00002420,2038-LLMLM,2026-08-30,TWR00043,19,4142.92,4.046,22,True
USG00002421,7250-EQKIY,2026-08-30,TWR00003,106,865.31,0.845,17,False
USG00002422,0345-HKJVM,2026-08-30,TWR00028,70,418.2,0.408,17,False
USG00002423,3038-PQIUY,2026-08-30,TWR00058,65,468.73,0.458,8,False
USG00002424,8086-OVPWV,2026-08-30,TWR00013,99,655.07,0.64,3,False
USG00002425,5811-IWXYM,2026-08-30,TWR00098,8,1426.03,1.393,25,False
USG00002426,1561-BWHIN,2026-08-30,TWR00083,0,726.33,0.709,24,False
USG00002427,0082-LDZUE,2026-08-30,TWR00026,14,382.01,0.373,21,False
USG00002428,7088-FBAWU,2026-08-30,TWR00032,156,3140.44,3.067,20,False
USG00002429,5099-BAILX,2026-08-30,TWR00023,110,1528.36,1.493,9,False
USG00002430,1816-FLZDK,2026-08-30,TWR00021,2,3561.91,3.478,19,False
USG00002431,4074-SJFFA,2026-08-30,TWR00047,94,1687.1,1.648,20,False
USG00002432,3197-ARFOY,2026-08-30,TWR00014,141,3705.83,3.619,6,False
USG00002433,5356-KZCKT,2026-08-30,TWR00056,125,3236.23,3.16,15,False
USG00002434,8406-LNMHF,2026-08-30,TWR00047,16,1792.86,1.751,16,False
USG00002435,6408-OTUBZ,2026-08-30,TWR00076,91,4466.08,4.361,19,False
USG00002436,4137-JOPHL,2026-08-30,TWR00054,64,2831.72,2.765,22,True
USG00002437,8344-WFMFH,2026-08-30,TWR00092,13,1285.57,1.255,21,False
USG00002438,9220-CXRSC,2026-08-30,TWR00009,116,2732.19,2.668,22,False
USG00002439,0684-AOSIH,2026-08-30,TWR00048,5,1624.02,1.586,19,False
USG00002440,0164-XAIRP,2026-08-30,TWR00049,80,3370.24,3.291,19,False
USG00002441,1596-BBVTG,2026-08-30,TWR00085,174,626.22,0.612,3,False
USG00002442,9150-KPBJQ,2026-08-30,TWR00044,55,557.26,0.544,0,False
USG00002443,4660-IRIBM,2026-08-30,TWR00099,124,3334.3,3.256,5,False
USG00002444,7688-AWMDX,2026-08-30,TWR00022,107,1481.91,1.447,4,False
USG00002445,2260-USTRB,2026-08-30,TWR00030,99,2285.77,2.232,10,False
USG00002446,5141-ZUVBH,2026-08-30,TWR00031,140,4092.09,3.996,3,False
USG00002447,0221-NAUXK,2026-08-30,TWR00037,71,4238.61,4.139,8,False
USG00002448,5701-GUXDC,2026-08-30,TWR00051,122,3695.69,3.609,15,True
USG00002449,2225-ZRGSG,2026-08-30,TWR00041,51,4108.57,4.012,21,False
USG00002450,6543-JXSOO,2026-08-30,TWR00086,122,4315.85,4.215,7,False
USG00002451,6521-YYTYI,2026-08-30,TWR00007,110,1331.28,1.3,1,False
USG00002452,5916-QEWPT,2026-08-30,TWR00086,130,4175.57,4.078,14,False
USG00002453,3115-JPJDD,2026-08-30,TWR00029,99,3366.6,3.288,2,False
USG00002454,2400-FEQME,2026-08-30,TWR00071,126,2061.78,2.013,12,False
USG00002455,0201-OAMXR,2026-08-30,TWR00016,166,4454.46,4.35,2,True
USG00002456,7469-LKBCI,2026-08-30,TWR00003,81,4225.35,4.126,20,False
USG00002457,8660-BUETV,2026-08-30,TWR00099,21,52.31,0.051,19,False
USG00002458,0634-SZPQA,2026-08-30,TWR00033,15,1437.64,1.404,15,False
USG00002459,4741-WWJQZ,2026-08-30,TWR00099,8,748.06,0.731,23,False
USG00002460,1965-DDBWU,2026-08-30,TWR00053,148,2568.4,2.508,24,False
USG00002461,0812-WUPTB,2026-08-30,TWR00078,84,3706.98,3.62,18,False
USG00002462,8067-NIOYM,2026-08-30,TWR00054,141,3463.71,3.383,20,False
USG00002463,4628-WQCQQ,2026-08-30,TWR00008,94,2525.9,2.467,20,False
USG00002464,8751-EDEKA,2026-08-30,TWR00059,94,3481.09,3.4,11,False
USG00002465,6993-OHLXR,2026-08-30,TWR00016,60,1413.43,1.38,12,False
USG00002466,9619-GSATL,2026-08-30,TWR00038,80,3248.03,3.172,11,False
USG00002467,3307-TLCUD,2026-08-30,TWR00054,8,3327.46,3.249,21,False
USG00002468,6114-TCFID,2026-08-30,TWR00075,9,4480.41,4.375,20,False
USG00002469,5135-GRQJV,2026-08-30,TWR00037,68,604.62,0.59,2,False
USG00002470,8606-CIQUL,2026-08-30,TWR00032,68,3509.05,3.427,3,False
USG00002471,6508-NJYRO,2026-08-30,TWR00035,122,2632.8,2.571,8,False
USG00002472,3745-HRPHI,2026-08-30,TWR00043,5,91.77,0.09,21,False
USG00002473,1761-AEZZR,2026-08-30,TWR00009,3,2674.22,2.612,6,False
USG00002474,3318-OSATS,2026-08-30,TWR00004,4,3476.68,3.395,0,False
USG00002475,9070-BCKQP,2026-08-30,TWR00085,130,87.68,0.086,13,False
USG00002476,8668-KNZTI,2026-08-30,TWR00086,153,758.94,0.741,22,False
USG00002477,4770-UEZOX,2026-08-30,TWR00022,34,1952.03,1.906,18,False
USG00002478,7147-AYBAA,2026-08-30,TWR00070,21,179.92,0.176,25,False
USG00002479,1930-QPBVZ,2026-08-30,TWR00046,170,2357.82,2.303,10,False
USG00002480,0266-GMEAO,2026-08-30,TWR00037,36,3998.9,3.905,12,False
USG00002481,3665-JATSN,2026-08-30,TWR00011,80,146.54,0.143,25,False
USG00002482,8144-DGHXP,2026-08-30,TWR00015,118,913.76,0.892,0,False
USG00002483,8286-AFUYI,2026-08-30,TWR00080,112,2738.74,2.675,24,False
USG00002484,1465-LNTLJ,2026-08-30,TWR00037,98,131.83,0.129,7,False
USG00002485,9173-IVZVP,2026-08-30,TWR00001,106,3107.43,3.035,5,False
USG00002486,4816-OKWNX,2026-08-30,TWR00005,5,4335.37,4.234,22,False
USG00002487,3030-YZADT,2026-08-30,TWR00048,135,1762.4,1.721,21,False
USG00002488,9430-NKQLY,2026-08-30,TWR00014,56,1499.17,1.464,6,False
USG00002489,0480-BIXDE,2026-08-30,TWR00063,176,1571.82,1.535,15,False
USG00002490,5583-EJXRD,2026-08-30,TWR00091,129,2283.81,2.23,1,False
USG00002491,5133-VRSAB,2026-08-30,TWR00041,97,2233.65,2.181,5,False
USG00002492,0374-FIUCA,2026-08-30,TWR00013,165,768.0,0.75,23,False
USG00002493,9741-YLNTD,2026-08-30,TWR00087,58,3964.13,3.871,1,False
USG00002494,1057-FOGLZ,2026-08-30,TWR00023,26,952.16,0.93,17,False
USG00002495,4791-QRGMF,2026-08-30,TWR00074,167,1702.07,1.662,16,True
USG00002496,7013-PSXHK,2026-08-30,TWR00006,23,2904.96,2.837,0,False
USG00002497,0988-AADSA,2026-08-30,TWR00023,63,391.16,0.382,5,True
USG00002498,8261-GWDBQ,2026-08-30,TWR00096,21,3810.57,3.721,12,False
USG00002499,9609-BENEA,2026-08-30,TWR00068,13,3548.51,3.465,12,False
USG00002500,4815-TUMEQ,2026-08-30,TWR00001,70,3780.33,3.692,13,False
USG00002501,2233-TXSIU,2026-08-30,TWR00083,131,1942.58,1.897,3,False
USG00002502,0946-CLJTI,2026-08-30,TWR00022,65,4434.37,4.33,8,False
USG00002503,4701-AHWMW,2026-08-30,TWR00073,110,268.67,0.262,0,False
USG00002504,9424-CMPOG,2026-08-30,TWR00006,35,2782.54,2.717,11,False
USG00002505,5622-UEJFI,2026-08-30,TWR00054,62,1999.45,1.953,21,False
USG00002506,0454-OKRCT,2026-08-30,TWR00016,148,1854.61,1.811,23,False
USG00002507,6048-UWKAL,2026-08-30,TWR00011,122,3801.79,3.713,12,False
USG00002508,5307-DZCVC,2026-08-30,TWR00047,29,278.56,0.272,7,False
USG00002509,3967-VQOGC,2026-08-30,TWR00055,122,4154.63,4.057,8,False
USG00002510,8073-IJDCM,2026-08-30,TWR00044,65,1101.54,1.076,19,False
USG00002511,1728-CXQBE,2026-08-30,TWR00079,67,3802.57,3.713,7,True
USG00002512,7101-HRBLJ,2026-08-30,TWR00059,113,1260.09,1.231,16,False
USG00002513,2382-BCKQJ,2026-08-30,TWR00031,35,4405.65,4.302,15,True
USG00002514,8125-QPFJD,2026-08-30,TWR00048,64,478.55,0.467,3,True
USG00002515,1448-CYWKC,2026-08-30,TWR00099,40,1938.27,1.893,24,False
USG00002516,5044-XDPYX,2026-08-30,TWR00047,9,4086.69,3.991,25,False
USG00002517,7964-VEXDG,2026-08-30,TWR00071,93,2592.33,2.532,18,True
USG00002518,3714-NTNFO,2026-08-30,TWR00016,171,3600.19,3.516,21,False
USG00002519,1153-GNOLC,2026-08-30,TWR00056,137,3190.27,3.115,11,False
USG00002520,3936-QQFLL,2026-08-30,TWR00089,64,2970.17,2.901,9,False
USG00002521,8652-YHIYU,2026-08-30,TWR00088,70,2745.23,2.681,20,False
USG00002522,9052-DHNKM,2026-08-30,TWR00097,92,3416.76,3.337,24,False
USG00002523,0804-YGEQV,2026-08-30,TWR00004,58,2490.9,2.433,22,False
USG00002524,6711-VTNRE,2026-08-30,TWR00075,135,4083.1,3.987,7,True
USG00002525,7969-AULMZ,2026-08-30,TWR00022,178,73.08,0.071,5,False
USG00002526,1257-SXUXQ,2026-08-30,TWR00027,26,2512.42,2.454,13,False
USG00002527,5119-NZPTV,2026-08-30,TWR00034,137,3487.16,3.405,23,False
USG00002528,4020-KIUDI,2026-08-30,TWR00074,74,2583.83,2.523,12,True
USG00002529,1455-HFBXA,2026-08-30,TWR00043,163,3460.77,3.38,10,False
USG00002530,0114-IGABW,2026-08-30,TWR00086,59,4338.45,4.237,1,False
USG00002531,4641-FROLU,2026-08-30,TWR00051,21,3801.94,3.713,25,False
USG00002532,4080-IIARD,2026-08-30,TWR00068,12,511.55,0.5,15,False
USG00002533,2359-QWQUL,2026-08-30,TWR00058,25,1390.17,1.358,23,False
USG00002534,7912-SYRQT,2026-08-30,TWR00067,125,3659.94,3.574,21,False
USG00002535,2075-RMJIK,2026-08-30,TWR00077,101,3435.12,3.355,16,False
USG00002536,9734-YWGEX,2026-08-30,TWR00020,179,322.38,0.315,9,False
USG00002537,9938-PRCVK,2026-08-30,TWR00077,153,2479.86,2.422,2,False
USG00002538,3400-ESFUW,2026-08-30,TWR00021,53,3468.28,3.387,9,False
USG00002539,5914-DVBWJ,2026-08-30,TWR00024,42,3323.46,3.246,2,False
USG00002540,8048-DSDFQ,2026-08-30,TWR00077,175,1175.56,1.148,14,True
USG00002541,9174-FKWZE,2026-08-30,TWR00028,128,3447.0,3.366,15,False
USG00002542,0968-GSIKN,2026-08-30,TWR00038,142,1218.55,1.19,25,True
USG00002543,9917-KWRBE,2026-08-30,TWR00086,47,3248.16,3.172,15,False
USG00002544,6017-PPLPX,2026-08-30,TWR00062,102,3304.54,3.227,5,False
USG00002545,0218-QNVAS,2026-08-30,TWR00081,40,2951.07,2.882,20,True
USG00002546,0691-JVSYA,2026-08-30,TWR00021,31,849.02,0.829,16,False
USG00002547,5356-RHIPP,2026-08-30,TWR00007,60,1346.19,1.315,6,False
USG00002548,3865-QBWSJ,2026-08-30,TWR00009,179,4490.32,4.385,8,False
USG00002549,6618-RYATB,2026-08-30,TWR00037,76,368.61,0.36,14,False
USG00002550,4390-KYULV,2026-08-30,TWR00024,145,146.78,0.143,22,False
USG00002551,5127-BZENZ,2026-08-30,TWR00051,149,427.27,0.417,5,False
USG00002552,3841-NFECX,2026-08-30,TWR00033,28,1303.91,1.273,13,False
USG00002553,5229-PRWKT,2026-08-30,TWR00060,64,409.46,0.4,20,False
USG00002554,1310-QRITU,2026-08-30,TWR00062,48,1577.21,1.54,1,False
USG00002555,3750-RNQKR,2026-08-30,TWR00023,76,1926.89,1.882,15,True
USG00002556,6873-UDNLD,2026-08-30,TWR00070,155,4491.95,4.387,13,False
USG00002557,9297-FVVDH,2026-08-30,TWR00090,125,1128.36,1.102,14,False
USG00002558,8659-IOOPU,2026-08-30,TWR00088,48,948.56,0.926,16,False
USG00002559,6579-JPICP,2026-08-30,TWR00062,76,2248.98,2.196,5,False
USG00002560,2789-HQBOU,2026-08-30,TWR00010,103,837.9,0.818,11,False
USG00002561,1328-EUZHC,2026-08-30,TWR00039,121,1302.24,1.272,10,False
USG00002562,8108-UXRQN,2026-08-30,TWR00079,25,420.5,0.411,5,False
USG00002563,7813-ZGGAW,2026-08-30,TWR00098,34,4279.33,4.179,19,True
USG00002564,3274-NSDWE,2026-08-30,TWR00013,144,1083.45,1.058,18,False
USG00002565,1347-KTTTA,2026-08-30,TWR00089,114,2024.79,1.977,18,True
USG00002566,7925-PNRGI,2026-08-30,TWR00006,57,2885.35,2.818,22,False
USG00002567,0118-JPNOY,2026-08-30,TWR00024,168,3733.36,3.646,17,False
USG00002568,3545-CNWRG,2026-08-30,TWR00067,105,1869.18,1.825,6,False
USG00002569,1925-TIBLE,2026-08-30,TWR00069,145,132.41,0.129,7,False
USG00002570,3810-DVDQQ,2026-08-30,TWR00027,37,1703.44,1.664,11,False
USG00002571,1600-DILPE,2026-08-30,TWR00033,138,1652.23,1.614,22,True
USG00002572,3648-GZPHF,2026-08-30,TWR00044,108,2775.25,2.71,10,False
USG00002573,0733-VUNUW,2026-08-30,TWR00017,23,2589.05,2.528,19,False
USG00002574,8597-CTXVJ,2026-08-30,TWR00083,87,1059.78,1.035,10,False
USG00002575,6317-YPKDH,2026-08-30,TWR00099,101,3836.47,3.747,25,False
USG00002576,9746-MDMBK,2026-08-30,TWR00021,157,2917.81,2.849,7,False
USG00002577,3891-NLXJB,2026-08-30,TWR00072,36,2634.43,2.573,9,False
USG00002578,4079-VTGLK,2026-08-30,TWR00039,14,2848.99,2.782,0,False
USG00002579,5018-HEKFO,2026-08-30,TWR00095,82,4074.89,3.979,20,False
USG00002580,6993-YCOBK,2026-08-30,TWR00076,36,3097.75,3.025,4,False
USG00002581,8631-XVRZL,2026-08-30,TWR00018,45,1799.73,1.758,8,False
USG00002582,1157-BQCUW,2026-08-30,TWR00055,87,4449.11,4.345,12,False
USG00002583,5565-FILXA,2026-08-30,TWR00051,111,2346.59,2.292,12,False
USG00002584,8087-LGYHQ,2026-08-30,TWR00026,59,3386.92,3.308,17,False
USG00002585,7426-WEIJX,2026-08-30,TWR00009,72,2657.13,2.595,8,False
USG00002586,5527-ACHSO,2026-08-30,TWR00012,123,2081.71,2.033,7,True
USG00002587,7876-DNYAP,2026-08-30,TWR00064,10,3939.97,3.848,21,False
USG00002588,9504-YAZWB,2026-08-30,TWR00093,27,3887.91,3.797,5,False
USG00002589,3717-OEAUQ,2026-08-30,TWR00081,18,2582.12,2.522,2,False
USG00002590,5084-OOVCJ,2026-08-30,TWR00014,171,1019.4,0.996,10,False
USG00002591,5649-TJHOV,2026-08-30,TWR00026,145,918.16,0.897,19,True
USG00002592,7994-XIRTR,2026-08-30,TWR00084,175,1905.94,1.861,21,False
USG00002593,8570-KLJYJ,2026-08-30,TWR00001,67,2422.92,2.366,9,True
USG00002594,6746-WAUWT,2026-08-30,TWR00043,16,2648.52,2.586,2,False
USG00002595,2272-QAGFO,2026-08-30,TWR00053,42,3343.71,3.265,1,False
USG00002596,0820-FNRNX,2026-08-30,TWR00077,119,2464.42,2.407,17,False
USG00002597,7621-VPNET,2026-08-30,TWR00076,44,1323.57,1.293,16,True
USG00002598,3259-QMXUN,2026-08-30,TWR00080,96,1963.03,1.917,20,False
USG00002599,4682-BLBUC,2026-08-30,TWR00033,18,4450.69,4.346,12,True
USG00002600,9611-CTWIH,2026-08-30,TWR00010,137,4051.93,3.957,17,True
USG00002601,4547-KQRTM,2026-08-30,TWR00087,40,179.66,0.175,1,False
USG00002602,2996-XAUVF,2026-08-30,TWR00013,123,2567.03,2.507,19,False
USG00002603,3963-RYFNS,2026-08-30,TWR00040,22,1323.76,1.293,13,False
USG00002604,2977-CEBSX,2026-08-30,TWR00034,95,537.15,0.525,19,True
USG00002605,0376-YMCJC,2026-08-30,TWR00027,177,737.27,0.72,5,False
USG00002606,4654-DLAMQ,2026-08-30,TWR00077,29,3769.47,3.681,3,False
USG00002607,2625-TRCZQ,2026-08-30,TWR00004,142,4329.37,4.228,4,False
USG00002608,8562-GHPPI,2026-08-30,TWR00006,80,468.82,0.458,23,False
USG00002609,0685-MLYYM,2026-08-30,TWR00099,0,3068.33,2.996,6,False
USG00002610,9565-DJPIB,2026-08-30,TWR00097,145,965.33,0.943,10,False
USG00002611,2946-KIQSP,2026-08-30,TWR00098,99,1723.9,1.683,10,False
USG00002612,4484-GLZOU,2026-08-30,TWR00060,98,1093.15,1.068,1,False
USG00002613,8696-JKZNU,2026-08-30,TWR00001,8,214.61,0.21,7,False
USG00002614,8670-MEFCP,2026-08-30,TWR00022,152,1717.99,1.678,2,False
USG00002615,3329-WDIOK,2026-08-30,TWR00083,69,2004.43,1.957,8,True
USG00002616,9018-PCIOK,2026-08-30,TWR00034,50,4285.08,4.185,25,False
USG00002617,0871-OPBXW,2026-08-30,TWR00010,26,2293.46,2.24,24,False
USG00002618,9435-JMLSX,2026-08-30,TWR00025,60,2533.68,2.474,15,False
USG00002619,6368-TZZDT,2026-08-30,TWR00047,172,3521.39,3.439,25,False
USG00002620,8819-WFGGJ,2026-08-30,TWR00018,126,1627.87,1.59,10,False
USG00002621,0107-YHINA,2026-08-30,TWR00035,174,2576.5,2.516,15,True
USG00002622,8262-COGGB,2026-08-30,TWR00091,73,3747.76,3.66,12,False
USG00002623,6952-OMNWB,2026-08-30,TWR00022,142,2324.3,2.27,2,True
USG00002624,8421-WZOOW,2026-08-30,TWR00013,104,3448.42,3.368,2,False
USG00002625,6838-YAUVY,2026-08-30,TWR00011,142,3640.7,3.555,23,False
USG00002626,1971-DTCZB,2026-08-30,TWR00011,156,2625.36,2.564,4,False
USG00002627,1346-PJWTK,2026-08-30,TWR00050,21,4022.24,3.928,9,False
USG00002628,1195-OIYEJ,2026-08-30,TWR00004,92,1239.07,1.21,7,True
USG00002629,4909-JOUPP,2026-08-30,TWR00080,77,4100.02,4.004,8,False
USG00002630,7794-JASDG,2026-08-30,TWR00063,153,895.17,0.874,5,False
USG00002631,2254-DLXRI,2026-08-30,TWR00086,89,1808.5,1.766,17,False
USG00002632,3717-OFRTN,2026-08-30,TWR00036,96,4088.0,3.992,6,False
USG00002633,0895-UADGO,2026-08-30,TWR00014,118,1260.82,1.231,8,False
USG00002634,2908-ZTPNF,2026-08-30,TWR00017,130,714.66,0.698,13,False
USG00002635,0793-TWELN,2026-08-30,TWR00001,53,1235.79,1.207,19,False
USG00002636,5261-QSHQM,2026-08-30,TWR00007,53,268.23,0.262,0,False
USG00002637,9507-EXLTT,2026-08-30,TWR00092,125,1740.51,1.7,3,False
USG00002638,3162-ZJZFU,2026-08-30,TWR00054,52,394.33,0.385,13,False
USG00002639,3768-NLUBH,2026-08-30,TWR00018,125,3525.71,3.443,22,False
USG00002640,8896-RAZCR,2026-08-30,TWR00096,86,2368.49,2.313,24,False
USG00002641,7596-ZYWBB,2026-08-30,TWR00019,0,4108.27,4.012,12,False
USG00002642,9467-ROOLM,2026-08-30,TWR00086,91,2659.86,2.598,8,False
USG00002643,7369-TRPFD,2026-08-30,TWR00072,157,3075.16,3.003,17,False
USG00002644,4310-KEDTB,2026-08-30,TWR00050,23,4398.17,4.295,22,False
USG00002645,8158-WPEZG,2026-08-30,TWR00053,158,444.52,0.434,14,False
USG00002646,9640-ZSLDC,2026-08-30,TWR00056,160,3541.04,3.458,16,False
USG00002647,7821-DPRQE,2026-08-30,TWR00029,61,980.21,0.957,18,False
USG00002648,7083-MIOPC,2026-08-30,TWR00049,55,3261.12,3.185,8,False
USG00002649,5671-UUNXD,2026-08-30,TWR00050,82,3272.18,3.195,24,False
USG00002650,6434-TTGJP,2026-08-30,TWR00036,5,1703.02,1.663,12,True
USG00002651,6960-HVYXR,2026-08-30,TWR00003,1,3141.27,3.068,14,False
USG00002652,1237-WIYYZ,2026-08-30,TWR00037,85,3718.38,3.631,22,False
USG00002653,4795-WRNVT,2026-08-30,TWR00026,48,917.06,0.896,11,False
USG00002654,4139-JPIAM,2026-08-30,TWR00001,72,2709.27,2.646,25,True
USG00002655,7599-FKVXZ,2026-08-30,TWR00040,26,3212.83,3.138,22,False
USG00002656,1830-IPXVJ,2026-08-30,TWR00040,141,4269.89,4.17,2,False
USG00002657,7980-MHFLQ,2026-08-30,TWR00014,11,850.3,0.83,21,False
USG00002658,0214-JHPFW,2026-08-30,TWR00010,107,4043.12,3.948,15,False
USG00002659,7550-WIQVA,2026-08-30,TWR00056,129,2730.98,2.667,11,False
USG00002660,2868-SNELZ,2026-08-30,TWR00047,112,3769.73,3.681,23,False
USG00002661,1915-OAKWD,2026-08-30,TWR00098,147,4499.23,4.394,19,True
USG00002662,4905-JEFDW,2026-08-30,TWR00097,5,1965.28,1.919,25,False
USG00002663,3557-HTYWR,2026-08-30,TWR00093,20,4011.4,3.917,19,False
USG00002664,2232-DMLXU,2026-08-30,TWR00027,86,1530.47,1.495,0,False
USG00002665,9818-XQCUV,2026-08-30,TWR00091,59,152.54,0.149,21,False
USG00002666,3429-IFLEM,2026-08-30,TWR00050,54,3450.31,3.369,3,True
USG00002667,1622-HSHSF,2026-08-30,TWR00016,125,2765.09,2.7,5,False
USG00002668,1345-GKDZZ,2026-08-30,TWR00003,27,901.75,0.881,20,False
USG00002669,2773-MADBQ,2026-08-30,TWR00085,74,4021.8,3.928,11,False
USG00002670,7614-QVWQL,2026-08-30,TWR00006,17,4415.78,4.312,8,False
USG00002671,4707-YNOQA,2026-08-30,TWR00021,93,3360.85,3.282,19,False
USG00002672,0484-JPBRU,2026-08-30,TWR00038,160,3635.27,3.55,20,True
USG00002673,6598-RFFVI,2026-08-30,TWR00067,118,1184.32,1.157,15,False
USG00002674,8327-LZKAS,2026-08-30,TWR00093,39,2247.62,2.195,2,False
USG00002675,2369-UAPKZ,2026-08-30,TWR00005,33,3038.53,2.967,16,False
USG00002676,6248-TKCQV,2026-08-30,TWR00058,21,272.11,0.266,15,False
USG00002677,3714-XPXBW,2026-08-30,TWR00030,154,3871.53,3.781,5,False
USG00002678,8859-AXJZP,2026-08-30,TWR00049,137,3160.24,3.086,21,True
USG00002679,0440-MOGPM,2026-08-30,TWR00056,84,1841.73,1.799,11,False
USG00002680,7109-CQYUZ,2026-08-30,TWR00033,155,94.72,0.092,22,False
USG00002681,3045-XETSH,2026-08-30,TWR00100,110,3624.67,3.54,6,False
USG00002682,2364-UFROM,2026-08-30,TWR00066,138,3743.35,3.656,12,False
USG00002683,5940-AHUHD,2026-08-30,TWR00084,83,631.28,0.616,19,True
USG00002684,3030-ZKIWL,2026-08-30,TWR00047,6,2971.22,2.902,4,False
USG00002685,9992-UJOEL,2026-08-30,TWR00096,111,1420.66,1.387,7,True
USG00002686,0397-GZBBC,2026-08-30,TWR00065,87,2343.5,2.289,21,False
USG00002687,2235-DWLJU,2026-08-30,TWR00050,77,1560.8,1.524,12,False
USG00002688,9170-ARBTB,2026-08-30,TWR00088,144,3151.04,3.077,10,False
USG00002689,6603-QWSPR,2026-08-30,TWR00081,5,3986.9,3.893,23,False
USG00002690,9861-PDSZP,2026-08-30,TWR00047,61,1247.76,1.219,3,False
USG00002691,6286-ZHAOK,2026-08-30,TWR00043,133,2362.95,2.308,9,False
USG00002692,5804-LEPIM,2026-08-30,TWR00035,25,1367.42,1.335,1,False
USG00002693,7312-XSBAT,2026-08-30,TWR00052,162,1616.01,1.578,15,False
USG00002694,7277-OZCGZ,2026-08-30,TWR00038,10,3004.44,2.934,0,False
USG00002695,4011-ARPHK,2026-08-30,TWR00038,138,2031.27,1.984,1,False
USG00002696,9254-RBFON,2026-08-30,TWR00061,82,3266.45,3.19,25,False
USG00002697,7601-DHFWZ,2026-08-30,TWR00096,16,2353.16,2.298,2,False
USG00002698,0396-YCHWO,2026-08-30,TWR00083,56,4280.5,4.18,4,False
USG00002699,0244-LGNFY,2026-08-30,TWR00047,143,244.93,0.239,25,False
USG00002700,6685-GBWJZ,2026-08-30,TWR00023,114,729.67,0.713,19,False
USG00002701,1133-KXCGE,2026-08-30,TWR00064,68,1575.76,1.539,21,False
USG00002702,3946-MHCZW,2026-08-30,TWR00061,50,2658.46,2.596,7,False
USG00002703,7610-TVOPG,2026-08-30,TWR00031,151,1779.59,1.738,13,False
USG00002704,8465-SBRXP,2026-08-30,TWR00008,117,3677.24,3.591,14,False
USG00002705,8816-VXNZD,2026-08-30,TWR00010,5,760.92,0.743,15,False
USG00002706,9058-HRZSV,2026-08-30,TWR00010,126,4433.13,4.329,0,False
USG00002707,5016-LIPDW,2026-08-30,TWR00029,139,2305.45,2.251,21,False
USG00002708,6458-CYIDZ,2026-08-30,TWR00061,104,2354.4,2.299,13,False
USG00002709,7129-ACFOG,2026-08-30,TWR00051,99,856.83,0.837,20,False
USG00002710,0436-TWFFZ,2026-08-30,TWR00086,12,4142.03,4.045,13,True
USG00002711,4897-QSUYC,2026-08-30,TWR00027,103,4074.99,3.979,21,False
USG00002712,3011-WQKSZ,2026-08-30,TWR00052,99,3017.65,2.947,4,False
USG00002713,2667-WYLWJ,2026-08-30,TWR00075,175,1349.61,1.318,9,False
USG00002714,0869-PAPRP,2026-08-30,TWR00069,99,548.39,0.536,22,False
USG00002715,1265-HVPZB,2026-08-30,TWR00015,61,3566.87,3.483,12,False
USG00002716,2235-ZGKPT,2026-08-30,TWR00037,125,3998.63,3.905,2,False
USG00002717,4145-UQXUQ,2026-08-30,TWR00005,178,131.08,0.128,22,False
USG00002718,0369-ZGOVK,2026-08-30,TWR00016,58,2262.07,2.209,23,False
USG00002719,1298-PHBTI,2026-08-30,TWR00070,131,811.53,0.793,8,False
USG00002720,4877-EVATK,2026-08-30,TWR00076,143,3768.7,3.68,24,False
USG00002721,7758-XKCBS,2026-08-30,TWR00068,98,847.96,0.828,10,False
USG00002722,2775-SEFEE,2026-08-30,TWR00021,9,356.67,0.348,16,False
USG00002723,4250-ZBWLV,2026-08-30,TWR00085,128,3865.15,3.775,23,False
USG00002724,2931-SVLTV,2026-08-30,TWR00015,41,3500.56,3.419,17,False
USG00002725,7293-LSCDV,2026-08-30,TWR00006,6,2690.28,2.627,22,False
USG00002726,2460-FPSYH,2026-08-30,TWR00046,70,955.25,0.933,15,False
USG00002727,2716-GFZOR,2026-08-30,TWR00048,159,1202.66,1.174,25,False
USG00002728,2469-DTSGX,2026-08-30,TWR00095,138,213.41,0.208,18,False
USG00002729,4890-VMUAV,2026-08-30,TWR00011,97,662.36,0.647,12,False
USG00002730,3137-NYQQI,2026-08-30,TWR00096,163,2204.17,2.153,16,False
USG00002731,8194-PEEBY,2026-08-30,TWR00072,175,3946.57,3.854,21,False
USG00002732,2055-BFOCC,2026-08-30,TWR00031,130,3404.62,3.325,20,False
USG00002733,9526-BIHHD,2026-08-30,TWR00082,150,3677.62,3.591,9,False
USG00002734,9256-JTBNZ,2026-08-30,TWR00084,116,2082.6,2.034,18,True
USG00002735,2675-DHUTR,2026-08-30,TWR00063,166,354.22,0.346,13,False
USG00002736,2202-CUYXZ,2026-08-30,TWR00006,95,4305.38,4.204,10,False
USG00002737,8849-GYOKR,2026-08-30,TWR00004,79,194.62,0.19,5,True
USG00002738,5693-PIPCS,2026-08-30,TWR00031,29,2751.4,2.687,3,False
USG00002739,9313-CDOGY,2026-08-30,TWR00057,80,2595.91,2.535,6,False
USG00002740,6519-ZHPXP,2026-08-30,TWR00012,100,3182.3,3.108,4,False
USG00002741,9334-GWGOW,2026-08-30,TWR00037,29,341.86,0.334,13,False
USG00002742,1950-KSVVJ,2026-08-30,TWR00056,167,377.94,0.369,25,False
USG00002743,2133-TSRRM,2026-08-30,TWR00084,117,4450.07,4.346,19,False
USG00002744,9795-SHUHB,2026-08-30,TWR00083,98,73.14,0.071,3,False
USG00002745,5747-PMBSQ,2026-08-30,TWR00083,150,699.38,0.683,5,False
USG00002746,2024-BASKD,2026-08-30,TWR00077,85,2020.16,1.973,5,False
USG00002747,5248-KWLAR,2026-08-30,TWR00050,92,244.09,0.238,21,False
USG00002748,8915-NNTRC,2026-08-30,TWR00004,132,4033.5,3.939,4,False
USG00002749,5928-QLDHB,2026-08-30,TWR00058,77,2752.83,2.688,5,False
USG00002750,1386-ZIKUV,2026-08-30,TWR00010,117,2034.03,1.986,2,False
USG00002751,0670-ANMUU,2026-08-30,TWR00018,12,2624.55,2.563,9,False
USG00002752,7892-POOKP,2026-08-30,TWR00012,67,1332.96,1.302,12,False
USG00002753,7516-GMHUV,2026-08-30,TWR00086,167,2577.23,2.517,4,False
USG00002754,9625-QNLUX,2026-08-30,TWR00060,20,201.54,0.197,8,False
USG00002755,7956-XQWGU,2026-08-30,TWR00059,121,3616.55,3.532,5,True
USG00002756,3022-BEXHZ,2026-08-30,TWR00011,76,3155.24,3.081,0,False
USG00002757,7740-BTPUX,2026-08-30,TWR00028,160,2535.97,2.477,11,False
USG00002758,8443-WVPSS,2026-08-30,TWR00001,140,2996.95,2.927,7,False
USG00002759,9764-REAFF,2026-08-30,TWR00067,50,1811.62,1.769,23,False
USG00002760,2740-JFBOK,2026-08-30,TWR00040,7,1249.69,1.22,20,False
USG00002761,4360-PNRQB,2026-08-30,TWR00009,125,2394.22,2.338,6,False
USG00002762,3948-XHGNA,2026-08-30,TWR00027,39,3808.65,3.719,22,False
USG00002763,8350-NYMVI,2026-08-30,TWR00093,121,507.57,0.496,15,False
USG00002764,5285-MVEHD,2026-08-30,TWR00041,75,1487.02,1.452,21,False
USG00002765,6427-FEFIG,2026-08-30,TWR00074,35,1202.59,1.174,19,False
USG00002766,8205-OTCHB,2026-08-30,TWR00067,75,1777.18,1.736,10,True
USG00002767,0208-BPQEJ,2026-08-30,TWR00024,90,2520.63,2.462,13,False
USG00002768,2587-EKXTS,2026-08-30,TWR00069,124,2827.56,2.761,13,False
USG00002769,4981-FLTMF,2026-08-30,TWR00041,127,4381.98,4.279,5,False
USG00002770,3544-FBCAS,2026-08-30,TWR00078,140,2203.35,2.152,5,False
USG00002771,4854-CIDCF,2026-08-30,TWR00034,61,459.19,0.448,3,False
USG00002772,4548-SDBKE,2026-08-30,TWR00031,29,3618.89,3.534,2,False
USG00002773,0784-ZQJZX,2026-08-30,TWR00057,142,3918.01,3.826,21,True
USG00002774,3410-MHHUM,2026-08-30,TWR00022,1,2055.75,2.008,11,False
USG00002775,1383-EZRWL,2026-08-30,TWR00008,84,3675.39,3.589,5,False
USG00002776,2034-GDRCN,2026-08-30,TWR00020,105,2113.63,2.064,11,False
USG00002777,9229-RQABD,2026-08-30,TWR00070,57,1241.88,1.213,15,False
USG00002778,9451-LPGOO,2026-08-30,TWR00058,164,674.88,0.659,1,True
USG00002779,6134-KWTBV,2026-08-30,TWR00001,159,2853.01,2.786,3,False
USG00002780,2025-JKFWI,2026-08-30,TWR00013,130,4060.97,3.966,19,False
USG00002781,5671-RQRLP,2026-08-30,TWR00033,58,888.72,0.868,23,True
USG00002782,7853-GVUDZ,2026-08-30,TWR00091,97,712.48,0.696,8,False
USG00002783,3786-WOVKF,2026-08-30,TWR00004,113,1598.59,1.561,19,False
USG00002784,0708-SJDIS,2026-08-30,TWR00008,42,1473.1,1.439,8,False
USG00002785,0383-CLDDA,2026-08-30,TWR00017,52,4252.03,4.152,19,False
USG00002786,6899-PPEEA,2026-08-30,TWR00059,51,275.98,0.27,13,False
USG00002787,6749-UTDVX,2026-08-30,TWR00045,53,3863.01,3.772,1,False
USG00002788,1121-QSIVB,2026-08-30,TWR00093,66,3481.47,3.4,17,False
USG00002789,6227-FBDXH,2026-08-30,TWR00006,67,1730.41,1.69,5,True
USG00002790,9250-WYPLL,2026-08-30,TWR00084,76,1686.48,1.647,2,False
USG00002791,0114-RSRRW,2026-08-30,TWR00019,92,1273.14,1.243,11,False
USG00002792,0459-SPZHJ,2026-08-30,TWR00095,167,2517.46,2.458,12,False
USG00002793,6029-CSMJE,2026-08-30,TWR00054,85,2330.38,2.276,14,False
USG00002794,1335-NTIUC,2026-08-30,TWR00067,111,4150.45,4.053,25,False
USG00002795,5793-YOLJN,2026-08-30,TWR00048,119,306.31,0.299,14,False
USG00002796,4952-YSOGZ,2026-08-30,TWR00091,52,3964.87,3.872,10,True
USG00002797,0455-ENTCR,2026-08-30,TWR00032,89,1493.55,1.459,4,False
USG00002798,1452-XRSJV,2026-08-30,TWR00086,32,2114.45,2.065,4,False
USG00002799,7140-ADSMJ,2026-08-30,TWR00049,115,3876.75,3.786,14,False
USG00002800,8455-HIRAQ,2026-08-30,TWR00045,53,2222.16,2.17,24,False
USG00002801,3570-YUEKJ,2026-08-30,TWR00060,140,494.91,0.483,0,False
USG00002802,5980-BDHPY,2026-08-30,TWR00022,112,3466.61,3.385,25,False
USG00002803,1073-XXCZD,2026-08-30,TWR00084,41,2600.0,2.539,12,False
USG00002804,1573-LGXBA,2026-08-30,TWR00052,48,1998.08,1.951,1,False
USG00002805,3941-XTSKM,2026-08-30,TWR00010,62,3788.49,3.7,21,False
USG00002806,0106-UGRDO,2026-08-30,TWR00053,123,2830.23,2.764,8,False
USG00002807,8012-SOUDQ,2026-08-30,TWR00019,115,4226.28,4.127,9,False
USG00002808,0537-QYZZN,2026-08-30,TWR00060,172,2959.91,2.891,7,False
USG00002809,0314-TKOSI,2026-08-30,TWR00066,43,3769.67,3.681,1,False
USG00002810,6168-WFVVF,2026-08-30,TWR00040,94,2363.48,2.308,12,True
USG00002811,2237-ZFSMY,2026-08-30,TWR00002,4,348.02,0.34,10,False
USG00002812,7898-PDWQE,2026-08-30,TWR00020,91,1419.39,1.386,25,False
USG00002813,4334-HOWRP,2026-08-30,TWR00002,69,1107.38,1.081,10,False
USG00002814,1371-OJCEK,2026-08-30,TWR00079,92,566.61,0.553,22,False
USG00002815,8414-MYSHR,2026-08-30,TWR00005,84,1468.08,1.434,16,False
USG00002816,5176-LMJXE,2026-08-30,TWR00096,26,1272.68,1.243,8,False
USG00002817,0746-JTRFU,2026-08-30,TWR00031,165,3422.09,3.342,19,False
USG00002818,5850-BDWCY,2026-08-30,TWR00056,80,3229.71,3.154,23,False
USG00002819,5150-LJNSR,2026-08-30,TWR00039,17,1727.66,1.687,18,True
USG00002820,8679-JOEVF,2026-08-30,TWR00075,173,59.23,0.058,10,False
USG00002821,6784-XYJAE,2026-08-30,TWR00075,43,3490.09,3.408,1,False
USG00002822,6223-DHJGV,2026-08-30,TWR00009,8,3296.99,3.22,11,False
USG00002823,4102-HLENU,2026-08-30,TWR00009,13,1578.72,1.542,20,False
USG00002824,9200-NLNPD,2026-08-30,TWR00024,154,1562.52,1.526,15,False
USG00002825,7929-DMBCV,2026-08-30,TWR00099,167,2870.2,2.803,16,False
USG00002826,8316-BBQAY,2026-08-30,TWR00005,84,3198.79,3.124,17,False
USG00002827,8327-WKMIE,2026-08-30,TWR00023,165,321.98,0.314,23,False
USG00002828,4933-BSAIP,2026-08-30,TWR00035,165,2419.93,2.363,0,False
USG00002829,2072-ZVJJX,2026-08-30,TWR00039,173,2979.39,2.91,23,False
USG00002830,6253-WRFHY,2026-08-30,TWR00026,174,2365.07,2.31,12,False
USG00002831,7562-GSUHK,2026-08-30,TWR00021,102,1616.89,1.579,5,True
USG00002832,6240-EURKS,2026-08-30,TWR00003,8,458.67,0.448,2,False
USG00002833,7758-UJWYS,2026-08-30,TWR00093,74,3013.75,2.943,23,False
USG00002834,0842-IWYCP,2026-08-30,TWR00097,98,3949.58,3.857,8,False
USG00002835,5013-SBUIH,2026-08-30,TWR00053,118,4014.1,3.92,13,False
USG00002836,8780-RSYYU,2026-08-30,TWR00100,104,3266.74,3.19,7,False
USG00002837,3466-WAESX,2026-08-30,TWR00079,28,3947.84,3.855,14,False
USG00002838,1460-UZPRJ,2026-08-30,TWR00045,103,225.41,0.22,0,False
USG00002839,5293-WXJAK,2026-08-30,TWR00077,123,668.01,0.652,3,False
USG00002840,0148-DCDOS,2026-08-30,TWR00076,113,3492.01,3.41,19,False
USG00002841,4378-BZYFP,2026-08-30,TWR00021,126,2816.37,2.75,24,False
USG00002842,9658-WYUFB,2026-08-30,TWR00052,25,1012.54,0.989,20,False
USG00002843,3590-TCXTB,2026-08-30,TWR00035,85,2892.95,2.825,4,False
USG00002844,9755-JHNMN,2026-08-30,TWR00069,149,936.98,0.915,3,False
USG00002845,1084-MNSMJ,2026-08-30,TWR00066,48,1855.81,1.812,1,False
USG00002846,9136-ALYBR,2026-08-30,TWR00061,119,4297.81,4.197,23,False
USG00002847,7130-YXBRO,2026-08-30,TWR00069,42,1248.91,1.22,13,False
USG00002848,8456-QDAVC,2026-08-30,TWR00003,40,1885.9,1.842,10,False
USG00002849,6036-TTFYU,2026-08-30,TWR00045,35,667.67,0.652,2,False
USG00002850,3021-VLNRJ,2026-08-30,TWR00047,142,2500.8,2.442,1,False
USG00002851,8628-MFKAX,2026-08-30,TWR00071,72,891.59,0.871,10,False
USG00002852,2259-OUUSZ,2026-08-30,TWR00099,34,3650.75,3.565,12,False
USG00002853,8097-VBQTZ,2026-08-30,TWR00060,77,3053.38,2.982,20,False
USG00002854,9058-CBREO,2026-08-30,TWR00006,79,3525.49,3.443,1,False
USG00002855,4323-ELYYB,2026-08-30,TWR00032,5,929.66,0.908,21,False
USG00002856,2979-SXESE,2026-08-30,TWR00093,18,4233.54,4.134,17,True
USG00002857,2138-VFAPZ,2026-08-30,TWR00093,151,2087.78,2.039,18,False
USG00002858,7760-OYPDY,2026-08-30,TWR00014,146,3813.78,3.724,24,False
USG00002859,4254-QPEDE,2026-08-30,TWR00002,108,4473.65,4.369,11,False
USG00002860,8741-LQOBK,2026-08-30,TWR00052,8,3867.49,3.777,7,False
USG00002861,5716-EZXZN,2026-08-30,TWR00009,97,4434.1,4.33,25,False
USG00002862,7786-WBJYI,2026-08-30,TWR00054,102,4465.33,4.361,22,True
USG00002863,2691-NZETQ,2026-08-30,TWR00028,118,1778.39,1.737,9,False
USG00002864,0623-GDISB,2026-08-30,TWR00027,159,2742.96,2.679,13,True
USG00002865,6663-JOCQO,2026-08-30,TWR00062,52,3522.77,3.44,5,False
USG00002866,6599-RCLCJ,2026-08-30,TWR00050,95,2631.8,2.57,18,False
USG00002867,7251-LJBQN,2026-08-30,TWR00080,179,3196.28,3.121,8,False
USG00002868,4759-TRPLW,2026-08-30,TWR00065,44,2401.94,2.346,24,False
USG00002869,1574-DYCWE,2026-08-30,TWR00018,38,3377.36,3.298,22,False
USG00002870,4118-CEVPF,2026-08-30,TWR00052,20,1232.95,1.204,17,True
USG00002871,1334-FJSVR,2026-08-30,TWR00026,134,4433.89,4.33,12,False
USG00002872,0516-VRYBW,2026-08-30,TWR00039,55,1222.14,1.193,7,False
USG00002873,4817-KEQSP,2026-08-30,TWR00013,143,2036.57,1.989,15,False
USG00002874,0640-YJTPY,2026-08-30,TWR00100,132,3956.99,3.864,17,False
USG00002875,2079-FBMZK,2026-08-30,TWR00035,32,4254.23,4.155,8,False
USG00002876,8229-BUJHX,2026-08-30,TWR00012,21,2129.52,2.08,0,False
USG00002877,4178-EGMON,2026-08-30,TWR00005,152,3231.6,3.156,7,False
USG00002878,1265-BCFEO,2026-08-30,TWR00086,31,2659.05,2.597,0,False
USG00002879,8727-XDPUD,2026-08-30,TWR00084,90,2256.92,2.204,21,False
USG00002880,3751-KTZEL,2026-08-30,TWR00009,145,776.47,0.758,9,False
USG00002881,7919-ZODZZ,2026-08-30,TWR00087,58,4285.02,4.185,6,False
USG00002882,8063-RJYNF,2026-08-30,TWR00088,130,4060.96,3.966,15,False
USG00002883,2889-FPWRM,2026-08-30,TWR00071,59,2288.53,2.235,21,False
USG00002884,8910-LEDAG,2026-08-30,TWR00031,18,525.82,0.513,25,False
USG00002885,8221-EQDGL,2026-08-30,TWR00043,149,473.59,0.462,14,False
USG00002886,5816-QVHRX,2026-08-30,TWR00092,108,4035.28,3.941,6,False
USG00002887,6015-VVHHE,2026-08-30,TWR00023,53,2527.24,2.468,4,False
USG00002888,8242-PDSGJ,2026-08-30,TWR00062,165,3384.18,3.305,22,False
USG00002889,8573-JGCZW,2026-08-30,TWR00047,93,3067.3,2.995,18,False
USG00002890,7175-NTIXE,2026-08-30,TWR00088,125,637.28,0.622,15,False
USG00002891,5868-YWPDW,2026-08-30,TWR00087,5,2847.91,2.781,6,False
USG00002892,2452-KDRRH,2026-08-30,TWR00026,114,1158.33,1.131,11,False
USG00002893,5816-SCGFC,2026-08-30,TWR00004,156,3742.1,3.654,18,True
USG00002894,5976-JCJRH,2026-08-30,TWR00034,28,3215.47,3.14,25,False
USG00002895,2810-FTLEM,2026-08-30,TWR00093,8,1604.24,1.567,20,False
USG00002896,7706-YLMQA,2026-08-30,TWR00055,86,532.3,0.52,23,False
USG00002897,5884-FBCTL,2026-08-30,TWR00001,125,3521.77,3.439,8,True
USG00002898,8338-QIUNR,2026-08-30,TWR00076,76,1002.75,0.979,8,False
USG00002899,3577-AMVUX,2026-08-30,TWR00014,10,1377.12,1.345,17,False
USG00002900,4335-BSMJS,2026-08-30,TWR00055,40,729.66,0.713,13,False
USG00002901,9750-BOOHV,2026-08-30,TWR00066,139,3067.87,2.996,4,True
USG00002902,6005-OBZPH,2026-08-30,TWR00017,155,546.57,0.534,0,False
USG00002903,0898-XCGTF,2026-08-30,TWR00100,129,2354.6,2.299,20,True
USG00002904,4950-BDEUX,2026-08-30,TWR00021,29,2533.11,2.474,4,True
USG00002905,8999-XXGNS,2026-08-30,TWR00044,55,2398.6,2.342,23,False
USG00002906,6341-JVQGF,2026-08-30,TWR00068,47,423.17,0.413,24,False
USG00002907,5370-IIVVL,2026-08-30,TWR00070,41,2786.6,2.721,25,False
USG00002908,9725-SCPZG,2026-08-30,TWR00068,144,2803.03,2.737,5,False
USG00002909,6034-YMTOB,2026-08-30,TWR00055,120,2001.21,1.954,3,False
USG00002910,4878-BUNFV,2026-08-30,TWR00058,128,2601.3,2.54,5,False
USG00002911,3298-QEICA,2026-08-30,TWR00008,20,406.55,0.397,5,True
USG00002912,4236-UJPWO,2026-08-30,TWR00052,18,1592.1,1.555,8,False
USG00002913,4114-QMKVN,2026-08-30,TWR00018,76,4333.89,4.232,17,False
USG00002914,3196-NVXLZ,2026-08-30,TWR00022,154,3431.41,3.351,11,False
USG00002915,6215-NQCPY,2026-08-30,TWR00020,55,3254.51,3.178,23,False
USG00002916,2085-JVGAD,2026-08-30,TWR00012,85,3796.61,3.708,18,False
USG00002917,9874-QLCLH,2026-08-30,TWR00058,155,1843.4,1.8,21,False
USG00002918,2824-DXNKN,2026-08-30,TWR00038,160,2964.14,2.895,7,False
USG00002919,3642-BYHDO,2026-08-30,TWR00021,50,1692.15,1.652,16,True
USG00002920,9309-BZGNT,2026-08-30,TWR00079,51,2756.32,2.692,23,False
USG00002921,3113-IWHLC,2026-08-30,TWR00017,147,1913.0,1.868,23,False
USG00002922,2305-MRGLV,2026-08-30,TWR00046,30,70.7,0.069,4,False
USG00002923,5148-HKFIR,2026-08-30,TWR00055,87,3998.08,3.904,21,False
USG00002924,1635-FJFCC,2026-08-30,TWR00004,101,2975.55,2.906,0,False
USG00002925,4895-TMWIR,2026-08-30,TWR00070,167,2338.54,2.284,16,False
USG00002926,1051-GEJLJ,2026-08-30,TWR00099,145,230.23,0.225,19,False
USG00002927,8550-XSXUQ,2026-08-30,TWR00050,62,2547.24,2.488,14,True
USG00002928,9863-JZAIC,2026-08-30,TWR00007,64,3449.72,3.369,22,False
USG00002929,1866-NXPSP,2026-08-30,TWR00005,145,1728.36,1.688,10,False
USG00002930,0743-HRVFF,2026-08-30,TWR00025,36,350.29,0.342,14,False
USG00002931,3428-XZMAZ,2026-08-30,TWR00058,57,3180.18,3.106,24,False
USG00002932,7011-CVEUC,2026-08-30,TWR00060,131,2655.89,2.594,11,True
USG00002933,5605-IYGFG,2026-08-30,TWR00025,138,3822.43,3.733,22,False
USG00002934,2959-MJHIC,2026-08-30,TWR00021,146,2241.3,2.189,2,False
USG00002935,9862-KJTYK,2026-08-30,TWR00086,111,1684.68,1.645,10,False
USG00002936,4183-WCSEP,2026-08-30,TWR00045,9,3983.93,3.891,9,False
USG00002937,3987-KQDDU,2026-08-30,TWR00003,128,2464.68,2.407,5,False
USG00002938,6199-IPCAO,2026-08-30,TWR00042,163,4015.05,3.921,11,False
USG00002939,4012-YCFAI,2026-08-30,TWR00092,143,419.68,0.41,6,False
USG00002940,3685-YLCMQ,2026-08-30,TWR00014,33,4058.89,3.964,6,False
USG00002941,8929-KSWIH,2026-08-30,TWR00092,113,1516.89,1.481,15,False
USG00002942,0953-LGOVU,2026-08-30,TWR00025,169,3172.63,3.098,21,False
USG00002943,9530-EHPOH,2026-08-30,TWR00037,150,2126.47,2.077,1,False
USG00002944,7128-GGCNO,2026-08-30,TWR00061,16,2489.46,2.431,13,True
USG00002945,1769-GRUIK,2026-08-30,TWR00044,132,3681.96,3.596,15,False
USG00002946,5295-PCJOO,2026-08-30,TWR00064,154,1086.05,1.061,8,False
USG00002947,1534-OULXE,2026-08-30,TWR00031,19,2366.48,2.311,24,False
USG00002948,7321-KKSDU,2026-08-30,TWR00038,37,3278.39,3.202,17,False
USG00002949,2274-XUATA,2026-08-30,TWR00087,66,1344.65,1.313,1,False
USG00002950,8348-HFYIV,2026-08-30,TWR00091,131,2508.53,2.45,14,False
USG00002951,1550-EENBN,2026-08-30,TWR00079,170,64.66,0.063,14,False
USG00002952,9560-BBZXK,2026-08-30,TWR00045,119,1527.17,1.491,3,False
USG00002953,8010-EZLOU,2026-08-30,TWR00019,3,4291.26,4.191,7,True
USG00002954,6950-TWMYB,2026-08-30,TWR00075,164,3093.64,3.021,21,False
USG00002955,1335-MXCSE,2026-08-30,TWR00096,176,1141.91,1.115,4,False
USG00002956,0052-DCKON,2026-08-30,TWR00084,178,968.88,0.946,11,False
USG00002957,7743-EXURX,2026-08-30,TWR00033,142,731.21,0.714,14,True
USG00002958,2362-IBOOY,2026-08-30,TWR00020,53,4124.46,4.028,7,False
USG00002959,7855-DIWPO,2026-08-30,TWR00001,80,1364.13,1.332,7,False
USG00002960,1241-FPMOF,2026-08-30,TWR00063,141,3774.41,3.686,25,False
USG00002961,3043-TYBNO,2026-08-30,TWR00026,39,4009.02,3.915,10,False
USG00002962,5619-XZZKR,2026-08-30,TWR00032,106,2401.69,2.345,6,False
USG00002963,7018-WBJNK,2026-08-30,TWR00048,155,1859.82,1.816,6,False
USG00002964,5389-FFVKB,2026-08-30,TWR00039,176,165.01,0.161,17,False
USG00002965,9405-GPBBG,2026-08-30,TWR00053,17,4332.67,4.231,18,False
USG00002966,3058-WQDRE,2026-08-30,TWR00020,170,2161.51,2.111,7,True
USG00002967,1980-KXVPM,2026-08-30,TWR00072,132,229.88,0.224,21,False
USG00002968,4616-EWBNJ,2026-08-30,TWR00031,34,2925.8,2.857,9,False
USG00002969,0959-WHOKV,2026-08-30,TWR00026,152,1145.82,1.119,5,False
USG00002970,1431-CYWMH,2026-08-30,TWR00004,147,902.98,0.882,18,False
USG00002971,1338-CECEE,2026-08-30,TWR00020,165,3689.73,3.603,4,False
USG00002972,4026-SKKHW,2026-08-30,TWR00042,123,2551.82,2.492,11,False
USG00002973,1552-AAGRX,2026-08-30,TWR00076,68,4379.24,4.277,8,False
USG00002974,3191-CSNMG,2026-08-30,TWR00027,147,3393.73,3.314,14,True
USG00002975,8620-RJPZN,2026-08-30,TWR00068,12,962.05,0.94,24,False
USG00002976,3319-DWOEP,2026-08-30,TWR00038,167,2991.92,2.922,25,False
USG00002977,8544-JNBOX,2026-08-30,TWR00051,97,2938.84,2.87,23,False
USG00002978,7020-OZKXZ,2026-08-30,TWR00042,144,3193.2,3.118,9,False
USG00002979,6817-WTYHE,2026-08-30,TWR00083,1,2057.61,2.009,17,False
USG00002980,4065-JJAVA,2026-08-30,TWR00095,128,3076.39,3.004,8,False
USG00002981,8345-MVDYC,2026-08-30,TWR00097,178,433.02,0.423,5,False
USG00002982,8434-PNQZX,2026-08-30,TWR00070,25,3538.09,3.455,2,False
USG00002983,6198-PNNSZ,2026-08-30,TWR00078,30,1244.74,1.216,16,False
USG00002984,0650-BWOZN,2026-08-30,TWR00076,18,1880.76,1.837,0,True
USG00002985,5542-TBBWB,2026-08-30,TWR00064,85,156.45,0.153,1,False
USG00002986,2725-KXXWT,2026-08-30,TWR00027,57,2812.31,2.746,25,True
USG00002987,3798-EPWRR,2026-08-30,TWR00017,171,2195.51,2.144,25,False
USG00002988,6794-HKIAJ,2026-08-30,TWR00027,76,4499.74,4.394,12,True
USG00002989,2530-ENDWQ,2026-08-30,TWR00099,123,4385.8,4.283,2,False
USG00002990,9447-YPTBX,2026-08-30,TWR00064,109,2144.08,2.094,15,False
USG00002991,8519-IMDHU,2026-08-30,TWR00028,107,2908.59,2.84,0,False
USG00002992,5522-NYKPB,2026-08-30,TWR00027,75,1287.44,1.257,25,False
USG00002993,4607-CHPCA,2026-08-30,TWR00080,0,1496.25,1.461,8,False
USG00002994,2159-TURXX,2026-08-30,TWR00072,6,855.18,0.835,25,False
USG00002995,0536-ESJEP,2026-08-30,TWR00019,103,179.21,0.175,21,False
USG00002996,0423-UDIJQ,2026-08-30,TWR00014,131,3771.34,3.683,7,False
USG00002997,0057-QBUQH,2026-08-30,TWR00008,117,2622.76,2.561,15,False
USG00002998,2791-SFVEW,2026-08-30,TWR00098,123,2162.74,2.112,3,False
USG00002999,3221-CJMSG,2026-08-30,TWR00045,151,3096.99,3.024,19,False
USG00003000,2434-EEVDB,2026-08-30,TWR00072,1,443.01,0.433,2,False
USG00003001,0178-SZBHO,2026-08-30,TWR00022,75,369.23,0.361,19,False
USG00003002,4195-PNGZS,2026-08-30,TWR00025,52,461.29,0.45,11,False
USG00003003,7465-ZZRVX,2026-08-30,TWR00053,70,3927.76,3.836,19,False
USG00003004,0559-CKHUS,2026-08-30,TWR00022,169,1077.36,1.052,19,False
USG00003005,2676-SSLTO,2026-08-30,TWR00009,180,3240.9,3.165,18,True
USG00003006,6818-WOBHJ,2026-08-30,TWR00035,125,2840.28,2.774,12,False
USG00003007,1301-LOPVR,2026-08-30,TWR00079,76,3988.16,3.895,4,False
USG00003008,2923-ARZLG,2026-08-30,TWR00069,0,4351.31,4.249,18,False
USG00003009,7176-WRTNX,2026-08-30,TWR00029,114,3136.39,3.063,25,False
USG00003010,1624-NALOJ,2026-08-30,TWR00020,108,1715.64,1.675,8,False
USG00003011,9367-OIUXP,2026-08-30,TWR00005,36,2493.03,2.435,21,False
USG00003012,5593-SUAOO,2026-08-30,TWR00017,128,3251.14,3.175,8,False
USG00003013,9092-GDZKO,2026-08-30,TWR00066,104,2570.11,2.51,19,True
USG00003014,9708-HPXWZ,2026-08-30,TWR00029,116,4438.68,4.335,5,False
USG00003015,7486-KSRVI,2026-08-30,TWR00062,29,526.72,0.514,7,True
USG00003016,6016-LVTJQ,2026-08-30,TWR00063,50,657.81,0.642,7,False
USG00003017,9633-DENPU,2026-08-30,TWR00003,88,1179.62,1.152,11,False
USG00003018,9814-AOUDH,2026-08-30,TWR00026,169,3971.49,3.878,20,False
USG00003019,7633-MVPUY,2026-08-30,TWR00050,28,163.13,0.159,14,True
USG00003020,6870-ECSHE,2026-08-30,TWR00052,132,594.68,0.581,2,False
USG00003021,7314-OXENN,2026-08-30,TWR00048,171,3107.8,3.035,6,False
USG00003022,3808-HFKDE,2026-08-30,TWR00077,158,3764.96,3.677,12,False
USG00003023,2664-XJZNO,2026-08-30,TWR00069,3,126.84,0.124,17,True
USG00003024,6242-SGYTS,2026-08-30,TWR00009,148,1182.87,1.155,20,False
USG00003025,3090-LETTY,2026-08-30,TWR00100,36,145.07,0.142,0,False
USG00003026,8065-BVEPF,2026-08-30,TWR00071,11,3788.72,3.7,18,False
USG00003027,0058-EVZWM,2026-08-30,TWR00014,33,2278.13,2.225,17,False
USG00003028,8035-BUYVG,2026-08-30,TWR00008,20,3757.57,3.67,25,False
USG00003029,8981-FJGLA,2026-08-30,TWR00034,91,2047.05,1.999,9,False
USG00003030,2568-BRGYX,2026-08-30,TWR00072,162,3153.41,3.08,3,False
USG00003031,0547-HURJB,2026-08-30,TWR00038,39,309.84,0.303,5,False
USG00003032,3930-ZGWVE,2026-08-30,TWR00058,48,411.8,0.402,10,False
USG00003033,8773-HHUOZ,2026-08-30,TWR00093,79,3094.57,3.022,1,False
USG00003034,5968-HYJRZ,2026-08-30,TWR00036,141,276.93,0.27,10,False
USG00003035,4751-ERMAN,2026-08-30,TWR00020,27,131.22,0.128,12,False
USG00003036,6651-AZVTJ,2026-08-30,TWR00002,57,4392.55,4.29,24,False
USG00003037,9639-BUJXT,2026-08-30,TWR00010,108,1554.53,1.518,20,False
USG00003038,6416-JNVRK,2026-08-30,TWR00066,12,1032.88,1.009,20,False
USG00003039,0708-LGSMF,2026-08-30,TWR00085,141,711.8,0.695,15,False
USG00003040,0839-QNXME,2026-08-30,TWR00028,103,1386.23,1.354,12,False
USG00003041,2398-YPMUR,2026-08-30,TWR00053,15,1669.41,1.63,0,False
USG00003042,8259-NFJTV,2026-08-30,TWR00007,88,2138.58,2.088,18,False
USG00003043,8249-THVEC,2026-08-30,TWR00065,138,857.85,0.838,15,False
USG00003044,2519-ERQOJ,2026-08-30,TWR00074,173,1740.07,1.699,23,True
USG00003045,6981-TDRFT,2026-08-30,TWR00081,77,2458.52,2.401,9,False
USG00003046,5968-VXZLG,2026-08-30,TWR00094,116,2772.11,2.707,25,False
USG00003047,1929-ZCBHE,2026-08-30,TWR00043,54,1371.87,1.34,11,False
USG00003048,1395-WSWXR,2026-08-30,TWR00029,53,2031.19,1.984,1,False
USG00003049,7841-TZDMQ,2026-08-30,TWR00006,113,3569.38,3.486,14,False
USG00003050,1226-IENZN,2026-08-30,TWR00029,122,1508.41,1.473,9,False
USG00003051,1303-SRDOK,2026-08-30,TWR00085,50,418.53,0.409,8,False
USG00003052,1471-GIQKQ,2026-08-30,TWR00097,117,2430.89,2.374,17,False
USG00003053,9495-REDIY,2026-08-30,TWR00050,89,2676.26,2.614,11,False
USG00003054,1867-TJHTS,2026-08-30,TWR00030,1,2361.71,2.306,25,False
USG00003055,6402-ZFPPI,2026-08-30,TWR00073,158,3341.32,3.263,1,False
USG00003056,2040-LDIWQ,2026-08-30,TWR00057,74,1153.9,1.127,12,False
USG00003057,3323-CPBWR,2026-08-30,TWR00047,36,978.08,0.955,21,False
USG00003058,9909-IDLEK,2026-08-30,TWR00076,163,4093.08,3.997,15,False
USG00003059,7734-DBOAI,2026-08-30,TWR00038,77,4371.24,4.269,13,False
USG00003060,6641-XRPSU,2026-08-30,TWR00008,133,2391.14,2.335,14,False
USG00003061,2969-QWUBZ,2026-08-30,TWR00059,58,2590.01,2.529,1,False
USG00003062,5777-KJIRB,2026-08-30,TWR00071,71,453.92,0.443,9,False
USG00003063,7245-JMTTQ,2026-08-30,TWR00035,9,1400.94,1.368,16,False
USG00003064,3956-MGXOG,2026-08-30,TWR00002,117,194.78,0.19,4,False
USG00003065,7363-QTBIW,2026-08-30,TWR00022,68,3255.69,3.179,8,False
USG00003066,3682-YEUWS,2026-08-30,TWR00081,159,1472.98,1.438,13,False
USG00003067,5055-MGMGF,2026-08-30,TWR00021,169,2746.61,2.682,4,False
USG00003068,7432-FFVAR,2026-08-30,TWR00053,117,3241.47,3.165,4,False
USG00003069,8938-UMKPI,2026-08-30,TWR00098,102,2925.29,2.857,6,False
USG00003070,0104-PPXDV,2026-08-30,TWR00064,157,1392.76,1.36,18,False
USG00003071,9972-VAFJJ,2026-08-30,TWR00009,69,4387.38,4.285,16,False
USG00003072,6705-LXORM,2026-08-30,TWR00068,67,1781.95,1.74,14,False
USG00003073,2058-DCJBE,2026-08-30,TWR00005,28,4307.02,4.206,2,False
USG00003074,5320-BRKGK,2026-08-30,TWR00072,167,3099.99,3.027,11,False
USG00003075,5465-BUBFA,2026-08-30,TWR00090,163,358.35,0.35,24,False
USG00003076,9282-IZGQK,2026-08-30,TWR00019,110,1018.36,0.994,1,False
USG00003077,8775-CEBBJ,2026-08-30,TWR00092,117,488.06,0.477,25,False
USG00003078,0743-HNPFG,2026-08-30,TWR00053,80,1779.01,1.737,0,False
USG00003079,9152-AMKAK,2026-08-30,TWR00078,163,3344.83,3.266,19,False
USG00003080,3995-WFCSM,2026-08-30,TWR00031,156,2044.29,1.996,3,False
USG00003081,3795-GWTRD,2026-08-30,TWR00096,133,1735.25,1.695,23,False
USG00003082,0621-JFHOL,2026-08-30,TWR00035,102,4448.29,4.344,13,False
USG00003083,0310-MVLET,2026-08-30,TWR00035,33,2262.52,2.209,14,False
USG00003084,1077-HUUJM,2026-08-30,TWR00039,71,2895.15,2.827,25,False
USG00003085,4671-VJLCL,2026-08-30,TWR00062,30,3460.39,3.379,17,False
USG00003086,8735-DCXNF,2026-08-30,TWR00067,1,2653.3,2.591,10,False
USG00003087,5296-BFCYD,2026-08-30,TWR00026,64,1436.76,1.403,7,False
USG00003088,8450-UYIBU,2026-08-30,TWR00058,106,2827.43,2.761,15,False
USG00003089,5498-IBWPI,2026-08-30,TWR00033,12,1671.06,1.632,5,False
USG00003090,3550-SAHFP,2026-08-30,TWR00058,151,3624.42,3.539,5,False
USG00003091,1766-GKNMI,2026-08-30,TWR00029,135,4342.57,4.241,0,False
USG00003092,6137-MFAJN,2026-08-30,TWR00024,32,3818.24,3.729,10,False
USG00003093,6906-MPARY,2026-08-30,TWR00076,146,1182.51,1.155,8,False
USG00003094,5897-ZYEKH,2026-08-30,TWR00040,169,4030.63,3.936,12,False
USG00003095,1212-GLHMD,2026-08-30,TWR00008,157,1138.14,1.111,15,True
USG00003096,4648-YPBTM,2026-08-30,TWR00077,94,1149.1,1.122,22,False
USG00003097,6900-PXRMS,2026-08-30,TWR00031,161,3280.91,3.204,3,True
USG00003098,9633-XQABV,2026-08-30,TWR00072,125,3146.39,3.073,1,False
USG00003099,7858-GTZSP,2026-08-30,TWR00013,36,4377.83,4.275,0,True
USG00003100,3572-UUHRS,2026-08-30,TWR00048,160,1632.31,1.594,9,False
USG00003101,0939-YAPAF,2026-08-30,TWR00025,129,1502.08,1.467,14,False
USG00003102,6974-DAFLI,2026-08-30,TWR00013,138,4347.6,4.246,13,False
USG00003103,0825-CPPQH,2026-08-30,TWR00074,47,3233.33,3.158,23,False
USG00003104,6258-NGCNG,2026-08-30,TWR00053,170,2848.73,2.782,12,False
USG00003105,9708-KFDBY,2026-08-30,TWR00049,117,4191.27,4.093,21,False
USG00003106,2710-WYVXG,2026-08-30,TWR00099,45,2636.95,2.575,14,False
USG00003107,7560-QJAVJ,2026-08-30,TWR00088,69,1777.14,1.735,8,False
USG00003108,7234-FECYN,2026-08-30,TWR00062,55,332.49,0.325,24,False
USG00003109,4702-IOQDC,2026-08-30,TWR00072,127,2321.6,2.267,20,False
USG00003110,8651-ENBZX,2026-08-30,TWR00028,70,2965.72,2.896,24,True
USG00003111,2439-QKJUL,2026-08-30,TWR00087,0,1644.78,1.606,9,False
USG00003112,7196-LIWRH,2026-08-30,TWR00018,152,131.29,0.128,13,False
USG00003113,9364-YKUVW,2026-08-30,TWR00003,130,2447.38,2.39,17,False
USG00003114,3144-KMTWZ,2026-08-30,TWR00059,132,1843.31,1.8,2,False
USG00003115,7055-HNEOJ,2026-08-30,TWR00015,50,1636.55,1.598,3,False
USG00003116,4124-MMETB,2026-08-30,TWR00074,178,2980.02,2.91,16,False
USG00003117,3778-FOAQW,2026-08-30,TWR00087,109,4087.11,3.991,3,False
USG00003118,3070-DVEYC,2026-08-30,TWR00034,93,269.96,0.264,18,True
USG00003119,7008-LZVOZ,2026-08-30,TWR00087,76,2816.92,2.751,12,False
USG00003120,4422-QVIJA,2026-08-30,TWR00082,74,284.26,0.278,5,False
USG00003121,6827-IEAUQ,2026-08-30,TWR00038,112,3586.85,3.503,24,False
USG00003122,7587-RZNME,2026-08-30,TWR00016,36,3684.96,3.599,4,False
USG00003123,0130-SXOUN,2026-08-30,TWR00020,125,4060.19,3.965,9,False
USG00003124,2498-XLDZR,2026-08-30,TWR00085,138,1598.15,1.561,20,False
USG00003125,1555-DJEQW,2026-08-30,TWR00025,123,3185.5,3.111,17,True
USG00003126,3748-FVMZZ,2026-08-30,TWR00027,172,3147.51,3.074,15,True
USG00003127,6365-HITVU,2026-08-30,TWR00024,156,493.79,0.482,14,False
USG00003128,6648-INWPS,2026-08-30,TWR00094,68,1966.32,1.92,16,False
USG00003129,8007-YYPWD,2026-08-30,TWR00010,132,1534.74,1.499,17,False
USG00003130,6615-NGGZJ,2026-08-30,TWR00029,38,2292.82,2.239,9,True
USG00003131,7596-LDUXP,2026-08-30,TWR00093,12,936.63,0.915,15,False
USG00003132,5889-LFOLL,2026-08-30,TWR00002,77,1516.4,1.481,25,False
USG00003133,7139-JZFVG,2026-08-30,TWR00035,5,371.93,0.363,16,False
USG00003134,7571-YXDAD,2026-08-30,TWR00061,42,338.38,0.33,17,True
USG00003135,4097-YODCF,2026-08-30,TWR00099,74,406.51,0.397,3,False
USG00003136,8070-AAWZP,2026-08-30,TWR00026,81,3768.36,3.68,25,False
USG00003137,2203-GHNWN,2026-08-30,TWR00093,65,354.16,0.346,16,False
USG00003138,0824-VWDPO,2026-08-30,TWR00075,108,1558.03,1.522,20,False
USG00003139,1094-BKOSX,2026-08-30,TWR00085,47,1472.94,1.438,17,False
USG00003140,3976-HXHCE,2026-08-30,TWR00093,159,1295.12,1.265,15,False
USG00003141,8245-UMPYT,2026-08-30,TWR00008,130,2234.42,2.182,22,False
USG00003142,7077-XJMET,2026-08-30,TWR00056,39,760.1,0.742,9,False
USG00003143,6516-NKQBO,2026-08-30,TWR00039,166,4237.86,4.139,23,True
USG00003144,0696-UKTOX,2026-08-30,TWR00042,166,496.02,0.484,6,False
USG00003145,8224-KDLKN,2026-08-30,TWR00014,164,2774.97,2.71,0,False
USG00003146,1696-HXOWK,2026-08-30,TWR00043,118,1587.47,1.55,5,False
USG00003147,4881-JVQOD,2026-08-30,TWR00057,18,187.65,0.183,22,False
USG00003148,2479-BRAMR,2026-08-30,TWR00023,50,1211.11,1.183,18,True
USG00003149,2263-SFSQZ,2026-08-30,TWR00080,83,1158.34,1.131,6,False
USG00003150,7607-QKKTJ,2026-08-30,TWR00011,160,4259.13,4.159,14,False
USG00003151,5921-NGYRH,2026-08-30,TWR00073,97,329.23,0.322,15,False
USG00003152,6907-CQGPN,2026-08-30,TWR00006,98,3311.63,3.234,24,False
USG00003153,8200-LGKSR,2026-08-30,TWR00063,90,98.52,0.096,21,False
USG00003154,8250-ZNGGW,2026-08-30,TWR00055,117,3875.71,3.785,9,False
USG00003155,7351-MHQVU,2026-08-30,TWR00016,176,2877.07,2.81,21,False
USG00003156,4937-QPZPO,2026-08-30,TWR00078,116,723.02,0.706,25,False
USG00003157,8950-MTZNV,2026-08-30,TWR00013,155,4219.05,4.12,2,False
USG00003158,2725-TTRIQ,2026-08-30,TWR00007,93,1709.93,1.67,19,False
USG00003159,2642-MAWLJ,2026-08-30,TWR00043,36,4487.46,4.382,8,False
USG00003160,9386-LDCZR,2026-08-30,TWR00012,84,4350.7,4.249,15,False
USG00003161,5542-DHSXL,2026-08-30,TWR00061,113,3737.36,3.65,21,False
USG00003162,7663-CUXZB,2026-08-30,TWR00022,50,4340.81,4.239,22,False
USG00003163,8917-SZTTJ,2026-08-30,TWR00008,35,4225.12,4.126,7,False
USG00003164,5402-HTOTQ,2026-08-30,TWR00028,174,1197.36,1.169,8,False
USG00003165,5712-PTIWW,2026-08-30,TWR00091,142,1115.91,1.09,11,False
USG00003166,7234-KMNRQ,2026-08-30,TWR00031,8,2233.74,2.181,5,False
USG00003167,7665-VIGUD,2026-08-30,TWR00002,20,1505.3,1.47,20,False
USG00003168,7026-YMSBE,2026-08-30,TWR00002,70,2479.77,2.422,2,False
USG00003169,7544-ZVIKX,2026-08-30,TWR00070,47,704.61,0.688,7,False
USG00003170,1452-KIOVK,2026-08-30,TWR00062,163,2697.0,2.634,23,False
USG00003171,2371-JQHZZ,2026-08-30,TWR00089,55,1162.67,1.135,3,False
USG00003172,2651-ZCBXV,2026-08-30,TWR00010,13,675.0,0.659,21,False
USG00003173,6116-RFVHN,2026-08-30,TWR00052,117,2595.95,2.535,11,False
USG00003174,0327-WFZSY,2026-08-30,TWR00025,26,3248.16,3.172,19,False
USG00003175,8044-BGWPI,2026-08-30,TWR00037,123,450.83,0.44,17,False
USG00003176,8118-LSUEL,2026-08-30,TWR00083,92,2381.34,2.326,23,True
USG00003177,6348-SNFUS,2026-08-30,TWR00044,19,926.06,0.904,8,False
USG00003178,8189-HBVRW,2026-08-30,TWR00065,180,3895.13,3.804,25,False
USG00003179,1202-KKGFU,2026-08-30,TWR00056,100,780.57,0.762,3,False
USG00003180,9432-VOFYX,2026-08-30,TWR00007,66,3314.22,3.237,12,False
USG00003181,9494-MRNYX,2026-08-30,TWR00080,10,4403.12,4.3,1,False
USG00003182,0096-BXERS,2026-08-30,TWR00072,19,2809.84,2.744,15,False
USG00003183,1304-NECVQ,2026-08-30,TWR00049,51,1757.03,1.716,22,False
USG00003184,3801-HMYNL,2026-08-30,TWR00065,71,1209.06,1.181,6,False
USG00003185,1336-EZFZY,2026-08-30,TWR00006,30,3700.16,3.613,8,False
USG00003186,6145-NNPNO,2026-08-30,TWR00018,5,3770.79,3.682,8,False
USG00003187,5196-WPYOW,2026-08-30,TWR00051,77,2118.51,2.069,24,False
USG00003188,6035-RIIOM,2026-08-30,TWR00073,134,1527.83,1.492,21,True
USG00003189,1097-FSPVW,2026-08-30,TWR00020,60,1447.78,1.414,11,False
USG00003190,4626-OZDTJ,2026-08-30,TWR00004,150,854.85,0.835,16,False
USG00003191,4423-JWZJN,2026-08-30,TWR00024,119,613.71,0.599,21,False
USG00003192,8197-BFWVU,2026-08-30,TWR00050,38,3025.51,2.955,3,False
USG00003193,0587-DMGBH,2026-08-30,TWR00018,90,1439.93,1.406,22,False
USG00003194,8049-WJCLQ,2026-08-30,TWR00006,52,2838.69,2.772,20,False
USG00003195,2592-SEIFQ,2026-08-30,TWR00046,70,3821.4,3.732,23,False
USG00003196,8869-TORSS,2026-08-30,TWR00014,168,3770.82,3.682,9,False
USG00003197,3396-DKDEL,2026-08-30,TWR00099,162,785.3,0.767,1,False
USG00003198,0516-QREYC,2026-08-30,TWR00005,131,946.77,0.925,22,False
USG00003199,7124-UGSUR,2026-08-30,TWR00085,84,3341.66,3.263,2,False
USG00003200,0023-UYUPN,2026-08-30,TWR00015,102,3237.67,3.162,25,False
USG00003201,2077-MPJQO,2026-08-30,TWR00086,77,2004.4,1.957,1,False
USG00003202,9681-KYGYB,2026-08-30,TWR00093,3,1480.09,1.445,11,False
USG00003203,3506-LCJDC,2026-08-30,TWR00068,173,4087.31,3.992,1,False
USG00003204,2659-VXMWZ,2026-08-30,TWR00002,2,4301.97,4.201,4,False
USG00003205,6888-SBYAI,2026-08-30,TWR00071,172,370.68,0.362,9,True
USG00003206,1626-ERCMM,2026-08-30,TWR00094,44,1827.86,1.785,16,False
USG00003207,3472-OAOOR,2026-08-30,TWR00059,107,3340.15,3.262,2,False
USG00003208,3551-GAEGL,2026-08-30,TWR00025,150,558.79,0.546,10,False
USG00003209,8390-FESFV,2026-08-30,TWR00067,49,1640.61,1.602,24,False
USG00003210,3441-CGZJH,2026-08-30,TWR00001,162,3403.79,3.324,17,False
USG00003211,4355-CVPVS,2026-08-30,TWR00021,15,1533.1,1.497,17,False
USG00003212,4903-UYAVB,2026-08-30,TWR00068,173,3499.15,3.417,2,False
USG00003213,6087-MVHJH,2026-08-30,TWR00064,103,3933.97,3.842,21,False
USG00003214,2812-SFXMJ,2026-08-30,TWR00065,95,2060.33,2.012,15,False
USG00003215,8654-DHAOW,2026-08-30,TWR00073,121,700.81,0.684,18,False
USG00003216,6727-IOTLZ,2026-08-30,TWR00046,99,3130.73,3.057,12,True
USG00003217,8821-KVZKQ,2026-08-30,TWR00048,46,2097.95,2.049,10,False
USG00003218,7137-NAXML,2026-08-30,TWR00038,82,1954.24,1.908,14,False
USG00003219,8905-IAZPF,2026-08-30,TWR00061,69,4457.69,4.353,0,False
USG00003220,2403-BCASL,2026-08-30,TWR00058,70,2684.6,2.622,9,False
USG00003221,6599-GZWCM,2026-08-30,TWR00003,165,969.92,0.947,18,False
USG00003222,5419-JKZNQ,2026-08-30,TWR00040,17,4209.14,4.11,17,False
USG00003223,6022-KOUQO,2026-08-30,TWR00049,145,4138.24,4.041,16,False
USG00003224,2832-SCUCO,2026-08-30,TWR00051,94,631.8,0.617,21,False
USG00003225,8485-GJCDN,2026-08-30,TWR00053,40,4213.23,4.114,19,False
USG00003226,9415-DPEWS,2026-08-30,TWR00077,68,2583.1,2.523,21,False
USG00003227,3719-TDVQB,2026-08-30,TWR00039,109,381.82,0.373,21,True
USG00003228,5020-ZSTTY,2026-08-30,TWR00087,92,1660.42,1.622,15,False
USG00003229,6473-ULUHT,2026-08-30,TWR00067,178,77.96,0.076,24,False
USG00003230,3229-USWAR,2026-08-30,TWR00019,115,2458.23,2.401,16,False
USG00003231,2673-ZALNP,2026-08-30,TWR00069,93,4164.73,4.067,15,False
USG00003232,3424-NMNBO,2026-08-30,TWR00098,166,3132.75,3.059,25,False
USG00003233,9844-FELAJ,2026-08-30,TWR00076,158,1009.64,0.986,3,False
USG00003234,2866-IKBTM,2026-08-30,TWR00037,149,1603.46,1.566,12,False
USG00003235,2480-EJWYP,2026-08-30,TWR00080,89,2045.91,1.998,14,False
USG00003236,6635-CPNUN,2026-08-30,TWR00054,67,1342.18,1.311,6,False
USG00003237,5329-KRDTM,2026-08-30,TWR00090,103,1954.07,1.908,22,False
USG00003238,7244-KXYZN,2026-08-30,TWR00023,29,3644.18,3.559,1,False
USG00003239,6323-AYBRX,2026-08-30,TWR00035,106,1015.48,0.992,9,False
USG00003240,3162-KKZXO,2026-08-30,TWR00066,66,3329.09,3.251,10,False
USG00003241,3704-IEAXF,2026-08-30,TWR00053,146,680.99,0.665,24,True
USG00003242,8837-VVWLQ,2026-08-30,TWR00055,75,1313.48,1.283,10,False
USG00003243,1208-DNHLN,2026-08-30,TWR00031,58,3354.57,3.276,6,False
USG00003244,9919-YLNNG,2026-08-30,TWR00004,175,1971.38,1.925,5,False
USG00003245,4115-UMJFQ,2026-08-30,TWR00038,154,3689.45,3.603,13,False
USG00003246,0872-NXJYS,2026-08-30,TWR00027,95,657.06,0.642,19,False
USG00003247,7295-JOMMD,2026-08-30,TWR00070,23,820.35,0.801,13,False
USG00003248,6369-MCAKO,2026-08-30,TWR00087,66,3840.39,3.75,6,False
USG00003249,9985-MWVIX,2026-08-30,TWR00068,49,3842.41,3.752,16,False
USG00003250,7422-WNBTY,2026-08-30,TWR00046,158,3082.47,3.01,8,False
USG00003251,3420-YJLQT,2026-08-30,TWR00071,87,3781.44,3.693,6,False
USG00003252,9281-PKKZE,2026-08-30,TWR00082,131,1136.7,1.11,8,False
USG00003253,8992-OBVDG,2026-08-30,TWR00059,41,1266.55,1.237,16,True
USG00003254,0129-KPTWJ,2026-08-30,TWR00006,28,232.05,0.227,17,False
USG00003255,2729-VNVAP,2026-08-30,TWR00067,137,1713.43,1.673,17,False
USG00003256,8347-GDTMP,2026-08-30,TWR00056,22,782.96,0.765,8,False
USG00003257,5924-IFQTT,2026-08-30,TWR00051,54,1373.11,1.341,13,False
USG00003258,6497-TILVL,2026-08-30,TWR00017,78,2566.91,2.507,7,False
USG00003259,9553-DLCLU,2026-08-30,TWR00021,136,2987.18,2.917,5,False
USG00003260,4674-HGNUA,2026-08-30,TWR00044,118,3456.84,3.376,14,False
USG00003261,7503-ZGUZJ,2026-08-30,TWR00015,58,3454.83,3.374,12,False
USG00003262,6599-SFQVE,2026-08-30,TWR00029,156,4182.49,4.084,9,False
USG00003263,8884-ADFVN,2026-08-30,TWR00009,62,851.94,0.832,4,False
USG00003264,3594-IVHJZ,2026-08-30,TWR00028,19,1201.41,1.173,24,False
USG00003265,7590-VHVEG,2026-08-30,TWR00039,173,503.6,0.492,25,False
USG00003266,5676-CFLYY,2026-08-30,TWR00078,173,2865.23,2.798,22,False
USG00003267,2683-BPJSO,2026-08-30,TWR00032,9,2788.89,2.724,6,False
USG00003268,7365-BVCJH,2026-08-30,TWR00084,113,2705.03,2.642,16,True
USG00003269,3457-PQBYH,2026-08-30,TWR00082,59,2753.45,2.689,2,False
USG00003270,4983-CCWMC,2026-08-30,TWR00006,115,1296.71,1.266,21,False
USG00003271,0923-PNFUB,2026-08-30,TWR00047,131,3403.69,3.324,17,False
USG00003272,9614-RMGHA,2026-08-30,TWR00084,111,1876.93,1.833,14,False
USG00003273,8229-MYEJZ,2026-08-30,TWR00068,124,1386.16,1.354,19,False
USG00003274,7632-YUTXB,2026-08-30,TWR00052,88,1811.07,1.769,11,False
USG00003275,0730-BGQGF,2026-08-30,TWR00065,82,3497.79,3.416,18,True
USG00003276,9779-DPNEJ,2026-08-30,TWR00075,132,271.07,0.265,18,False
USG00003277,1027-LKKQQ,2026-08-30,TWR00074,35,2663.07,2.601,7,False
USG00003278,6891-JPYFF,2026-08-30,TWR00032,165,3552.54,3.469,17,False
USG00003279,6135-OZQVA,2026-08-30,TWR00097,124,1181.36,1.154,3,False
USG00003280,9780-FKVVF,2026-08-30,TWR00067,148,3709.14,3.622,22,False
USG00003281,5485-WUYWF,2026-08-30,TWR00080,14,2849.06,2.782,11,False
USG00003282,2955-BJZHG,2026-08-30,TWR00042,48,1681.64,1.642,21,False
USG00003283,3755-JBMNH,2026-08-30,TWR00012,164,1398.2,1.365,14,False
USG00003284,6204-IEUXJ,2026-08-30,TWR00087,34,593.13,0.579,15,False
USG00003285,5445-UTODQ,2026-08-30,TWR00032,103,2819.85,2.754,24,True
USG00003286,1956-YIFGE,2026-08-30,TWR00009,15,2245.57,2.193,15,True
USG00003287,0362-RAOQO,2026-08-30,TWR00072,121,4255.26,4.156,16,False
USG00003288,9648-BCHKM,2026-08-30,TWR00092,30,1837.84,1.795,6,False
USG00003289,3865-ZFZIB,2026-08-30,TWR00093,30,2412.75,2.356,3,False
USG00003290,4566-NECEV,2026-08-30,TWR00056,7,3862.29,3.772,15,False
USG00003291,2798-NYLMZ,2026-08-30,TWR00084,102,3046.09,2.975,13,True
USG00003292,6479-OAUSD,2026-08-30,TWR00067,165,4108.61,4.012,19,False
USG00003293,8204-TIFGJ,2026-08-30,TWR00078,70,1612.85,1.575,16,False
USG00003294,6734-GMPVK,2026-08-30,TWR00003,180,76.04,0.074,19,False
USG00003295,9415-TPKRV,2026-08-30,TWR00049,72,1150.73,1.124,8,False
USG00003296,3085-QUOZK,2026-08-30,TWR00079,141,533.51,0.521,3,False
USG00003297,2911-UREFD,2026-08-30,TWR00059,27,4165.33,4.068,19,False
USG00003298,3129-AAQOU,2026-08-30,TWR00064,8,3772.51,3.684,0,False
USG00003299,9819-FBNSV,2026-08-30,TWR00004,162,4290.97,4.19,24,False
USG00003300,5656-JAMLX,2026-08-30,TWR00019,180,1240.72,1.212,11,False
USG00003301,4530-NDRKU,2026-08-30,TWR00040,22,303.24,0.296,6,False
USG00003302,0396-HUJBP,2026-08-30,TWR00028,12,3096.66,3.024,14,False
USG00003303,3384-CTMSF,2026-08-30,TWR00040,81,2662.66,2.6,12,False
USG00003304,0248-IPDFW,2026-08-30,TWR00020,27,4272.03,4.172,11,False
USG00003305,5495-GPSRW,2026-08-30,TWR00033,116,2403.57,2.347,16,False
USG00003306,2740-TVLFN,2026-08-30,TWR00002,61,4252.71,4.153,21,False
USG00003307,2292-XQWSV,2026-08-30,TWR00008,42,1266.55,1.237,4,False
USG00003308,4806-HIPDW,2026-08-30,TWR00012,60,3083.83,3.012,25,False
USG00003309,7707-PYBBH,2026-08-30,TWR00050,156,800.18,0.781,24,False
USG00003310,0484-FFVBJ,2026-08-30,TWR00083,134,1182.69,1.155,22,False
USG00003311,0727-BMPLR,2026-08-30,TWR00044,60,944.05,0.922,23,False
USG00003312,6457-GIRWB,2026-08-30,TWR00020,39,1789.67,1.748,4,False
USG00003313,1518-VOWAV,2026-08-30,TWR00021,54,1838.64,1.796,20,False
USG00003314,9667-EQRXU,2026-08-30,TWR00027,73,2941.76,2.873,1,False
USG00003315,7398-LXGYX,2026-08-30,TWR00052,29,94.71,0.092,20,False
USG00003316,0897-FEGMU,2026-08-30,TWR00070,24,1148.41,1.121,23,False
USG00003317,9030-QGZNL,2026-08-30,TWR00094,49,1657.73,1.619,6,False
USG00003318,8208-EUMTE,2026-08-30,TWR00034,51,1200.26,1.172,10,False
USG00003319,8849-PRIQJ,2026-08-30,TWR00098,20,737.64,0.72,14,False
USG00003320,1273-MTETI,2026-08-30,TWR00029,34,3803.84,3.715,9,False
USG00003321,3696-XRIEN,2026-08-30,TWR00088,147,3621.84,3.537,16,False
USG00003322,4625-XMOYM,2026-08-30,TWR00001,168,2071.79,2.023,18,False
USG00003323,4636-TVXVG,2026-08-30,TWR00084,99,2727.71,2.664,19,False
USG00003324,2595-KIWPV,2026-08-30,TWR00025,21,2840.78,2.774,24,False
USG00003325,7439-DKZTW,2026-08-30,TWR00064,122,1466.23,1.432,15,False
USG00003326,6982-UQZLY,2026-08-30,TWR00012,32,4455.93,4.351,22,False
USG00003327,1728-BQDMA,2026-08-30,TWR00011,114,365.77,0.357,6,False
USG00003328,5575-GNVDE,2026-08-30,TWR00019,106,1617.31,1.579,2,True
USG00003329,0519-XUZJU,2026-08-30,TWR00068,106,446.3,0.436,20,False
USG00003330,2621-UDNLU,2026-08-30,TWR00066,156,334.71,0.327,15,False
USG00003331,4658-HCOHW,2026-08-30,TWR00055,127,1692.95,1.653,25,False
USG00003332,6211-WWLTF,2026-08-30,TWR00017,98,3397.64,3.318,0,True
USG00003333,5569-KGJHX,2026-08-30,TWR00096,129,827.94,0.809,10,False
USG00003334,5687-DKDTV,2026-08-30,TWR00013,180,1640.62,1.602,9,False
USG00003335,9820-RMCQV,2026-08-30,TWR00089,15,3089.64,3.017,13,True
USG00003336,9356-AXGMP,2026-08-30,TWR00076,15,378.36,0.369,12,False
USG00003337,5788-YPOEG,2026-08-30,TWR00061,122,285.35,0.279,0,False
USG00003338,2650-GYRYL,2026-08-30,TWR00023,30,864.65,0.844,16,False
USG00003339,5473-KHBPS,2026-08-30,TWR00015,110,3454.67,3.374,12,True
USG00003340,3996-ZNWYK,2026-08-30,TWR00083,37,2458.58,2.401,14,False
USG00003341,9933-QRGTX,2026-08-30,TWR00075,97,2041.3,1.993,2,True
USG00003342,8395-ETZKQ,2026-08-30,TWR00007,136,4447.45,4.343,0,False
USG00003343,5043-TRZWM,2026-08-30,TWR00092,2,4042.3,3.948,21,False
USG00003344,1104-FEJAM,2026-08-30,TWR00063,15,2930.63,2.862,25,False
USG00003345,5240-IJOQT,2026-08-30,TWR00026,101,2583.08,2.523,15,False
USG00003346,1025-FALIX,2026-08-30,TWR00062,151,1649.12,1.61,15,False
USG00003347,8564-LDKFL,2026-08-30,TWR00093,126,1566.17,1.529,21,False
USG00003348,0386-CWRGM,2026-08-30,TWR00096,104,2926.3,2.858,23,True
USG00003349,4902-OHLSK,2026-08-30,TWR00053,25,3732.09,3.645,5,False
USG00003350,5366-IJEQJ,2026-08-30,TWR00086,43,4057.57,3.962,21,False
USG00003351,2931-VUVJN,2026-08-30,TWR00009,19,3221.55,3.146,5,False
USG00003352,8331-ZXFOE,2026-08-30,TWR00079,125,2017.07,1.97,22,False
USG00003353,9257-AZMTZ,2026-08-30,TWR00086,111,3594.25,3.51,16,True
USG00003354,8591-NXRCV,2026-08-30,TWR00036,98,1439.8,1.406,18,False
USG00003355,4304-TSPVK,2026-08-30,TWR00088,150,596.19,0.582,3,False
USG00003356,2320-JRSDE,2026-08-30,TWR00066,61,1481.82,1.447,0,False
USG00003357,8999-EXMNO,2026-08-30,TWR00033,15,4395.83,4.293,17,False
USG00003358,7503-EPSZW,2026-08-30,TWR00044,69,263.82,0.258,11,False
USG00003359,2266-FUBDZ,2026-08-30,TWR00045,157,4071.91,3.976,1,True
USG00003360,1989-PRJHP,2026-08-30,TWR00068,86,2288.28,2.235,20,False
USG00003361,3521-SYVOR,2026-08-30,TWR00067,118,588.69,0.575,9,False
USG00003362,3170-GWYKC,2026-08-30,TWR00025,172,938.66,0.917,20,False
USG00003363,0318-QUUOB,2026-08-30,TWR00012,175,4120.65,4.024,4,True
USG00003364,2123-AGEEN,2026-08-30,TWR00056,161,447.04,0.437,0,False
USG00003365,7459-RRWQZ,2026-08-30,TWR00061,17,1511.43,1.476,16,True
USG00003366,6655-LHBYW,2026-08-30,TWR00085,39,1072.77,1.048,17,False
USG00003367,8023-QHAIO,2026-08-30,TWR00034,2,1343.39,1.312,25,False
USG00003368,4855-SNKMY,2026-08-30,TWR00095,120,3151.68,3.078,18,False
USG00003369,1644-IRKSF,2026-08-30,TWR00030,32,947.18,0.925,23,False
USG00003370,2672-TGEFF,2026-08-30,TWR00081,68,554.57,0.542,0,False
USG00003371,0181-RITDD,2026-08-30,TWR00100,12,2668.45,2.606,18,True
USG00003372,1016-DJTSV,2026-08-30,TWR00087,31,910.23,0.889,4,False
USG00003373,4547-FZJWE,2026-08-30,TWR00043,88,4024.35,3.93,17,False
USG00003374,3312-ZWLGF,2026-08-30,TWR00039,4,1768.94,1.727,25,True
USG00003375,9880-TDQAC,2026-08-30,TWR00006,166,2920.64,2.852,14,False
USG00003376,8563-OYMQY,2026-08-30,TWR00082,135,683.5,0.667,7,True
USG00003377,7349-ALMUX,2026-08-30,TWR00076,89,482.53,0.471,7,True
USG00003378,0739-UUAJR,2026-08-30,TWR00060,140,1091.56,1.066,1,True
USG00003379,6689-VRRTK,2026-08-30,TWR00042,168,2463.56,2.406,20,True
USG00003380,7661-CPURM,2026-08-30,TWR00082,80,3983.25,3.89,0,False
USG00003381,9225-BZLNZ,2026-08-30,TWR00069,134,3989.18,3.896,10,False
USG00003382,3219-JQRSL,2026-08-30,TWR00059,162,2127.49,2.078,2,False
USG00003383,0581-BXBUB,2026-08-30,TWR00041,15,2862.84,2.796,9,False
USG00003384,2360-RDGRO,2026-08-30,TWR00084,169,3943.58,3.851,22,False
USG00003385,0835-JKADZ,2026-08-30,TWR00005,92,2600.41,2.539,16,False
USG00003386,6297-NOOPG,2026-08-30,TWR00074,35,1612.3,1.575,17,False
USG00003387,3324-OIRTO,2026-08-30,TWR00098,15,1856.86,1.813,10,False
USG00003388,7808-DVWEP,2026-08-30,TWR00098,154,4358.27,4.256,18,False
USG00003389,8966-KZXXA,2026-08-30,TWR00040,60,2213.85,2.162,12,False
USG00003390,9845-PEEKO,2026-08-30,TWR00016,86,582.01,0.568,2,False
USG00003391,1535-VTJOQ,2026-08-30,TWR00078,97,4372.41,4.27,7,False
USG00003392,8040-MNRTF,2026-08-30,TWR00093,166,1955.79,1.91,23,False
USG00003393,6425-YQLLO,2026-08-30,TWR00006,150,1742.28,1.701,10,False
USG00003394,3646-ITDGM,2026-08-30,TWR00061,177,2854.2,2.787,9,False
USG00003395,3569-VLDHH,2026-08-30,TWR00077,139,3182.29,3.108,12,False
USG00003396,8058-INTPH,2026-08-30,TWR00100,114,2603.76,2.543,9,False
USG00003397,7789-CRUVC,2026-08-30,TWR00001,132,340.0,0.332,0,False
USG00003398,4686-GEFRM,2026-08-30,TWR00097,177,1682.76,1.643,13,False
USG00003399,2568-OIADY,2026-08-30,TWR00059,48,3601.98,3.518,19,False
USG00003400,2408-TZMJL,2026-08-30,TWR00088,173,3477.52,3.396,9,False
USG00003401,2692-PFYTJ,2026-08-30,TWR00058,154,3658.96,3.573,3,True
USG00003402,2545-EBUPK,2026-08-30,TWR00016,171,2829.14,2.763,3,False
USG00003403,3088-FVYWK,2026-08-30,TWR00069,71,395.53,0.386,1,False
USG00003404,3097-PYWXL,2026-08-30,TWR00021,157,3141.96,3.068,16,True
USG00003405,1970-KKFWL,2026-08-30,TWR00005,138,1531.71,1.496,20,False
USG00003406,8015-IHCGW,2026-08-30,TWR00081,26,1376.35,1.344,22,False
USG00003407,3272-VUHPV,2026-08-30,TWR00055,96,1659.05,1.62,9,False
USG00003408,2378-HTWFW,2026-08-30,TWR00033,45,627.55,0.613,11,False
USG00003409,6849-WLEYG,2026-08-30,TWR00067,107,4365.69,4.263,10,False
USG00003410,3720-DBRWL,2026-08-30,TWR00052,74,1889.0,1.845,20,False
USG00003411,5337-IIWKZ,2026-08-30,TWR00072,16,4387.32,4.284,11,False
USG00003412,7219-TLZHO,2026-08-30,TWR00007,178,636.41,0.621,0,False
USG00003413,0014-BMAQU,2026-08-30,TWR00040,20,1499.87,1.465,23,False
USG00003414,4832-VRBMR,2026-08-30,TWR00100,139,1984.02,1.938,8,False
USG00003415,5160-UXJED,2026-08-30,TWR00093,71,3256.85,3.181,18,False
USG00003416,4988-IQIGL,2026-08-30,TWR00037,172,1774.98,1.733,24,False
USG00003417,3838-OZURD,2026-08-30,TWR00070,136,1287.52,1.257,6,False
USG00003418,5949-HGVJL,2026-08-29,TWR00041,2,2607.27,2.546,3,False
USG00003419,8868-WOZGU,2026-08-29,TWR00050,71,4388.81,4.286,22,False
USG00003420,0580-PIQHM,2026-08-29,TWR00003,13,3890.52,3.799,1,False
USG00003421,8717-VCTXJ,2026-08-29,TWR00090,102,2464.09,2.406,11,True
USG00003422,6872-HXFNF,2026-08-29,TWR00080,123,323.35,0.316,24,False
USG00003423,8409-WQJUX,2026-08-29,TWR00052,176,4046.12,3.951,21,False
USG00003424,9762-YAQAA,2026-08-29,TWR00052,175,1017.69,0.994,16,False
USG00003425,1173-XZPYF,2026-08-29,TWR00077,45,3534.54,3.452,24,False
USG00003426,8681-ICONS,2026-08-29,TWR00088,76,2351.8,2.297,24,False
USG00003427,2608-BHKFN,2026-08-29,TWR00094,145,4073.01,3.978,23,False
USG00003428,6016-NXBNJ,2026-08-29,TWR00058,67,423.8,0.414,4,False
USG00003429,9732-EQMWY,2026-08-29,TWR00044,152,2322.67,2.268,17,False
USG00003430,0786-IVLAW,2026-08-29,TWR00004,76,2913.88,2.846,11,False
USG00003431,5915-DGNVC,2026-08-29,TWR00034,52,291.23,0.284,7,True
USG00003432,8597-CWYHH,2026-08-29,TWR00067,115,1888.59,1.844,23,False
USG00003433,4933-IKULF,2026-08-29,TWR00040,52,4430.95,4.327,1,False
USG00003434,8731-WBBMB,2026-08-29,TWR00052,175,2582.99,2.522,0,False
USG00003435,9067-SQTNS,2026-08-29,TWR00021,152,4417.77,4.314,22,False
USG00003436,0810-BDHAW,2026-08-29,TWR00093,88,4113.92,4.018,13,False
USG00003437,7746-AWNQW,2026-08-29,TWR00043,81,1586.05,1.549,13,False
USG00003438,5076-YVXCM,2026-08-29,TWR00078,75,4488.31,4.383,0,False
USG00003439,1139-WUOAH,2026-08-29,TWR00041,123,1020.63,0.997,6,False
USG00003440,9261-WDCAF,2026-08-29,TWR00021,113,2341.68,2.287,18,True
USG00003441,3969-JQABI,2026-08-29,TWR00009,94,1999.82,1.953,5,False
USG00003442,9916-AYHTC,2026-08-29,TWR00045,101,3615.97,3.531,9,False
USG00003443,5022-JNQEQ,2026-08-29,TWR00019,91,3303.84,3.226,17,False
USG00003444,2361-FJWNO,2026-08-29,TWR00020,156,704.4,0.688,18,False
USG00003445,9643-AVVWI,2026-08-29,TWR00009,119,4082.8,3.987,23,True
USG00003446,9278-VZKCD,2026-08-29,TWR00099,37,3617.09,3.532,1,False
USG00003447,5996-NRVXR,2026-08-29,TWR00016,71,1583.66,1.547,10,True
USG00003448,7587-AOVVU,2026-08-29,TWR00046,88,2488.01,2.43,16,False
USG00003449,0488-GSLFR,2026-08-29,TWR00090,13,4243.94,4.144,14,True
USG00003450,0188-GWFLE,2026-08-29,TWR00055,168,601.16,0.587,13,False
USG00003451,8984-EYLLL,2026-08-29,TWR00018,149,973.72,0.951,1,False
USG00003452,8894-JVDCV,2026-08-29,TWR00023,90,1021.46,0.998,13,False
USG00003453,3569-JFODW,2026-08-29,TWR00084,171,1998.0,1.951,22,False
USG00003454,9283-LZQOH,2026-08-29,TWR00084,129,2328.27,2.274,11,False
USG00003455,1663-MHLHE,2026-08-29,TWR00055,20,1174.58,1.147,25,False
USG00003456,0409-WTMPL,2026-08-29,TWR00017,142,4038.62,3.944,19,False
USG00003457,6202-DYYFX,2026-08-29,TWR00040,98,998.38,0.975,9,False
USG00003458,7113-HIPFI,2026-08-29,TWR00004,125,1224.56,1.196,5,False
USG00003459,3186-AJIEK,2026-08-29,TWR00050,95,4332.12,4.231,13,True
USG00003460,7268-WNTCP,2026-08-29,TWR00047,113,595.15,0.581,17,False
USG00003461,3345-PBBFH,2026-08-29,TWR00091,40,1935.63,1.89,16,False
USG00003462,7795-CFOCW,2026-08-29,TWR00084,41,3181.06,3.107,8,False
USG00003463,4525-VZCZG,2026-08-29,TWR00068,11,655.65,0.64,0,False
USG00003464,3612-YVGSJ,2026-08-29,TWR00021,109,1879.06,1.835,3,True
USG00003465,9986-BONCE,2026-08-29,TWR00002,138,4297.61,4.197,4,False
USG00003466,1685-BQULA,2026-08-29,TWR00083,18,3927.11,3.835,12,False
USG00003467,6654-QGBZZ,2026-08-29,TWR00036,48,2966.21,2.897,11,False
USG00003468,3373-YZZYM,2026-08-29,TWR00055,15,2585.54,2.525,7,False
USG00003469,1205-WNWPJ,2026-08-29,TWR00044,91,4124.04,4.027,5,False
USG00003470,7716-YTYHG,2026-08-29,TWR00042,32,566.33,0.553,18,False
USG00003471,7025-IWFHT,2026-08-29,TWR00006,72,3594.15,3.51,5,False
USG00003472,6728-CZFEI,2026-08-29,TWR00045,116,126.49,0.124,9,False
USG00003473,3943-KDREE,2026-08-29,TWR00078,25,641.56,0.627,4,False
USG00003474,4194-WHFCB,2026-08-29,TWR00021,72,590.42,0.577,18,False
USG00003475,6680-WKXRZ,2026-08-29,TWR00068,96,423.17,0.413,7,False
USG00003476,3349-ANQNH,2026-08-29,TWR00016,23,3731.42,3.644,16,False
USG00003477,6725-TPKJO,2026-08-29,TWR00050,159,2833.77,2.767,25,True
USG00003478,4393-RYCRE,2026-08-29,TWR00004,136,1575.76,1.539,4,False
USG00003479,0599-XNYDO,2026-08-29,TWR00036,163,213.72,0.209,19,False
USG00003480,6265-SXWBU,2026-08-29,TWR00100,0,2865.79,2.799,14,True
USG00003481,0971-QIFJK,2026-08-29,TWR00043,61,3315.39,3.238,4,False
USG00003482,1468-DEFNC,2026-08-29,TWR00097,76,2571.79,2.512,9,False
USG00003483,5161-XEUVX,2026-08-29,TWR00050,116,3650.04,3.564,16,False
USG00003484,7399-QHBJS,2026-08-29,TWR00098,150,2941.62,2.873,7,False
USG00003485,2634-HCZGT,2026-08-29,TWR00008,19,3444.41,3.364,18,False
USG00003486,4415-WNGVR,2026-08-29,TWR00029,18,2686.81,2.624,22,False
USG00003487,5868-YTYKS,2026-08-29,TWR00066,171,4084.76,3.989,4,False
USG00003488,7480-QNVZJ,2026-08-29,TWR00062,78,1783.73,1.742,15,False
USG00003489,4636-QRJKY,2026-08-29,TWR00054,7,1017.46,0.994,13,False
USG00003490,9069-LGEUL,2026-08-29,TWR00093,4,736.24,0.719,1,False
USG00003491,4211-MMAZN,2026-08-29,TWR00065,76,2146.98,2.097,24,False
USG00003492,3985-HOYPM,2026-08-29,TWR00043,115,2063.12,2.015,0,False
USG00003493,4851-BQDNX,2026-08-29,TWR00060,109,4448.4,4.344,25,False
USG00003494,0822-GAVAP,2026-08-29,TWR00040,145,3215.51,3.14,5,False
USG00003495,4472-LVYGI,2026-08-29,TWR00055,44,2189.96,2.139,1,False
USG00003496,0709-TVGUR,2026-08-29,TWR00026,155,2499.06,2.44,22,False
USG00003497,4514-GFCFI,2026-08-29,TWR00056,134,168.43,0.164,10,False
USG00003498,7191-ADRGF,2026-08-29,TWR00056,57,2656.12,2.594,10,False
USG00003499,5349-IECLD,2026-08-29,TWR00038,40,3628.28,3.543,11,False
USG00003500,4884-LEVMQ,2026-08-29,TWR00008,120,496.76,0.485,21,False
USG00003501,9618-LFJRU,2026-08-29,TWR00077,124,1641.73,1.603,0,False
USG00003502,4568-TTZRT,2026-08-29,TWR00055,166,1334.39,1.303,3,True
USG00003503,8017-UVSZU,2026-08-29,TWR00019,75,4099.3,4.003,3,False
USG00003504,5392-AKEMH,2026-08-29,TWR00057,145,2151.16,2.101,19,False
USG00003505,2522-WLNSF,2026-08-29,TWR00061,100,1326.71,1.296,22,False
USG00003506,4635-EJYPD,2026-08-29,TWR00047,93,1717.04,1.677,24,False
USG00003507,0196-JTUQI,2026-08-29,TWR00020,100,2363.65,2.308,17,False
USG00003508,0442-TDYUO,2026-08-29,TWR00051,55,2509.3,2.45,0,False
USG00003509,0280-XJGEX,2026-08-29,TWR00011,39,3808.33,3.719,7,False
USG00003510,4273-MBHYA,2026-08-29,TWR00035,138,543.95,0.531,11,False
USG00003511,1792-UXAFY,2026-08-29,TWR00024,23,2638.56,2.577,14,False
USG00003512,8985-OOPOS,2026-08-29,TWR00070,69,3437.24,3.357,23,False
USG00003513,0872-JCPIB,2026-08-29,TWR00080,42,1395.92,1.363,7,False
USG00003514,5692-FPTAH,2026-08-29,TWR00099,34,1914.4,1.87,16,False
USG00003515,9919-FZDED,2026-08-29,TWR00013,163,2370.58,2.315,21,True
USG00003516,1905-OEILC,2026-08-29,TWR00082,137,2233.48,2.181,4,False
USG00003517,6583-KQJLK,2026-08-29,TWR00054,80,1076.69,1.051,3,False
USG00003518,9833-TGFHX,2026-08-29,TWR00026,7,1802.57,1.76,19,False
USG00003519,5397-TUPSH,2026-08-29,TWR00086,164,673.17,0.657,0,False
USG00003520,3803-KMQFW,2026-08-29,TWR00077,14,1241.8,1.213,22,False
USG00003521,6082-GLJIX,2026-08-29,TWR00025,52,4305.78,4.205,18,True
USG00003522,2720-FVBQP,2026-08-29,TWR00065,16,3344.77,3.266,6,False
USG00003523,9919-KNPOO,2026-08-29,TWR00053,163,2481.21,2.423,25,False
USG00003524,1977-STDKI,2026-08-29,TWR00026,150,2361.22,2.306,6,False
USG00003525,9927-DSWDF,2026-08-29,TWR00001,176,4203.93,4.105,17,False
USG00003526,9979-RGMZT,2026-08-29,TWR00055,146,1450.64,1.417,22,False
USG00003527,1915-IOFGU,2026-08-29,TWR00034,111,3342.4,3.264,22,False
USG00003528,1459-QNFQT,2026-08-29,TWR00027,10,3569.75,3.486,23,False
USG00003529,4013-TLDHQ,2026-08-29,TWR00032,80,1284.79,1.255,17,False
USG00003530,5312-UXESG,2026-08-29,TWR00020,61,3814.08,3.725,7,False
USG00003531,4578-PHJYZ,2026-08-29,TWR00054,166,3025.45,2.955,4,True
USG00003532,4634-JLRJT,2026-08-29,TWR00070,173,4027.9,3.933,5,False
USG00003533,8943-URTMR,2026-08-29,TWR00098,4,309.23,0.302,6,False
USG00003534,8898-KASCD,2026-08-29,TWR00074,76,3843.68,3.754,21,False
USG00003535,2176-OSJUV,2026-08-29,TWR00048,14,213.53,0.209,0,False
USG00003536,9227-LUNBG,2026-08-29,TWR00065,118,213.93,0.209,6,False
USG00003537,5093-FEGLU,2026-08-29,TWR00033,129,951.58,0.929,13,False
USG00003538,5071-FBJFS,2026-08-29,TWR00022,103,2931.42,2.863,19,False
USG00003539,6840-RESVB,2026-08-29,TWR00059,24,1557.3,1.521,10,False
USG00003540,6996-KNSML,2026-08-29,TWR00097,99,716.54,0.7,23,False
USG00003541,0363-SVHYR,2026-08-29,TWR00087,166,3480.15,3.399,8,False
USG00003542,4512-ZUIYL,2026-08-29,TWR00052,52,980.02,0.957,2,False
USG00003543,9572-WUKSB,2026-08-29,TWR00006,151,121.95,0.119,23,False
USG00003544,4671-LXRDQ,2026-08-29,TWR00085,158,3528.64,3.446,23,False
USG00003545,5931-FLJJF,2026-08-29,TWR00059,71,1402.41,1.37,11,False
USG00003546,7998-WNZEM,2026-08-29,TWR00047,38,4047.99,3.953,5,False
USG00003547,6388-TABGU,2026-08-29,TWR00004,123,1189.92,1.162,16,False
USG00003548,8806-EAGWC,2026-08-29,TWR00067,7,1921.75,1.877,0,False
USG00003549,5095-AESKG,2026-08-29,TWR00037,168,2287.83,2.234,25,False
USG00003550,5125-CNDSP,2026-08-29,TWR00041,27,3051.04,2.98,20,True
USG00003551,7361-YPXFS,2026-08-29,TWR00094,97,1962.18,1.916,13,True
USG00003552,4612-THJBS,2026-08-29,TWR00064,173,1137.48,1.111,24,False
USG00003553,1564-NTYXF,2026-08-29,TWR00031,28,4328.43,4.227,2,False
USG00003554,7740-KKCXF,2026-08-29,TWR00082,121,1708.4,1.668,6,False
USG00003555,2207-OBZNX,2026-08-29,TWR00013,14,391.36,0.382,2,False
USG00003556,5944-UGLLK,2026-08-29,TWR00022,180,2780.45,2.715,4,True
USG00003557,4912-PIGUY,2026-08-29,TWR00073,74,2787.98,2.723,8,True
USG00003558,6259-WJQLC,2026-08-29,TWR00027,135,539.78,0.527,19,False
USG00003559,2724-FJDYW,2026-08-29,TWR00044,39,3562.09,3.479,12,False
USG00003560,6865-JZNKO,2026-08-29,TWR00002,64,4015.89,3.922,12,False
USG00003561,2180-DXNEG,2026-08-29,TWR00027,128,2514.24,2.455,9,False
USG00003562,1324-NLTJE,2026-08-29,TWR00056,101,1181.95,1.154,20,False
USG00003563,3039-MJSLN,2026-08-29,TWR00068,75,3876.3,3.785,22,False
USG00003564,2270-CHBFN,2026-08-29,TWR00019,154,1553.1,1.517,6,False
USG00003565,5832-XKAES,2026-08-29,TWR00041,22,795.2,0.777,23,True
USG00003566,3859-CVCET,2026-08-29,TWR00070,32,861.77,0.842,21,False
USG00003567,2120-SMPEX,2026-08-29,TWR00058,105,1625.1,1.587,22,False
USG00003568,0237-YFUTL,2026-08-29,TWR00047,95,354.0,0.346,24,False
USG00003569,5067-XJQFU,2026-08-29,TWR00087,138,2539.0,2.479,17,False
USG00003570,2480-SQIOB,2026-08-29,TWR00043,103,2056.98,2.009,3,False
USG00003571,2737-WFVYW,2026-08-29,TWR00067,153,1266.36,1.237,17,False
USG00003572,2332-TODQS,2026-08-29,TWR00052,129,569.1,0.556,12,False
USG00003573,6726-WEXXK,2026-08-29,TWR00095,47,1347.31,1.316,16,True
USG00003574,4999-IEZLT,2026-08-29,TWR00028,42,2103.63,2.054,0,False
USG00003575,8565-CLBZW,2026-08-29,TWR00051,134,3207.86,3.133,16,False
USG00003576,2208-NKVVH,2026-08-29,TWR00002,66,569.72,0.556,12,False
USG00003577,6674-KVJHG,2026-08-29,TWR00061,36,3268.25,3.192,6,False
USG00003578,5707-ORNDZ,2026-08-29,TWR00031,140,3267.74,3.191,23,False
USG00003579,5708-EVONK,2026-08-29,TWR00016,66,3152.89,3.079,7,False
USG00003580,3569-EDBPQ,2026-08-29,TWR00011,57,3339.49,3.261,11,False
USG00003581,5245-VDBUR,2026-08-29,TWR00065,104,558.27,0.545,20,False
USG00003582,7698-YFGEZ,2026-08-29,TWR00022,125,809.21,0.79,25,False
USG00003583,0848-ZGQIJ,2026-08-29,TWR00008,62,3831.82,3.742,4,True
USG00003584,4706-AXVKM,2026-08-29,TWR00014,32,539.49,0.527,22,False
USG00003585,7416-CKTEP,2026-08-29,TWR00037,174,2074.29,2.026,9,True
USG00003586,1453-RZFON,2026-08-29,TWR00031,144,3368.6,3.29,11,False
USG00003587,7396-VJUZB,2026-08-29,TWR00057,169,4342.59,4.241,19,False
USG00003588,2068-WWXQZ,2026-08-29,TWR00030,122,3656.07,3.57,11,False
USG00003589,7136-IHZJA,2026-08-29,TWR00045,14,108.24,0.106,22,True
USG00003590,3585-YNADK,2026-08-29,TWR00036,71,4341.24,4.239,12,True
USG00003591,7672-VFMXZ,2026-08-29,TWR00090,87,2340.07,2.285,21,False
USG00003592,9578-VRMNM,2026-08-29,TWR00069,174,411.34,0.402,6,False
USG00003593,8295-KMENE,2026-08-29,TWR00091,17,3351.24,3.273,23,False
USG00003594,8229-TNIQA,2026-08-29,TWR00008,113,1957.41,1.912,14,False
USG00003595,0187-WZNAB,2026-08-29,TWR00034,17,3591.93,3.508,4,True
USG00003596,3621-CHYVB,2026-08-29,TWR00085,13,2402.59,2.346,16,False
USG00003597,7112-OPOTK,2026-08-29,TWR00024,123,2923.14,2.855,24,False
USG00003598,2834-SPCJV,2026-08-29,TWR00025,42,3640.56,3.555,2,True
USG00003599,4452-ROHMO,2026-08-29,TWR00068,128,3817.88,3.728,21,False
USG00003600,3904-UKFRE,2026-08-29,TWR00028,81,1303.63,1.273,16,False
USG00003601,3842-IYKUE,2026-08-29,TWR00024,32,279.19,0.273,25,False
USG00003602,3258-ZKPAI,2026-08-29,TWR00056,161,2507.42,2.449,6,False
USG00003603,4056-QHXHZ,2026-08-29,TWR00039,79,4398.91,4.296,8,False
USG00003604,3186-BAXNB,2026-08-29,TWR00096,118,546.71,0.534,24,False
USG00003605,3744-ZBHON,2026-08-29,TWR00079,142,832.52,0.813,24,True
USG00003606,0376-OIWME,2026-08-29,TWR00028,145,673.16,0.657,11,False
USG00003607,7401-JIXNM,2026-08-29,TWR00015,178,2824.95,2.759,0,False
USG00003608,0212-ISBBF,2026-08-29,TWR00084,86,1067.06,1.042,18,False
USG00003609,9028-LIHRP,2026-08-29,TWR00083,30,3750.27,3.662,0,False
USG00003610,8464-EETCQ,2026-08-29,TWR00032,90,170.55,0.167,4,False
USG00003611,2675-OTVVJ,2026-08-29,TWR00036,48,2424.77,2.368,8,False
USG00003612,9575-IWCAZ,2026-08-29,TWR00001,139,3637.1,3.552,23,True
USG00003613,9373-WSLOY,2026-08-29,TWR00059,35,627.5,0.613,18,False
USG00003614,0516-WJVXC,2026-08-29,TWR00040,107,1163.42,1.136,15,False
USG00003615,2081-VEYEH,2026-08-29,TWR00023,152,2445.25,2.388,25,False
USG00003616,4908-XAXAY,2026-08-29,TWR00065,18,2528.85,2.47,17,False
USG00003617,7208-PSIHR,2026-08-29,TWR00038,111,1937.87,1.892,12,False
USG00003618,6559-PDZLR,2026-08-29,TWR00055,32,3877.89,3.787,5,False
USG00003619,6108-OQZDQ,2026-08-29,TWR00099,167,997.59,0.974,18,False
USG00003620,5073-RZGBK,2026-08-29,TWR00079,47,412.36,0.403,9,False
USG00003621,3407-QGWLG,2026-08-29,TWR00020,138,2253.56,2.201,18,False
USG00003622,0508-SQWPL,2026-08-29,TWR00026,125,4276.97,4.177,22,False
USG00003623,0872-CASZJ,2026-08-29,TWR00084,80,3318.78,3.241,13,False
USG00003624,7064-JHXCE,2026-08-29,TWR00079,78,2090.72,2.042,5,False
USG00003625,5063-IUOKK,2026-08-29,TWR00039,176,761.33,0.743,11,True
USG00003626,6986-IXNDM,2026-08-29,TWR00045,53,1459.53,1.425,2,False
USG00003627,9793-WECQC,2026-08-29,TWR00039,56,443.69,0.433,17,False
USG00003628,3090-HAWSU,2026-08-29,TWR00023,36,261.51,0.255,13,False
USG00003629,0230-WEQUW,2026-08-29,TWR00041,36,2803.85,2.738,14,False
USG00003630,7252-NTGSS,2026-08-29,TWR00012,113,3689.92,3.603,2,False
USG00003631,1557-EMYVT,2026-08-29,TWR00023,67,3945.81,3.853,5,False
USG00003632,0282-NVSJS,2026-08-29,TWR00007,96,3101.12,3.028,14,False
USG00003633,4959-JOSRX,2026-08-29,TWR00094,169,1315.31,1.284,3,False
USG00003634,9067-YGSCA,2026-08-29,TWR00082,12,3692.21,3.606,9,False
USG00003635,6575-SUVOI,2026-08-29,TWR00029,104,4463.15,4.359,4,False
USG00003636,7291-CDTMJ,2026-08-29,TWR00066,171,1031.71,1.008,17,False
USG00003637,2612-RANWT,2026-08-29,TWR00023,1,3718.86,3.632,7,False
USG00003638,6143-JQKEA,2026-08-29,TWR00004,73,3062.52,2.991,13,False
USG00003639,4450-YOOHP,2026-08-29,TWR00014,69,2326.06,2.272,9,True
USG00003640,4342-HENTK,2026-08-29,TWR00057,82,1179.2,1.152,9,False
USG00003641,3372-KWFBM,2026-08-29,TWR00073,84,1869.41,1.826,22,False
USG00003642,3144-AUDBS,2026-08-29,TWR00061,168,1003.27,0.98,22,False
USG00003643,7594-LZNWR,2026-08-29,TWR00011,167,1830.14,1.787,7,False
USG00003644,5222-IMUKT,2026-08-29,TWR00020,6,732.9,0.716,21,False
USG00003645,8138-EALND,2026-08-29,TWR00071,26,3724.28,3.637,11,False
USG00003646,2220-IAHLS,2026-08-29,TWR00009,135,1377.55,1.345,10,False
USG00003647,5575-TPIZQ,2026-08-29,TWR00067,141,2884.74,2.817,9,False
USG00003648,5229-DTFYB,2026-08-29,TWR00069,33,664.14,0.649,7,False
USG00003649,8220-OCUFY,2026-08-29,TWR00070,111,2211.04,2.159,10,False
USG00003650,8563-IIOXK,2026-08-29,TWR00088,0,3567.54,3.484,19,False
USG00003651,9481-IEBZY,2026-08-29,TWR00044,52,2505.64,2.447,5,False
USG00003652,6166-ILMNY,2026-08-29,TWR00074,23,349.89,0.342,18,False
USG00003653,3509-GWQGF,2026-08-29,TWR00041,112,4363.54,4.261,21,False
USG00003654,8706-HRADD,2026-08-29,TWR00054,112,3353.45,3.275,9,False
USG00003655,3276-HDUEG,2026-08-29,TWR00039,105,3008.4,2.938,17,False
USG00003656,5117-ZSMHQ,2026-08-29,TWR00083,97,2810.43,2.745,3,False
USG00003657,8903-XEBGX,2026-08-29,TWR00059,159,315.82,0.308,25,False
USG00003658,5480-XTFFL,2026-08-29,TWR00086,5,4105.4,4.009,20,False
USG00003659,8265-HKSOW,2026-08-29,TWR00076,134,1144.84,1.118,14,False
USG00003660,9389-ACWBI,2026-08-29,TWR00041,110,654.18,0.639,13,True
USG00003661,3647-GMGDH,2026-08-29,TWR00054,93,2740.18,2.676,6,True
USG00003662,1763-KUAAW,2026-08-29,TWR00014,112,1118.14,1.092,10,True
USG00003663,7495-OOKFY,2026-08-29,TWR00077,95,2267.96,2.215,3,True
USG00003664,1254-IZEYF,2026-08-29,TWR00053,96,233.92,0.228,11,True
USG00003665,3726-TBHQT,2026-08-29,TWR00038,2,4323.75,4.222,11,False
USG00003666,8404-VLQFB,2026-08-29,TWR00086,123,3333.76,3.256,10,False
USG00003667,0603-TPMIB,2026-08-29,TWR00070,84,2775.19,2.71,23,False
USG00003668,4256-ZWTZI,2026-08-29,TWR00001,50,3688.25,3.602,5,False
USG00003669,4090-KPJIP,2026-08-29,TWR00083,3,1195.16,1.167,5,False
USG00003670,0137-OCGAB,2026-08-29,TWR00043,0,874.95,0.854,7,False
USG00003671,4228-ZGYUW,2026-08-29,TWR00032,21,368.85,0.36,10,False
USG00003672,7047-FWEYA,2026-08-29,TWR00097,158,2363.12,2.308,2,False
USG00003673,5442-UTCVD,2026-08-29,TWR00024,153,636.41,0.621,17,False
USG00003674,7908-QCBCA,2026-08-29,TWR00050,36,3951.25,3.859,21,False
USG00003675,7274-RTAPZ,2026-08-29,TWR00062,66,469.14,0.458,14,False
USG00003676,4804-NCPET,2026-08-29,TWR00008,128,3421.61,3.341,7,False
USG00003677,2636-SJDOU,2026-08-29,TWR00051,31,217.74,0.213,12,False
USG00003678,6718-BDGHG,2026-08-29,TWR00019,16,1267.38,1.238,25,False
USG00003679,4139-SUGLD,2026-08-29,TWR00019,8,355.79,0.347,22,False
USG00003680,5275-PMFUT,2026-08-29,TWR00042,35,2673.75,2.611,16,False
USG00003681,4465-VDKIQ,2026-08-29,TWR00081,0,4324.89,4.224,23,False
USG00003682,6231-WFGFH,2026-08-29,TWR00036,170,3392.03,3.313,7,False
USG00003683,5014-GSOUQ,2026-08-29,TWR00001,145,1754.37,1.713,12,False
USG00003684,6319-QSUSR,2026-08-29,TWR00064,144,1104.2,1.078,24,False
USG00003685,3198-VELRD,2026-08-29,TWR00005,154,3545.12,3.462,9,False
USG00003686,1764-VUUMT,2026-08-29,TWR00030,67,1504.92,1.47,3,False
USG00003687,1090-PYKCI,2026-08-29,TWR00009,66,2840.74,2.774,12,False
USG00003688,4285-GYRQC,2026-08-29,TWR00023,36,3309.02,3.231,13,False
USG00003689,8996-ZROXE,2026-08-29,TWR00076,27,418.79,0.409,21,False
USG00003690,4778-IZARL,2026-08-29,TWR00013,23,254.88,0.249,17,False
USG00003691,4749-VFKVB,2026-08-29,TWR00044,125,3862.87,3.772,25,True
USG00003692,7133-VBDCG,2026-08-29,TWR00053,127,3918.86,3.827,3,False
USG00003693,6506-EYCNH,2026-08-29,TWR00077,19,1443.47,1.41,24,False
USG00003694,4868-AADLV,2026-08-29,TWR00022,180,190.35,0.186,10,False
USG00003695,3847-BAERP,2026-08-29,TWR00010,116,393.34,0.384,21,False
USG00003696,2897-DOVND,2026-08-29,TWR00099,150,582.0,0.568,21,False
USG00003697,3235-ETOOB,2026-08-29,TWR00080,66,1885.32,1.841,13,False
USG00003698,9546-KDTRB,2026-08-29,TWR00072,96,3152.53,3.079,21,False
USG00003699,1038-ZAGBI,2026-08-29,TWR00047,79,866.54,0.846,11,True
USG00003700,5155-AZQPB,2026-08-29,TWR00043,7,2063.61,2.015,6,False
USG00003701,3620-EHIMZ,2026-08-29,TWR00004,97,3348.37,3.27,18,False
USG00003702,9504-DSHWM,2026-08-29,TWR00097,134,1241.47,1.212,24,False
USG00003703,8106-GWQOK,2026-08-29,TWR00050,173,1634.56,1.596,19,False
USG00003704,9124-LHCJQ,2026-08-29,TWR00052,16,4178.12,4.08,4,False
USG00003705,9972-NKTFD,2026-08-29,TWR00025,154,728.8,0.712,20,False
USG00003706,8189-XRIKE,2026-08-29,TWR00025,8,1374.43,1.342,5,False
USG00003707,5294-IMHHT,2026-08-29,TWR00065,36,2212.88,2.161,17,False
USG00003708,1035-IPQPU,2026-08-29,TWR00096,100,3149.87,3.076,5,False
USG00003709,7176-WIONM,2026-08-29,TWR00097,71,658.02,0.643,22,False
USG00003710,8757-TFHHJ,2026-08-29,TWR00050,47,3842.32,3.752,4,False
USG00003711,1934-MKPXS,2026-08-29,TWR00018,17,1026.37,1.002,12,False
USG00003712,5600-KTXFM,2026-08-29,TWR00004,152,2672.09,2.609,4,False
USG00003713,2523-EWWZL,2026-08-29,TWR00010,49,2293.42,2.24,1,False
USG00003714,0164-APGRB,2026-08-29,TWR00069,33,234.34,0.229,5,False
USG00003715,2369-FEVNO,2026-08-29,TWR00091,102,3573.73,3.49,25,True
USG00003716,5231-FIQPA,2026-08-29,TWR00083,85,1509.34,1.474,10,False
USG00003717,5092-STPKP,2026-08-29,TWR00024,161,827.83,0.808,14,False
USG00003718,7488-MXJIV,2026-08-29,TWR00072,96,749.75,0.732,3,False
USG00003719,2228-BZDEE,2026-08-29,TWR00007,171,2147.78,2.097,6,False
USG00003720,4361-FEBGN,2026-08-29,TWR00018,138,83.19,0.081,7,False
USG00003721,3452-ABWRL,2026-08-29,TWR00041,176,3464.84,3.384,21,False
USG00003722,3316-UWXUY,2026-08-29,TWR00015,175,2523.74,2.465,13,False
USG00003723,2632-IVXVF,2026-08-29,TWR00082,54,1858.12,1.815,20,False
USG00003724,6656-JWRQX,2026-08-29,TWR00016,105,3457.98,3.377,21,False
USG00003725,1725-IQNIY,2026-08-29,TWR00085,10,162.44,0.159,18,False
USG00003726,2378-VTKDH,2026-08-29,TWR00086,97,4338.77,4.237,10,False
USG00003727,8735-NBLWT,2026-08-29,TWR00050,157,2777.62,2.713,13,False
USG00003728,6376-GAHQE,2026-08-29,TWR00064,29,3747.55,3.66,6,False
USG00003729,6923-JHPMP,2026-08-29,TWR00005,11,3579.43,3.496,13,False
USG00003730,5889-JTMUL,2026-08-29,TWR00057,105,2462.82,2.405,13,False
USG00003731,9445-ZUEQE,2026-08-29,TWR00020,5,4307.14,4.206,17,False
USG00003732,2823-LKABH,2026-08-29,TWR00002,175,593.79,0.58,19,False
USG00003733,8364-TRMMK,2026-08-29,TWR00028,33,1756.21,1.715,18,False
USG00003734,6942-LBFDP,2026-08-29,TWR00017,6,4016.52,3.922,9,False
USG00003735,7586-ZATGZ,2026-08-29,TWR00065,124,4358.47,4.256,17,False
USG00003736,7479-NITWS,2026-08-29,TWR00065,129,3230.47,3.155,5,False
USG00003737,3863-QSTYI,2026-08-29,TWR00034,58,1160.11,1.133,14,False
USG00003738,0260-ZDLGK,2026-08-29,TWR00048,138,4313.15,4.212,25,False
USG00003739,2049-BAFNW,2026-08-29,TWR00094,66,250.06,0.244,5,False
USG00003740,0909-SELIE,2026-08-29,TWR00053,89,369.79,0.361,1,False
USG00003741,8111-BKVDS,2026-08-29,TWR00038,118,135.26,0.132,10,False
USG00003742,2227-JRSJX,2026-08-29,TWR00100,139,4401.88,4.299,25,True
USG00003743,3926-YZVVX,2026-08-29,TWR00045,124,651.84,0.637,18,False
USG00003744,9412-GHEEC,2026-08-29,TWR00039,79,3117.28,3.044,5,True
USG00003745,9357-UJRUN,2026-08-29,TWR00051,44,998.89,0.975,2,False
USG00003746,5899-MQZZL,2026-08-29,TWR00084,162,1125.69,1.099,3,True
USG00003747,6112-KTHFQ,2026-08-29,TWR00075,38,1451.78,1.418,19,False
USG00003748,2826-UWHIS,2026-08-29,TWR00088,163,3489.34,3.408,21,False
USG00003749,2927-CVULT,2026-08-29,TWR00091,131,1691.47,1.652,1,False
USG00003750,8149-AIQCG,2026-08-29,TWR00086,174,2446.43,2.389,20,False
USG00003751,0378-NHQXU,2026-08-29,TWR00031,144,688.1,0.672,2,False
USG00003752,5002-GCQFH,2026-08-29,TWR00026,165,1627.64,1.589,10,False
USG00003753,9638-JIQYA,2026-08-29,TWR00010,163,4134.47,4.038,2,False
USG00003754,1329-VHWNP,2026-08-29,TWR00092,56,2464.59,2.407,5,False
USG00003755,5627-TVBPP,2026-08-29,TWR00046,38,2988.14,2.918,14,False
USG00003756,5743-KHMNA,2026-08-29,TWR00088,47,1345.06,1.314,15,False
USG00003757,4572-DVCGN,2026-08-29,TWR00003,66,988.66,0.965,2,False
USG00003758,3957-LXOLK,2026-08-29,TWR00027,84,2342.11,2.287,12,False
USG00003759,2082-OJVTK,2026-08-29,TWR00099,134,2833.24,2.767,0,False
USG00003760,7714-YXSMB,2026-08-29,TWR00092,162,2102.3,2.053,15,False
USG00003761,0442-ZXKVS,2026-08-29,TWR00049,1,210.34,0.205,25,False
USG00003762,6490-FGZAT,2026-08-29,TWR00083,150,2026.16,1.979,24,False
USG00003763,7129-CAKJW,2026-08-29,TWR00054,5,1177.16,1.15,16,False
USG00003764,6754-LZUKA,2026-08-29,TWR00100,136,548.7,0.536,6,False
USG00003765,7341-LXCAF,2026-08-29,TWR00071,163,2704.95,2.642,5,False
USG00003766,0601-WZHJF,2026-08-29,TWR00004,176,325.74,0.318,14,False
USG00003767,6804-GDMOI,2026-08-29,TWR00067,103,2639.12,2.577,19,False
USG00003768,2097-YVPKN,2026-08-29,TWR00031,58,3586.01,3.502,10,False
USG00003769,7542-CYDDM,2026-08-29,TWR00011,48,1964.53,1.918,8,False
USG00003770,4188-FRABG,2026-08-29,TWR00052,79,4188.66,4.09,18,False
USG00003771,2507-QZPQS,2026-08-29,TWR00037,180,670.62,0.655,22,False
USG00003772,9947-OTFQU,2026-08-29,TWR00036,42,4145.7,4.049,2,False
USG00003773,2481-SBOYW,2026-08-29,TWR00039,179,1474.0,1.439,21,True
USG00003774,8053-WWDRO,2026-08-29,TWR00095,90,2567.18,2.507,18,False
USG00003775,6695-AMZUF,2026-08-29,TWR00086,56,3250.84,3.175,21,False
USG00003776,2324-EFHVG,2026-08-29,TWR00063,90,1708.84,1.669,23,True
USG00003777,3318-NMQXL,2026-08-29,TWR00055,67,3717.17,3.63,13,False
USG00003778,7056-IMHCC,2026-08-29,TWR00019,149,2018.81,1.971,20,False
USG00003779,3923-CSIHK,2026-08-29,TWR00039,143,540.93,0.528,8,False
USG00003780,1741-WTPON,2026-08-29,TWR00061,10,2218.23,2.166,23,False
USG00003781,8647-SDTWQ,2026-08-29,TWR00095,73,3887.44,3.796,7,False
USG00003782,3078-ZKNTS,2026-08-29,TWR00089,160,2065.11,2.017,12,False
USG00003783,8690-UPCZI,2026-08-29,TWR00045,155,2690.1,2.627,11,False
USG00003784,5177-RVZNU,2026-08-29,TWR00073,13,2611.16,2.55,23,True
USG00003785,6650-BWFRT,2026-08-29,TWR00068,36,656.69,0.641,0,False
USG00003786,0585-EGDDA,2026-08-29,TWR00082,7,2080.41,2.032,15,False
USG00003787,0481-SUMCB,2026-08-29,TWR00093,65,4059.32,3.964,12,False
USG00003788,8120-JDCAM,2026-08-29,TWR00028,60,3184.2,3.11,18,False
USG00003789,9391-YZEJW,2026-08-29,TWR00031,21,1385.17,1.353,12,False
USG00003790,3482-ABPKK,2026-08-29,TWR00031,158,2637.19,2.575,24,False
USG00003791,7353-YOWFP,2026-08-29,TWR00093,78,3987.66,3.894,17,False
USG00003792,2884-GBPFB,2026-08-29,TWR00047,142,1586.45,1.549,10,False
USG00003793,2626-URJFX,2026-08-29,TWR00072,119,1202.86,1.175,4,False
USG00003794,8993-IZEUX,2026-08-29,TWR00097,87,1945.97,1.9,15,False
USG00003795,1555-HAPSU,2026-08-29,TWR00079,128,1742.5,1.702,10,False
USG00003796,9451-WLYRI,2026-08-29,TWR00051,113,3949.72,3.857,5,False
USG00003797,9940-HPQPG,2026-08-29,TWR00014,28,2563.92,2.504,5,False
USG00003798,0003-MKNFE,2026-08-29,TWR00009,25,2885.05,2.817,9,False
USG00003799,8922-NPKBJ,2026-08-29,TWR00029,124,2130.81,2.081,18,False
USG00003800,6313-GIDIT,2026-08-29,TWR00049,137,2372.46,2.317,7,False
USG00003801,6504-VBLFL,2026-08-29,TWR00045,146,472.92,0.462,21,False
USG00003802,2903-YYTBW,2026-08-29,TWR00055,57,4358.83,4.257,15,True
USG00003803,5318-IXUZF,2026-08-29,TWR00083,166,197.41,0.193,6,False
USG00003804,0533-BNWKF,2026-08-29,TWR00069,77,2772.16,2.707,5,False
USG00003805,6322-PJJDJ,2026-08-29,TWR00022,24,4194.83,4.097,3,False
USG00003806,6599-CEBNN,2026-08-29,TWR00046,54,533.26,0.521,12,False
USG00003807,5339-TJFEK,2026-08-29,TWR00056,23,140.02,0.137,25,False
USG00003808,3606-SBKRY,2026-08-29,TWR00062,64,2161.69,2.111,3,False
USG00003809,6586-MYGKD,2026-08-29,TWR00073,3,2666.33,2.604,7,True
USG00003810,2460-NGXBJ,2026-08-29,TWR00013,171,3601.09,3.517,14,False
USG00003811,4067-HLYQI,2026-08-29,TWR00026,21,3279.15,3.202,12,False
USG00003812,3331-HQDTW,2026-08-29,TWR00051,106,1743.91,1.703,4,False
USG00003813,0259-GBZSH,2026-08-29,TWR00011,115,1183.31,1.156,23,False
USG00003814,0835-DUUIQ,2026-08-29,TWR00025,114,3852.07,3.762,0,False
USG00003815,6484-LATFU,2026-08-29,TWR00001,160,1461.86,1.428,4,False
USG00003816,6551-GNYDG,2026-08-29,TWR00079,160,2819.97,2.754,18,False
USG00003817,0345-XMMUG,2026-08-29,TWR00004,77,628.17,0.613,20,False
USG00003818,9053-JZFKV,2026-08-29,TWR00060,50,1208.53,1.18,10,False
USG00003819,5204-QZXPU,2026-08-29,TWR00056,27,1276.11,1.246,2,False
USG00003820,8984-HPEMB,2026-08-29,TWR00016,106,2698.91,2.636,23,False
USG00003821,1814-WFGVS,2026-08-29,TWR00054,149,2213.86,2.162,18,False
USG00003822,2284-VFLKH,2026-08-29,TWR00094,59,1560.58,1.524,10,False
USG00003823,2404-JIBFC,2026-08-29,TWR00025,180,1460.17,1.426,23,False
USG00003824,3223-DWFIO,2026-08-29,TWR00025,114,4409.89,4.307,13,False
USG00003825,4747-LCAQL,2026-08-29,TWR00028,99,1908.71,1.864,6,False
USG00003826,1852-QSWCD,2026-08-29,TWR00039,111,3171.64,3.097,21,False
USG00003827,3027-YNWZU,2026-08-29,TWR00028,168,3286.06,3.209,9,True
USG00003828,2774-LVQUS,2026-08-29,TWR00011,107,2985.25,2.915,19,False
USG00003829,9253-QXKBE,2026-08-29,TWR00039,6,4008.41,3.914,14,False
USG00003830,7940-UQQUG,2026-08-29,TWR00006,74,1112.48,1.086,0,False
USG00003831,6869-FGJJC,2026-08-29,TWR00002,69,2933.72,2.865,22,False
USG00003832,9938-TKDGL,2026-08-29,TWR00071,118,2899.77,2.832,13,True
USG00003833,3398-FSHON,2026-08-29,TWR00001,176,3034.78,2.964,13,False
USG00003834,1813-JLKWR,2026-08-29,TWR00019,47,3655.16,3.569,19,True
USG00003835,6857-TKDJV,2026-08-29,TWR00099,18,1143.56,1.117,0,False
USG00003836,3370-GQEAL,2026-08-29,TWR00016,29,2302.35,2.248,20,False
USG00003837,5204-HMGYF,2026-08-29,TWR00033,3,1421.19,1.388,22,False
USG00003838,5995-LFTLE,2026-08-29,TWR00030,77,2183.53,2.132,4,True
USG00003839,3824-RHKVR,2026-08-29,TWR00063,60,2959.85,2.89,4,False
USG00003840,7868-BGSZA,2026-08-29,TWR00022,109,1616.77,1.579,25,False
USG00003841,2907-ILJBN,2026-08-29,TWR00098,154,3458.81,3.378,17,False
USG00003842,9926-PJHDQ,2026-08-29,TWR00095,118,1998.53,1.952,24,False
USG00003843,3003-CMDUU,2026-08-29,TWR00081,139,2642.16,2.58,6,False
USG00003844,0731-EBJQB,2026-08-29,TWR00090,62,496.44,0.485,19,False
USG00003845,4195-SMMNX,2026-08-29,TWR00077,15,2229.16,2.177,21,False
USG00003846,3199-NPKCN,2026-08-29,TWR00008,7,433.53,0.423,0,False
USG00003847,9975-SKRNR,2026-08-29,TWR00069,128,3031.29,2.96,22,False
USG00003848,0786-VSSUD,2026-08-29,TWR00014,34,4369.57,4.267,8,False
USG00003849,3756-VNWDH,2026-08-29,TWR00046,22,4221.07,4.122,10,False
USG00003850,8348-JLBUG,2026-08-29,TWR00079,118,1434.57,1.401,24,False
USG00003851,5349-AZPEW,2026-08-29,TWR00037,28,1113.24,1.087,25,False
USG00003852,0308-IVGOK,2026-08-29,TWR00041,54,1971.35,1.925,12,False
USG00003853,2890-WFBHU,2026-08-29,TWR00011,75,1582.79,1.546,14,False
USG00003854,2037-XJFUP,2026-08-29,TWR00051,143,3679.49,3.593,5,False
USG00003855,6968-GMKPR,2026-08-29,TWR00067,21,2921.61,2.853,11,False
USG00003856,3884-UEBXB,2026-08-29,TWR00032,31,917.02,0.896,18,False
USG00003857,1910-FMXJM,2026-08-29,TWR00079,48,1536.39,1.5,17,False
USG00003858,7239-HZZCX,2026-08-29,TWR00081,95,3122.54,3.049,6,False
USG00003859,0841-NULXI,2026-08-29,TWR00005,56,301.69,0.295,12,False
USG00003860,2804-ETQDK,2026-08-29,TWR00035,116,4210.16,4.111,13,False
USG00003861,5825-XJOCM,2026-08-29,TWR00081,164,2370.6,2.315,13,False
USG00003862,4631-OACRM,2026-08-29,TWR00017,64,3695.75,3.609,21,False
USG00003863,4760-XOHVN,2026-08-29,TWR00064,178,1363.86,1.332,24,False
USG00003864,8624-GIOUT,2026-08-29,TWR00007,157,178.95,0.175,8,False
USG00003865,5650-YLIBA,2026-08-29,TWR00078,15,597.24,0.583,20,False
USG00003866,5201-FRKKS,2026-08-29,TWR00021,156,3391.54,3.312,17,False
USG00003867,0305-SQECB,2026-08-29,TWR00097,143,1370.69,1.339,20,False
USG00003868,2320-SLKMB,2026-08-29,TWR00052,134,4257.38,4.158,25,False
USG00003869,8640-SDGKB,2026-08-29,TWR00025,51,580.75,0.567,14,False
USG00003870,1932-UEDCX,2026-08-29,TWR00008,119,1273.82,1.244,6,False
USG00003871,7317-GGVPB,2026-08-29,TWR00036,166,98.98,0.097,10,False
USG00003872,4686-UXDML,2026-08-29,TWR00003,118,1251.57,1.222,15,False
USG00003873,4817-VYYWS,2026-08-29,TWR00099,93,661.9,0.646,11,False
USG00003874,2055-SIFSS,2026-08-29,TWR00078,1,3895.38,3.804,9,False
USG00003875,9398-MMQTO,2026-08-29,TWR00037,63,3490.01,3.408,9,True
USG00003876,6402-EJMWF,2026-08-29,TWR00044,55,3880.99,3.79,23,False
USG00003877,6351-SCJKT,2026-08-29,TWR00081,18,4493.49,4.388,12,True
USG00003878,2777-PHDEI,2026-08-29,TWR00093,10,4008.89,3.915,24,False
USG00003879,9747-DDZOS,2026-08-29,TWR00049,148,2263.27,2.21,24,False
USG00003880,5955-ERIHD,2026-08-29,TWR00056,133,2010.53,1.963,1,False
USG00003881,4188-PCPIG,2026-08-29,TWR00072,178,544.33,0.532,14,False
USG00003882,6122-EFVKN,2026-08-29,TWR00024,54,1116.93,1.091,21,False
USG00003883,7567-ECMCM,2026-08-29,TWR00026,113,3556.12,3.473,16,False
USG00003884,1474-JUWSM,2026-08-29,TWR00070,177,2246.03,2.193,24,False
USG00003885,2748-MYRVK,2026-08-29,TWR00094,144,2743.61,2.679,13,False
USG00003886,3197-NNYNB,2026-08-29,TWR00060,157,4068.7,3.973,22,False
USG00003887,2452-SNHFZ,2026-08-29,TWR00099,4,1685.2,1.646,19,False
USG00003888,2873-ZLIWT,2026-08-29,TWR00011,117,3344.89,3.266,6,False
USG00003889,4821-SJHJV,2026-08-29,TWR00019,96,1080.48,1.055,6,False
USG00003890,4589-IUAJB,2026-08-29,TWR00081,57,960.65,0.938,16,False
USG00003891,6861-OKBCE,2026-08-29,TWR00023,152,1358.47,1.327,12,False
USG00003892,3518-PZXZQ,2026-08-29,TWR00053,172,2229.45,2.177,1,False
USG00003893,8727-JQFHV,2026-08-29,TWR00019,101,986.97,0.964,3,False
USG00003894,8857-CUPFQ,2026-08-29,TWR00082,49,4492.96,4.388,14,False
USG00003895,4625-LAMOB,2026-08-29,TWR00082,122,2426.29,2.369,11,False
USG00003896,8992-JQYUN,2026-08-29,TWR00050,12,2378.42,2.323,17,False
USG00003897,2466-FCCPT,2026-08-29,TWR00005,171,977.97,0.955,14,False
USG00003898,8573-CGOCC,2026-08-29,TWR00036,45,3952.55,3.86,2,False
USG00003899,1093-YSWCA,2026-08-29,TWR00081,67,2385.86,2.33,16,False
USG00003900,4283-FUTGF,2026-08-29,TWR00078,152,1497.58,1.462,17,True
USG00003901,6959-GQEGV,2026-08-29,TWR00054,25,486.39,0.475,17,False
USG00003902,1031-IIDEO,2026-08-29,TWR00054,10,1318.18,1.287,23,False
USG00003903,5939-SXWHM,2026-08-29,TWR00021,50,3659.95,3.574,3,False
USG00003904,3454-JFUBC,2026-08-29,TWR00087,76,3508.39,3.426,5,False
USG00003905,3351-NGXYI,2026-08-29,TWR00067,101,1765.52,1.724,17,False
USG00003906,8739-XNIKG,2026-08-29,TWR00005,90,1463.22,1.429,10,False
USG00003907,3308-JSGML,2026-08-29,TWR00025,166,4380.48,4.278,19,False
USG00003908,5442-XSDCW,2026-08-29,TWR00052,93,4476.82,4.372,4,False
USG00003909,2645-QTLMB,2026-08-29,TWR00059,44,2604.92,2.544,20,True
USG00003910,5602-BVFMK,2026-08-29,TWR00044,68,3528.27,3.446,23,False
USG00003911,1502-XFCVR,2026-08-29,TWR00086,146,699.07,0.683,16,False
USG00003912,0011-IGKFF,2026-08-29,TWR00083,95,133.89,0.131,20,False
USG00003913,6905-NIQIN,2026-08-29,TWR00034,98,3861.72,3.771,10,False
USG00003914,4826-DXMUP,2026-08-29,TWR00005,2,3656.67,3.571,12,False
USG00003915,9332-GYWLO,2026-08-29,TWR00001,100,3047.79,2.976,13,False
USG00003916,2073-QBVBI,2026-08-29,TWR00061,116,2862.77,2.796,13,False
USG00003917,8763-KIAFH,2026-08-29,TWR00079,60,1405.17,1.372,12,False
USG00003918,3496-LFSZU,2026-08-29,TWR00043,121,2273.81,2.221,8,False
USG00003919,4706-DGAHW,2026-08-29,TWR00011,73,2623.2,2.562,22,False
USG00003920,5118-MUEYH,2026-08-29,TWR00037,165,1366.85,1.335,25,False
USG00003921,9931-KGHOA,2026-08-29,TWR00098,83,1127.33,1.101,20,False
USG00003922,9885-CSMWE,2026-08-29,TWR00080,44,2837.57,2.771,11,False
USG00003923,6664-FPDAC,2026-08-29,TWR00082,88,2085.26,2.036,2,False
USG00003924,0516-UXRMT,2026-08-29,TWR00078,156,3231.36,3.156,15,False
USG00003925,7856-GANIL,2026-08-29,TWR00039,88,173.08,0.169,15,False
USG00003926,5372-FBKBN,2026-08-29,TWR00037,149,2974.5,2.905,23,False
USG00003927,0520-FDVVT,2026-08-29,TWR00079,63,416.12,0.406,25,False
USG00003928,5730-RIITO,2026-08-29,TWR00072,177,4133.4,4.037,8,False
USG00003929,4123-FCVCB,2026-08-29,TWR00051,51,3655.26,3.57,11,False
USG00003930,4396-KLSEH,2026-08-29,TWR00063,137,430.45,0.42,6,False
USG00003931,3780-YVMFA,2026-08-29,TWR00073,95,4229.34,4.13,19,True
USG00003932,3374-TTZTK,2026-08-29,TWR00059,163,1848.36,1.805,11,False
USG00003933,0103-CSITQ,2026-08-29,TWR00086,106,4029.62,3.935,21,False
USG00003934,4412-YLTKF,2026-08-29,TWR00037,157,1978.28,1.932,5,True
USG00003935,8164-OCKUJ,2026-08-29,TWR00098,95,312.37,0.305,15,False
USG00003936,5748-RNCJT,2026-08-29,TWR00012,95,3379.19,3.3,11,False
USG00003937,9812-GHVRI,2026-08-29,TWR00035,177,481.92,0.471,6,False
USG00003938,1074-WVEVG,2026-08-29,TWR00092,54,3748.12,3.66,10,False
USG00003939,7905-NJMXS,2026-08-29,TWR00069,105,3647.38,3.562,9,False
USG00003940,6463-HHXJR,2026-08-29,TWR00034,78,187.71,0.183,6,False
USG00003941,3415-TAILE,2026-08-29,TWR00063,20,3809.2,3.72,2,False
USG00003942,3148-AOIQT,2026-08-29,TWR00085,175,4344.65,4.243,18,False
USG00003943,3279-DYZQM,2026-08-29,TWR00071,149,3968.66,3.876,8,False
USG00003944,0811-GSDTP,2026-08-29,TWR00008,115,3851.83,3.762,10,False
USG00003945,6927-WTFIV,2026-08-29,TWR00060,120,380.53,0.372,8,False
USG00003946,3752-CQSJI,2026-08-29,TWR00040,131,2941.73,2.873,4,False
USG00003947,7666-WKRON,2026-08-29,TWR00044,45,1091.5,1.066,15,False
USG00003948,9076-AXYIK,2026-08-29,TWR00007,164,4469.14,4.364,24,True
USG00003949,5396-IZEPB,2026-08-29,TWR00098,81,1113.31,1.087,7,True
USG00003950,8111-SLLHI,2026-08-29,TWR00051,131,2944.46,2.875,22,True
USG00003951,6164-HAQTX,2026-08-29,TWR00015,26,2075.84,2.027,5,False
USG00003952,1754-GKYPY,2026-08-29,TWR00049,157,2820.74,2.755,15,False
USG00003953,8835-VSDSE,2026-08-29,TWR00081,2,4124.5,4.028,13,False
USG00003954,2181-TIDSV,2026-08-29,TWR00078,31,332.58,0.325,1,False
USG00003955,3423-HHXAO,2026-08-29,TWR00029,38,1541.02,1.505,0,False
USG00003956,5832-EXGTT,2026-08-29,TWR00072,109,2223.6,2.171,6,False
USG00003957,7766-CLTIC,2026-08-29,TWR00033,120,615.71,0.601,20,False
USG00003958,2709-UQGNP,2026-08-29,TWR00085,103,2218.56,2.167,21,False
USG00003959,3227-WLKLI,2026-08-29,TWR00018,133,3973.69,3.881,19,False
USG00003960,7392-YYPYJ,2026-08-29,TWR00003,24,3428.28,3.348,1,True
USG00003961,4789-KWMXN,2026-08-29,TWR00001,171,485.98,0.475,2,False
USG00003962,7483-IQWIB,2026-08-29,TWR00033,40,1373.96,1.342,2,False
USG00003963,1086-LXKFY,2026-08-29,TWR00100,86,2075.31,2.027,22,False
USG00003964,4226-KKDON,2026-08-29,TWR00001,119,1808.45,1.766,23,True
USG00003965,2773-OVBPK,2026-08-29,TWR00015,74,3654.56,3.569,1,False
USG00003966,6344-SFJVH,2026-08-29,TWR00034,162,450.56,0.44,8,True
USG00003967,4615-PIVVU,2026-08-29,TWR00051,27,2837.06,2.771,22,False
USG00003968,9489-DEDVP,2026-08-29,TWR00023,124,1277.39,1.247,19,False
USG00003969,9505-SQFSW,2026-08-29,TWR00064,21,4251.17,4.152,7,False
USG00003970,5879-SESNB,2026-08-29,TWR00052,73,3619.48,3.535,3,True
USG00003971,6892-BOGQE,2026-08-29,TWR00077,129,507.57,0.496,24,True
USG00003972,6288-CHQJB,2026-08-29,TWR00015,26,2971.59,2.902,3,True
USG00003973,0206-TBWLC,2026-08-29,TWR00012,122,60.2,0.059,8,False
USG00003974,7108-DGVUU,2026-08-29,TWR00096,79,582.73,0.569,9,False
USG00003975,6322-HRPFA,2026-08-29,TWR00066,147,3082.47,3.01,25,False
USG00003976,5499-ECUTN,2026-08-29,TWR00024,113,1257.4,1.228,21,False
USG00003977,6851-WEFYX,2026-08-29,TWR00050,117,721.76,0.705,21,False
USG00003978,8111-RKSPX,2026-08-29,TWR00082,83,1360.43,1.329,10,False
USG00003979,8329-IBCTI,2026-08-29,TWR00056,1,3037.77,2.967,13,False
USG00003980,5174-ITUMV,2026-08-29,TWR00096,96,3620.4,3.536,17,False
USG00003981,2696-ECXKC,2026-08-29,TWR00057,146,940.38,0.918,17,False
USG00003982,8000-REIQB,2026-08-29,TWR00060,64,558.47,0.545,16,False
USG00003983,2302-ANTDP,2026-08-29,TWR00011,38,2139.84,2.09,8,False
USG00003984,4174-LPGTI,2026-08-29,TWR00093,119,4407.56,4.304,24,True
USG00003985,0301-KOBTQ,2026-08-29,TWR00061,126,3695.96,3.609,22,False
USG00003986,8150-QUDFX,2026-08-29,TWR00072,21,1555.06,1.519,9,False
USG00003987,6719-FGEDO,2026-08-29,TWR00044,76,2517.6,2.459,10,False
USG00003988,9470-YFUYI,2026-08-29,TWR00009,142,302.01,0.295,16,False
USG00003989,0135-NMXAP,2026-08-29,TWR00085,1,726.18,0.709,10,False
USG00003990,5590-YRFJT,2026-08-29,TWR00062,100,3300.26,3.223,0,True
USG00003991,2933-XEUJM,2026-08-29,TWR00082,160,3071.22,2.999,10,False
USG00003992,6133-OZILE,2026-08-29,TWR00049,68,1981.78,1.935,6,False
USG00003993,8393-JMVMB,2026-08-29,TWR00046,67,1333.96,1.303,3,False
USG00003994,9591-YVTEB,2026-08-29,TWR00014,105,229.98,0.225,14,False
USG00003995,4629-NRXKX,2026-08-29,TWR00030,103,1210.2,1.182,9,False
USG00003996,0983-TATYJ,2026-08-29,TWR00006,24,787.9,0.769,12,False
USG00003997,5686-CMAWK,2026-08-29,TWR00039,151,3526.57,3.444,14,True
USG00003998,4580-TMHJU,2026-08-29,TWR00072,176,3417.42,3.337,16,False
USG00003999,1266-NZYUI,2026-08-29,TWR00067,61,1533.15,1.497,3,False
USG00004000,5510-BOIUJ,2026-08-29,TWR00065,125,814.74,0.796,22,False
USG00004001,6289-CPNLD,2026-08-29,TWR00010,110,2435.98,2.379,22,False
USG00004002,9146-JRIOX,2026-08-29,TWR00097,97,1449.42,1.415,4,False
USG00004003,4710-NKCAW,2026-08-29,TWR00041,17,3376.04,3.297,4,False
USG00004004,2592-HODOV,2026-08-29,TWR00036,87,1401.41,1.369,20,False
USG00004005,4322-RCYMT,2026-08-29,TWR00041,56,2081.01,2.032,18,False
USG00004006,5678-VFNEQ,2026-08-29,TWR00033,23,2616.24,2.555,24,False
USG00004007,1485-YDHMM,2026-08-29,TWR00013,55,3106.28,3.033,6,False
USG00004008,0674-DGMAQ,2026-08-29,TWR00033,57,3835.25,3.745,12,False
USG00004009,3807-BPOMJ,2026-08-29,TWR00073,58,4400.89,4.298,20,False
USG00004010,2408-PSJVE,2026-08-29,TWR00085,20,421.7,0.412,25,False
USG00004011,7435-ZNUYY,2026-08-29,TWR00005,30,3741.74,3.654,13,False
USG00004012,2080-SRCDE,2026-08-29,TWR00071,112,3660.96,3.575,4,False
USG00004013,7615-ESMYF,2026-08-29,TWR00042,134,3341.15,3.263,17,False
USG00004014,3034-ZBEQN,2026-08-29,TWR00080,148,3960.41,3.868,19,False
USG00004015,4430-UZIPO,2026-08-29,TWR00021,66,3669.86,3.584,1,False
USG00004016,3724-BSCVH,2026-08-29,TWR00053,97,3176.38,3.102,6,False
USG00004017,7410-KTVFV,2026-08-29,TWR00084,104,1704.15,1.664,4,False
USG00004018,5960-MVTUK,2026-08-29,TWR00093,57,211.05,0.206,15,True
USG00004019,3071-VBYPO,2026-08-29,TWR00069,168,4274.86,4.175,19,False
USG00004020,5117-IFGPS,2026-08-29,TWR00015,66,253.66,0.248,12,False
USG00004021,9717-QEBGU,2026-08-29,TWR00055,49,4376.44,4.274,24,False
USG00004022,0831-JNISG,2026-08-29,TWR00040,140,2263.64,2.211,9,False
USG00004023,8060-HIWJJ,2026-08-29,TWR00073,64,3208.03,3.133,15,False
USG00004024,6424-ELEYH,2026-08-29,TWR00064,65,2461.99,2.404,23,False
USG00004025,9970-QBCDA,2026-08-29,TWR00001,113,4468.48,4.364,17,False
USG00004026,6174-NRBTZ,2026-08-29,TWR00058,9,3908.17,3.817,7,False
USG00004027,1834-WULEG,2026-08-29,TWR00068,99,1508.41,1.473,20,True
USG00004028,9191-MYQKX,2026-08-29,TWR00079,37,2292.83,2.239,24,False
USG00004029,4597-ELFTS,2026-08-29,TWR00030,3,3703.04,3.616,7,False
USG00004030,1608-GMEWB,2026-08-29,TWR00049,97,1611.45,1.574,15,False
USG00004031,4343-EJVQB,2026-08-29,TWR00094,103,790.38,0.772,19,False
USG00004032,8050-DVOJX,2026-08-29,TWR00053,31,2385.96,2.33,21,False
USG00004033,9766-HGEDE,2026-08-29,TWR00015,93,2415.12,2.359,7,False
USG00004034,9508-ILZDG,2026-08-29,TWR00039,2,58.85,0.057,19,False
USG00004035,3920-HIHMQ,2026-08-29,TWR00060,170,1372.49,1.34,11,False
USG00004036,7410-YTJIK,2026-08-29,TWR00061,83,2874.72,2.807,22,True
USG00004037,2921-XWDJH,2026-08-29,TWR00077,92,3118.51,3.045,16,False
USG00004038,3878-AVSOQ,2026-08-29,TWR00052,17,196.99,0.192,8,False
USG00004039,0988-JRWWP,2026-08-29,TWR00071,135,2987.0,2.917,24,False
USG00004040,0697-ZMSWS,2026-08-29,TWR00010,93,3373.12,3.294,12,False
USG00004041,9661-JALZV,2026-08-29,TWR00044,142,1588.25,1.551,18,False
USG00004042,9739-JLPQJ,2026-08-29,TWR00023,166,339.86,0.332,20,False
USG00004043,7817-BOQPW,2026-08-29,TWR00023,86,3779.63,3.691,12,False
USG00004044,1448-PWKYE,2026-08-29,TWR00065,180,3482.91,3.401,3,False
USG00004045,5010-IPEAQ,2026-08-29,TWR00084,26,3527.23,3.445,13,False
USG00004046,4872-VXRIL,2026-08-29,TWR00045,165,2589.25,2.529,7,True
USG00004047,7205-BAIAD,2026-08-29,TWR00023,165,1222.59,1.194,21,False
USG00004048,4361-JEIVL,2026-08-29,TWR00069,66,4274.92,4.175,25,False
USG00004049,7065-YUNRY,2026-08-29,TWR00080,110,3587.39,3.503,20,True
USG00004050,6437-UDQJM,2026-08-29,TWR00025,29,4393.05,4.29,10,True
USG00004051,4837-QUSFT,2026-08-29,TWR00016,60,4092.3,3.996,25,False
USG00004052,1926-QUZNN,2026-08-29,TWR00022,88,3813.97,3.725,10,True
USG00004053,9853-JFZDU,2026-08-29,TWR00026,20,1296.83,1.266,25,False
USG00004054,2039-JONDJ,2026-08-29,TWR00096,151,2741.62,2.677,15,False
USG00004055,2034-CGRHZ,2026-08-29,TWR00079,120,1952.76,1.907,15,False
USG00004056,7854-FOKSF,2026-08-29,TWR00045,64,3796.61,3.708,16,False
USG00004057,1135-LMECX,2026-08-29,TWR00064,14,383.94,0.375,19,False
USG00004058,7159-FVYPK,2026-08-29,TWR00059,37,3461.67,3.381,17,False
USG00004059,6691-CCIHA,2026-08-29,TWR00061,12,871.26,0.851,5,False
USG00004060,8318-LCNBW,2026-08-29,TWR00012,116,1620.78,1.583,19,False
USG00004061,5774-QPLTF,2026-08-29,TWR00052,55,1092.06,1.066,3,False
USG00004062,6418-HNFED,2026-08-29,TWR00085,0,1054.54,1.03,18,True
USG00004063,6244-BESBM,2026-08-29,TWR00023,123,3255.94,3.18,7,False
USG00004064,8404-GFGCZ,2026-08-29,TWR00065,134,2758.18,2.694,3,False
USG00004065,5724-BIDBU,2026-08-29,TWR00036,177,1835.89,1.793,3,False
USG00004066,8663-UPDGF,2026-08-29,TWR00068,139,4392.48,4.29,25,False
USG00004067,3192-LNKRK,2026-08-29,TWR00085,100,859.3,0.839,2,False
USG00004068,7576-OYWBN,2026-08-29,TWR00057,85,4184.43,4.086,3,False
USG00004069,3902-FOIGH,2026-08-29,TWR00060,7,3664.26,3.578,24,False
USG00004070,4010-YLMVT,2026-08-29,TWR00100,169,1786.48,1.745,1,False
USG00004071,7594-RQHXR,2026-08-29,TWR00031,150,1687.59,1.648,14,False
USG00004072,2782-LFZVW,2026-08-29,TWR00010,39,2682.23,2.619,21,False
USG00004073,7576-JMYWV,2026-08-29,TWR00062,157,3272.95,3.196,10,False
USG00004074,3736-BLEPA,2026-08-29,TWR00056,21,2543.3,2.484,20,False
USG00004075,0504-HHAPI,2026-08-29,TWR00008,87,1841.66,1.798,7,False
USG00004076,2789-CZANW,2026-08-29,TWR00082,103,3183.86,3.109,13,True
USG00004077,5734-EJKXG,2026-08-29,TWR00016,24,4324.92,4.224,16,False
USG00004078,1017-FBQMM,2026-08-29,TWR00016,24,2126.83,2.077,16,False
USG00004079,4808-YNLEU,2026-08-29,TWR00016,164,3437.24,3.357,23,False
USG00004080,0975-VOOVL,2026-08-29,TWR00001,157,54.75,0.053,9,False
USG00004081,8224-DWCKX,2026-08-29,TWR00055,141,4466.01,4.361,5,False
USG00004082,7225-IILWY,2026-08-29,TWR00053,118,1010.67,0.987,4,False
USG00004083,2632-UCGVD,2026-08-29,TWR00028,172,4273.56,4.173,9,False
USG00004084,2750-BJLSB,2026-08-29,TWR00036,24,4437.74,4.334,14,False
USG00004085,0064-YIJGF,2026-08-29,TWR00054,76,4447.78,4.344,14,False
USG00004086,7787-BNTZM,2026-08-29,TWR00026,162,3891.25,3.8,2,False
USG00004087,5553-AOINX,2026-08-29,TWR00020,142,1934.45,1.889,5,False
USG00004088,3703-VAVCL,2026-08-29,TWR00096,106,3603.5,3.519,21,False
USG00004089,5624-BQSSA,2026-08-29,TWR00093,57,2185.9,2.135,17,True
USG00004090,2882-DDZPG,2026-08-29,TWR00086,60,971.53,0.949,4,False
USG00004091,3635-QQRQD,2026-08-29,TWR00062,53,409.46,0.4,17,False
USG00004092,6745-JEFZB,2026-08-29,TWR00067,105,3920.86,3.829,15,False
USG00004093,6584-VQMYT,2026-08-29,TWR00002,160,2743.9,2.68,5,False
USG00004094,0572-ZJKLT,2026-08-29,TWR00017,164,1718.54,1.678,10,False
USG00004095,9360-OMDZZ,2026-08-29,TWR00028,2,2189.99,2.139,15,False
USG00004096,8775-ERLNB,2026-08-29,TWR00015,49,3374.64,3.296,7,False
USG00004097,2694-CIUMO,2026-08-29,TWR00027,50,692.19,0.676,17,False
USG00004098,3537-HPKQT,2026-08-29,TWR00017,134,1162.85,1.136,0,False
USG00004099,3347-YJZZE,2026-08-29,TWR00050,52,1935.43,1.89,4,True
USG00004100,0895-DQHEW,2026-08-29,TWR00052,18,1464.84,1.431,18,False
USG00004101,7860-UXCRM,2026-08-29,TWR00048,118,1228.81,1.2,3,False
USG00004102,0289-IVARM,2026-08-29,TWR00092,137,2228.13,2.176,16,False
USG00004103,6961-VCPMC,2026-08-29,TWR00081,28,140.83,0.138,2,False
USG00004104,6551-VLJMV,2026-08-29,TWR00053,72,4186.99,4.089,2,False
USG00004105,0263-FJTQO,2026-08-29,TWR00011,16,805.64,0.787,4,False
USG00004106,1241-EZFMJ,2026-08-29,TWR00033,27,1662.67,1.624,2,False
USG00004107,0142-GVYSN,2026-08-29,TWR00098,85,4173.45,4.076,18,False
USG00004108,5762-TJXGK,2026-08-29,TWR00063,74,1527.76,1.492,24,False
USG00004109,2885-HIJDH,2026-08-29,TWR00087,90,704.0,0.688,14,True
USG00004110,1564-HJUVY,2026-08-29,TWR00039,93,2223.41,2.171,11,False
USG00004111,4049-ZPALD,2026-08-29,TWR00036,145,213.85,0.209,11,False
USG00004112,5405-ZMYXQ,2026-08-29,TWR00068,23,1547.23,1.511,13,False
USG00004113,3709-OIJEA,2026-08-29,TWR00078,146,4241.96,4.143,12,True
USG00004114,0235-KGSLC,2026-08-29,TWR00053,49,1056.18,1.031,9,False
USG00004115,0374-AACSZ,2026-08-29,TWR00007,153,2708.49,2.645,4,True
USG00004116,0899-LIIBW,2026-08-29,TWR00008,3,2526.35,2.467,21,False
USG00004117,6890-PFRQX,2026-08-29,TWR00028,9,4028.98,3.935,2,False
USG00004118,0961-ZWLVI,2026-08-29,TWR00016,175,2502.64,2.444,18,False
USG00004119,3722-WPXTK,2026-08-29,TWR00046,9,1463.51,1.429,7,False
USG00004120,6646-QVXLR,2026-08-29,TWR00035,28,525.87,0.514,14,False
USG00004121,2831-EBWRN,2026-08-29,TWR00098,170,2707.72,2.644,6,False
USG00004122,4451-RWASJ,2026-08-29,TWR00037,77,3370.65,3.292,2,False
USG00004123,6198-ZFIOJ,2026-08-29,TWR00062,161,3518.09,3.436,10,False
USG00004124,6496-SLWHQ,2026-08-29,TWR00096,159,146.58,0.143,16,False
USG00004125,1602-IJQQE,2026-08-29,TWR00099,58,1099.2,1.073,7,False
USG00004126,3620-MWJNE,2026-08-29,TWR00026,89,2948.76,2.88,1,False
USG00004127,2446-PLQVO,2026-08-29,TWR00059,44,2443.31,2.386,25,True
USG00004128,5567-GZKQY,2026-08-29,TWR00058,90,2903.48,2.835,3,False
USG00004129,7851-WZEKY,2026-08-29,TWR00046,149,4280.73,4.18,23,True
USG00004130,3645-DEYGF,2026-08-29,TWR00094,12,2959.88,2.891,11,False
USG00004131,8029-XYPWT,2026-08-29,TWR00037,97,4107.83,4.012,14,False
USG00004132,7625-XCQRH,2026-08-29,TWR00015,117,3633.19,3.548,1,False
USG00004133,8201-AAXCB,2026-08-29,TWR00056,107,3175.08,3.101,8,False
USG00004134,2038-LLMLM,2026-08-29,TWR00020,24,4104.66,4.008,24,False
USG00004135,7250-EQKIY,2026-08-29,TWR00023,40,3094.62,3.022,10,False
USG00004136,7089-RKVSZ,2026-08-29,TWR00084,111,1374.71,1.342,7,False
USG00004137,0345-HKJVM,2026-08-29,TWR00068,100,3539.33,3.456,2,False
USG00004138,3038-PQIUY,2026-08-29,TWR00044,81,3210.38,3.135,22,False
USG00004139,8086-OVPWV,2026-08-29,TWR00008,113,2125.01,2.075,24,False
USG00004140,5811-IWXYM,2026-08-29,TWR00055,142,4236.74,4.137,9,False
USG00004141,1561-BWHIN,2026-08-29,TWR00059,82,441.62,0.431,6,False
USG00004142,0082-LDZUE,2026-08-29,TWR00057,95,3498.5,3.417,19,True
USG00004143,7088-FBAWU,2026-08-29,TWR00079,106,166.01,0.162,5,False
USG00004144,5099-BAILX,2026-08-29,TWR00076,0,2932.67,2.864,11,False
USG00004145,1816-FLZDK,2026-08-29,TWR00089,135,4440.86,4.337,13,False
USG00004146,4074-SJFFA,2026-08-29,TWR00004,39,3380.96,3.302,0,False
USG00004147,3197-ARFOY,2026-08-29,TWR00012,161,625.25,0.611,3,False
USG00004148,8406-LNMHF,2026-08-29,TWR00002,65,1271.02,1.241,22,False
USG00004149,6408-OTUBZ,2026-08-29,TWR00096,178,3404.03,3.324,19,False
USG00004150,4137-JOPHL,2026-08-29,TWR00087,10,4001.97,3.908,17,False
USG00004151,8344-WFMFH,2026-08-29,TWR00029,103,985.13,0.962,20,False
USG00004152,9220-CXRSC,2026-08-29,TWR00045,98,3187.26,3.113,15,False
USG00004153,0684-AOSIH,2026-08-29,TWR00069,123,2993.09,2.923,7,True
USG00004154,5820-PTRYM,2026-08-29,TWR00011,23,4375.93,4.273,25,False
USG00004155,1596-BBVTG,2026-08-29,TWR00045,115,2204.16,2.152,3,False
USG00004156,9150-KPBJQ,2026-08-29,TWR00086,50,2458.17,2.401,9,True
USG00004157,4660-IRIBM,2026-08-29,TWR00095,97,1294.68,1.264,8,False
USG00004158,3823-KYNQY,2026-08-29,TWR00059,140,4437.81,4.334,9,False
USG00004159,7688-AWMDX,2026-08-29,TWR00076,128,1686.56,1.647,10,False
USG00004160,5141-ZUVBH,2026-08-29,TWR00100,173,2038.51,1.991,11,False
USG00004161,5701-GUXDC,2026-08-29,TWR00047,131,3867.75,3.777,3,False
USG00004162,7169-YWAMK,2026-08-29,TWR00044,127,3085.99,3.014,25,False
USG00004163,2225-ZRGSG,2026-08-29,TWR00010,76,2363.61,2.308,9,False
USG00004164,6543-JXSOO,2026-08-29,TWR00038,77,1147.55,1.121,14,True
USG00004165,8792-AOROI,2026-08-29,TWR00046,145,1354.46,1.323,14,True
USG00004166,5916-QEWPT,2026-08-29,TWR00063,171,4255.59,4.156,18,False
USG00004167,3115-JPJDD,2026-08-29,TWR00064,123,3208.01,3.133,18,False
USG00004168,0036-IHMOT,2026-08-29,TWR00074,13,2396.93,2.341,12,False
USG00004169,2400-FEQME,2026-08-29,TWR00070,77,2418.17,2.361,17,False
USG00004170,0201-OAMXR,2026-08-29,TWR00024,99,3722.38,3.635,23,True
USG00004171,7469-LKBCI,2026-08-29,TWR00012,145,3842.61,3.753,5,False
USG00004172,8660-BUETV,2026-08-29,TWR00006,64,2982.48,2.913,5,False
USG00004173,6845-RGTYS,2026-08-29,TWR00057,70,2169.06,2.118,18,False
USG00004174,0634-SZPQA,2026-08-29,TWR00072,156,223.46,0.218,5,False
USG00004175,5199-FPUSP,2026-08-29,TWR00075,113,2163.86,2.113,25,False
USG00004176,0812-WUPTB,2026-08-29,TWR00033,79,1828.33,1.785,6,False
USG00004177,8067-NIOYM,2026-08-29,TWR00061,60,3148.14,3.074,10,False
USG00004178,4628-WQCQQ,2026-08-29,TWR00074,74,4059.26,3.964,11,False
USG00004179,9619-GSATL,2026-08-29,TWR00053,119,3486.7,3.405,4,False
USG00004180,3307-TLCUD,2026-08-29,TWR00008,116,2698.46,2.635,9,False
USG00004181,6114-TCFID,2026-08-29,TWR00040,18,4156.72,4.059,23,False
USG00004182,8606-CIQUL,2026-08-29,TWR00001,49,531.83,0.519,20,False
USG00004183,3745-HRPHI,2026-08-29,TWR00002,72,3634.52,3.549,4,False
USG00004184,1761-AEZZR,2026-08-29,TWR00090,18,231.81,0.226,17,False
USG00004185,3318-OSATS,2026-08-29,TWR00021,160,1842.4,1.799,7,False
USG00004186,9070-BCKQP,2026-08-29,TWR00093,138,2462.98,2.405,3,False
USG00004187,8668-KNZTI,2026-08-29,TWR00090,30,1896.3,1.852,25,False
USG00004188,4770-UEZOX,2026-08-29,TWR00081,168,1969.77,1.924,6,False
USG00004189,7883-ROJOC,2026-08-29,TWR00052,151,2040.86,1.993,12,True
USG00004190,7147-AYBAA,2026-08-29,TWR00063,55,2566.98,2.507,22,False
USG00004191,1930-QPBVZ,2026-08-29,TWR00099,88,2463.42,2.406,11,False
USG00004192,1465-LNTLJ,2026-08-29,TWR00057,122,650.18,0.635,20,False
USG00004193,9173-IVZVP,2026-08-29,TWR00080,75,607.88,0.594,2,False
USG00004194,7253-UVNDW,2026-08-29,TWR00099,69,1360.57,1.329,4,True
USG00004195,4816-OKWNX,2026-08-29,TWR00047,68,2184.12,2.133,1,False
USG00004196,9430-NKQLY,2026-08-29,TWR00064,161,2606.99,2.546,23,False
USG00004197,0480-BIXDE,2026-08-29,TWR00066,173,196.65,0.192,13,False
USG00004198,5583-EJXRD,2026-08-29,TWR00099,137,2193.72,2.142,19,False
USG00004199,5133-VRSAB,2026-08-29,TWR00076,34,2499.21,2.441,10,False
USG00004200,0374-FIUCA,2026-08-29,TWR00085,54,2343.25,2.288,1,False
USG00004201,9741-YLNTD,2026-08-29,TWR00015,164,2045.14,1.997,7,False
USG00004202,1057-FOGLZ,2026-08-29,TWR00081,74,1012.17,0.988,23,True
USG00004203,4791-QRGMF,2026-08-29,TWR00015,29,433.41,0.423,14,False
USG00004204,7013-PSXHK,2026-08-29,TWR00088,118,1060.24,1.035,25,False
USG00004205,0988-AADSA,2026-08-29,TWR00001,97,4445.33,4.341,15,False
USG00004206,8261-GWDBQ,2026-08-29,TWR00036,100,364.81,0.356,18,False
USG00004207,9609-BENEA,2026-08-29,TWR00044,119,4177.62,4.08,0,True
USG00004208,2606-RMDHZ,2026-08-29,TWR00095,77,1750.42,1.709,2,False
USG00004209,0584-BJQGZ,2026-08-29,TWR00079,130,2213.47,2.162,9,True
USG00004210,4815-TUMEQ,2026-08-29,TWR00056,48,467.69,0.457,6,True
USG00004211,0946-CLJTI,2026-08-29,TWR00086,29,2516.76,2.458,9,True
USG00004212,4701-AHWMW,2026-08-29,TWR00001,52,3174.83,3.1,18,False
USG00004213,9424-CMPOG,2026-08-29,TWR00036,54,2592.2,2.531,20,True
USG00004214,5622-UEJFI,2026-08-29,TWR00060,57,388.06,0.379,3,False
USG00004215,0454-OKRCT,2026-08-29,TWR00033,169,2702.46,2.639,14,False
USG00004216,6048-UWKAL,2026-08-29,TWR00066,52,1065.54,1.041,7,False
USG00004217,3132-TVFDZ,2026-08-29,TWR00049,100,297.49,0.291,23,False
USG00004218,1415-YFWLT,2026-08-29,TWR00081,62,3802.44,3.713,23,False
USG00004219,9593-CVZKR,2026-08-29,TWR00030,57,3580.55,3.497,8,True
USG00004220,5846-ABOBJ,2026-08-29,TWR00051,128,3216.39,3.141,24,True
USG00004221,3967-VQOGC,2026-08-29,TWR00067,148,1757.41,1.716,12,False
USG00004222,8073-IJDCM,2026-08-29,TWR00022,44,1938.0,1.893,3,False
USG00004223,1728-CXQBE,2026-08-29,TWR00077,131,2511.63,2.453,7,True
USG00004224,7101-HRBLJ,2026-08-29,TWR00023,158,2008.66,1.962,0,False
USG00004225,8125-QPFJD,2026-08-29,TWR00088,41,2413.17,2.357,13,False
USG00004226,4373-MAVJG,2026-08-29,TWR00078,158,2871.93,2.805,13,False
USG00004227,6253-GNHWH,2026-08-29,TWR00095,154,1873.01,1.829,21,False
USG00004228,1448-CYWKC,2026-08-29,TWR00064,101,3803.83,3.715,1,False
USG00004229,5044-XDPYX,2026-08-29,TWR00013,119,3512.63,3.43,6,True
USG00004230,4947-DSMXK,2026-08-29,TWR00078,159,1976.17,1.93,4,False
USG00004231,2357-COQEK,2026-08-29,TWR00080,167,1147.89,1.121,24,False
USG00004232,3714-NTNFO,2026-08-29,TWR00058,7,3559.39,3.476,22,False
USG00004233,1153-GNOLC,2026-08-29,TWR00008,123,2191.11,2.14,13,False
USG00004234,3936-QQFLL,2026-08-29,TWR00033,178,2797.16,2.732,13,False
USG00004235,8652-YHIYU,2026-08-29,TWR00085,84,394.5,0.385,25,False
USG00004236,9052-DHNKM,2026-08-29,TWR00045,177,751.79,0.734,11,False
USG00004237,7577-SWIFR,2026-08-29,TWR00039,56,2236.79,2.184,16,False
USG00004238,0804-YGEQV,2026-08-29,TWR00013,107,788.46,0.77,2,False
USG00004239,8225-BTJAU,2026-08-29,TWR00093,83,3343.54,3.265,17,False
USG00004240,6711-VTNRE,2026-08-29,TWR00025,64,2511.8,2.453,15,False
USG00004241,7969-AULMZ,2026-08-29,TWR00059,75,1766.87,1.725,7,False
USG00004242,1257-SXUXQ,2026-08-29,TWR00069,141,2529.01,2.47,21,False
USG00004243,1839-UMACK,2026-08-29,TWR00026,163,1236.25,1.207,18,False
USG00004244,5119-NZPTV,2026-08-29,TWR00057,154,814.93,0.796,15,False
USG00004245,4020-KIUDI,2026-08-29,TWR00083,5,3699.43,3.613,25,False
USG00004246,1455-HFBXA,2026-08-29,TWR00069,53,3668.92,3.583,8,False
USG00004247,0114-IGABW,2026-08-29,TWR00095,59,404.33,0.395,11,False
USG00004248,0722-SVSFK,2026-08-29,TWR00070,101,2209.44,2.158,23,True
USG00004249,4080-IIARD,2026-08-29,TWR00078,75,1429.2,1.396,6,False
USG00004250,2359-QWQUL,2026-08-29,TWR00016,55,2992.09,2.922,21,False
USG00004251,7912-SYRQT,2026-08-29,TWR00039,160,2972.55,2.903,4,False
USG00004252,2075-RMJIK,2026-08-29,TWR00070,145,479.87,0.469,5,True
USG00004253,9734-YWGEX,2026-08-29,TWR00053,13,2657.08,2.595,3,False
USG00004254,9938-PRCVK,2026-08-29,TWR00020,47,3959.76,3.867,4,True
USG00004255,3400-ESFUW,2026-08-29,TWR00032,26,2951.46,2.882,14,False
USG00004256,8048-DSDFQ,2026-08-29,TWR00100,139,860.09,0.84,20,True
USG00004257,9174-FKWZE,2026-08-29,TWR00030,77,2481.5,2.423,22,False
USG00004258,0968-GSIKN,2026-08-29,TWR00011,3,3154.26,3.08,10,True
USG00004259,9917-KWRBE,2026-08-29,TWR00019,74,85.64,0.084,4,False
USG00004260,0218-QNVAS,2026-08-29,TWR00061,5,3968.65,3.876,22,False
USG00004261,3865-QBWSJ,2026-08-29,TWR00100,130,2145.8,2.096,17,False
USG00004262,6618-RYATB,2026-08-29,TWR00059,149,2503.77,2.445,3,False
USG00004263,4390-KYULV,2026-08-29,TWR00042,24,4244.71,4.145,12,False
USG00004264,5127-BZENZ,2026-08-29,TWR00047,85,3587.37,3.503,19,False
USG00004265,3841-NFECX,2026-08-29,TWR00057,145,4370.39,4.268,20,False
USG00004266,1310-QRITU,2026-08-29,TWR00048,97,2157.99,2.107,12,False
USG00004267,3750-RNQKR,2026-08-29,TWR00014,85,3041.47,2.97,11,True
USG00004268,6873-UDNLD,2026-08-29,TWR00036,76,2167.7,2.117,7,False
USG00004269,9297-FVVDH,2026-08-29,TWR00088,59,590.48,0.577,15,False
USG00004270,8659-IOOPU,2026-08-29,TWR00005,106,1903.48,1.859,23,False
USG00004271,6579-JPICP,2026-08-29,TWR00092,180,3686.36,3.6,3,False
USG00004272,5857-TYBCJ,2026-08-29,TWR00045,162,3082.22,3.01,21,False
USG00004273,2789-HQBOU,2026-08-29,TWR00024,4,260.49,0.254,24,False
USG00004274,1328-EUZHC,2026-08-29,TWR00010,92,1286.2,1.256,4,False
USG00004275,8108-UXRQN,2026-08-29,TWR00083,75,2853.44,2.787,18,False
USG00004276,7813-ZGGAW,2026-08-29,TWR00064,65,3135.0,3.062,18,False
USG00004277,6481-ESCNL,2026-08-29,TWR00089,76,1447.93,1.414,4,False
USG00004278,1347-KTTTA,2026-08-29,TWR00047,84,798.61,0.78,0,False
USG00004279,7925-PNRGI,2026-08-29,TWR00044,82,3483.83,3.402,21,False
USG00004280,9362-MWODR,2026-08-29,TWR00004,145,4177.05,4.079,13,False
USG00004281,0118-JPNOY,2026-08-29,TWR00038,58,3589.55,3.505,4,True
USG00004282,3545-CNWRG,2026-08-29,TWR00050,52,993.21,0.97,17,False
USG00004283,1925-TIBLE,2026-08-29,TWR00058,93,2785.42,2.72,10,False
USG00004284,3810-DVDQQ,2026-08-29,TWR00020,18,3708.0,3.621,3,False
USG00004285,1600-DILPE,2026-08-29,TWR00023,65,4310.27,4.209,0,False
USG00004286,8597-CTXVJ,2026-08-29,TWR00030,112,3046.8,2.975,22,False
USG00004287,6317-YPKDH,2026-08-29,TWR00056,40,1560.3,1.524,7,False
USG00004288,3891-NLXJB,2026-08-29,TWR00005,145,262.22,0.256,10,False
USG00004289,4079-VTGLK,2026-08-29,TWR00024,113,2853.86,2.787,9,False
USG00004290,5018-HEKFO,2026-08-29,TWR00029,56,2835.39,2.769,8,False
USG00004291,4781-ZXYGU,2026-08-29,TWR00057,81,99.68,0.097,17,False
USG00004292,8631-XVRZL,2026-08-29,TWR00076,100,1240.97,1.212,2,False
USG00004293,1157-BQCUW,2026-08-29,TWR00077,50,871.25,0.851,15,False
USG00004294,5565-FILXA,2026-08-29,TWR00004,146,1455.42,1.421,14,False
USG00004295,2348-KCJLT,2026-08-29,TWR00081,164,2472.26,2.414,5,False
USG00004296,7426-WEIJX,2026-08-29,TWR00075,162,1379.27,1.347,18,True
USG00004297,5527-ACHSO,2026-08-29,TWR00086,154,3085.89,3.014,18,False
USG00004298,7876-DNYAP,2026-08-29,TWR00088,128,4171.64,4.074,5,False
USG00004299,9504-YAZWB,2026-08-29,TWR00080,179,963.74,0.941,11,False
USG00004300,3717-OEAUQ,2026-08-29,TWR00080,180,4261.31,4.161,1,False
USG00004301,5649-TJHOV,2026-08-29,TWR00034,113,4231.72,4.133,13,False
USG00004302,7994-XIRTR,2026-08-29,TWR00075,36,1550.77,1.514,4,False
USG00004303,8570-KLJYJ,2026-08-29,TWR00004,160,1473.06,1.439,24,False
USG00004304,6746-WAUWT,2026-08-29,TWR00088,143,2699.93,2.637,13,True
USG00004305,2272-QAGFO,2026-08-29,TWR00073,76,1046.6,1.022,20,False
USG00004306,5550-VFRLC,2026-08-29,TWR00016,128,50.01,0.049,10,False
USG00004307,0820-FNRNX,2026-08-29,TWR00001,69,1178.69,1.151,21,False
USG00004308,7621-VPNET,2026-08-29,TWR00099,44,2052.44,2.004,4,False
USG00004309,3259-QMXUN,2026-08-29,TWR00003,151,2678.21,2.615,23,False
USG00004310,4682-BLBUC,2026-08-29,TWR00046,37,4064.13,3.969,3,False
USG00004311,9611-CTWIH,2026-08-29,TWR00007,115,1033.61,1.009,17,False
USG00004312,4547-KQRTM,2026-08-29,TWR00055,114,228.66,0.223,15,False
USG00004313,2996-XAUVF,2026-08-29,TWR00074,17,4343.03,4.241,12,False
USG00004314,4588-YBNIB,2026-08-29,TWR00028,166,4179.94,4.082,1,False
USG00004315,3963-RYFNS,2026-08-29,TWR00095,143,914.89,0.893,4,False
USG00004316,2977-CEBSX,2026-08-29,TWR00076,56,4087.38,3.992,22,True
USG00004317,0376-YMCJC,2026-08-29,TWR00077,81,2208.6,2.157,20,False
USG00004318,4654-DLAMQ,2026-08-29,TWR00095,77,3307.29,3.23,3,False
USG00004319,2625-TRCZQ,2026-08-29,TWR00087,139,473.13,0.462,16,False
USG00004320,0772-GYEQQ,2026-08-29,TWR00046,150,1628.02,1.59,8,False
USG00004321,6202-JVYEU,2026-08-29,TWR00044,148,361.33,0.353,9,False
USG00004322,8562-GHPPI,2026-08-29,TWR00047,22,1405.11,1.372,21,False
USG00004323,0685-MLYYM,2026-08-29,TWR00095,48,3942.0,3.85,18,False
USG00004324,9565-DJPIB,2026-08-29,TWR00033,112,236.15,0.231,3,False
USG00004325,2946-KIQSP,2026-08-29,TWR00059,127,1747.88,1.707,5,True
USG00004326,4484-GLZOU,2026-08-29,TWR00063,124,2155.18,2.105,20,False
USG00004327,8696-JKZNU,2026-08-29,TWR00012,25,734.71,0.717,8,True
USG00004328,8670-MEFCP,2026-08-29,TWR00079,9,379.83,0.371,23,False
USG00004329,1621-YNCJH,2026-08-29,TWR00002,122,372.42,0.364,2,False
USG00004330,3329-WDIOK,2026-08-29,TWR00028,7,882.52,0.862,1,False
USG00004331,9018-PCIOK,2026-08-29,TWR00027,10,2109.31,2.06,6,False
USG00004332,4566-GOLUK,2026-08-29,TWR00015,143,2957.45,2.888,16,False
USG00004333,9435-JMLSX,2026-08-29,TWR00021,119,995.86,0.973,23,False
USG00004334,6368-TZZDT,2026-08-29,TWR00061,94,3132.17,3.059,24,False
USG00004335,8819-WFGGJ,2026-08-29,TWR00091,48,1805.78,1.763,10,False
USG00004336,2969-WGHQO,2026-08-29,TWR00082,108,665.95,0.65,19,False
USG00004337,0107-YHINA,2026-08-29,TWR00039,151,3979.51,3.886,22,False
USG00004338,6952-OMNWB,2026-08-29,TWR00054,6,1456.74,1.423,19,False
USG00004339,8421-WZOOW,2026-08-29,TWR00030,165,2776.51,2.711,6,False
USG00004340,3134-DSHVC,2026-08-29,TWR00073,124,287.92,0.281,25,False
USG00004341,2712-SYWAY,2026-08-29,TWR00023,97,448.64,0.438,0,False
USG00004342,1971-DTCZB,2026-08-29,TWR00003,95,3084.21,3.012,21,False
USG00004343,1346-PJWTK,2026-08-29,TWR00014,134,4019.1,3.925,19,True
USG00004344,1195-OIYEJ,2026-08-29,TWR00031,78,682.98,0.667,12,False
USG00004345,4909-JOUPP,2026-08-29,TWR00087,8,1206.6,1.178,9,False
USG00004346,7794-JASDG,2026-08-29,TWR00055,0,2990.11,2.92,22,False
USG00004347,2254-DLXRI,2026-08-29,TWR00017,6,826.94,0.808,9,False
USG00004348,3717-OFRTN,2026-08-29,TWR00076,11,1793.59,1.752,19,False
USG00004349,0895-UADGO,2026-08-29,TWR00011,158,1339.25,1.308,24,False
USG00004350,2908-ZTPNF,2026-08-29,TWR00037,30,2689.93,2.627,19,False
USG00004351,0793-TWELN,2026-08-29,TWR00027,162,820.87,0.802,1,False
USG00004352,5515-AKOAJ,2026-08-29,TWR00018,101,784.33,0.766,2,False
USG00004353,3162-ZJZFU,2026-08-29,TWR00019,25,1769.07,1.728,20,False
USG00004354,8896-RAZCR,2026-08-29,TWR00064,15,2145.15,2.095,19,False
USG00004355,3627-FCRDW,2026-08-29,TWR00058,176,514.96,0.503,17,True
USG00004356,9467-ROOLM,2026-08-29,TWR00059,91,3606.58,3.522,16,False
USG00004357,7369-TRPFD,2026-08-29,TWR00097,126,3626.36,3.541,11,False
USG00004358,4310-KEDTB,2026-08-29,TWR00053,165,564.16,0.551,4,False
USG00004359,8158-WPEZG,2026-08-29,TWR00049,29,355.8,0.347,13,False
USG00004360,2886-KEFUM,2026-08-29,TWR00025,24,4025.13,3.931,13,False
USG00004361,9640-ZSLDC,2026-08-29,TWR00018,99,725.63,0.709,3,False
USG00004362,7821-DPRQE,2026-08-29,TWR00064,46,4102.23,4.006,21,False
USG00004363,5671-UUNXD,2026-08-29,TWR00095,139,3964.49,3.872,24,False
USG00004364,6434-TTGJP,2026-08-29,TWR00005,180,3880.17,3.789,6,False
USG00004365,1237-WIYYZ,2026-08-29,TWR00044,157,307.99,0.301,14,False
USG00004366,4795-WRNVT,2026-08-29,TWR00092,116,1497.9,1.463,17,False
USG00004367,7599-FKVXZ,2026-08-29,TWR00001,142,508.45,0.497,0,False
USG00004368,1830-IPXVJ,2026-08-29,TWR00010,117,1845.62,1.802,11,True
USG00004369,0214-JHPFW,2026-08-29,TWR00003,155,2047.51,2.0,25,False
USG00004370,7550-WIQVA,2026-08-29,TWR00032,162,2038.9,1.991,6,False
USG00004371,2868-SNELZ,2026-08-29,TWR00070,128,3508.41,3.426,21,False
USG00004372,1915-OAKWD,2026-08-29,TWR00049,53,421.07,0.411,8,False
USG00004373,4905-JEFDW,2026-08-29,TWR00029,92,3083.13,3.011,25,False
USG00004374,3557-HTYWR,2026-08-29,TWR00074,118,3596.06,3.512,24,False
USG00004375,2232-DMLXU,2026-08-29,TWR00095,133,3071.78,3.0,21,False
USG00004376,3429-IFLEM,2026-08-29,TWR00066,157,4050.31,3.955,20,True
USG00004377,1622-HSHSF,2026-08-29,TWR00038,110,2345.36,2.29,0,True
USG00004378,6770-UAYGJ,2026-08-29,TWR00024,35,81.51,0.08,3,True
USG00004379,6261-LHRTG,2026-08-29,TWR00059,84,1216.0,1.188,4,False
USG00004380,1345-GKDZZ,2026-08-29,TWR00042,93,4152.99,4.056,9,True
USG00004381,2773-MADBQ,2026-08-29,TWR00031,59,2872.82,2.805,21,False
USG00004382,7614-QVWQL,2026-08-29,TWR00038,44,3294.35,3.217,13,False
USG00004383,4707-YNOQA,2026-08-29,TWR00049,108,104.84,0.102,21,False
USG00004384,0484-JPBRU,2026-08-29,TWR00018,102,3555.18,3.472,0,False
USG00004385,6598-RFFVI,2026-08-29,TWR00074,65,3927.24,3.835,0,True
USG00004386,8327-LZKAS,2026-08-29,TWR00070,114,109.36,0.107,25,False
USG00004387,2369-UAPKZ,2026-08-29,TWR00033,81,809.26,0.79,24,True
USG00004388,3714-XPXBW,2026-08-29,TWR00038,36,2598.93,2.538,22,False
USG00004389,0440-MOGPM,2026-08-29,TWR00048,34,2430.96,2.374,5,False
USG00004390,7109-CQYUZ,2026-08-29,TWR00057,51,4238.69,4.139,19,False
USG00004391,3045-XETSH,2026-08-29,TWR00027,178,1659.7,1.621,12,False
USG00004392,2364-UFROM,2026-08-29,TWR00097,53,217.12,0.212,24,False
USG00004393,5940-AHUHD,2026-08-29,TWR00016,131,631.45,0.617,13,False
USG00004394,3030-ZKIWL,2026-08-29,TWR00053,144,1911.12,1.866,0,False
USG00004395,0397-GZBBC,2026-08-29,TWR00083,8,1747.78,1.707,23,False
USG00004396,2235-DWLJU,2026-08-29,TWR00058,67,4205.06,4.107,20,False
USG00004397,9170-ARBTB,2026-08-29,TWR00025,54,1002.42,0.979,7,False
USG00004398,6603-QWSPR,2026-08-29,TWR00087,133,818.9,0.8,16,False
USG00004399,9861-PDSZP,2026-08-29,TWR00054,72,2033.99,1.986,10,False
USG00004400,6286-ZHAOK,2026-08-29,TWR00084,28,1415.72,1.383,7,False
USG00004401,5804-LEPIM,2026-08-29,TWR00013,130,848.32,0.828,4,False
USG00004402,7312-XSBAT,2026-08-29,TWR00070,150,2949.07,2.88,23,False
USG00004403,7277-OZCGZ,2026-08-29,TWR00075,68,2595.52,2.535,13,False
USG00004404,4011-ARPHK,2026-08-29,TWR00019,34,1058.18,1.033,21,False
USG00004405,9254-RBFON,2026-08-29,TWR00006,108,1249.91,1.221,18,False
USG00004406,7601-DHFWZ,2026-08-29,TWR00082,107,2975.37,2.906,15,False
USG00004407,0396-YCHWO,2026-08-29,TWR00049,62,4437.29,4.333,12,False
USG00004408,0244-LGNFY,2026-08-29,TWR00070,26,1655.95,1.617,0,False
USG00004409,6685-GBWJZ,2026-08-29,TWR00030,91,3428.3,3.348,2,False
USG00004410,1133-KXCGE,2026-08-29,TWR00012,20,2243.9,2.191,11,False
USG00004411,3946-MHCZW,2026-08-29,TWR00094,40,2797.46,2.732,16,False
USG00004412,7610-TVOPG,2026-08-29,TWR00032,3,1307.79,1.277,5,False
USG00004413,4827-LTQRJ,2026-08-29,TWR00067,84,170.71,0.167,7,False
USG00004414,8465-SBRXP,2026-08-29,TWR00062,112,2021.82,1.974,14,False
USG00004415,8816-VXNZD,2026-08-29,TWR00075,165,1113.24,1.087,16,True
USG00004416,9058-HRZSV,2026-08-29,TWR00045,54,3643.34,3.558,1,False
USG00004417,6458-CYIDZ,2026-08-29,TWR00053,70,3111.17,3.038,21,False
USG00004418,7129-ACFOG,2026-08-29,TWR00055,162,3662.7,3.577,5,False
USG00004419,0436-TWFFZ,2026-08-29,TWR00040,23,2331.14,2.277,25,False
USG00004420,4897-QSUYC,2026-08-29,TWR00024,0,4498.67,4.393,21,False
USG00004421,3011-WQKSZ,2026-08-29,TWR00017,8,3829.93,3.74,15,False
USG00004422,8840-DQLGN,2026-08-29,TWR00008,180,3665.85,3.58,1,False
USG00004423,9046-DQMTP,2026-08-29,TWR00023,85,871.14,0.851,7,False
USG00004424,1265-HVPZB,2026-08-29,TWR00015,136,2177.49,2.126,23,False
USG00004425,2235-ZGKPT,2026-08-29,TWR00073,51,3118.63,3.046,21,False
USG00004426,4145-UQXUQ,2026-08-29,TWR00040,174,1201.58,1.173,21,False
USG00004427,8722-PRFDV,2026-08-29,TWR00099,96,4293.33,4.193,25,False
USG00004428,0369-ZGOVK,2026-08-29,TWR00018,76,1479.93,1.445,17,False
USG00004429,1298-PHBTI,2026-08-29,TWR00029,20,1926.19,1.881,16,False
USG00004430,4877-EVATK,2026-08-29,TWR00099,64,993.96,0.971,9,False
USG00004431,7758-XKCBS,2026-08-29,TWR00077,123,3400.24,3.321,9,False
USG00004432,2775-SEFEE,2026-08-29,TWR00058,26,1699.17,1.659,15,False
USG00004433,4250-ZBWLV,2026-08-29,TWR00082,63,1009.66,0.986,21,False
USG00004434,6013-BHCAW,2026-08-29,TWR00011,151,4059.82,3.965,11,False
USG00004435,2931-SVLTV,2026-08-29,TWR00067,140,3272.3,3.196,3,False
USG00004436,3096-JRDSO,2026-08-29,TWR00083,6,1895.74,1.851,22,False
USG00004437,6563-VNPMN,2026-08-29,TWR00023,21,1042.51,1.018,24,False
USG00004438,7293-LSCDV,2026-08-29,TWR00084,163,2363.31,2.308,0,True
USG00004439,2460-FPSYH,2026-08-29,TWR00002,140,1445.19,1.411,18,False
USG00004440,2716-GFZOR,2026-08-29,TWR00092,130,1194.47,1.166,1,False
USG00004441,2469-DTSGX,2026-08-29,TWR00042,44,560.75,0.548,23,False
USG00004442,4890-VMUAV,2026-08-29,TWR00002,131,654.59,0.639,9,False
USG00004443,3137-NYQQI,2026-08-29,TWR00088,42,4376.73,4.274,22,True
USG00004444,8194-PEEBY,2026-08-29,TWR00068,95,2279.66,2.226,11,False
USG00004445,2055-BFOCC,2026-08-29,TWR00040,20,2772.36,2.707,7,True
USG00004446,9526-BIHHD,2026-08-29,TWR00079,162,654.68,0.639,25,False
USG00004447,9256-JTBNZ,2026-08-29,TWR00084,176,4174.2,4.076,21,False
USG00004448,1042-HFUCW,2026-08-29,TWR00025,51,4386.55,4.284,9,False
USG00004449,2675-DHUTR,2026-08-29,TWR00016,80,3524.93,3.442,12,False
USG00004450,2202-CUYXZ,2026-08-29,TWR00032,162,742.23,0.725,23,False
USG00004451,8849-GYOKR,2026-08-29,TWR00040,173,1553.07,1.517,22,False
USG00004452,5693-PIPCS,2026-08-29,TWR00067,127,565.06,0.552,16,True
USG00004453,9313-CDOGY,2026-08-29,TWR00044,85,3564.57,3.481,16,False
USG00004454,6519-ZHPXP,2026-08-29,TWR00059,29,1468.74,1.434,5,False
USG00004455,9334-GWGOW,2026-08-29,TWR00012,69,642.94,0.628,9,False
USG00004456,1950-KSVVJ,2026-08-29,TWR00056,153,2933.63,2.865,3,False
USG00004457,2133-TSRRM,2026-08-29,TWR00038,66,1813.24,1.771,6,False
USG00004458,9795-SHUHB,2026-08-29,TWR00098,155,337.46,0.33,21,True
USG00004459,5747-PMBSQ,2026-08-29,TWR00055,93,4030.77,3.936,14,False
USG00004460,2024-BASKD,2026-08-29,TWR00084,128,2791.97,2.727,4,False
USG00004461,8387-MOJJT,2026-08-29,TWR00014,2,4070.97,3.976,6,False
USG00004462,5248-KWLAR,2026-08-29,TWR00087,71,361.08,0.353,4,False
USG00004463,8749-TZYEC,2026-08-29,TWR00067,154,3991.59,3.898,9,False
USG00004464,7595-EUIVN,2026-08-29,TWR00064,148,3475.24,3.394,14,False
USG00004465,8915-NNTRC,2026-08-29,TWR00074,112,3926.04,3.834,5,False
USG00004466,5928-QLDHB,2026-08-29,TWR00055,24,3464.5,3.383,4,False
USG00004467,1386-ZIKUV,2026-08-29,TWR00017,76,4083.38,3.988,3,False
USG00004468,0670-ANMUU,2026-08-29,TWR00096,117,71.08,0.069,12,False
USG00004469,7892-POOKP,2026-08-29,TWR00003,147,3041.35,2.97,2,False
USG00004470,7516-GMHUV,2026-08-29,TWR00040,153,3847.18,3.757,24,False
USG00004471,9625-QNLUX,2026-08-29,TWR00096,113,2582.87,2.522,7,False
USG00004472,7956-XQWGU,2026-08-29,TWR00017,5,1375.01,1.343,9,False
USG00004473,3022-BEXHZ,2026-08-29,TWR00095,138,4116.89,4.02,14,False
USG00004474,6097-EQISJ,2026-08-29,TWR00073,152,1549.94,1.514,17,False
USG00004475,7740-BTPUX,2026-08-29,TWR00033,167,3317.2,3.239,6,False
USG00004476,8443-WVPSS,2026-08-29,TWR00100,148,2348.55,2.294,18,False
USG00004477,7270-BDIOA,2026-08-29,TWR00076,91,369.07,0.36,8,False
USG00004478,2740-JFBOK,2026-08-29,TWR00087,48,4461.63,4.357,3,False
USG00004479,4360-PNRQB,2026-08-29,TWR00084,7,2016.73,1.969,2,False
USG00004480,3948-XHGNA,2026-08-29,TWR00057,76,61.54,0.06,0,True
USG00004481,9065-ZCPQX,2026-08-29,TWR00016,80,771.42,0.753,9,False
USG00004482,8350-NYMVI,2026-08-29,TWR00099,99,1123.49,1.097,21,True
USG00004483,5285-MVEHD,2026-08-29,TWR00013,5,341.01,0.333,4,False
USG00004484,6427-FEFIG,2026-08-29,TWR00007,20,53.7,0.052,18,False
USG00004485,0208-BPQEJ,2026-08-29,TWR00013,66,2408.91,2.352,18,True
USG00004486,2587-EKXTS,2026-08-29,TWR00013,142,3202.67,3.128,13,True
USG00004487,4981-FLTMF,2026-08-29,TWR00098,38,435.27,0.425,3,False
USG00004488,8809-XKHMD,2026-08-29,TWR00069,59,464.04,0.453,13,True
USG00004489,3544-FBCAS,2026-08-29,TWR00026,95,408.24,0.399,4,False
USG00004490,4854-CIDCF,2026-08-29,TWR00040,5,3511.85,3.43,15,False
USG00004491,4548-SDBKE,2026-08-29,TWR00060,27,4234.98,4.136,11,False
USG00004492,0784-ZQJZX,2026-08-29,TWR00085,146,415.34,0.406,24,False
USG00004493,1383-EZRWL,2026-08-29,TWR00061,148,337.77,0.33,3,False
USG00004494,2034-GDRCN,2026-08-29,TWR00060,106,1092.21,1.067,11,False
USG00004495,9229-RQABD,2026-08-29,TWR00055,37,2271.93,2.219,21,False
USG00004496,9451-LPGOO,2026-08-29,TWR00072,78,2978.46,2.909,16,False
USG00004497,6134-KWTBV,2026-08-29,TWR00052,133,1828.87,1.786,13,False
USG00004498,2025-JKFWI,2026-08-29,TWR00070,177,3328.66,3.251,22,True
USG00004499,5671-RQRLP,2026-08-29,TWR00097,180,1944.94,1.899,1,False
USG00004500,7853-GVUDZ,2026-08-29,TWR00048,150,1604.88,1.567,2,False
USG00004501,3786-WOVKF,2026-08-29,TWR00031,63,2425.22,2.368,25,False
USG00004502,0708-SJDIS,2026-08-29,TWR00086,89,2251.98,2.199,24,False
USG00004503,8818-XYFCQ,2026-08-29,TWR00055,176,349.59,0.341,19,True
USG00004504,6749-UTDVX,2026-08-29,TWR00082,141,2266.13,2.213,24,False
USG00004505,1121-QSIVB,2026-08-29,TWR00021,37,3119.03,3.046,15,False
USG00004506,6227-FBDXH,2026-08-29,TWR00031,173,861.68,0.841,5,False
USG00004507,9250-WYPLL,2026-08-29,TWR00050,176,1825.57,1.783,25,False
USG00004508,0114-RSRRW,2026-08-29,TWR00033,121,3580.77,3.497,18,False
USG00004509,0459-SPZHJ,2026-08-29,TWR00077,106,3502.4,3.42,17,False
USG00004510,6040-CGACY,2026-08-29,TWR00055,26,4258.19,4.158,0,False
USG00004511,1335-NTIUC,2026-08-29,TWR00083,87,2770.19,2.705,2,False
USG00004512,4952-YSOGZ,2026-08-29,TWR00015,163,1715.43,1.675,1,False
USG00004513,0455-ENTCR,2026-08-29,TWR00086,105,759.69,0.742,14,False
USG00004514,1452-XRSJV,2026-08-29,TWR00035,8,3515.07,3.433,0,False
USG00004515,7140-ADSMJ,2026-08-29,TWR00064,81,1996.93,1.95,18,False
USG00004516,8455-HIRAQ,2026-08-29,TWR00094,0,3582.72,3.499,12,False
USG00004517,6465-GSRCL,2026-08-29,TWR00098,6,2827.25,2.761,18,False
USG00004518,3570-YUEKJ,2026-08-29,TWR00022,17,3974.81,3.882,25,False
USG00004519,1573-LGXBA,2026-08-29,TWR00062,151,629.46,0.615,16,False
USG00004520,3941-XTSKM,2026-08-29,TWR00083,110,1096.58,1.071,18,False
USG00004521,8012-SOUDQ,2026-08-29,TWR00074,179,2315.27,2.261,23,False
USG00004522,0537-QYZZN,2026-08-29,TWR00031,127,1089.61,1.064,0,False
USG00004523,0314-TKOSI,2026-08-29,TWR00074,71,2111.38,2.062,19,False
USG00004524,6168-WFVVF,2026-08-29,TWR00013,131,4298.4,4.198,11,False
USG00004525,2237-ZFSMY,2026-08-29,TWR00071,103,900.44,0.879,11,False
USG00004526,7898-PDWQE,2026-08-29,TWR00066,128,2827.72,2.761,17,False
USG00004527,5129-HHMZC,2026-08-29,TWR00012,116,4352.41,4.25,9,False
USG00004528,4334-HOWRP,2026-08-29,TWR00084,176,1691.99,1.652,14,False
USG00004529,1371-OJCEK,2026-08-29,TWR00034,51,3977.84,3.885,4,True
USG00004530,8414-MYSHR,2026-08-29,TWR00095,135,2655.55,2.593,18,False
USG00004531,5176-LMJXE,2026-08-29,TWR00049,172,2696.1,2.633,14,False
USG00004532,9995-HOTOH,2026-08-29,TWR00064,102,2534.59,2.475,16,False
USG00004533,0746-JTRFU,2026-08-29,TWR00020,66,2879.65,2.812,19,False
USG00004534,5850-BDWCY,2026-08-29,TWR00036,108,4061.64,3.966,5,False
USG00004535,5150-LJNSR,2026-08-29,TWR00033,78,3741.51,3.654,11,False
USG00004536,6223-DHJGV,2026-08-29,TWR00057,8,3945.37,3.853,10,False
USG00004537,4102-HLENU,2026-08-29,TWR00034,142,4235.87,4.137,12,False
USG00004538,9200-NLNPD,2026-08-29,TWR00005,68,3990.59,3.897,17,False
USG00004539,7929-DMBCV,2026-08-29,TWR00087,77,2690.65,2.628,13,False
USG00004540,8316-BBQAY,2026-08-29,TWR00090,179,2083.16,2.034,2,False
USG00004541,8327-WKMIE,2026-08-29,TWR00049,13,639.93,0.625,4,False
USG00004542,4933-BSAIP,2026-08-29,TWR00031,135,2965.11,2.896,12,False
USG00004543,8805-JNRAZ,2026-08-29,TWR00099,26,1319.19,1.288,19,False
USG00004544,2072-ZVJJX,2026-08-29,TWR00016,171,1900.39,1.856,19,False
USG00004545,6253-WRFHY,2026-08-29,TWR00010,124,4239.51,4.14,6,False
USG00004546,7562-GSUHK,2026-08-29,TWR00059,118,2593.01,2.532,17,False
USG00004547,6240-EURKS,2026-08-29,TWR00025,97,3803.95,3.715,18,True
USG00004548,7758-UJWYS,2026-08-29,TWR00077,59,1679.33,1.64,19,False
USG00004549,0842-IWYCP,2026-08-29,TWR00065,134,1789.31,1.747,21,False
USG00004550,5013-SBUIH,2026-08-29,TWR00027,84,3980.36,3.887,19,False
USG00004551,8780-RSYYU,2026-08-29,TWR00090,63,3813.95,3.725,24,False
USG00004552,3466-WAESX,2026-08-29,TWR00062,105,2421.7,2.365,15,False
USG00004553,1460-UZPRJ,2026-08-29,TWR00063,131,1984.95,1.938,5,False
USG00004554,5293-WXJAK,2026-08-29,TWR00099,180,2459.5,2.402,21,False
USG00004555,4378-BZYFP,2026-08-29,TWR00057,116,3749.08,3.661,2,False
USG00004556,9658-WYUFB,2026-08-29,TWR00023,127,796.66,0.778,23,False
USG00004557,3590-TCXTB,2026-08-29,TWR00100,2,4409.21,4.306,4,False
USG00004558,9755-JHNMN,2026-08-29,TWR00074,18,1698.65,1.659,8,False
USG00004559,9136-ALYBR,2026-08-29,TWR00007,108,802.17,0.783,4,False
USG00004560,6036-TTFYU,2026-08-29,TWR00087,159,979.65,0.957,14,False
USG00004561,3021-VLNRJ,2026-08-29,TWR00073,71,4081.26,3.986,3,True
USG00004562,6078-VESFR,2026-08-29,TWR00026,165,847.99,0.828,21,False
USG00004563,8847-GEOOQ,2026-08-29,TWR00059,65,3303.32,3.226,17,False
USG00004564,8628-MFKAX,2026-08-29,TWR00060,52,1115.15,1.089,10,False
USG00004565,6372-RFVNS,2026-08-29,TWR00080,139,1810.44,1.768,13,False
USG00004566,6549-NNDYT,2026-08-29,TWR00090,96,1461.55,1.427,25,False
USG00004567,2259-OUUSZ,2026-08-29,TWR00031,77,3521.93,3.439,22,False
USG00004568,8097-VBQTZ,2026-08-29,TWR00096,80,438.2,0.428,13,False
USG00004569,9058-CBREO,2026-08-29,TWR00015,145,1338.56,1.307,17,False
USG00004570,4323-ELYYB,2026-08-29,TWR00073,83,2823.74,2.758,15,False
USG00004571,2979-SXESE,2026-08-29,TWR00060,168,4106.23,4.01,10,False
USG00004572,2138-VFAPZ,2026-08-29,TWR00076,179,2149.58,2.099,24,False
USG00004573,7760-OYPDY,2026-08-29,TWR00035,47,233.33,0.228,23,False
USG00004574,4254-QPEDE,2026-08-29,TWR00010,157,4163.25,4.066,21,False
USG00004575,5716-EZXZN,2026-08-29,TWR00002,10,1250.51,1.221,20,False
USG00004576,7786-WBJYI,2026-08-29,TWR00059,142,76.49,0.075,9,False
USG00004577,2691-NZETQ,2026-08-29,TWR00002,45,1338.94,1.308,2,True
USG00004578,7629-WIXZF,2026-08-29,TWR00070,130,4244.82,4.145,1,False
USG00004579,0623-GDISB,2026-08-29,TWR00066,124,325.51,0.318,5,False
USG00004580,6663-JOCQO,2026-08-29,TWR00082,71,632.8,0.618,17,False
USG00004581,7251-LJBQN,2026-08-29,TWR00056,112,2779.18,2.714,22,False
USG00004582,4759-TRPLW,2026-08-29,TWR00002,32,2684.81,2.622,3,False
USG00004583,1574-DYCWE,2026-08-29,TWR00011,172,4460.57,4.356,21,False
USG00004584,3178-FESZO,2026-08-29,TWR00061,168,783.49,0.765,23,False
USG00004585,4118-CEVPF,2026-08-29,TWR00027,88,3025.01,2.954,1,False
USG00004586,1334-FJSVR,2026-08-29,TWR00049,142,2476.54,2.418,23,False
USG00004587,0516-VRYBW,2026-08-29,TWR00049,153,4123.07,4.026,22,False
USG00004588,4817-KEQSP,2026-08-29,TWR00070,70,4292.08,4.191,25,False
USG00004589,0640-YJTPY,2026-08-29,TWR00007,69,2069.39,2.021,13,False
USG00004590,2079-FBMZK,2026-08-29,TWR00052,22,3641.71,3.556,0,False
USG00004591,8229-BUJHX,2026-08-29,TWR00024,159,1697.68,1.658,12,False
USG00004592,4178-EGMON,2026-08-29,TWR00012,24,1826.64,1.784,7,False
USG00004593,3440-JPSCL,2026-08-29,TWR00069,129,975.69,0.953,23,False
USG00004594,3192-NQECA,2026-08-29,TWR00096,122,3585.28,3.501,13,False
USG00004595,1265-BCFEO,2026-08-29,TWR00054,75,773.31,0.755,12,False
USG00004596,8727-XDPUD,2026-08-29,TWR00097,143,4184.85,4.087,3,False
USG00004597,3751-KTZEL,2026-08-29,TWR00019,170,4016.32,3.922,20,False
USG00004598,8063-RJYNF,2026-08-29,TWR00060,53,2150.6,2.1,1,False
USG00004599,8910-LEDAG,2026-08-29,TWR00098,134,3712.42,3.625,8,False
USG00004600,5027-QPKTE,2026-08-29,TWR00011,12,1257.84,1.228,24,False
USG00004601,8221-EQDGL,2026-08-29,TWR00021,17,3771.32,3.683,3,True
USG00004602,5816-QVHRX,2026-08-29,TWR00074,14,4055.25,3.96,5,False
USG00004603,6015-VVHHE,2026-08-29,TWR00092,77,3150.67,3.077,6,False
USG00004604,8242-PDSGJ,2026-08-29,TWR00096,168,2669.33,2.607,21,True
USG00004605,8573-JGCZW,2026-08-29,TWR00021,33,2945.82,2.877,15,False
USG00004606,7175-NTIXE,2026-08-29,TWR00088,45,377.49,0.369,24,False
USG00004607,5868-YWPDW,2026-08-29,TWR00081,156,753.91,0.736,22,True
USG00004608,2452-KDRRH,2026-08-29,TWR00003,129,3212.39,3.137,8,True
USG00004609,5816-SCGFC,2026-08-29,TWR00060,59,2289.12,2.235,21,False
USG00004610,5976-JCJRH,2026-08-29,TWR00066,8,1507.52,1.472,22,False
USG00004611,4647-MUZON,2026-08-29,TWR00020,140,4155.09,4.058,12,False
USG00004612,2810-FTLEM,2026-08-29,TWR00038,45,430.08,0.42,6,False
USG00004613,7706-YLMQA,2026-08-29,TWR00008,52,3385.36,3.306,15,False
USG00004614,5884-FBCTL,2026-08-29,TWR00015,153,3055.78,2.984,15,False
USG00004615,8338-QIUNR,2026-08-29,TWR00063,173,3480.32,3.399,15,False
USG00004616,4335-BSMJS,2026-08-29,TWR00099,160,1959.41,1.913,25,False
USG00004617,9750-BOOHV,2026-08-29,TWR00090,17,1627.98,1.59,18,True
USG00004618,6005-OBZPH,2026-08-29,TWR00079,154,3109.78,3.037,15,False
USG00004619,0898-XCGTF,2026-08-29,TWR00011,157,3349.06,3.271,18,False
USG00004620,4950-BDEUX,2026-08-29,TWR00008,85,2855.2,2.788,6,False
USG00004621,8999-XXGNS,2026-08-29,TWR00001,133,4348.82,4.247,4,False
USG00004622,6341-JVQGF,2026-08-29,TWR00053,31,1982.96,1.936,6,False
USG00004623,5370-IIVVL,2026-08-29,TWR00031,118,1139.96,1.113,11,True
USG00004624,6034-YMTOB,2026-08-29,TWR00030,111,963.63,0.941,13,False
USG00004625,3298-QEICA,2026-08-29,TWR00038,123,1289.06,1.259,3,False
USG00004626,4236-UJPWO,2026-08-29,TWR00062,53,3855.91,3.766,8,False
USG00004627,4114-QMKVN,2026-08-29,TWR00091,133,175.92,0.172,23,False
USG00004628,3196-NVXLZ,2026-08-29,TWR00081,88,3984.08,3.891,16,False
USG00004629,6215-NQCPY,2026-08-29,TWR00005,105,3891.16,3.8,11,False
USG00004630,2085-JVGAD,2026-08-29,TWR00037,149,898.0,0.877,9,False
USG00004631,2824-DXNKN,2026-08-29,TWR00062,91,1473.3,1.439,22,False
USG00004632,1156-ZFYDO,2026-08-29,TWR00050,106,3851.0,3.761,1,False
USG00004633,3642-BYHDO,2026-08-29,TWR00044,11,3906.25,3.815,18,False
USG00004634,9309-BZGNT,2026-08-29,TWR00033,102,4316.44,4.215,9,True
USG00004635,3113-IWHLC,2026-08-29,TWR00030,118,1228.53,1.2,6,False
USG00004636,2305-MRGLV,2026-08-29,TWR00087,35,485.39,0.474,12,False
USG00004637,5148-HKFIR,2026-08-29,TWR00033,67,1563.08,1.526,2,False
USG00004638,1635-FJFCC,2026-08-29,TWR00090,65,4033.86,3.939,13,False
USG00004639,4895-TMWIR,2026-08-29,TWR00067,89,1494.98,1.46,15,False
USG00004640,1051-GEJLJ,2026-08-29,TWR00028,53,2938.22,2.869,10,False
USG00004641,8550-XSXUQ,2026-08-29,TWR00001,90,3050.51,2.979,6,False
USG00004642,1784-EZDKJ,2026-08-29,TWR00010,73,1239.94,1.211,17,True
USG00004643,9863-JZAIC,2026-08-29,TWR00099,16,3098.76,3.026,17,False
USG00004644,1866-NXPSP,2026-08-29,TWR00030,57,975.8,0.953,1,True
USG00004645,0743-HRVFF,2026-08-29,TWR00035,148,462.17,0.451,21,False
USG00004646,3428-XZMAZ,2026-08-29,TWR00049,129,763.65,0.746,11,True
USG00004647,7011-CVEUC,2026-08-29,TWR00026,68,1201.83,1.174,5,False
USG00004648,5605-IYGFG,2026-08-29,TWR00009,41,2864.56,2.797,24,False
USG00004649,2959-MJHIC,2026-08-29,TWR00025,136,3374.5,3.295,14,False
USG00004650,9862-KJTYK,2026-08-29,TWR00098,42,3329.39,3.251,5,False
USG00004651,4183-WCSEP,2026-08-29,TWR00037,10,4290.68,4.19,11,False
USG00004652,3987-KQDDU,2026-08-29,TWR00038,74,881.54,0.861,0,False
USG00004653,6199-IPCAO,2026-08-29,TWR00065,14,997.9,0.975,0,False
USG00004654,3685-YLCMQ,2026-08-29,TWR00047,37,2960.89,2.891,16,False
USG00004655,8929-KSWIH,2026-08-29,TWR00047,160,232.02,0.227,0,False
USG00004656,0953-LGOVU,2026-08-29,TWR00015,81,2996.27,2.926,5,False
USG00004657,9530-EHPOH,2026-08-29,TWR00069,71,2045.86,1.998,5,False
USG00004658,7128-GGCNO,2026-08-29,TWR00013,67,4241.71,4.142,17,False
USG00004659,1769-GRUIK,2026-08-29,TWR00021,126,3479.8,3.398,23,False
USG00004660,8069-RHUXK,2026-08-29,TWR00071,112,280.79,0.274,13,False
USG00004661,5295-PCJOO,2026-08-29,TWR00075,115,1846.83,1.804,4,False
USG00004662,1534-OULXE,2026-08-29,TWR00030,87,430.48,0.42,5,False
USG00004663,7321-KKSDU,2026-08-29,TWR00031,93,2086.54,2.038,3,False
USG00004664,2274-XUATA,2026-08-29,TWR00061,124,1211.19,1.183,25,False
USG00004665,1550-EENBN,2026-08-29,TWR00033,97,4208.42,4.11,2,False
USG00004666,8010-EZLOU,2026-08-29,TWR00011,39,2611.9,2.551,2,True
USG00004667,6950-TWMYB,2026-08-29,TWR00080,112,2796.74,2.731,13,False
USG00004668,8532-UEFWH,2026-08-29,TWR00077,87,3281.49,3.205,15,False
USG00004669,1335-MXCSE,2026-08-29,TWR00026,134,2955.84,2.887,12,False
USG00004670,0052-DCKON,2026-08-29,TWR00023,69,2243.53,2.191,25,False
USG00004671,2362-IBOOY,2026-08-29,TWR00037,180,131.42,0.128,16,False
USG00004672,7855-DIWPO,2026-08-29,TWR00013,3,1324.96,1.294,4,False
USG00004673,1241-FPMOF,2026-08-29,TWR00092,49,269.21,0.263,23,False
USG00004674,3043-TYBNO,2026-08-29,TWR00094,37,2120.03,2.07,5,False
USG00004675,5619-XZZKR,2026-08-29,TWR00075,82,81.04,0.079,20,False
USG00004676,7018-WBJNK,2026-08-29,TWR00008,93,1006.74,0.983,18,False
USG00004677,5389-FFVKB,2026-08-29,TWR00093,21,3043.97,2.973,10,False
USG00004678,9405-GPBBG,2026-08-29,TWR00085,140,2349.95,2.295,18,False
USG00004679,3058-WQDRE,2026-08-29,TWR00079,154,857.32,0.837,5,False
USG00004680,1980-KXVPM,2026-08-29,TWR00081,131,2035.79,1.988,5,False
USG00004681,4616-EWBNJ,2026-08-29,TWR00090,128,799.62,0.781,11,False
USG00004682,1431-CYWMH,2026-08-29,TWR00075,133,4272.23,4.172,22,False
USG00004683,1338-CECEE,2026-08-29,TWR00056,110,4472.96,4.368,14,False
USG00004684,4026-SKKHW,2026-08-29,TWR00064,107,63.39,0.062,24,False
USG00004685,1552-AAGRX,2026-08-29,TWR00085,79,4130.47,4.034,1,False
USG00004686,3191-CSNMG,2026-08-29,TWR00091,152,127.21,0.124,11,False
USG00004687,2378-YIZKA,2026-08-29,TWR00094,149,3137.71,3.064,7,False
USG00004688,8620-RJPZN,2026-08-29,TWR00007,23,4454.57,4.35,2,False
USG00004689,3319-DWOEP,2026-08-29,TWR00030,41,3263.38,3.187,3,False
USG00004690,8544-JNBOX,2026-08-29,TWR00041,9,1767.23,1.726,7,False
USG00004691,7020-OZKXZ,2026-08-29,TWR00100,94,271.08,0.265,4,False
USG00004692,6817-WTYHE,2026-08-29,TWR00087,95,2092.47,2.043,2,False
USG00004693,8690-ZVLCL,2026-08-29,TWR00065,108,369.35,0.361,21,True
USG00004694,0871-URUWO,2026-08-29,TWR00026,169,665.48,0.65,25,False
USG00004695,8434-PNQZX,2026-08-29,TWR00059,40,1564.77,1.528,17,True
USG00004696,6198-PNNSZ,2026-08-29,TWR00041,72,3197.93,3.123,8,False
USG00004697,0650-BWOZN,2026-08-29,TWR00055,71,337.75,0.33,3,False
USG00004698,5542-TBBWB,2026-08-29,TWR00097,44,2445.4,2.388,25,False
USG00004699,2725-KXXWT,2026-08-29,TWR00082,123,1144.28,1.117,4,False
USG00004700,3798-EPWRR,2026-08-29,TWR00057,10,242.17,0.236,5,False
USG00004701,6794-HKIAJ,2026-08-29,TWR00042,129,1404.97,1.372,23,False
USG00004702,2530-ENDWQ,2026-08-29,TWR00061,124,1011.28,0.988,19,False
USG00004703,9447-YPTBX,2026-08-29,TWR00092,173,1155.59,1.129,9,False
USG00004704,8519-IMDHU,2026-08-29,TWR00066,82,1651.37,1.613,15,False
USG00004705,5522-NYKPB,2026-08-29,TWR00014,115,839.25,0.82,15,True
USG00004706,0536-ESJEP,2026-08-29,TWR00016,50,4465.66,4.361,5,False
USG00004707,0423-UDIJQ,2026-08-29,TWR00066,129,2167.5,2.117,12,False
USG00004708,0057-QBUQH,2026-08-29,TWR00035,115,2637.77,2.576,12,False
USG00004709,6252-DFGTK,2026-08-29,TWR00030,51,910.57,0.889,9,False
USG00004710,2791-SFVEW,2026-08-29,TWR00008,131,331.55,0.324,24,False
USG00004711,5839-SUYVZ,2026-08-29,TWR00058,91,3956.92,3.864,16,False
USG00004712,3221-CJMSG,2026-08-29,TWR00022,50,2087.43,2.039,5,False
USG00004713,0913-XWSCN,2026-08-29,TWR00085,7,3476.38,3.395,24,False
USG00004714,0178-SZBHO,2026-08-29,TWR00040,113,4272.99,4.173,17,False
USG00004715,4195-PNGZS,2026-08-29,TWR00077,50,816.07,0.797,16,False
USG00004716,0559-CKHUS,2026-08-29,TWR00066,82,79.71,0.078,25,False
USG00004717,2676-SSLTO,2026-08-29,TWR00049,91,3002.5,2.932,21,False
USG00004718,6818-WOBHJ,2026-08-29,TWR00029,28,714.13,0.697,11,False
USG00004719,6087-YPWHO,2026-08-29,TWR00018,44,1111.12,1.085,4,False
USG00004720,1301-LOPVR,2026-08-29,TWR00028,77,1072.79,1.048,17,False
USG00004721,2923-ARZLG,2026-08-29,TWR00027,127,200.98,0.196,14,False
USG00004722,7176-WRTNX,2026-08-29,TWR00083,27,1112.81,1.087,22,False
USG00004723,1363-TXLSL,2026-08-29,TWR00051,139,612.68,0.598,18,False
USG00004724,1624-NALOJ,2026-08-29,TWR00017,53,735.48,0.718,15,True
USG00004725,9367-OIUXP,2026-08-29,TWR00011,167,1554.06,1.518,21,False
USG00004726,5593-SUAOO,2026-08-29,TWR00048,109,765.02,0.747,18,False
USG00004727,9092-GDZKO,2026-08-29,TWR00095,178,1130.47,1.104,8,False
USG00004728,9114-VEPUF,2026-08-29,TWR00003,135,654.36,0.639,9,False
USG00004729,9708-HPXWZ,2026-08-29,TWR00043,11,1869.69,1.826,15,False
USG00004730,2351-BKRZW,2026-08-29,TWR00059,70,3410.69,3.331,5,False
USG00004731,2384-OVPSA,2026-08-29,TWR00050,34,1435.67,1.402,23,False
USG00004732,7486-KSRVI,2026-08-29,TWR00025,133,3510.57,3.428,8,False
USG00004733,6016-LVTJQ,2026-08-29,TWR00070,29,1488.58,1.454,3,False
USG00004734,9633-DENPU,2026-08-29,TWR00032,126,2688.0,2.625,10,True
USG00004735,9814-AOUDH,2026-08-29,TWR00053,164,4003.42,3.91,8,False
USG00004736,7633-MVPUY,2026-08-29,TWR00024,89,263.88,0.258,19,False
USG00004737,6870-ECSHE,2026-08-29,TWR00095,24,1581.37,1.544,23,False
USG00004738,7314-OXENN,2026-08-29,TWR00017,122,1281.9,1.252,4,False
USG00004739,3808-HFKDE,2026-08-29,TWR00051,107,4364.24,4.262,8,False
USG00004740,2664-XJZNO,2026-08-29,TWR00053,5,3663.36,3.578,2,False
USG00004741,6242-SGYTS,2026-08-29,TWR00004,129,2425.29,2.368,7,False
USG00004742,3090-LETTY,2026-08-29,TWR00100,136,3772.79,3.684,25,False
USG00004743,2453-SAFNS,2026-08-29,TWR00078,110,4280.06,4.18,11,True
USG00004744,8065-BVEPF,2026-08-29,TWR00021,171,2249.8,2.197,9,False
USG00004745,0058-EVZWM,2026-08-29,TWR00040,171,254.24,0.248,4,False
USG00004746,8981-FJGLA,2026-08-29,TWR00092,125,102.42,0.1,3,False
USG00004747,3930-ZGWVE,2026-08-29,TWR00040,20,652.86,0.638,6,False
USG00004748,1179-INLAT,2026-08-29,TWR00051,105,2562.55,2.502,16,False
USG00004749,8773-HHUOZ,2026-08-29,TWR00026,119,4174.65,4.077,6,False
USG00004750,5968-HYJRZ,2026-08-29,TWR00062,35,2743.92,2.68,13,False
USG00004751,4751-ERMAN,2026-08-29,TWR00074,113,1055.57,1.031,24,False
USG00004752,6651-AZVTJ,2026-08-29,TWR00052,81,1506.5,1.471,10,False
USG00004753,6416-JNVRK,2026-08-29,TWR00091,122,2001.52,1.955,10,False
USG00004754,0708-LGSMF,2026-08-29,TWR00079,26,3182.21,3.108,25,False
USG00004755,1875-QIVME,2026-08-29,TWR00002,93,3507.61,3.425,14,False
USG00004756,0839-QNXME,2026-08-29,TWR00062,62,3617.17,3.532,22,False
USG00004757,2398-YPMUR,2026-08-29,TWR00048,0,1706.31,1.666,6,False
USG00004758,2519-ERQOJ,2026-08-29,TWR00051,0,3724.84,3.638,9,False
USG00004759,6981-TDRFT,2026-08-29,TWR00088,110,806.18,0.787,2,False
USG00004760,5968-VXZLG,2026-08-29,TWR00016,108,2654.47,2.592,12,False
USG00004761,1929-ZCBHE,2026-08-29,TWR00092,118,1945.02,1.899,18,True
USG00004762,1395-WSWXR,2026-08-29,TWR00004,8,1182.46,1.155,10,False
USG00004763,5995-WWKKG,2026-08-29,TWR00020,76,697.25,0.681,12,False
USG00004764,7841-TZDMQ,2026-08-29,TWR00086,13,388.73,0.38,22,False
USG00004765,1226-IENZN,2026-08-29,TWR00091,99,153.51,0.15,7,False
USG00004766,1303-SRDOK,2026-08-29,TWR00009,68,1564.99,1.528,25,True
USG00004767,9055-MOJJJ,2026-08-29,TWR00014,74,1035.31,1.011,0,False
USG00004768,5364-EVNIB,2026-08-29,TWR00068,156,3099.5,3.027,11,False
USG00004769,1471-GIQKQ,2026-08-29,TWR00015,158,4308.91,4.208,8,False
USG00004770,9495-REDIY,2026-08-29,TWR00001,154,2937.03,2.868,14,False
USG00004771,1867-TJHTS,2026-08-29,TWR00030,6,2963.4,2.894,8,False
USG00004772,6402-ZFPPI,2026-08-29,TWR00051,43,3808.45,3.719,16,False
USG00004773,2040-LDIWQ,2026-08-29,TWR00013,97,3514.03,3.432,1,False
USG00004774,3323-CPBWR,2026-08-29,TWR00040,101,1135.75,1.109,13,False
USG00004775,9909-IDLEK,2026-08-29,TWR00077,174,1147.32,1.12,12,False
USG00004776,7734-DBOAI,2026-08-29,TWR00025,141,73.27,0.072,20,False
USG00004777,6641-XRPSU,2026-08-29,TWR00010,65,1463.03,1.429,15,False
USG00004778,3285-UCQVC,2026-08-29,TWR00088,77,749.9,0.732,7,False
USG00004779,2969-QWUBZ,2026-08-29,TWR00059,31,3747.69,3.66,15,False
USG00004780,5777-KJIRB,2026-08-29,TWR00053,37,1878.57,1.835,23,False
USG00004781,3956-MGXOG,2026-08-29,TWR00039,18,264.95,0.259,6,False
USG00004782,7363-QTBIW,2026-08-29,TWR00009,151,3028.08,2.957,25,True
USG00004783,3682-YEUWS,2026-08-29,TWR00061,14,950.46,0.928,9,False
USG00004784,5055-MGMGF,2026-08-29,TWR00009,33,3170.49,3.096,15,False
USG00004785,7432-FFVAR,2026-08-29,TWR00062,36,1573.67,1.537,8,False
USG00004786,8938-UMKPI,2026-08-29,TWR00005,161,494.61,0.483,4,False
USG00004787,0104-PPXDV,2026-08-29,TWR00024,174,4303.59,4.203,20,True
USG00004788,9972-VAFJJ,2026-08-29,TWR00069,113,1556.41,1.52,7,False
USG00004789,0616-ATFGB,2026-08-29,TWR00067,60,1940.27,1.895,12,True
USG00004790,6705-LXORM,2026-08-29,TWR00031,8,2031.79,1.984,17,False
USG00004791,2058-DCJBE,2026-08-29,TWR00010,41,1725.19,1.685,3,False
USG00004792,5320-BRKGK,2026-08-29,TWR00070,128,1774.32,1.733,4,False
USG00004793,5465-BUBFA,2026-08-29,TWR00021,109,3935.99,3.844,7,False
USG00004794,9282-IZGQK,2026-08-29,TWR00100,65,1628.83,1.591,21,False
USG00004795,8775-CEBBJ,2026-08-29,TWR00051,137,1443.53,1.41,22,False
USG00004796,0743-HNPFG,2026-08-29,TWR00066,29,313.69,0.306,11,False
USG00004797,9152-AMKAK,2026-08-29,TWR00067,99,2107.14,2.058,12,False
USG00004798,3995-WFCSM,2026-08-29,TWR00046,13,834.82,0.815,24,False
USG00004799,3795-GWTRD,2026-08-29,TWR00072,22,2323.65,2.269,10,True
USG00004800,0621-JFHOL,2026-08-29,TWR00031,31,1705.89,1.666,11,False
USG00004801,1077-HUUJM,2026-08-29,TWR00005,4,4390.16,4.287,6,False
USG00004802,4671-VJLCL,2026-08-29,TWR00093,141,284.42,0.278,9,False
USG00004803,8735-DCXNF,2026-08-29,TWR00031,108,1074.64,1.049,22,False
USG00004804,5296-BFCYD,2026-08-29,TWR00012,95,648.61,0.633,24,False
USG00004805,8450-UYIBU,2026-08-29,TWR00066,9,2989.82,2.92,22,False
USG00004806,8949-JTMAY,2026-08-29,TWR00042,141,3903.46,3.812,21,False
USG00004807,5498-IBWPI,2026-08-29,TWR00018,1,1462.86,1.429,21,True
USG00004808,3550-SAHFP,2026-08-29,TWR00028,101,464.68,0.454,16,False
USG00004809,6137-MFAJN,2026-08-29,TWR00038,146,2311.22,2.257,17,True
USG00004810,6906-MPARY,2026-08-29,TWR00073,76,3357.26,3.279,13,True
USG00004811,5897-ZYEKH,2026-08-29,TWR00023,39,2106.22,2.057,15,True
USG00004812,1212-GLHMD,2026-08-29,TWR00004,55,3358.16,3.279,17,False
USG00004813,4648-YPBTM,2026-08-29,TWR00085,126,536.46,0.524,8,False
USG00004814,6900-PXRMS,2026-08-29,TWR00085,136,3190.06,3.115,4,False
USG00004815,9633-XQABV,2026-08-29,TWR00060,45,802.83,0.784,5,False
USG00004816,7858-GTZSP,2026-08-29,TWR00003,73,1190.98,1.163,11,True
USG00004817,3572-UUHRS,2026-08-29,TWR00087,179,1992.2,1.946,4,False
USG00004818,0939-YAPAF,2026-08-29,TWR00055,2,1138.3,1.112,1,False
USG00004819,6974-DAFLI,2026-08-29,TWR00041,123,2179.71,2.129,9,False
USG00004820,6169-PPETC,2026-08-29,TWR00017,37,4282.28,4.182,2,False
USG00004821,0825-CPPQH,2026-08-29,TWR00057,130,1065.12,1.04,7,False
USG00004822,6258-NGCNG,2026-08-29,TWR00007,72,2629.92,2.568,9,True
USG00004823,1084-UQCHV,2026-08-29,TWR00028,26,640.44,0.625,16,False
USG00004824,9708-KFDBY,2026-08-29,TWR00091,24,4302.99,4.202,22,False
USG00004825,2710-WYVXG,2026-08-29,TWR00057,11,2488.63,2.43,17,True
USG00004826,7560-QJAVJ,2026-08-29,TWR00066,135,4210.38,4.112,22,False
USG00004827,7234-FECYN,2026-08-29,TWR00074,77,357.0,0.349,7,False
USG00004828,4702-IOQDC,2026-08-29,TWR00009,119,4306.22,4.205,25,False
USG00004829,8651-ENBZX,2026-08-29,TWR00070,62,802.36,0.784,10,False
USG00004830,2439-QKJUL,2026-08-29,TWR00027,120,599.96,0.586,8,False
USG00004831,7196-LIWRH,2026-08-29,TWR00022,5,520.28,0.508,10,False
USG00004832,9364-YKUVW,2026-08-29,TWR00069,173,3344.19,3.266,23,False
USG00004833,3144-KMTWZ,2026-08-29,TWR00088,80,3267.29,3.191,17,False
USG00004834,4124-MMETB,2026-08-29,TWR00022,130,4318.1,4.217,9,False
USG00004835,3070-DVEYC,2026-08-29,TWR00089,178,2073.09,2.025,19,True
USG00004836,7008-LZVOZ,2026-08-29,TWR00035,113,1826.34,1.784,18,False
USG00004837,4422-QVIJA,2026-08-29,TWR00063,117,2140.38,2.09,22,False
USG00004838,6827-IEAUQ,2026-08-29,TWR00094,95,3813.23,3.724,19,False
USG00004839,7587-RZNME,2026-08-29,TWR00096,105,2786.95,2.722,1,True
USG00004840,2498-XLDZR,2026-08-29,TWR00025,100,3596.31,3.512,9,False
USG00004841,1555-DJEQW,2026-08-29,TWR00063,153,1690.4,1.651,11,False
USG00004842,4360-QRAVE,2026-08-29,TWR00014,63,3662.47,3.577,10,False
USG00004843,3518-FSTWG,2026-08-29,TWR00098,10,1984.98,1.938,7,False
USG00004844,3748-FVMZZ,2026-08-29,TWR00036,173,3662.48,3.577,14,False
USG00004845,6365-HITVU,2026-08-29,TWR00100,18,794.78,0.776,0,False
USG00004846,1790-NESIO,2026-08-29,TWR00033,165,1702.14,1.662,0,False
USG00004847,6648-INWPS,2026-08-29,TWR00070,54,1117.91,1.092,21,True
USG00004848,8007-YYPWD,2026-08-29,TWR00065,141,61.09,0.06,5,False
USG00004849,1952-DVVSW,2026-08-29,TWR00007,98,1413.59,1.38,2,False
USG00004850,6615-NGGZJ,2026-08-29,TWR00042,161,3078.98,3.007,2,False
USG00004851,9251-AWQGT,2026-08-29,TWR00022,52,3605.02,3.521,13,False
USG00004852,7596-LDUXP,2026-08-29,TWR00002,52,328.49,0.321,20,False
USG00004853,8999-BOHSE,2026-08-29,TWR00095,90,2103.63,2.054,3,False
USG00004854,5889-LFOLL,2026-08-29,TWR00025,70,2965.73,2.896,13,False
USG00004855,7139-JZFVG,2026-08-29,TWR00091,2,2197.05,2.146,20,False
USG00004856,7571-YXDAD,2026-08-29,TWR00092,127,797.76,0.779,24,False
USG00004857,4097-YODCF,2026-08-29,TWR00073,156,1175.23,1.148,21,False
USG00004858,0824-VWDPO,2026-08-29,TWR00082,123,2994.16,2.924,23,False
USG00004859,1094-BKOSX,2026-08-29,TWR00049,89,1656.98,1.618,5,False
USG00004860,8245-UMPYT,2026-08-29,TWR00069,86,2221.53,2.169,23,False
USG00004861,2581-VKIRT,2026-08-29,TWR00058,101,3448.8,3.368,18,True
USG00004862,8205-VSLRB,2026-08-29,TWR00036,164,1185.74,1.158,14,False
USG00004863,6516-NKQBO,2026-08-29,TWR00074,23,1606.92,1.569,3,False
USG00004864,8224-KDLKN,2026-08-29,TWR00062,65,386.81,0.378,22,False
USG00004865,1696-HXOWK,2026-08-29,TWR00030,107,427.61,0.418,10,False
USG00004866,4881-JVQOD,2026-08-29,TWR00012,158,1462.3,1.428,19,False
USG00004867,2479-BRAMR,2026-08-29,TWR00016,102,3234.63,3.159,23,False
USG00004868,2263-SFSQZ,2026-08-29,TWR00065,33,3605.53,3.521,22,False
USG00004869,7607-QKKTJ,2026-08-29,TWR00036,70,1457.76,1.424,9,False
USG00004870,5921-NGYRH,2026-08-29,TWR00066,89,2276.48,2.223,22,False
USG00004871,6907-CQGPN,2026-08-29,TWR00021,108,818.96,0.8,20,False
USG00004872,8200-LGKSR,2026-08-29,TWR00088,101,301.86,0.295,17,False
USG00004873,8250-ZNGGW,2026-08-29,TWR00060,24,1339.25,1.308,2,True
USG00004874,7351-MHQVU,2026-08-29,TWR00039,83,2341.11,2.286,1,False
USG00004875,4937-QPZPO,2026-08-29,TWR00004,39,114.93,0.112,18,False
USG00004876,8950-MTZNV,2026-08-29,TWR00002,37,772.81,0.755,11,False
USG00004877,9743-DQKQW,2026-08-29,TWR00017,17,2709.57,2.646,23,False
USG00004878,2642-MAWLJ,2026-08-29,TWR00029,35,2568.0,2.508,12,False
USG00004879,9386-LDCZR,2026-08-29,TWR00028,130,3794.69,3.706,20,False
USG00004880,5542-DHSXL,2026-08-29,TWR00003,65,222.83,0.218,25,True
USG00004881,8917-SZTTJ,2026-08-29,TWR00068,83,681.22,0.665,23,False
USG00004882,5402-HTOTQ,2026-08-29,TWR00066,107,4157.43,4.06,15,False
USG00004883,5712-PTIWW,2026-08-29,TWR00076,11,2241.08,2.189,8,False
USG00004884,7234-KMNRQ,2026-08-29,TWR00002,54,3116.3,3.043,22,True
USG00004885,7665-VIGUD,2026-08-29,TWR00047,156,2715.29,2.652,4,False
USG00004886,6907-NZZIJ,2026-08-29,TWR00004,101,3735.7,3.648,22,False
USG00004887,7026-YMSBE,2026-08-29,TWR00028,122,3513.05,3.431,10,False
USG00004888,1452-KIOVK,2026-08-29,TWR00004,94,1170.78,1.143,2,False
USG00004889,2371-JQHZZ,2026-08-29,TWR00008,86,475.02,0.464,1,False
USG00004890,6116-RFVHN,2026-08-29,TWR00058,27,4225.0,4.126,19,True
USG00004891,0327-WFZSY,2026-08-29,TWR00007,2,110.69,0.108,13,False
USG00004892,8044-BGWPI,2026-08-29,TWR00016,97,3669.94,3.584,25,False
USG00004893,8118-LSUEL,2026-08-29,TWR00039,11,1222.49,1.194,2,False
USG00004894,6348-SNFUS,2026-08-29,TWR00083,90,2111.34,2.062,19,False
USG00004895,8189-HBVRW,2026-08-29,TWR00025,148,69.83,0.068,20,False
USG00004896,9805-FILKB,2026-08-29,TWR00040,48,2454.16,2.397,8,False
USG00004897,9432-VOFYX,2026-08-29,TWR00023,52,4401.71,4.299,10,False
USG00004898,0096-BXERS,2026-08-29,TWR00038,53,3208.28,3.133,23,True
USG00004899,1304-NECVQ,2026-08-29,TWR00083,122,2689.85,2.627,9,False
USG00004900,3801-HMYNL,2026-08-29,TWR00073,125,1610.43,1.573,20,True
USG00004901,1336-EZFZY,2026-08-29,TWR00059,29,1085.18,1.06,1,False
USG00004902,5196-WPYOW,2026-08-29,TWR00008,26,430.0,0.42,24,False
USG00004903,6035-RIIOM,2026-08-29,TWR00024,10,3916.74,3.825,18,False
USG00004904,1097-FSPVW,2026-08-29,TWR00100,143,2289.32,2.236,2,False
USG00004905,4626-OZDTJ,2026-08-29,TWR00089,40,600.1,0.586,14,False
USG00004906,1635-HDGFT,2026-08-29,TWR00073,41,3097.51,3.025,17,False
USG00004907,4423-JWZJN,2026-08-29,TWR00018,11,1428.61,1.395,24,False
USG00004908,8197-BFWVU,2026-08-29,TWR00054,135,4360.52,4.258,1,False
USG00004909,8049-WJCLQ,2026-08-29,TWR00088,156,3244.6,3.169,15,False
USG00004910,2592-SEIFQ,2026-08-29,TWR00068,8,3076.22,3.004,2,False
USG00004911,8869-TORSS,2026-08-29,TWR00036,97,646.47,0.631,6,False
USG00004912,3396-DKDEL,2026-08-29,TWR00078,153,3168.24,3.094,10,True
USG00004913,0516-QREYC,2026-08-29,TWR00068,51,3882.3,3.791,1,False
USG00004914,7124-UGSUR,2026-08-29,TWR00031,39,1273.62,1.244,0,False
USG00004915,0023-UYUPN,2026-08-29,TWR00047,129,1738.17,1.697,7,False
USG00004916,8945-GRKHX,2026-08-29,TWR00096,109,1156.52,1.129,16,False
USG00004917,2077-MPJQO,2026-08-29,TWR00035,137,3415.21,3.335,13,False
USG00004918,9681-KYGYB,2026-08-29,TWR00082,152,4110.5,4.014,17,False
USG00004919,3506-LCJDC,2026-08-29,TWR00079,145,2025.02,1.978,20,True
USG00004920,2683-JXWQQ,2026-08-29,TWR00060,1,1331.88,1.301,21,False
USG00004921,6888-SBYAI,2026-08-29,TWR00072,5,255.71,0.25,23,True
USG00004922,4704-ERYFC,2026-08-29,TWR00087,177,4387.21,4.284,1,False
USG00004923,1626-ERCMM,2026-08-29,TWR00044,47,2247.31,2.195,5,False
USG00004924,3472-OAOOR,2026-08-29,TWR00009,155,3388.84,3.309,14,False
USG00004925,3551-GAEGL,2026-08-29,TWR00050,62,2035.03,1.987,8,False
USG00004926,3441-CGZJH,2026-08-29,TWR00063,58,2994.26,2.924,2,True
USG00004927,4355-CVPVS,2026-08-29,TWR00001,71,3939.14,3.847,10,False
USG00004928,4903-UYAVB,2026-08-29,TWR00070,71,411.37,0.402,6,False
USG00004929,2812-SFXMJ,2026-08-29,TWR00052,87,897.4,0.876,21,False
USG00004930,8654-DHAOW,2026-08-29,TWR00009,142,1923.75,1.879,13,False
USG00004931,6727-IOTLZ,2026-08-29,TWR00058,85,4093.76,3.998,8,False
USG00004932,8821-KVZKQ,2026-08-29,TWR00002,86,2716.86,2.653,0,False
USG00004933,7137-NAXML,2026-08-29,TWR00065,113,421.1,0.411,21,False
USG00004934,8905-IAZPF,2026-08-29,TWR00077,58,294.84,0.288,2,False
USG00004935,2403-BCASL,2026-08-29,TWR00055,63,195.71,0.191,22,False
USG00004936,6599-GZWCM,2026-08-29,TWR00016,81,475.54,0.464,6,False
USG00004937,5419-JKZNQ,2026-08-29,TWR00007,24,1920.31,1.875,0,False
USG00004938,6000-UKLWI,2026-08-29,TWR00070,113,3359.73,3.281,9,False
USG00004939,6022-KOUQO,2026-08-29,TWR00077,113,978.46,0.956,24,False
USG00004940,2832-SCUCO,2026-08-29,TWR00053,36,2864.63,2.797,3,False
USG00004941,8485-GJCDN,2026-08-29,TWR00038,101,2379.35,2.324,22,False
USG00004942,3719-TDVQB,2026-08-29,TWR00062,93,3225.35,3.15,11,False
USG00004943,5020-ZSTTY,2026-08-29,TWR00040,37,4155.89,4.058,5,False
USG00004944,6473-ULUHT,2026-08-29,TWR00081,167,1934.6,1.889,20,False
USG00004945,3229-USWAR,2026-08-29,TWR00086,155,1768.11,1.727,22,False
USG00004946,2673-ZALNP,2026-08-29,TWR00093,93,2355.09,2.3,11,False
USG00004947,3424-NMNBO,2026-08-29,TWR00043,138,432.01,0.422,3,False
USG00004948,9844-FELAJ,2026-08-29,TWR00091,11,4475.68,4.371,19,False
USG00004949,2866-IKBTM,2026-08-29,TWR00093,51,230.96,0.226,6,False
USG00004950,2480-EJWYP,2026-08-29,TWR00067,15,2526.25,2.467,19,False
USG00004951,6635-CPNUN,2026-08-29,TWR00080,109,3557.65,3.474,13,False
USG00004952,5329-KRDTM,2026-08-29,TWR00037,37,557.74,0.545,18,False
USG00004953,7244-KXYZN,2026-08-29,TWR00008,172,942.35,0.92,13,True
USG00004954,6323-AYBRX,2026-08-29,TWR00050,35,3109.41,3.037,16,False
USG00004955,3162-KKZXO,2026-08-29,TWR00022,90,2110.34,2.061,13,False
USG00004956,3704-IEAXF,2026-08-29,TWR00064,131,330.44,0.323,4,False
USG00004957,8837-VVWLQ,2026-08-29,TWR00044,44,2302.15,2.248,6,False
USG00004958,1208-DNHLN,2026-08-29,TWR00001,1,2393.49,2.337,9,False
USG00004959,9919-YLNNG,2026-08-29,TWR00087,1,1352.48,1.321,14,False
USG00004960,4115-UMJFQ,2026-08-29,TWR00060,8,3185.6,3.111,11,False
USG00004961,0872-NXJYS,2026-08-29,TWR00079,110,2932.89,2.864,7,False
USG00004962,7295-JOMMD,2026-08-29,TWR00017,41,3766.83,3.679,8,False
USG00004963,6369-MCAKO,2026-08-29,TWR00086,135,1234.83,1.206,9,False
USG00004964,9985-MWVIX,2026-08-29,TWR00093,89,1082.74,1.057,0,True
USG00004965,7422-WNBTY,2026-08-29,TWR00081,114,2410.87,2.354,6,False
USG00004966,3420-YJLQT,2026-08-29,TWR00095,135,3285.7,3.209,11,False
USG00004967,9281-PKKZE,2026-08-29,TWR00074,138,635.71,0.621,15,False
USG00004968,8992-OBVDG,2026-08-29,TWR00056,173,481.49,0.47,8,True
USG00004969,0129-KPTWJ,2026-08-29,TWR00004,154,486.73,0.475,14,False
USG00004970,2729-VNVAP,2026-08-29,TWR00053,109,3283.0,3.206,0,True
USG00004971,8347-GDTMP,2026-08-29,TWR00015,14,1235.02,1.206,2,False
USG00004972,2252-NKNSI,2026-08-29,TWR00053,132,675.17,0.659,2,False
USG00004973,6497-TILVL,2026-08-29,TWR00029,37,537.59,0.525,23,False
USG00004974,3932-CMDTD,2026-08-29,TWR00098,108,2206.31,2.155,25,False
USG00004975,9553-DLCLU,2026-08-29,TWR00001,142,1526.42,1.491,10,False
USG00004976,4674-HGNUA,2026-08-29,TWR00016,28,3408.05,3.328,14,False
USG00004977,7503-ZGUZJ,2026-08-29,TWR00024,32,350.82,0.343,24,False
USG00004978,6599-SFQVE,2026-08-29,TWR00078,154,249.84,0.244,20,False
USG00004979,6743-HHQPF,2026-08-29,TWR00091,50,3916.7,3.825,10,False
USG00004980,3594-IVHJZ,2026-08-29,TWR00091,27,1185.1,1.157,15,False
USG00004981,7590-VHVEG,2026-08-29,TWR00031,152,4069.14,3.974,13,False
USG00004982,5676-CFLYY,2026-08-29,TWR00023,68,4204.78,4.106,12,True
USG00004983,2683-BPJSO,2026-08-29,TWR00067,71,3979.58,3.886,17,False
USG00004984,3457-PQBYH,2026-08-29,TWR00007,116,972.54,0.95,12,False
USG00004985,4983-CCWMC,2026-08-29,TWR00087,18,3090.33,3.018,0,False
USG00004986,0923-PNFUB,2026-08-29,TWR00054,137,2603.33,2.542,18,False
USG00004987,0730-BGQGF,2026-08-29,TWR00050,167,2201.56,2.15,9,False
USG00004988,9779-DPNEJ,2026-08-29,TWR00062,135,2660.42,2.598,13,False
USG00004989,1027-LKKQQ,2026-08-29,TWR00011,141,2940.69,2.872,16,False
USG00004990,6891-JPYFF,2026-08-29,TWR00089,141,2246.35,2.194,16,False
USG00004991,6135-OZQVA,2026-08-29,TWR00017,73,151.11,0.148,25,False
USG00004992,5485-WUYWF,2026-08-29,TWR00031,132,4289.45,4.189,6,False
USG00004993,2955-BJZHG,2026-08-29,TWR00084,145,2929.57,2.861,21,False
USG00004994,5913-INRQV,2026-08-29,TWR00026,30,1656.87,1.618,0,False
USG00004995,3755-JBMNH,2026-08-29,TWR00040,145,205.75,0.201,5,False
USG00004996,6204-IEUXJ,2026-08-29,TWR00045,58,157.18,0.153,7,False
USG00004997,5445-UTODQ,2026-08-29,TWR00092,108,4413.85,4.31,18,False
USG00004998,1956-YIFGE,2026-08-29,TWR00033,63,3846.84,3.757,6,False
USG00004999,0362-RAOQO,2026-08-29,TWR00019,160,2455.31,2.398,3,False
USG00005000,9648-BCHKM,2026-08-29,TWR00014,43,3547.4,3.464,16,False
USG00005001,4566-NECEV,2026-08-29,TWR00046,62,2724.35,2.66,8,False
USG00005002,2798-NYLMZ,2026-08-29,TWR00038,179,2337.11,2.282,25,False
USG00005003,6479-OAUSD,2026-08-29,TWR00011,33,2196.31,2.145,2,False
USG00005004,2103-ZRXFN,2026-08-29,TWR00055,116,3394.41,3.315,19,False
USG00005005,1866-RZZQS,2026-08-29,TWR00078,3,3024.07,2.953,24,True
USG00005006,8204-TIFGJ,2026-08-29,TWR00013,47,2181.92,2.131,13,False
USG00005007,6734-GMPVK,2026-08-29,TWR00026,45,2960.87,2.891,8,False
USG00005008,9415-TPKRV,2026-08-29,TWR00031,26,1721.78,1.681,20,False
USG00005009,3085-QUOZK,2026-08-29,TWR00081,173,2928.89,2.86,9,False
USG00005010,2911-UREFD,2026-08-29,TWR00061,79,3721.82,3.635,17,False
USG00005011,3129-AAQOU,2026-08-29,TWR00079,122,2318.2,2.264,5,False
USG00005012,9819-FBNSV,2026-08-29,TWR00066,156,1840.74,1.798,11,True
USG00005013,4759-PXTAN,2026-08-29,TWR00046,148,968.0,0.945,23,False
USG00005014,4530-NDRKU,2026-08-29,TWR00007,136,3274.18,3.197,6,False
USG00005015,0396-HUJBP,2026-08-29,TWR00004,145,3757.9,3.67,25,False
USG00005016,3384-CTMSF,2026-08-29,TWR00092,144,146.24,0.143,5,False
USG00005017,0248-IPDFW,2026-08-29,TWR00008,18,2159.75,2.109,1,False
USG00005018,5495-GPSRW,2026-08-29,TWR00054,85,4274.28,4.174,2,False
USG00005019,2740-TVLFN,2026-08-29,TWR00065,18,2213.7,2.162,2,False
USG00005020,4806-HIPDW,2026-08-29,TWR00066,57,1579.97,1.543,2,False
USG00005021,7707-PYBBH,2026-08-29,TWR00051,147,197.98,0.193,15,False
USG00005022,0484-FFVBJ,2026-08-29,TWR00033,92,3838.28,3.748,22,False
USG00005023,0727-BMPLR,2026-08-29,TWR00075,126,2117.72,2.068,17,False
USG00005024,6457-GIRWB,2026-08-29,TWR00026,160,1362.32,1.33,0,True
USG00005025,4701-MLJPN,2026-08-29,TWR00012,41,622.23,0.608,1,False
USG00005026,1518-VOWAV,2026-08-29,TWR00010,171,4062.25,3.967,23,False
USG00005027,7398-LXGYX,2026-08-29,TWR00036,161,2870.14,2.803,5,False
USG00005028,9030-QGZNL,2026-08-29,TWR00042,4,2520.01,2.461,24,False
USG00005029,8208-EUMTE,2026-08-29,TWR00035,16,3435.79,3.355,11,False
USG00005030,8849-PRIQJ,2026-08-29,TWR00029,177,486.21,0.475,20,False
USG00005031,1591-MQJTP,2026-08-29,TWR00021,17,1545.64,1.509,7,False
USG00005032,3696-XRIEN,2026-08-29,TWR00079,20,4355.09,4.253,18,True
USG00005033,4636-TVXVG,2026-08-29,TWR00054,148,2446.2,2.389,0,True
USG00005034,2595-KIWPV,2026-08-29,TWR00060,119,2528.99,2.47,1,False
USG00005035,7439-DKZTW,2026-08-29,TWR00021,32,3137.23,3.064,24,False
USG00005036,6982-UQZLY,2026-08-29,TWR00004,18,2044.64,1.997,17,False
USG00005037,1728-BQDMA,2026-08-29,TWR00027,10,3658.94,3.573,18,False
USG00005038,5575-GNVDE,2026-08-29,TWR00046,126,1199.53,1.171,6,False
USG00005039,0519-XUZJU,2026-08-29,TWR00066,170,1598.84,1.561,9,False
USG00005040,2621-UDNLU,2026-08-29,TWR00098,34,4330.79,4.229,5,False
USG00005041,4658-HCOHW,2026-08-29,TWR00098,159,343.74,0.336,11,False
USG00005042,6211-WWLTF,2026-08-29,TWR00018,124,3930.4,3.838,18,False
USG00005043,5569-KGJHX,2026-08-29,TWR00088,112,1378.0,1.346,2,False
USG00005044,5687-DKDTV,2026-08-29,TWR00055,147,2027.99,1.98,14,False
USG00005045,9820-RMCQV,2026-08-29,TWR00081,167,4121.27,4.025,17,False
USG00005046,5788-YPOEG,2026-08-29,TWR00064,5,3692.61,3.606,22,True
USG00005047,2650-GYRYL,2026-08-29,TWR00057,79,1034.62,1.01,0,False
USG00005048,3996-ZNWYK,2026-08-29,TWR00055,15,1968.85,1.923,3,False
USG00005049,2239-CFOUJ,2026-08-29,TWR00041,147,3318.72,3.241,25,True
USG00005050,9933-QRGTX,2026-08-29,TWR00092,112,959.49,0.937,11,False
USG00005051,8395-ETZKQ,2026-08-29,TWR00026,63,2440.84,2.384,7,True
USG00005052,5043-TRZWM,2026-08-29,TWR00038,124,150.97,0.147,2,True
USG00005053,1104-FEJAM,2026-08-29,TWR00022,34,140.59,0.137,25,False
USG00005054,1025-FALIX,2026-08-29,TWR00084,36,3179.9,3.105,21,False
USG00005055,8564-LDKFL,2026-08-29,TWR00032,97,3816.29,3.727,19,False
USG00005056,4902-OHLSK,2026-08-29,TWR00056,14,2693.8,2.631,7,False
USG00005057,5366-IJEQJ,2026-08-29,TWR00045,119,4022.29,3.928,4,False
USG00005058,0799-DDIHE,2026-08-29,TWR00076,115,479.81,0.469,3,False
USG00005059,2931-VUVJN,2026-08-29,TWR00048,38,156.94,0.153,21,False
USG00005060,8331-ZXFOE,2026-08-29,TWR00045,74,957.54,0.935,1,False
USG00005061,9286-DOJGF,2026-08-29,TWR00060,0,3741.28,3.654,21,False
USG00005062,9257-AZMTZ,2026-08-29,TWR00015,33,2107.95,2.059,19,False
USG00005063,8591-NXRCV,2026-08-29,TWR00073,139,2041.21,1.993,16,False
USG00005064,4304-TSPVK,2026-08-29,TWR00066,124,2434.58,2.378,6,False
USG00005065,3086-RUCRN,2026-08-29,TWR00089,86,3464.03,3.383,22,False
USG00005066,2320-JRSDE,2026-08-29,TWR00070,140,1112.74,1.087,17,False
USG00005067,8999-EXMNO,2026-08-29,TWR00035,164,1414.39,1.381,2,False
USG00005068,7503-EPSZW,2026-08-29,TWR00068,41,531.37,0.519,10,False
USG00005069,2266-FUBDZ,2026-08-29,TWR00051,174,1938.12,1.893,20,False
USG00005070,1989-PRJHP,2026-08-29,TWR00020,106,4128.02,4.031,17,False
USG00005071,3521-SYVOR,2026-08-29,TWR00091,99,3072.71,3.001,7,False
USG00005072,3170-GWYKC,2026-08-29,TWR00074,30,4050.17,3.955,14,True
USG00005073,7173-TETGO,2026-08-29,TWR00100,23,929.06,0.907,9,False
USG00005074,0318-QUUOB,2026-08-29,TWR00057,22,1506.08,1.471,25,False
USG00005075,2123-AGEEN,2026-08-29,TWR00040,122,2594.57,2.534,3,True
USG00005076,7459-RRWQZ,2026-08-29,TWR00082,41,784.35,0.766,5,False
USG00005077,6655-LHBYW,2026-08-29,TWR00093,164,4390.05,4.287,13,True
USG00005078,8023-QHAIO,2026-08-29,TWR00028,88,4331.25,4.23,11,False
USG00005079,4855-SNKMY,2026-08-29,TWR00083,42,976.11,0.953,8,False
USG00005080,1644-IRKSF,2026-08-29,TWR00058,20,4256.34,4.157,14,False
USG00005081,1587-FKLZB,2026-08-29,TWR00055,22,3641.96,3.557,11,False
USG00005082,2672-TGEFF,2026-08-29,TWR00012,179,177.43,0.173,17,False
USG00005083,0181-RITDD,2026-08-29,TWR00029,158,3768.02,3.68,4,False
USG00005084,1016-DJTSV,2026-08-29,TWR00036,123,291.14,0.284,15,False
USG00005085,7665-NKLAV,2026-08-29,TWR00088,52,3902.09,3.811,11,True
USG00005086,4547-FZJWE,2026-08-29,TWR00075,87,3575.73,3.492,4,False
USG00005087,7162-WPHPM,2026-08-29,TWR00040,44,3362.62,3.284,23,False
USG00005088,3312-ZWLGF,2026-08-29,TWR00055,23,555.96,0.543,7,False
USG00005089,9880-TDQAC,2026-08-29,TWR00005,92,275.55,0.269,1,False
USG00005090,8563-OYMQY,2026-08-29,TWR00017,93,946.55,0.924,20,True
USG00005091,7349-ALMUX,2026-08-29,TWR00071,24,1222.7,1.194,23,True
USG00005092,0739-UUAJR,2026-08-29,TWR00039,82,1199.0,1.171,25,False
USG00005093,6689-VRRTK,2026-08-29,TWR00055,162,298.05,0.291,8,True
USG00005094,7661-CPURM,2026-08-29,TWR00020,73,822.67,0.803,25,False
USG00005095,9225-BZLNZ,2026-08-29,TWR00017,62,4069.23,3.974,20,False
USG00005096,3219-JQRSL,2026-08-29,TWR00048,91,2626.97,2.565,12,False
USG00005097,0581-BXBUB,2026-08-29,TWR00050,148,2976.53,2.907,24,False
USG00005098,2360-RDGRO,2026-08-29,TWR00022,43,796.11,0.777,15,False
USG00005099,0835-JKADZ,2026-08-29,TWR00030,44,428.64,0.419,14,False
USG00005100,6297-NOOPG,2026-08-29,TWR00038,125,2891.13,2.823,23,False
USG00005101,3324-OIRTO,2026-08-29,TWR00027,61,548.3,0.535,13,False
USG00005102,7808-DVWEP,2026-08-29,TWR00021,51,351.7,0.343,10,False
USG00005103,8966-KZXXA,2026-08-29,TWR00051,91,1572.59,1.536,14,True
USG00005104,7016-NVRIC,2026-08-29,TWR00089,58,127.97,0.125,24,False
USG00005105,9845-PEEKO,2026-08-29,TWR00053,50,1185.91,1.158,21,True
USG00005106,1535-VTJOQ,2026-08-29,TWR00092,86,4343.23,4.241,7,False
USG00005107,8040-MNRTF,2026-08-29,TWR00007,179,4210.95,4.112,4,False
USG00005108,6425-YQLLO,2026-08-29,TWR00097,65,1367.89,1.336,11,False
USG00005109,3646-ITDGM,2026-08-29,TWR00044,180,3647.14,3.562,11,False
USG00005110,3569-VLDHH,2026-08-29,TWR00035,22,1107.08,1.081,25,False
USG00005111,8058-INTPH,2026-08-29,TWR00025,4,222.98,0.218,6,False
USG00005112,5504-WSIUR,2026-08-29,TWR00030,111,1518.13,1.483,12,False
USG00005113,2894-QOJRX,2026-08-29,TWR00004,177,2868.45,2.801,5,False
USG00005114,4686-GEFRM,2026-08-29,TWR00032,147,1741.65,1.701,6,True
USG00005115,2568-OIADY,2026-08-29,TWR00051,34,1817.59,1.775,3,False
USG00005116,2408-TZMJL,2026-08-29,TWR00027,146,495.2,0.484,20,True
USG00005117,6331-EWIEB,2026-08-29,TWR00080,60,4183.11,4.085,17,False
USG00005118,2692-PFYTJ,2026-08-29,TWR00073,77,2142.7,2.092,6,False
USG00005119,2545-EBUPK,2026-08-29,TWR00058,4,2899.94,2.832,0,False
USG00005120,3088-FVYWK,2026-08-29,TWR00070,123,2458.86,2.401,23,False
USG00005121,3097-PYWXL,2026-08-29,TWR00074,27,4074.96,3.979,23,False
USG00005122,1970-KKFWL,2026-08-29,TWR00078,143,1564.48,1.528,17,False
USG00005123,8015-IHCGW,2026-08-29,TWR00077,122,3095.29,3.023,6,False
USG00005124,3272-VUHPV,2026-08-29,TWR00086,151,1079.64,1.054,1,False
USG00005125,2378-HTWFW,2026-08-29,TWR00080,59,1773.53,1.732,21,False
USG00005126,6849-WLEYG,2026-08-29,TWR00017,170,4468.25,4.364,24,False
USG00005127,5337-IIWKZ,2026-08-29,TWR00036,177,3166.29,3.092,16,False
USG00005128,7219-TLZHO,2026-08-29,TWR00091,28,1790.57,1.749,9,False
USG00005129,0014-BMAQU,2026-08-29,TWR00054,131,4092.87,3.997,25,False
USG00005130,4832-VRBMR,2026-08-29,TWR00045,138,1056.33,1.032,9,False
USG00005131,5160-UXJED,2026-08-29,TWR00047,59,922.84,0.901,2,False
USG00005132,4988-IQIGL,2026-08-29,TWR00079,146,1423.88,1.391,6,False
USG00005133,3838-OZURD,2026-08-29,TWR00008,67,3462.15,3.381,13,False
USG00005134,5949-HGVJL,2026-08-28,TWR00009,82,1794.89,1.753,6,False
USG00005135,2522-AHJXR,2026-08-28,TWR00077,50,2538.25,2.479,23,False
USG00005136,3689-MOZGR,2026-08-28,TWR00100,54,2580.29,2.52,9,False
USG00005137,0580-PIQHM,2026-08-28,TWR00036,99,913.58,0.892,16,False
USG00005138,8717-VCTXJ,2026-08-28,TWR00043,130,3571.71,3.488,9,False
USG00005139,6872-HXFNF,2026-08-28,TWR00082,144,1379.93,1.348,7,False
USG00005140,4906-ZHGPK,2026-08-28,TWR00067,44,3663.33,3.577,15,False
USG00005141,8409-WQJUX,2026-08-28,TWR00030,126,466.1,0.455,25,False
USG00005142,9762-YAQAA,2026-08-28,TWR00040,84,3534.36,3.452,10,False
USG00005143,1173-XZPYF,2026-08-28,TWR00075,16,1687.7,1.648,6,True
USG00005144,8681-ICONS,2026-08-28,TWR00036,82,4122.31,4.026,0,False
USG00005145,2608-BHKFN,2026-08-28,TWR00020,4,416.11,0.406,2,True
USG00005146,6016-NXBNJ,2026-08-28,TWR00027,161,144.51,0.141,17,True
USG00005147,9732-EQMWY,2026-08-28,TWR00035,159,1071.1,1.046,17,False
USG00005148,0786-IVLAW,2026-08-28,TWR00004,135,3324.79,3.247,20,False
USG00005149,8272-ONJLV,2026-08-28,TWR00064,172,3866.17,3.776,9,False
USG00005150,5915-DGNVC,2026-08-28,TWR00022,130,428.11,0.418,17,True
USG00005151,6086-ESGRL,2026-08-28,TWR00014,93,1439.87,1.406,12,False
USG00005152,8597-CWYHH,2026-08-28,TWR00079,70,3357.1,3.278,6,False
USG00005153,4933-IKULF,2026-08-28,TWR00058,151,3938.94,3.847,20,False
USG00005154,8731-WBBMB,2026-08-28,TWR00073,55,1514.11,1.479,13,False
USG00005155,9067-SQTNS,2026-08-28,TWR00084,94,1629.7,1.592,4,False
USG00005156,0810-BDHAW,2026-08-28,TWR00088,73,4418.11,4.315,7,False
USG00005157,7746-AWNQW,2026-08-28,TWR00082,26,1287.18,1.257,10,False
USG00005158,5076-YVXCM,2026-08-28,TWR00093,123,3563.39,3.48,0,False
USG00005159,1139-WUOAH,2026-08-28,TWR00077,44,3962.24,3.869,14,False
USG00005160,3969-JQABI,2026-08-28,TWR00055,141,2800.48,2.735,18,False
USG00005161,9916-AYHTC,2026-08-28,TWR00077,172,1432.47,1.399,9,True
USG00005162,5022-JNQEQ,2026-08-28,TWR00079,168,433.43,0.423,16,False
USG00005163,2361-FJWNO,2026-08-28,TWR00061,180,2794.78,2.729,21,False
USG00005164,9643-AVVWI,2026-08-28,TWR00051,2,4386.4,4.284,5,False
USG00005165,9278-VZKCD,2026-08-28,TWR00067,34,3281.43,3.205,25,False
USG00005166,3209-ZPKFI,2026-08-28,TWR00041,123,1500.23,1.465,8,False
USG00005167,5996-NRVXR,2026-08-28,TWR00036,29,2324.64,2.27,22,False
USG00005168,7587-AOVVU,2026-08-28,TWR00036,48,3822.22,3.733,24,False
USG00005169,0488-GSLFR,2026-08-28,TWR00096,149,818.51,0.799,11,False
USG00005170,0188-GWFLE,2026-08-28,TWR00064,55,1963.72,1.918,18,False
USG00005171,8894-JVDCV,2026-08-28,TWR00099,14,1462.15,1.428,1,False
USG00005172,6904-JLBGY,2026-08-28,TWR00056,28,1958.21,1.912,11,False
USG00005173,3569-JFODW,2026-08-28,TWR00036,125,2349.42,2.294,19,False
USG00005174,9283-LZQOH,2026-08-28,TWR00014,0,868.66,0.848,22,True
USG00005175,6537-OTKMY,2026-08-28,TWR00074,96,1454.65,1.421,13,False
USG00005176,1663-MHLHE,2026-08-28,TWR00064,108,2802.2,2.737,16,False
USG00005177,0409-WTMPL,2026-08-28,TWR00047,130,3880.22,3.789,16,False
USG00005178,7113-HIPFI,2026-08-28,TWR00017,166,4363.06,4.261,22,False
USG00005179,5214-NLTIT,2026-08-28,TWR00066,5,2079.85,2.031,5,False
USG00005180,3186-AJIEK,2026-08-28,TWR00053,44,1583.87,1.547,25,False
USG00005181,7268-WNTCP,2026-08-28,TWR00032,34,2437.21,2.38,6,False
USG00005182,3345-PBBFH,2026-08-28,TWR00040,33,671.88,0.656,21,False
USG00005183,7795-CFOCW,2026-08-28,TWR00077,0,4376.0,4.273,23,False
USG00005184,8224-UAXBZ,2026-08-28,TWR00100,171,4196.07,4.098,4,False
USG00005185,3612-YVGSJ,2026-08-28,TWR00071,134,1256.71,1.227,19,False
USG00005186,9986-BONCE,2026-08-28,TWR00043,137,225.48,0.22,19,False
USG00005187,1685-BQULA,2026-08-28,TWR00086,130,2940.46,2.872,9,False
USG00005188,6654-QGBZZ,2026-08-28,TWR00072,177,2945.91,2.877,8,False
USG00005189,3373-YZZYM,2026-08-28,TWR00087,156,2494.25,2.436,20,False
USG00005190,1205-WNWPJ,2026-08-28,TWR00039,35,2192.26,2.141,20,False
USG00005191,3655-SNQYZ,2026-08-28,TWR00035,80,954.31,0.932,15,False
USG00005192,7716-YTYHG,2026-08-28,TWR00014,39,2806.27,2.74,25,True
USG00005193,7025-IWFHT,2026-08-28,TWR00079,48,1693.95,1.654,20,False
USG00005194,6728-CZFEI,2026-08-28,TWR00047,167,2941.62,2.873,5,False
USG00005195,3943-KDREE,2026-08-28,TWR00059,96,85.74,0.084,10,True
USG00005196,4194-WHFCB,2026-08-28,TWR00043,141,3374.72,3.296,3,True
USG00005197,6680-WKXRZ,2026-08-28,TWR00091,5,2913.86,2.846,17,False
USG00005198,3349-ANQNH,2026-08-28,TWR00055,167,198.12,0.193,20,False
USG00005199,6725-TPKJO,2026-08-28,TWR00026,166,2923.0,2.854,9,False
USG00005200,6941-KXRRV,2026-08-28,TWR00086,72,3805.71,3.717,1,False
USG00005201,4393-RYCRE,2026-08-28,TWR00088,109,2935.04,2.866,1,False
USG00005202,6265-SXWBU,2026-08-28,TWR00078,154,927.76,0.906,3,False
USG00005203,0971-QIFJK,2026-08-28,TWR00003,96,1384.43,1.352,12,True
USG00005204,1468-DEFNC,2026-08-28,TWR00085,19,4222.77,4.124,14,False
USG00005205,7399-QHBJS,2026-08-28,TWR00051,98,830.94,0.811,18,True
USG00005206,2634-HCZGT,2026-08-28,TWR00071,91,165.98,0.162,6,True
USG00005207,4415-WNGVR,2026-08-28,TWR00047,67,349.75,0.342,13,False
USG00005208,5868-YTYKS,2026-08-28,TWR00029,39,2778.54,2.713,5,False
USG00005209,4636-QRJKY,2026-08-28,TWR00059,155,2514.69,2.456,20,False
USG00005210,5882-CMAZQ,2026-08-28,TWR00084,42,1166.12,1.139,19,False
USG00005211,9069-LGEUL,2026-08-28,TWR00051,170,780.8,0.762,14,False
USG00005212,4211-MMAZN,2026-08-28,TWR00039,126,4330.17,4.229,18,False
USG00005213,4851-BQDNX,2026-08-28,TWR00051,118,610.23,0.596,8,False
USG00005214,0822-GAVAP,2026-08-28,TWR00048,164,3429.01,3.349,0,False
USG00005215,3211-AAPKX,2026-08-28,TWR00055,24,2396.83,2.341,24,True
USG00005216,4472-LVYGI,2026-08-28,TWR00088,160,3524.52,3.442,25,False
USG00005217,0709-TVGUR,2026-08-28,TWR00048,6,888.54,0.868,11,False
USG00005218,8242-SOQUO,2026-08-28,TWR00073,86,2191.14,2.14,16,False
USG00005219,4514-GFCFI,2026-08-28,TWR00062,61,3248.92,3.173,12,False
USG00005220,7191-ADRGF,2026-08-28,TWR00050,0,3509.65,3.427,13,True
USG00005221,5349-IECLD,2026-08-28,TWR00050,144,2250.34,2.198,23,False
USG00005222,4884-LEVMQ,2026-08-28,TWR00040,176,1150.86,1.124,9,False
USG00005223,9618-LFJRU,2026-08-28,TWR00005,107,151.71,0.148,14,False
USG00005224,4568-TTZRT,2026-08-28,TWR00096,108,1398.26,1.365,19,False
USG00005225,8017-UVSZU,2026-08-28,TWR00021,178,1186.85,1.159,16,False
USG00005226,5966-EMAZU,2026-08-28,TWR00054,45,941.95,0.92,14,False
USG00005227,2522-WLNSF,2026-08-28,TWR00009,38,2107.91,2.059,25,False
USG00005228,0196-JTUQI,2026-08-28,TWR00078,85,120.05,0.117,3,False
USG00005229,0442-TDYUO,2026-08-28,TWR00063,93,1154.19,1.127,10,False
USG00005230,0280-XJGEX,2026-08-28,TWR00039,10,677.84,0.662,21,False
USG00005231,4273-MBHYA,2026-08-28,TWR00047,17,98.18,0.096,23,False
USG00005232,1792-UXAFY,2026-08-28,TWR00084,66,1380.43,1.348,13,False
USG00005233,8985-OOPOS,2026-08-28,TWR00053,154,3229.36,3.154,7,True
USG00005234,0872-JCPIB,2026-08-28,TWR00003,72,581.92,0.568,21,False
USG00005235,5692-FPTAH,2026-08-28,TWR00052,72,1723.47,1.683,0,False
USG00005236,9919-FZDED,2026-08-28,TWR00014,46,2258.49,2.206,19,False
USG00005237,6522-YRBXD,2026-08-28,TWR00061,172,2840.17,2.774,21,True
USG00005238,6474-FVJLC,2026-08-28,TWR00053,131,2887.79,2.82,19,False
USG00005239,1905-OEILC,2026-08-28,TWR00002,157,1114.36,1.088,15,False
USG00005240,6583-KQJLK,2026-08-28,TWR00016,124,585.51,0.572,18,False
USG00005241,9833-TGFHX,2026-08-28,TWR00017,148,1217.79,1.189,9,False
USG00005242,5397-TUPSH,2026-08-28,TWR00059,179,942.51,0.92,7,False
USG00005243,6156-UZDLF,2026-08-28,TWR00090,13,1820.21,1.778,8,False
USG00005244,6082-GLJIX,2026-08-28,TWR00097,24,2807.24,2.741,22,False
USG00005245,2720-FVBQP,2026-08-28,TWR00078,12,2402.97,2.347,8,False
USG00005246,5186-SAMNZ,2026-08-28,TWR00061,103,1003.23,0.98,4,False
USG00005247,9919-KNPOO,2026-08-28,TWR00007,94,4084.24,3.989,8,False
USG00005248,9927-DSWDF,2026-08-28,TWR00070,34,4068.91,3.974,3,False
USG00005249,9979-RGMZT,2026-08-28,TWR00085,86,3152.91,3.079,20,False
USG00005250,1459-QNFQT,2026-08-28,TWR00036,61,2005.13,1.958,11,False
USG00005251,4013-TLDHQ,2026-08-28,TWR00084,157,2092.98,2.044,11,False
USG00005252,5312-UXESG,2026-08-28,TWR00028,177,575.91,0.562,14,False
USG00005253,4578-PHJYZ,2026-08-28,TWR00082,83,3426.31,3.346,24,False
USG00005254,4634-JLRJT,2026-08-28,TWR00098,173,3050.9,2.979,7,False
USG00005255,8943-URTMR,2026-08-28,TWR00048,175,2324.95,2.27,6,False
USG00005256,9227-LUNBG,2026-08-28,TWR00051,83,338.84,0.331,18,False
USG00005257,5093-FEGLU,2026-08-28,TWR00069,146,1033.23,1.009,2,True
USG00005258,5071-FBJFS,2026-08-28,TWR00055,90,2675.97,2.613,6,False
USG00005259,6996-KNSML,2026-08-28,TWR00089,83,2044.0,1.996,21,False
USG00005260,0363-SVHYR,2026-08-28,TWR00068,125,2313.1,2.259,15,True
USG00005261,9572-WUKSB,2026-08-28,TWR00012,114,480.23,0.469,18,False
USG00005262,9851-KIELU,2026-08-28,TWR00001,23,3375.66,3.297,20,False
USG00005263,4671-LXRDQ,2026-08-28,TWR00078,139,1670.45,1.631,11,False
USG00005264,8806-EAGWC,2026-08-28,TWR00092,137,1775.89,1.734,23,False
USG00005265,5095-AESKG,2026-08-28,TWR00067,23,2549.95,2.49,6,False
USG00005266,5125-CNDSP,2026-08-28,TWR00025,142,2695.11,2.632,23,False
USG00005267,7361-YPXFS,2026-08-28,TWR00031,10,2025.93,1.978,23,False
USG00005268,1564-NTYXF,2026-08-28,TWR00083,25,1678.02,1.639,17,False
USG00005269,7740-KKCXF,2026-08-28,TWR00024,23,174.27,0.17,13,False
USG00005270,1545-JFUML,2026-08-28,TWR00097,10,407.31,0.398,14,False
USG00005271,2207-OBZNX,2026-08-28,TWR00087,65,2840.99,2.774,8,False
USG00005272,4912-PIGUY,2026-08-28,TWR00057,101,2524.92,2.466,25,False
USG00005273,6259-WJQLC,2026-08-28,TWR00064,148,3889.38,3.798,22,False
USG00005274,2724-FJDYW,2026-08-28,TWR00057,74,3531.33,3.449,1,False
USG00005275,8884-MRNSU,2026-08-28,TWR00070,72,860.64,0.84,23,False
USG00005276,6865-JZNKO,2026-08-28,TWR00011,83,2239.19,2.187,4,False
USG00005277,2180-DXNEG,2026-08-28,TWR00028,52,3497.73,3.416,4,False
USG00005278,1324-NLTJE,2026-08-28,TWR00048,144,3118.54,3.045,15,True
USG00005279,3039-MJSLN,2026-08-28,TWR00032,180,2102.11,2.053,5,False
USG00005280,2270-CHBFN,2026-08-28,TWR00079,122,1768.98,1.728,11,True
USG00005281,5832-XKAES,2026-08-28,TWR00098,44,337.8,0.33,8,False
USG00005282,3859-CVCET,2026-08-28,TWR00072,158,3708.44,3.622,0,False
USG00005283,5049-GLYVG,2026-08-28,TWR00076,30,235.53,0.23,15,True
USG00005284,0475-RIJEP,2026-08-28,TWR00084,55,312.25,0.305,7,False
USG00005285,0237-YFUTL,2026-08-28,TWR00076,63,1431.06,1.398,9,False
USG00005286,5067-XJQFU,2026-08-28,TWR00083,169,3230.12,3.154,24,False
USG00005287,2332-TODQS,2026-08-28,TWR00050,61,3915.56,3.824,10,False
USG00005288,6726-WEXXK,2026-08-28,TWR00037,41,2790.84,2.725,11,False
USG00005289,4999-IEZLT,2026-08-28,TWR00065,28,3731.53,3.644,2,False
USG00005290,8565-CLBZW,2026-08-28,TWR00011,131,114.88,0.112,18,False
USG00005291,2208-NKVVH,2026-08-28,TWR00036,31,2298.44,2.245,3,False
USG00005292,6674-KVJHG,2026-08-28,TWR00032,24,1591.29,1.554,11,False
USG00005293,5707-ORNDZ,2026-08-28,TWR00023,113,3913.42,3.822,14,False
USG00005294,5708-EVONK,2026-08-28,TWR00035,85,4063.79,3.969,5,False
USG00005295,3569-EDBPQ,2026-08-28,TWR00057,158,4150.89,4.054,2,False
USG00005296,5245-VDBUR,2026-08-28,TWR00022,67,213.91,0.209,8,False
USG00005297,7698-YFGEZ,2026-08-28,TWR00004,129,3072.52,3.001,23,False
USG00005298,0848-ZGQIJ,2026-08-28,TWR00041,15,4013.97,3.92,15,False
USG00005299,4706-AXVKM,2026-08-28,TWR00074,7,4449.7,4.345,10,False
USG00005300,7416-CKTEP,2026-08-28,TWR00095,163,2317.85,2.264,8,False
USG00005301,1453-RZFON,2026-08-28,TWR00011,49,2404.48,2.348,13,False
USG00005302,7396-VJUZB,2026-08-28,TWR00067,103,735.39,0.718,21,False
USG00005303,2068-WWXQZ,2026-08-28,TWR00028,162,1213.67,1.185,22,False
USG00005304,9578-VRMNM,2026-08-28,TWR00015,46,3317.7,3.24,1,False
USG00005305,8295-KMENE,2026-08-28,TWR00052,47,952.11,0.93,15,False
USG00005306,8229-TNIQA,2026-08-28,TWR00030,108,2076.77,2.028,7,False
USG00005307,0187-WZNAB,2026-08-28,TWR00061,43,1899.61,1.855,24,False
USG00005308,9415-ZNBSX,2026-08-28,TWR00060,176,1281.71,1.252,13,True
USG00005309,7249-WBIYX,2026-08-28,TWR00098,58,1913.06,1.868,9,False
USG00005310,3621-CHYVB,2026-08-28,TWR00024,149,2052.76,2.005,23,True
USG00005311,0936-NQLJU,2026-08-28,TWR00089,91,417.65,0.408,19,False
USG00005312,7112-OPOTK,2026-08-28,TWR00050,122,1671.8,1.633,7,False
USG00005313,4213-HKBJO,2026-08-28,TWR00051,79,1945.16,1.9,6,False
USG00005314,2834-SPCJV,2026-08-28,TWR00030,1,1139.84,1.113,5,True
USG00005315,4452-ROHMO,2026-08-28,TWR00032,99,4161.46,4.064,8,True
USG00005316,2082-CEFLT,2026-08-28,TWR00058,113,1722.18,1.682,16,False
USG00005317,3904-UKFRE,2026-08-28,TWR00035,163,1589.51,1.552,12,False
USG00005318,3842-IYKUE,2026-08-28,TWR00063,164,3712.12,3.625,25,True
USG00005319,6959-UWKHF,2026-08-28,TWR00054,167,3124.69,3.051,15,True
USG00005320,3258-ZKPAI,2026-08-28,TWR00008,65,2349.47,2.294,22,True
USG00005321,4056-QHXHZ,2026-08-28,TWR00084,28,863.28,0.843,13,False
USG00005322,3186-BAXNB,2026-08-28,TWR00096,179,2077.99,2.029,25,False
USG00005323,0687-ZVTHB,2026-08-28,TWR00077,171,3517.19,3.435,1,False
USG00005324,3744-ZBHON,2026-08-28,TWR00048,179,3439.55,3.359,25,False
USG00005325,0376-OIWME,2026-08-28,TWR00048,64,1709.84,1.67,9,True
USG00005326,7401-JIXNM,2026-08-28,TWR00064,114,2631.93,2.57,17,False
USG00005327,0212-ISBBF,2026-08-28,TWR00099,44,3829.1,3.739,16,True
USG00005328,6479-VDGRK,2026-08-28,TWR00085,18,937.36,0.915,0,False
USG00005329,8098-LLAZX,2026-08-28,TWR00035,18,3420.71,3.341,22,True
USG00005330,9028-LIHRP,2026-08-28,TWR00024,163,218.01,0.213,21,False
USG00005331,2675-OTVVJ,2026-08-28,TWR00058,43,3313.28,3.236,20,False
USG00005332,9575-IWCAZ,2026-08-28,TWR00027,92,832.97,0.813,8,False
USG00005333,9373-WSLOY,2026-08-28,TWR00005,30,3403.68,3.324,18,False
USG00005334,0516-WJVXC,2026-08-28,TWR00098,126,869.04,0.849,17,False
USG00005335,2081-VEYEH,2026-08-28,TWR00023,66,2013.01,1.966,2,False
USG00005336,4908-XAXAY,2026-08-28,TWR00032,107,1315.84,1.285,25,False
USG00005337,7208-PSIHR,2026-08-28,TWR00099,67,2544.92,2.485,24,False
USG00005338,6559-PDZLR,2026-08-28,TWR00075,178,2849.41,2.783,24,False
USG00005339,6108-OQZDQ,2026-08-28,TWR00061,165,3352.68,3.274,8,False
USG00005340,3407-QGWLG,2026-08-28,TWR00029,66,244.94,0.239,20,True
USG00005341,0508-SQWPL,2026-08-28,TWR00071,153,1388.37,1.356,12,False
USG00005342,5549-ZGHFB,2026-08-28,TWR00019,86,3780.18,3.692,4,False
USG00005343,0872-CASZJ,2026-08-28,TWR00047,137,3968.67,3.876,4,False
USG00005344,3452-FLHYD,2026-08-28,TWR00064,10,1243.24,1.214,17,False
USG00005345,7064-JHXCE,2026-08-28,TWR00013,49,3545.64,3.463,13,False
USG00005346,5063-IUOKK,2026-08-28,TWR00031,105,1975.46,1.929,0,False
USG00005347,9793-WECQC,2026-08-28,TWR00034,70,3533.99,3.451,0,False
USG00005348,0220-EBGCE,2026-08-28,TWR00025,167,2625.6,2.564,6,False
USG00005349,1047-NNCBF,2026-08-28,TWR00095,132,3174.71,3.1,11,False
USG00005350,1557-EMYVT,2026-08-28,TWR00100,14,3215.21,3.14,14,False
USG00005351,6374-AFWOX,2026-08-28,TWR00084,19,2414.08,2.357,8,False
USG00005352,4959-JOSRX,2026-08-28,TWR00075,162,3742.65,3.655,15,False
USG00005353,9067-YGSCA,2026-08-28,TWR00088,81,1723.57,1.683,13,True
USG00005354,6575-SUVOI,2026-08-28,TWR00020,180,3067.54,2.996,24,False
USG00005355,7291-CDTMJ,2026-08-28,TWR00058,160,2492.1,2.434,12,False
USG00005356,2612-RANWT,2026-08-28,TWR00062,153,52.67,0.051,9,False
USG00005357,6143-JQKEA,2026-08-28,TWR00065,119,311.84,0.305,25,False
USG00005358,4450-YOOHP,2026-08-28,TWR00029,150,3125.51,3.052,5,False
USG00005359,4342-HENTK,2026-08-28,TWR00039,121,1387.33,1.355,5,False
USG00005360,3372-KWFBM,2026-08-28,TWR00017,54,2822.81,2.757,25,False
USG00005361,3144-AUDBS,2026-08-28,TWR00019,14,87.54,0.085,17,False
USG00005362,7594-LZNWR,2026-08-28,TWR00072,121,3974.65,3.881,4,False
USG00005363,5222-IMUKT,2026-08-28,TWR00077,180,4123.78,4.027,17,False
USG00005364,6688-UZPWD,2026-08-28,TWR00067,110,190.74,0.186,17,False
USG00005365,2220-IAHLS,2026-08-28,TWR00094,99,3948.31,3.856,21,False
USG00005366,5229-DTFYB,2026-08-28,TWR00026,22,188.26,0.184,1,False
USG00005367,8220-OCUFY,2026-08-28,TWR00037,125,1792.35,1.75,20,True
USG00005368,8563-IIOXK,2026-08-28,TWR00075,57,3030.25,2.959,19,False
USG00005369,9481-IEBZY,2026-08-28,TWR00025,134,2065.76,2.017,8,False
USG00005370,6166-ILMNY,2026-08-28,TWR00090,84,1886.11,1.842,8,False
USG00005371,3509-GWQGF,2026-08-28,TWR00010,176,1794.68,1.753,3,False
USG00005372,3276-HDUEG,2026-08-28,TWR00080,174,2165.41,2.115,4,True
USG00005373,2282-YGNOR,2026-08-28,TWR00044,171,2194.53,2.143,16,False
USG00005374,2928-HLDBA,2026-08-28,TWR00086,61,879.78,0.859,16,False
USG00005375,8903-XEBGX,2026-08-28,TWR00028,68,4413.1,4.31,4,False
USG00005376,5480-XTFFL,2026-08-28,TWR00079,125,537.76,0.525,11,False
USG00005377,8265-HKSOW,2026-08-28,TWR00061,8,2283.08,2.23,24,False
USG00005378,9389-ACWBI,2026-08-28,TWR00029,84,169.08,0.165,7,False
USG00005379,3647-GMGDH,2026-08-28,TWR00063,32,324.48,0.317,22,False
USG00005380,1763-KUAAW,2026-08-28,TWR00091,163,422.6,0.413,8,False
USG00005381,7495-OOKFY,2026-08-28,TWR00055,31,3479.95,3.398,10,False
USG00005382,1254-IZEYF,2026-08-28,TWR00038,133,110.61,0.108,7,False
USG00005383,8404-VLQFB,2026-08-28,TWR00081,17,1127.7,1.101,6,False
USG00005384,0603-TPMIB,2026-08-28,TWR00014,160,3816.95,3.727,7,False
USG00005385,4256-ZWTZI,2026-08-28,TWR00040,58,723.23,0.706,8,False
USG00005386,4090-KPJIP,2026-08-28,TWR00020,24,656.99,0.642,22,False
USG00005387,0137-OCGAB,2026-08-28,TWR00011,131,758.84,0.741,4,False
USG00005388,4228-ZGYUW,2026-08-28,TWR00087,94,2597.3,2.536,11,False
USG00005389,7047-FWEYA,2026-08-28,TWR00018,100,3981.91,3.889,10,False
USG00005390,5442-UTCVD,2026-08-28,TWR00059,165,1733.82,1.693,13,False
USG00005391,7908-QCBCA,2026-08-28,TWR00070,123,1460.57,1.426,24,False
USG00005392,7274-RTAPZ,2026-08-28,TWR00057,132,4448.49,4.344,7,False
USG00005393,4804-NCPET,2026-08-28,TWR00064,136,2768.17,2.703,4,False
USG00005394,6718-BDGHG,2026-08-28,TWR00083,18,1179.12,1.151,3,False
USG00005395,6510-UPNKS,2026-08-28,TWR00037,139,3068.41,2.996,18,False
USG00005396,4139-SUGLD,2026-08-28,TWR00032,67,3465.4,3.384,23,False
USG00005397,5275-PMFUT,2026-08-28,TWR00030,166,549.52,0.537,16,False
USG00005398,0952-KMEEH,2026-08-28,TWR00043,115,2080.24,2.031,17,False
USG00005399,4465-VDKIQ,2026-08-28,TWR00036,158,2361.87,2.307,14,True
USG00005400,6231-WFGFH,2026-08-28,TWR00073,132,3439.8,3.359,18,False
USG00005401,5014-GSOUQ,2026-08-28,TWR00065,129,3354.35,3.276,11,False
USG00005402,6319-QSUSR,2026-08-28,TWR00021,54,1190.25,1.162,21,False
USG00005403,3198-VELRD,2026-08-28,TWR00028,152,1236.38,1.207,11,False
USG00005404,1764-VUUMT,2026-08-28,TWR00049,97,422.34,0.412,10,False
USG00005405,1763-WQFUK,2026-08-28,TWR00046,87,3687.24,3.601,17,True
USG00005406,1090-PYKCI,2026-08-28,TWR00040,176,2138.06,2.088,3,False
USG00005407,8996-ZROXE,2026-08-28,TWR00029,99,2672.58,2.61,20,False
USG00005408,4986-MXSFP,2026-08-28,TWR00026,63,3605.25,3.521,4,False
USG00005409,4778-IZARL,2026-08-28,TWR00016,104,415.42,0.406,25,False
USG00005410,4749-VFKVB,2026-08-28,TWR00099,73,1129.07,1.103,9,False
USG00005411,7133-VBDCG,2026-08-28,TWR00047,37,4423.16,4.319,24,False
USG00005412,6506-EYCNH,2026-08-28,TWR00055,30,2257.78,2.205,7,True
USG00005413,4868-AADLV,2026-08-28,TWR00013,149,2065.27,2.017,25,False
USG00005414,3847-BAERP,2026-08-28,TWR00066,70,1448.08,1.414,14,False
USG00005415,3235-ETOOB,2026-08-28,TWR00047,120,3173.56,3.099,8,False
USG00005416,3804-RVTGV,2026-08-28,TWR00086,163,1913.28,1.868,3,False
USG00005417,9546-KDTRB,2026-08-28,TWR00023,89,2015.3,1.968,1,False
USG00005418,0617-FHSGK,2026-08-28,TWR00081,153,2839.85,2.773,0,False
USG00005419,2858-MOFSQ,2026-08-28,TWR00054,61,1950.41,1.905,4,False
USG00005420,5155-AZQPB,2026-08-28,TWR00048,136,1521.09,1.485,0,False
USG00005421,3620-EHIMZ,2026-08-28,TWR00053,116,74.59,0.073,21,False
USG00005422,9504-DSHWM,2026-08-28,TWR00076,143,3581.83,3.498,20,False
USG00005423,8106-GWQOK,2026-08-28,TWR00003,19,1406.2,1.373,19,False
USG00005424,4750-UKWJK,2026-08-28,TWR00055,157,1903.42,1.859,0,True
USG00005425,9124-LHCJQ,2026-08-28,TWR00006,35,222.59,0.217,22,False
USG00005426,9972-NKTFD,2026-08-28,TWR00085,163,2382.92,2.327,9,False
USG00005427,8189-XRIKE,2026-08-28,TWR00044,100,1000.88,0.977,15,False
USG00005428,5294-IMHHT,2026-08-28,TWR00072,135,770.7,0.753,4,False
USG00005429,1035-IPQPU,2026-08-28,TWR00001,151,3476.0,3.395,11,False
USG00005430,8757-TFHHJ,2026-08-28,TWR00090,169,898.9,0.878,6,True
USG00005431,1934-MKPXS,2026-08-28,TWR00075,70,3859.44,3.769,18,False
USG00005432,2523-EWWZL,2026-08-28,TWR00067,21,1153.36,1.126,24,False
USG00005433,0164-APGRB,2026-08-28,TWR00066,78,3877.02,3.786,22,False
USG00005434,2369-FEVNO,2026-08-28,TWR00100,95,3666.26,3.58,22,False
USG00005435,1024-GUALD,2026-08-28,TWR00046,35,1449.58,1.416,22,False
USG00005436,5231-FIQPA,2026-08-28,TWR00090,96,4388.07,4.285,4,False
USG00005437,7488-MXJIV,2026-08-28,TWR00087,0,1460.43,1.426,0,False
USG00005438,2228-BZDEE,2026-08-28,TWR00083,116,1378.17,1.346,10,True
USG00005439,4361-FEBGN,2026-08-28,TWR00034,139,57.41,0.056,22,False
USG00005440,3452-ABWRL,2026-08-28,TWR00040,72,1599.39,1.562,5,False
USG00005441,3316-UWXUY,2026-08-28,TWR00097,46,2440.23,2.383,23,False
USG00005442,2632-IVXVF,2026-08-28,TWR00099,34,4111.96,4.016,11,False
USG00005443,6656-JWRQX,2026-08-28,TWR00028,33,744.59,0.727,21,False
USG00005444,1725-IQNIY,2026-08-28,TWR00046,180,1544.13,1.508,4,False
USG00005445,2378-VTKDH,2026-08-28,TWR00035,96,4007.79,3.914,0,False
USG00005446,8735-NBLWT,2026-08-28,TWR00008,46,2285.7,2.232,3,True
USG00005447,6376-GAHQE,2026-08-28,TWR00029,132,1940.81,1.895,23,False
USG00005448,6923-JHPMP,2026-08-28,TWR00097,15,1451.24,1.417,15,True
USG00005449,5889-JTMUL,2026-08-28,TWR00018,46,4325.93,4.225,10,False
USG00005450,9445-ZUEQE,2026-08-28,TWR00091,119,3962.38,3.87,6,True
USG00005451,2823-LKABH,2026-08-28,TWR00070,89,1856.75,1.813,8,False
USG00005452,8364-TRMMK,2026-08-28,TWR00040,173,1891.15,1.847,17,False
USG00005453,6942-LBFDP,2026-08-28,TWR00025,18,3260.7,3.184,16,True
USG00005454,7586-ZATGZ,2026-08-28,TWR00025,34,4082.15,3.986,5,False
USG00005455,0260-ZDLGK,2026-08-28,TWR00002,55,3724.67,3.637,6,False
USG00005456,2049-BAFNW,2026-08-28,TWR00089,139,608.9,0.595,12,False
USG00005457,0909-SELIE,2026-08-28,TWR00040,153,4413.92,4.31,10,False
USG00005458,8111-BKVDS,2026-08-28,TWR00005,97,954.67,0.932,24,False
USG00005459,2227-JRSJX,2026-08-28,TWR00099,93,958.82,0.936,19,False
USG00005460,3926-YZVVX,2026-08-28,TWR00019,8,139.64,0.136,5,False
USG00005461,9412-GHEEC,2026-08-28,TWR00053,163,3307.26,3.23,7,False
USG00005462,0975-UYDTX,2026-08-28,TWR00052,129,2633.85,2.572,9,True
USG00005463,9357-UJRUN,2026-08-28,TWR00084,29,1272.57,1.243,0,False
USG00005464,5899-MQZZL,2026-08-28,TWR00040,77,2278.6,2.225,23,False
USG00005465,6112-KTHFQ,2026-08-28,TWR00068,87,2951.94,2.883,6,True
USG00005466,5954-BDFSG,2026-08-28,TWR00063,115,997.52,0.974,9,False
USG00005467,2826-UWHIS,2026-08-28,TWR00008,47,3095.89,3.023,22,False
USG00005468,2927-CVULT,2026-08-28,TWR00091,22,818.79,0.8,9,False
USG00005469,8149-AIQCG,2026-08-28,TWR00013,26,2075.6,2.027,15,False
USG00005470,0378-NHQXU,2026-08-28,TWR00024,12,4476.25,4.371,20,False
USG00005471,5002-GCQFH,2026-08-28,TWR00074,41,2332.42,2.278,23,False
USG00005472,1329-VHWNP,2026-08-28,TWR00021,76,1521.3,1.486,11,False
USG00005473,5627-TVBPP,2026-08-28,TWR00034,164,4300.91,4.2,9,False
USG00005474,5743-KHMNA,2026-08-28,TWR00039,72,621.58,0.607,23,False
USG00005475,4572-DVCGN,2026-08-28,TWR00074,144,383.68,0.375,19,False
USG00005476,3957-LXOLK,2026-08-28,TWR00015,86,3247.37,3.171,13,False
USG00005477,2082-OJVTK,2026-08-28,TWR00098,171,922.04,0.9,5,True
USG00005478,7714-YXSMB,2026-08-28,TWR00091,171,292.46,0.286,22,False
USG00005479,0442-ZXKVS,2026-08-28,TWR00050,72,3758.18,3.67,12,True
USG00005480,6490-FGZAT,2026-08-28,TWR00043,35,200.09,0.195,21,True
USG00005481,7129-CAKJW,2026-08-28,TWR00011,123,3208.11,3.133,18,False
USG00005482,6754-LZUKA,2026-08-28,TWR00098,14,2459.28,2.402,19,False
USG00005483,7341-LXCAF,2026-08-28,TWR00061,115,1191.11,1.163,16,False
USG00005484,0601-WZHJF,2026-08-28,TWR00012,31,3039.93,2.969,15,False
USG00005485,5346-BZCHP,2026-08-28,TWR00083,124,820.59,0.801,25,True
USG00005486,6804-GDMOI,2026-08-28,TWR00038,94,3109.4,3.037,22,False
USG00005487,2097-YVPKN,2026-08-28,TWR00025,9,3642.64,3.557,23,False
USG00005488,7542-CYDDM,2026-08-28,TWR00039,118,1855.48,1.812,1,False
USG00005489,4188-FRABG,2026-08-28,TWR00014,55,1004.98,0.981,7,False
USG00005490,2507-QZPQS,2026-08-28,TWR00066,131,3433.94,3.353,15,False
USG00005491,9947-OTFQU,2026-08-28,TWR00043,82,3080.22,3.008,23,True
USG00005492,2481-SBOYW,2026-08-28,TWR00096,22,4074.63,3.979,16,False
USG00005493,2770-NSVDG,2026-08-28,TWR00003,64,491.34,0.48,20,False
USG00005494,8053-WWDRO,2026-08-28,TWR00008,10,639.42,0.624,15,False
USG00005495,6695-AMZUF,2026-08-28,TWR00035,13,994.51,0.971,1,False
USG00005496,2324-EFHVG,2026-08-28,TWR00006,150,627.2,0.613,15,False
USG00005497,8514-VZHEB,2026-08-28,TWR00009,41,3090.56,3.018,15,False
USG00005498,3318-NMQXL,2026-08-28,TWR00100,135,3937.69,3.845,6,False
USG00005499,7056-IMHCC,2026-08-28,TWR00037,48,662.73,0.647,4,False
USG00005500,3923-CSIHK,2026-08-28,TWR00054,83,681.72,0.666,2,False
USG00005501,5837-LXSDN,2026-08-28,TWR00074,109,3233.53,3.158,22,False
USG00005502,8647-SDTWQ,2026-08-28,TWR00031,89,4222.44,4.123,12,False
USG00005503,3078-ZKNTS,2026-08-28,TWR00082,49,3053.77,2.982,12,False
USG00005504,5177-RVZNU,2026-08-28,TWR00071,81,3347.51,3.269,7,False
USG00005505,6650-BWFRT,2026-08-28,TWR00003,18,2324.57,2.27,3,False
USG00005506,0585-EGDDA,2026-08-28,TWR00039,33,1407.33,1.374,9,False
USG00005507,8120-JDCAM,2026-08-28,TWR00079,2,503.02,0.491,14,False
USG00005508,2929-QNSRW,2026-08-28,TWR00012,80,2793.95,2.728,18,False
USG00005509,9391-YZEJW,2026-08-28,TWR00080,22,959.97,0.937,0,False
USG00005510,3482-ABPKK,2026-08-28,TWR00100,50,4009.78,3.916,23,False
USG00005511,7353-YOWFP,2026-08-28,TWR00048,17,3299.53,3.222,20,False
USG00005512,2884-GBPFB,2026-08-28,TWR00043,23,1277.26,1.247,23,False
USG00005513,2626-URJFX,2026-08-28,TWR00082,140,362.16,0.354,8,False
USG00005514,8993-IZEUX,2026-08-28,TWR00061,103,3337.74,3.26,13,False
USG00005515,1555-HAPSU,2026-08-28,TWR00087,142,3746.04,3.658,10,False
USG00005516,9451-WLYRI,2026-08-28,TWR00055,72,3405.7,3.326,22,False
USG00005517,9940-HPQPG,2026-08-28,TWR00058,66,3797.96,3.709,20,False
USG00005518,0003-MKNFE,2026-08-28,TWR00044,96,456.84,0.446,5,False
USG00005519,8922-NPKBJ,2026-08-28,TWR00096,31,1840.37,1.797,24,False
USG00005520,6313-GIDIT,2026-08-28,TWR00057,149,1920.09,1.875,12,False
USG00005521,6504-VBLFL,2026-08-28,TWR00034,59,189.83,0.185,21,False
USG00005522,5318-IXUZF,2026-08-28,TWR00086,81,2937.49,2.869,21,False
USG00005523,0533-BNWKF,2026-08-28,TWR00039,105,1079.94,1.055,18,False
USG00005524,6322-PJJDJ,2026-08-28,TWR00027,89,2676.69,2.614,23,False
USG00005525,6599-CEBNN,2026-08-28,TWR00098,129,1122.69,1.096,8,False
USG00005526,5339-TJFEK,2026-08-28,TWR00072,172,1577.93,1.541,13,False
USG00005527,3606-SBKRY,2026-08-28,TWR00004,1,1433.39,1.4,18,False
USG00005528,6586-MYGKD,2026-08-28,TWR00070,3,4479.09,4.374,13,False
USG00005529,4067-HLYQI,2026-08-28,TWR00094,120,66.39,0.065,18,False
USG00005530,2737-YNGYW,2026-08-28,TWR00074,67,1718.5,1.678,6,False
USG00005531,4523-WXCEF,2026-08-28,TWR00066,111,3626.65,3.542,7,False
USG00005532,3331-HQDTW,2026-08-28,TWR00070,148,3441.87,3.361,25,True
USG00005533,0259-GBZSH,2026-08-28,TWR00085,71,2864.97,2.798,17,False
USG00005534,0835-DUUIQ,2026-08-28,TWR00054,113,2583.54,2.523,21,False
USG00005535,6484-LATFU,2026-08-28,TWR00075,136,2673.31,2.611,2,False
USG00005536,6551-GNYDG,2026-08-28,TWR00036,43,2271.59,2.218,4,False
USG00005537,0345-XMMUG,2026-08-28,TWR00071,63,2793.88,2.728,12,False
USG00005538,5204-QZXPU,2026-08-28,TWR00026,131,1858.49,1.815,4,False
USG00005539,8984-HPEMB,2026-08-28,TWR00092,144,2173.93,2.123,8,True
USG00005540,4950-HKQTE,2026-08-28,TWR00055,50,415.33,0.406,21,False
USG00005541,1814-WFGVS,2026-08-28,TWR00044,80,3012.19,2.942,6,False
USG00005542,2284-VFLKH,2026-08-28,TWR00072,116,3900.43,3.809,11,False
USG00005543,2404-JIBFC,2026-08-28,TWR00033,105,2675.58,2.613,13,False
USG00005544,3223-DWFIO,2026-08-28,TWR00009,105,1446.95,1.413,2,False
USG00005545,1852-QSWCD,2026-08-28,TWR00020,41,789.65,0.771,16,True
USG00005546,3027-YNWZU,2026-08-28,TWR00014,40,910.93,0.89,20,False
USG00005547,2774-LVQUS,2026-08-28,TWR00053,146,1366.56,1.335,15,False
USG00005548,9253-QXKBE,2026-08-28,TWR00024,1,3761.28,3.673,6,False
USG00005549,7940-UQQUG,2026-08-28,TWR00037,63,520.22,0.508,6,False
USG00005550,6869-FGJJC,2026-08-28,TWR00027,143,3594.51,3.51,23,False
USG00005551,9938-TKDGL,2026-08-28,TWR00026,143,194.98,0.19,15,False
USG00005552,3398-FSHON,2026-08-28,TWR00087,120,1865.93,1.822,11,False
USG00005553,7188-CBBBA,2026-08-28,TWR00023,150,362.94,0.354,20,False
USG00005554,1813-JLKWR,2026-08-28,TWR00071,98,4467.78,4.363,15,False
USG00005555,6857-TKDJV,2026-08-28,TWR00053,41,2013.22,1.966,7,False
USG00005556,3370-GQEAL,2026-08-28,TWR00044,23,1910.4,1.866,7,False
USG00005557,5204-HMGYF,2026-08-28,TWR00048,175,4425.78,4.322,3,False
USG00005558,5995-LFTLE,2026-08-28,TWR00007,109,3341.93,3.264,10,False
USG00005559,3824-RHKVR,2026-08-28,TWR00004,105,1949.73,1.904,3,False
USG00005560,7868-BGSZA,2026-08-28,TWR00001,38,1346.86,1.315,0,False
USG00005561,2907-ILJBN,2026-08-28,TWR00058,70,4088.11,3.992,8,True
USG00005562,9926-PJHDQ,2026-08-28,TWR00094,135,272.71,0.266,4,False
USG00005563,3003-CMDUU,2026-08-28,TWR00096,101,2029.02,1.981,20,False
USG00005564,0731-EBJQB,2026-08-28,TWR00025,123,1976.08,1.93,20,False
USG00005565,4195-SMMNX,2026-08-28,TWR00081,175,2533.81,2.474,17,True
USG00005566,3199-NPKCN,2026-08-28,TWR00042,68,2238.96,2.186,22,False
USG00005567,9975-SKRNR,2026-08-28,TWR00001,35,1374.27,1.342,17,False
USG00005568,0786-VSSUD,2026-08-28,TWR00023,63,4340.29,4.239,16,False
USG00005569,3756-VNWDH,2026-08-28,TWR00034,89,3575.1,3.491,16,False
USG00005570,5605-XNWEN,2026-08-28,TWR00096,148,4307.93,4.207,6,False
USG00005571,8348-JLBUG,2026-08-28,TWR00096,83,3817.32,3.728,12,False
USG00005572,5349-AZPEW,2026-08-28,TWR00032,78,2075.05,2.026,0,False
USG00005573,0308-IVGOK,2026-08-28,TWR00089,114,2601.59,2.541,12,False
USG00005574,2890-WFBHU,2026-08-28,TWR00074,103,3138.19,3.065,4,False
USG00005575,6729-FZWSY,2026-08-28,TWR00008,135,2746.82,2.682,5,False
USG00005576,6072-NUQCB,2026-08-28,TWR00007,135,1021.95,0.998,11,False
USG00005577,2037-XJFUP,2026-08-28,TWR00067,121,1138.76,1.112,2,True
USG00005578,6968-GMKPR,2026-08-28,TWR00099,131,225.93,0.221,4,False
USG00005579,3884-UEBXB,2026-08-28,TWR00085,135,1655.13,1.616,20,False
USG00005580,1910-FMXJM,2026-08-28,TWR00087,44,293.59,0.287,1,False
USG00005581,7239-HZZCX,2026-08-28,TWR00039,136,3674.27,3.588,1,False
USG00005582,0841-NULXI,2026-08-28,TWR00030,67,3431.38,3.351,20,True
USG00005583,4825-FUREZ,2026-08-28,TWR00073,100,3620.11,3.535,14,False
USG00005584,2804-ETQDK,2026-08-28,TWR00040,14,3563.69,3.48,9,False
USG00005585,5825-XJOCM,2026-08-28,TWR00015,164,3940.79,3.848,8,False
USG00005586,4631-OACRM,2026-08-28,TWR00046,66,3696.25,3.61,18,True
USG00005587,8317-BVKSO,2026-08-28,TWR00038,150,52.49,0.051,1,False
USG00005588,4760-XOHVN,2026-08-28,TWR00080,106,940.12,0.918,1,False
USG00005589,3845-JHAMY,2026-08-28,TWR00025,52,2102.42,2.053,5,False
USG00005590,5650-YLIBA,2026-08-28,TWR00081,87,4465.1,4.36,9,False
USG00005591,4367-NUYAO,2026-08-28,TWR00059,7,3573.91,3.49,17,True
USG00005592,2320-SLKMB,2026-08-28,TWR00082,176,1330.28,1.299,7,True
USG00005593,8640-SDGKB,2026-08-28,TWR00025,31,3484.86,3.403,18,True
USG00005594,1932-UEDCX,2026-08-28,TWR00029,149,485.32,0.474,15,True
USG00005595,7317-GGVPB,2026-08-28,TWR00053,85,482.31,0.471,23,False
USG00005596,4686-UXDML,2026-08-28,TWR00063,10,1295.44,1.265,24,False
USG00005597,4817-VYYWS,2026-08-28,TWR00083,130,2746.55,2.682,10,True
USG00005598,2055-SIFSS,2026-08-28,TWR00004,118,3789.09,3.7,4,False
USG00005599,9398-MMQTO,2026-08-28,TWR00004,118,2278.25,2.225,14,False
USG00005600,4526-ZJJTM,2026-08-28,TWR00036,140,3584.85,3.501,5,False
USG00005601,3584-WKTTW,2026-08-28,TWR00064,121,2481.36,2.423,24,False
USG00005602,6402-EJMWF,2026-08-28,TWR00068,94,2028.1,1.981,4,False
USG00005603,6351-SCJKT,2026-08-28,TWR00014,66,2019.95,1.973,3,True
USG00005604,2777-PHDEI,2026-08-28,TWR00079,117,2008.65,1.962,5,False
USG00005605,9747-DDZOS,2026-08-28,TWR00003,110,4334.59,4.233,10,False
USG00005606,2990-HWIML,2026-08-28,TWR00077,101,4039.3,3.945,1,False
USG00005607,5955-ERIHD,2026-08-28,TWR00008,130,4020.05,3.926,16,False
USG00005608,4188-PCPIG,2026-08-28,TWR00081,114,2094.16,2.045,16,False
USG00005609,7567-ECMCM,2026-08-28,TWR00038,151,1103.87,1.078,22,True
USG00005610,2748-MYRVK,2026-08-28,TWR00010,170,1895.36,1.851,7,False
USG00005611,4818-DRBQT,2026-08-28,TWR00005,8,2934.44,2.866,25,False
USG00005612,3334-CTHOL,2026-08-28,TWR00090,111,4200.81,4.102,3,False
USG00005613,3197-NNYNB,2026-08-28,TWR00085,178,114.92,0.112,6,False
USG00005614,2452-SNHFZ,2026-08-28,TWR00011,98,4258.32,4.159,7,False
USG00005615,2873-ZLIWT,2026-08-28,TWR00041,35,2092.33,2.043,10,False
USG00005616,4589-IUAJB,2026-08-28,TWR00080,75,2251.38,2.199,11,False
USG00005617,6861-OKBCE,2026-08-28,TWR00074,50,459.63,0.449,8,False
USG00005618,3518-PZXZQ,2026-08-28,TWR00084,71,3769.49,3.681,18,False
USG00005619,8727-JQFHV,2026-08-28,TWR00082,126,3047.41,2.976,2,False
USG00005620,8857-CUPFQ,2026-08-28,TWR00023,79,1693.42,1.654,24,False
USG00005621,4625-LAMOB,2026-08-28,TWR00026,0,2370.62,2.315,2,False
USG00005622,8992-JQYUN,2026-08-28,TWR00016,105,3127.43,3.054,5,True
USG00005623,2466-FCCPT,2026-08-28,TWR00038,15,1371.59,1.339,17,True
USG00005624,8573-CGOCC,2026-08-28,TWR00052,122,1685.93,1.646,1,False
USG00005625,1093-YSWCA,2026-08-28,TWR00060,52,2938.85,2.87,14,False
USG00005626,4283-FUTGF,2026-08-28,TWR00065,0,3476.76,3.395,22,True
USG00005627,3174-RKMOW,2026-08-28,TWR00051,124,3508.97,3.427,2,False
USG00005628,9761-XUJWD,2026-08-28,TWR00006,105,4141.15,4.044,15,False
USG00005629,6959-GQEGV,2026-08-28,TWR00055,122,1199.42,1.171,7,False
USG00005630,1031-IIDEO,2026-08-28,TWR00079,106,427.49,0.417,18,False
USG00005631,5939-SXWHM,2026-08-28,TWR00011,81,3838.34,3.748,15,False
USG00005632,3454-JFUBC,2026-08-28,TWR00011,64,3560.37,3.477,8,False
USG00005633,3351-NGXYI,2026-08-28,TWR00016,37,3811.85,3.723,10,False
USG00005634,8739-XNIKG,2026-08-28,TWR00030,26,885.05,0.864,21,False
USG00005635,3308-JSGML,2026-08-28,TWR00031,58,2387.45,2.331,9,False
USG00005636,5442-XSDCW,2026-08-28,TWR00077,27,221.39,0.216,6,False
USG00005637,2645-QTLMB,2026-08-28,TWR00065,20,853.23,0.833,18,False
USG00005638,5602-BVFMK,2026-08-28,TWR00020,98,3671.52,3.585,25,False
USG00005639,1502-XFCVR,2026-08-28,TWR00007,77,137.94,0.135,23,False
USG00005640,8246-SHFGA,2026-08-28,TWR00083,120,2123.01,2.073,2,False
USG00005641,0011-IGKFF,2026-08-28,TWR00091,89,1036.28,1.012,11,False
USG00005642,6905-NIQIN,2026-08-28,TWR00002,144,3930.76,3.839,24,False
USG00005643,4826-DXMUP,2026-08-28,TWR00019,82,3890.16,3.799,3,True
USG00005644,9332-GYWLO,2026-08-28,TWR00096,165,2114.34,2.065,12,False
USG00005645,8584-KMVXD,2026-08-28,TWR00076,81,797.24,0.779,24,False
USG00005646,2073-QBVBI,2026-08-28,TWR00079,62,2986.45,2.916,1,False
USG00005647,0862-PRCBS,2026-08-28,TWR00016,1,1780.18,1.738,12,True
USG00005648,8763-KIAFH,2026-08-28,TWR00039,64,813.13,0.794,12,False
USG00005649,3496-LFSZU,2026-08-28,TWR00055,140,2696.34,2.633,23,False
USG00005650,4706-DGAHW,2026-08-28,TWR00063,48,266.04,0.26,25,False
USG00005651,4776-XSKYQ,2026-08-28,TWR00081,171,2447.98,2.391,22,False
USG00005652,5118-MUEYH,2026-08-28,TWR00044,74,1320.45,1.29,3,False
USG00005653,9931-KGHOA,2026-08-28,TWR00015,75,56.01,0.055,17,False
USG00005654,9885-CSMWE,2026-08-28,TWR00036,11,2797.06,2.732,5,False
USG00005655,6664-FPDAC,2026-08-28,TWR00025,38,3319.06,3.241,4,False
USG00005656,0516-UXRMT,2026-08-28,TWR00098,180,3918.3,3.826,15,False
USG00005657,7856-GANIL,2026-08-28,TWR00042,86,1478.6,1.444,7,False
USG00005658,0520-FDVVT,2026-08-28,TWR00019,5,2259.28,2.206,17,False
USG00005659,5730-RIITO,2026-08-28,TWR00033,103,849.94,0.83,18,False
USG00005660,4123-FCVCB,2026-08-28,TWR00038,128,4033.99,3.939,20,False
USG00005661,4623-ZKHLY,2026-08-28,TWR00006,107,1447.67,1.414,20,False
USG00005662,4396-KLSEH,2026-08-28,TWR00062,49,2446.47,2.389,20,False
USG00005663,3780-YVMFA,2026-08-28,TWR00089,117,62.93,0.061,23,True
USG00005664,3374-TTZTK,2026-08-28,TWR00045,25,4157.29,4.06,21,True
USG00005665,0103-CSITQ,2026-08-28,TWR00063,54,1010.84,0.987,24,False
USG00005666,4412-YLTKF,2026-08-28,TWR00035,67,3483.13,3.401,0,False
USG00005667,8164-OCKUJ,2026-08-28,TWR00095,168,3034.94,2.964,12,False
USG00005668,1325-USMEC,2026-08-28,TWR00059,69,2119.56,2.07,15,False
USG00005669,5748-RNCJT,2026-08-28,TWR00070,110,525.92,0.514,21,False
USG00005670,9812-GHVRI,2026-08-28,TWR00092,28,1148.65,1.122,14,False
USG00005671,1074-WVEVG,2026-08-28,TWR00051,51,1864.67,1.821,3,False
USG00005672,7905-NJMXS,2026-08-28,TWR00094,59,4318.43,4.217,14,True
USG00005673,3415-TAILE,2026-08-28,TWR00083,79,1370.44,1.338,7,False
USG00005674,3148-AOIQT,2026-08-28,TWR00007,138,4002.95,3.909,21,False
USG00005675,0811-GSDTP,2026-08-28,TWR00079,149,2799.93,2.734,6,False
USG00005676,6927-WTFIV,2026-08-28,TWR00014,64,3425.46,3.345,15,False
USG00005677,7666-WKRON,2026-08-28,TWR00040,31,2109.87,2.06,3,True
USG00005678,9076-AXYIK,2026-08-28,TWR00026,177,3488.2,3.406,5,False
USG00005679,5396-IZEPB,2026-08-28,TWR00068,156,1120.33,1.094,17,True
USG00005680,8111-SLLHI,2026-08-28,TWR00051,15,3009.4,2.939,7,False
USG00005681,6164-HAQTX,2026-08-28,TWR00087,51,1262.48,1.233,25,False
USG00005682,6285-FTQBF,2026-08-28,TWR00038,46,2892.49,2.825,21,True
USG00005683,1754-GKYPY,2026-08-28,TWR00061,67,1458.05,1.424,20,False
USG00005684,8835-VSDSE,2026-08-28,TWR00092,99,3083.93,3.012,6,False
USG00005685,2181-TIDSV,2026-08-28,TWR00063,136,3294.84,3.218,19,False
USG00005686,3423-HHXAO,2026-08-28,TWR00018,141,2253.66,2.201,13,False
USG00005687,5832-EXGTT,2026-08-28,TWR00058,86,3059.46,2.988,12,False
USG00005688,7766-CLTIC,2026-08-28,TWR00043,75,167.77,0.164,23,False
USG00005689,2709-UQGNP,2026-08-28,TWR00032,115,3171.59,3.097,14,False
USG00005690,3227-WLKLI,2026-08-28,TWR00015,131,583.68,0.57,0,False
USG00005691,7392-YYPYJ,2026-08-28,TWR00009,66,2689.59,2.627,6,True
USG00005692,5519-TEEUH,2026-08-28,TWR00038,18,4476.53,4.372,16,False
USG00005693,4789-KWMXN,2026-08-28,TWR00005,11,285.11,0.278,20,False
USG00005694,7483-IQWIB,2026-08-28,TWR00063,29,586.73,0.573,17,False
USG00005695,1086-LXKFY,2026-08-28,TWR00090,168,1924.25,1.879,16,False
USG00005696,4226-KKDON,2026-08-28,TWR00074,113,1242.96,1.214,22,False
USG00005697,2773-OVBPK,2026-08-28,TWR00019,172,4063.43,3.968,18,False
USG00005698,6344-SFJVH,2026-08-28,TWR00060,51,346.49,0.338,13,True
USG00005699,4615-PIVVU,2026-08-28,TWR00098,117,3578.59,3.495,15,False
USG00005700,9489-DEDVP,2026-08-28,TWR00076,90,783.49,0.765,12,False
USG00005701,9505-SQFSW,2026-08-28,TWR00035,22,3751.36,3.663,21,False
USG00005702,5879-SESNB,2026-08-28,TWR00033,22,3687.76,3.601,10,False
USG00005703,6892-BOGQE,2026-08-28,TWR00057,100,815.42,0.796,2,False
USG00005704,6288-CHQJB,2026-08-28,TWR00050,180,3413.35,3.333,17,False
USG00005705,4670-TABXH,2026-08-28,TWR00041,41,289.03,0.282,20,False
USG00005706,0206-TBWLC,2026-08-28,TWR00036,171,3635.45,3.55,19,True
USG00005707,7108-DGVUU,2026-08-28,TWR00048,36,2615.11,2.554,13,False
USG00005708,4500-HKANN,2026-08-28,TWR00055,121,1287.2,1.257,4,False
USG00005709,6322-HRPFA,2026-08-28,TWR00094,110,2257.69,2.205,22,False
USG00005710,5499-ECUTN,2026-08-28,TWR00053,74,366.64,0.358,25,False
USG00005711,0661-KQHNK,2026-08-28,TWR00097,143,1652.5,1.614,16,False
USG00005712,8980-WQFWL,2026-08-28,TWR00048,67,224.48,0.219,3,False
USG00005713,8111-RKSPX,2026-08-28,TWR00048,168,428.39,0.418,19,False
USG00005714,8329-IBCTI,2026-08-28,TWR00014,178,2165.06,2.114,10,False
USG00005715,8000-REIQB,2026-08-28,TWR00064,117,3068.17,2.996,4,False
USG00005716,2302-ANTDP,2026-08-28,TWR00045,7,214.55,0.21,23,False
USG00005717,4174-LPGTI,2026-08-28,TWR00079,92,4131.99,4.035,18,False
USG00005718,0301-KOBTQ,2026-08-28,TWR00076,132,413.19,0.404,2,True
USG00005719,8150-QUDFX,2026-08-28,TWR00063,61,4326.28,4.225,18,False
USG00005720,5981-ITEMU,2026-08-28,TWR00015,126,3033.19,2.962,4,False
USG00005721,6719-FGEDO,2026-08-28,TWR00058,88,2598.21,2.537,9,True
USG00005722,9470-YFUYI,2026-08-28,TWR00030,8,870.47,0.85,13,False
USG00005723,5590-YRFJT,2026-08-28,TWR00047,101,3457.35,3.376,12,False
USG00005724,2933-XEUJM,2026-08-28,TWR00006,39,3716.5,3.629,24,False
USG00005725,6133-OZILE,2026-08-28,TWR00063,135,86.7,0.085,23,False
USG00005726,9591-YVTEB,2026-08-28,TWR00012,141,1606.02,1.568,23,False
USG00005727,4860-YZGZM,2026-08-28,TWR00010,2,411.7,0.402,13,True
USG00005728,4629-NRXKX,2026-08-28,TWR00011,68,4490.88,4.386,0,False
USG00005729,9788-HNGUT,2026-08-28,TWR00093,159,362.0,0.354,25,False
USG00005730,9581-GVBXT,2026-08-28,TWR00009,139,731.25,0.714,11,True
USG00005731,0983-TATYJ,2026-08-28,TWR00070,153,3732.0,3.645,6,False
USG00005732,0201-MIBOL,2026-08-28,TWR00012,75,549.97,0.537,11,False
USG00005733,5510-BOIUJ,2026-08-28,TWR00043,168,3442.47,3.362,15,False
USG00005734,9146-JRIOX,2026-08-28,TWR00067,110,1794.77,1.753,23,False
USG00005735,4710-NKCAW,2026-08-28,TWR00063,138,881.11,0.86,20,True
USG00005736,2592-HODOV,2026-08-28,TWR00064,15,4245.2,4.146,1,False
USG00005737,4322-RCYMT,2026-08-28,TWR00066,110,2334.8,2.28,19,False
USG00005738,5678-VFNEQ,2026-08-28,TWR00085,134,2365.19,2.31,2,False
USG00005739,1485-YDHMM,2026-08-28,TWR00034,3,4116.39,4.02,2,True
USG00005740,0674-DGMAQ,2026-08-28,TWR00013,166,3361.78,3.283,20,False
USG00005741,3807-BPOMJ,2026-08-28,TWR00065,82,1337.1,1.306,16,False
USG00005742,2408-PSJVE,2026-08-28,TWR00088,21,307.45,0.3,20,False
USG00005743,7435-ZNUYY,2026-08-28,TWR00033,43,513.27,0.501,4,False
USG00005744,2080-SRCDE,2026-08-28,TWR00002,54,3420.34,3.34,7,False
USG00005745,7615-ESMYF,2026-08-28,TWR00047,1,1548.62,1.512,16,False
USG00005746,1544-JJMYL,2026-08-28,TWR00034,33,1578.24,1.541,3,False
USG00005747,4430-UZIPO,2026-08-28,TWR00087,178,4006.47,3.913,22,False
USG00005748,3724-BSCVH,2026-08-28,TWR00065,115,1808.69,1.766,10,False
USG00005749,5960-MVTUK,2026-08-28,TWR00081,178,4140.23,4.043,7,False
USG00005750,3071-VBYPO,2026-08-28,TWR00052,104,426.4,0.416,12,False
USG00005751,5117-IFGPS,2026-08-28,TWR00069,67,755.54,0.738,16,False
USG00005752,9717-QEBGU,2026-08-28,TWR00092,30,1433.61,1.4,15,False
USG00005753,0831-JNISG,2026-08-28,TWR00021,139,939.14,0.917,8,False
USG00005754,8060-HIWJJ,2026-08-28,TWR00051,22,4484.34,4.379,0,True
USG00005755,6424-ELEYH,2026-08-28,TWR00075,130,3166.72,3.092,21,False
USG00005756,9970-QBCDA,2026-08-28,TWR00039,125,1370.93,1.339,19,False
USG00005757,6174-NRBTZ,2026-08-28,TWR00024,171,2991.47,2.921,4,False
USG00005758,1834-WULEG,2026-08-28,TWR00082,53,2660.65,2.598,1,False
USG00005759,9191-MYQKX,2026-08-28,TWR00090,171,454.38,0.444,4,False
USG00005760,1608-GMEWB,2026-08-28,TWR00080,133,2270.19,2.217,12,False
USG00005761,4343-EJVQB,2026-08-28,TWR00012,156,3492.25,3.41,14,False
USG00005762,8050-DVOJX,2026-08-28,TWR00024,115,920.19,0.899,6,False
USG00005763,9766-HGEDE,2026-08-28,TWR00014,110,3221.16,3.146,23,False
USG00005764,9508-ILZDG,2026-08-28,TWR00017,167,3848.09,3.758,13,False
USG00005765,3920-HIHMQ,2026-08-28,TWR00069,23,203.15,0.198,4,False
USG00005766,3744-ZRRDZ,2026-08-28,TWR00070,122,265.59,0.259,17,False
USG00005767,7410-YTJIK,2026-08-28,TWR00032,174,2809.0,2.743,13,False
USG00005768,2921-XWDJH,2026-08-28,TWR00045,180,2692.63,2.63,23,True
USG00005769,7684-XSZIY,2026-08-28,TWR00071,39,1989.56,1.943,25,False
USG00005770,3878-AVSOQ,2026-08-28,TWR00088,101,3121.21,3.048,14,False
USG00005771,0988-JRWWP,2026-08-28,TWR00061,50,539.76,0.527,17,False
USG00005772,0697-ZMSWS,2026-08-28,TWR00076,2,4157.87,4.06,25,False
USG00005773,9661-JALZV,2026-08-28,TWR00060,151,4157.2,4.06,2,False
USG00005774,9739-JLPQJ,2026-08-28,TWR00077,77,4272.14,4.172,10,False
USG00005775,7817-BOQPW,2026-08-28,TWR00005,118,3017.59,2.947,19,False
USG00005776,1448-PWKYE,2026-08-28,TWR00081,81,1854.36,1.811,22,False
USG00005777,5902-WBLSE,2026-08-28,TWR00074,22,1924.67,1.88,17,False
USG00005778,5010-IPEAQ,2026-08-28,TWR00040,44,702.43,0.686,4,False
USG00005779,7205-BAIAD,2026-08-28,TWR00021,11,3699.84,3.613,14,False
USG00005780,4361-JEIVL,2026-08-28,TWR00067,56,2218.5,2.167,22,False
USG00005781,7065-YUNRY,2026-08-28,TWR00098,61,940.13,0.918,9,False
USG00005782,6437-UDQJM,2026-08-28,TWR00090,46,898.56,0.877,23,False
USG00005783,4837-QUSFT,2026-08-28,TWR00002,55,731.2,0.714,15,True
USG00005784,4883-QICIH,2026-08-28,TWR00025,122,188.37,0.184,4,False
USG00005785,9853-JFZDU,2026-08-28,TWR00081,94,3468.67,3.387,20,False
USG00005786,2039-JONDJ,2026-08-28,TWR00031,81,2935.82,2.867,25,False
USG00005787,2034-CGRHZ,2026-08-28,TWR00030,150,832.09,0.813,4,False
USG00005788,7854-FOKSF,2026-08-28,TWR00002,68,1358.73,1.327,12,False
USG00005789,1135-LMECX,2026-08-28,TWR00070,26,3129.76,3.056,24,False
USG00005790,1996-DBMUS,2026-08-28,TWR00054,163,2080.98,2.032,14,False
USG00005791,6691-CCIHA,2026-08-28,TWR00038,72,1848.0,1.805,22,False
USG00005792,8318-LCNBW,2026-08-28,TWR00023,125,475.61,0.464,15,False
USG00005793,4847-QNOKA,2026-08-28,TWR00023,105,1543.51,1.507,0,False
USG00005794,5774-QPLTF,2026-08-28,TWR00010,161,2970.87,2.901,4,False
USG00005795,6418-HNFED,2026-08-28,TWR00055,14,69.84,0.068,25,False
USG00005796,1707-HABPF,2026-08-28,TWR00058,24,3674.0,3.588,11,False
USG00005797,5108-ADXWO,2026-08-28,TWR00098,120,1345.36,1.314,9,False
USG00005798,6244-BESBM,2026-08-28,TWR00069,155,2945.79,2.877,25,False
USG00005799,5724-BIDBU,2026-08-28,TWR00030,107,3902.73,3.811,21,False
USG00005800,8663-UPDGF,2026-08-28,TWR00044,28,3981.58,3.888,24,True
USG00005801,3192-LNKRK,2026-08-28,TWR00016,142,1207.79,1.179,11,False
USG00005802,3902-FOIGH,2026-08-28,TWR00089,66,2132.95,2.083,19,False
USG00005803,2087-QAREY,2026-08-28,TWR00027,134,4162.57,4.065,13,False
USG00005804,4010-YLMVT,2026-08-28,TWR00073,140,2088.67,2.04,14,False
USG00005805,7594-RQHXR,2026-08-28,TWR00018,24,3544.54,3.461,15,False
USG00005806,2782-LFZVW,2026-08-28,TWR00064,79,3254.67,3.178,6,False
USG00005807,3736-BLEPA,2026-08-28,TWR00031,154,1096.68,1.071,19,True
USG00005808,0504-HHAPI,2026-08-28,TWR00081,110,3570.27,3.487,2,False
USG00005809,2789-CZANW,2026-08-28,TWR00021,112,2175.44,2.124,1,False
USG00005810,5734-EJKXG,2026-08-28,TWR00070,128,1151.62,1.125,1,False
USG00005811,1017-FBQMM,2026-08-28,TWR00063,126,494.56,0.483,20,False
USG00005812,4808-YNLEU,2026-08-28,TWR00061,120,4368.91,4.267,2,False
USG00005813,0975-VOOVL,2026-08-28,TWR00098,40,397.71,0.388,13,False
USG00005814,8224-DWCKX,2026-08-28,TWR00080,169,1800.5,1.758,25,False
USG00005815,7225-IILWY,2026-08-28,TWR00088,166,3577.83,3.494,15,False
USG00005816,2632-UCGVD,2026-08-28,TWR00097,115,683.56,0.668,12,False
USG00005817,2750-BJLSB,2026-08-28,TWR00096,144,2369.15,2.314,19,False
USG00005818,0064-YIJGF,2026-08-28,TWR00013,56,3265.74,3.189,2,False
USG00005819,5553-AOINX,2026-08-28,TWR00003,23,3039.86,2.969,13,True
USG00005820,5652-MSDEY,2026-08-28,TWR00045,118,4242.63,4.143,23,False
USG00005821,5624-BQSSA,2026-08-28,TWR00035,2,2871.55,2.804,24,False
USG00005822,2882-DDZPG,2026-08-28,TWR00013,24,482.39,0.471,20,False
USG00005823,3635-QQRQD,2026-08-28,TWR00022,102,2285.8,2.232,22,False
USG00005824,6745-JEFZB,2026-08-28,TWR00085,76,1274.23,1.244,10,False
USG00005825,6584-VQMYT,2026-08-28,TWR00085,60,1025.59,1.002,7,False
USG00005826,0572-ZJKLT,2026-08-28,TWR00044,110,1120.49,1.094,23,False
USG00005827,9360-OMDZZ,2026-08-28,TWR00041,58,3940.95,3.849,6,False
USG00005828,8775-ERLNB,2026-08-28,TWR00070,109,2814.87,2.749,12,True
USG00005829,2694-CIUMO,2026-08-28,TWR00100,96,1252.25,1.223,5,False
USG00005830,3347-YJZZE,2026-08-28,TWR00033,87,439.16,0.429,2,False
USG00005831,0895-DQHEW,2026-08-28,TWR00054,138,3176.81,3.102,14,False
USG00005832,0289-IVARM,2026-08-28,TWR00025,55,775.75,0.758,17,False
USG00005833,6961-VCPMC,2026-08-28,TWR00005,15,991.37,0.968,11,False
USG00005834,0742-MOABM,2026-08-28,TWR00039,86,3828.41,3.739,5,False
USG00005835,0263-FJTQO,2026-08-28,TWR00046,15,3834.57,3.745,22,True
USG00005836,1241-EZFMJ,2026-08-28,TWR00024,91,3760.06,3.672,20,False
USG00005837,0142-GVYSN,2026-08-28,TWR00027,174,1372.37,1.34,4,False
USG00005838,5762-TJXGK,2026-08-28,TWR00049,143,3667.62,3.582,22,True
USG00005839,2885-HIJDH,2026-08-28,TWR00037,163,1880.48,1.836,20,False
USG00005840,4049-ZPALD,2026-08-28,TWR00056,164,2549.34,2.49,20,True
USG00005841,5405-ZMYXQ,2026-08-28,TWR00039,154,1379.24,1.347,4,False
USG00005842,3709-OIJEA,2026-08-28,TWR00075,162,2753.3,2.689,8,True
USG00005843,3845-FXCYS,2026-08-28,TWR00095,105,1834.26,1.791,3,False
USG00005844,0235-KGSLC,2026-08-28,TWR00026,6,4303.56,4.203,12,False
USG00005845,0374-AACSZ,2026-08-28,TWR00060,47,2950.43,2.881,21,False
USG00005846,0899-LIIBW,2026-08-28,TWR00041,166,2005.78,1.959,19,False
USG00005847,6890-PFRQX,2026-08-28,TWR00045,50,4123.28,4.027,8,False
USG00005848,0961-ZWLVI,2026-08-28,TWR00050,42,488.6,0.477,23,False
USG00005849,3722-WPXTK,2026-08-28,TWR00034,156,3130.59,3.057,2,False
USG00005850,6646-QVXLR,2026-08-28,TWR00020,6,3061.71,2.99,12,False
USG00005851,4451-RWASJ,2026-08-28,TWR00099,34,1357.99,1.326,22,False
USG00005852,4636-OLWOE,2026-08-28,TWR00031,106,366.65,0.358,16,False
USG00005853,7255-SSFBC,2026-08-28,TWR00014,137,551.15,0.538,3,False
USG00005854,6198-ZFIOJ,2026-08-28,TWR00099,74,4013.22,3.919,22,False
USG00005855,3620-MWJNE,2026-08-28,TWR00067,13,3606.72,3.522,4,False
USG00005856,2446-PLQVO,2026-08-28,TWR00074,48,4354.17,4.252,2,False
USG00005857,5567-GZKQY,2026-08-28,TWR00063,141,845.33,0.826,19,False
USG00005858,7851-WZEKY,2026-08-28,TWR00089,73,3867.65,3.777,6,False
USG00005859,8029-XYPWT,2026-08-28,TWR00047,113,4228.71,4.13,6,False
USG00005860,7625-XCQRH,2026-08-28,TWR00070,132,1038.4,1.014,13,False
USG00005861,4973-RLZVI,2026-08-28,TWR00048,60,2080.21,2.031,11,False
USG00005862,8201-AAXCB,2026-08-28,TWR00082,37,3120.55,3.047,0,False
USG00005863,2038-LLMLM,2026-08-28,TWR00053,29,4447.15,4.343,7,False
USG00005864,7250-EQKIY,2026-08-28,TWR00044,157,2482.84,2.425,9,False
USG00005865,7089-RKVSZ,2026-08-28,TWR00076,100,1723.41,1.683,16,False
USG00005866,0345-HKJVM,2026-08-28,TWR00038,173,1349.67,1.318,3,False
USG00005867,3038-PQIUY,2026-08-28,TWR00015,143,1460.67,1.426,15,False
USG00005868,5811-IWXYM,2026-08-28,TWR00021,99,2613.58,2.552,4,False
USG00005869,1561-BWHIN,2026-08-28,TWR00033,112,2469.87,2.412,21,True
USG00005870,0082-LDZUE,2026-08-28,TWR00099,100,2698.11,2.635,24,False
USG00005871,5099-BAILX,2026-08-28,TWR00089,47,3737.1,3.65,17,False
USG00005872,1816-FLZDK,2026-08-28,TWR00027,165,1728.4,1.688,17,False
USG00005873,4074-SJFFA,2026-08-28,TWR00087,176,510.26,0.498,6,True
USG00005874,8406-LNMHF,2026-08-28,TWR00027,113,1475.55,1.441,5,False
USG00005875,6408-OTUBZ,2026-08-28,TWR00003,69,2546.95,2.487,10,False
USG00005876,4137-JOPHL,2026-08-28,TWR00091,54,891.69,0.871,23,False
USG00005877,8344-WFMFH,2026-08-28,TWR00042,120,3012.81,2.942,18,False
USG00005878,0164-XAIRP,2026-08-28,TWR00042,37,148.47,0.145,6,False
USG00005879,5820-PTRYM,2026-08-28,TWR00038,97,2286.25,2.233,2,False
USG00005880,1596-BBVTG,2026-08-28,TWR00028,148,3858.73,3.768,7,False
USG00005881,9150-KPBJQ,2026-08-28,TWR00045,63,3837.78,3.748,20,False
USG00005882,7688-AWMDX,2026-08-28,TWR00034,84,4381.81,4.279,24,False
USG00005883,2260-USTRB,2026-08-28,TWR00078,138,1395.16,1.362,20,False
USG00005884,5141-ZUVBH,2026-08-28,TWR00036,60,3615.22,3.53,10,False
USG00005885,0221-NAUXK,2026-08-28,TWR00064,155,2451.1,2.394,3,True
USG00005886,5701-GUXDC,2026-08-28,TWR00064,103,4337.1,4.235,16,False
USG00005887,2225-ZRGSG,2026-08-28,TWR00075,98,780.73,0.762,5,True
USG00005888,6543-JXSOO,2026-08-28,TWR00087,40,4174.1,4.076,1,False
USG00005889,8792-AOROI,2026-08-28,TWR00038,8,2491.91,2.434,5,False
USG00005890,5916-QEWPT,2026-08-28,TWR00014,137,1194.15,1.166,15,False
USG00005891,3115-JPJDD,2026-08-28,TWR00063,59,2438.35,2.381,18,False
USG00005892,2400-FEQME,2026-08-28,TWR00043,26,1766.77,1.725,16,False
USG00005893,0201-OAMXR,2026-08-28,TWR00015,10,1855.86,1.812,18,False
USG00005894,7469-LKBCI,2026-08-28,TWR00099,45,3396.72,3.317,18,False
USG00005895,8660-BUETV,2026-08-28,TWR00043,174,423.15,0.413,16,False
USG00005896,5474-LAMUQ,2026-08-28,TWR00089,73,3194.6,3.12,21,False
USG00005897,6845-RGTYS,2026-08-28,TWR00012,97,3619.9,3.535,17,False
USG00005898,3672-YITQD,2026-08-28,TWR00061,15,623.28,0.609,23,False
USG00005899,0634-SZPQA,2026-08-28,TWR00034,30,4468.09,4.363,6,False
USG00005900,4741-WWJQZ,2026-08-28,TWR00005,59,97.51,0.095,11,False
USG00005901,1965-DDBWU,2026-08-28,TWR00088,155,1578.71,1.542,1,False
USG00005902,0812-WUPTB,2026-08-28,TWR00021,84,988.23,0.965,3,False
USG00005903,8067-NIOYM,2026-08-28,TWR00054,47,4136.45,4.04,10,False
USG00005904,4628-WQCQQ,2026-08-28,TWR00069,160,693.43,0.677,2,False
USG00005905,8751-EDEKA,2026-08-28,TWR00076,2,594.36,0.58,22,False
USG00005906,6993-OHLXR,2026-08-28,TWR00080,10,3493.51,3.412,15,False
USG00005907,9619-GSATL,2026-08-28,TWR00032,130,4293.59,4.193,4,False
USG00005908,3307-TLCUD,2026-08-28,TWR00087,117,1676.96,1.638,9,False
USG00005909,6114-TCFID,2026-08-28,TWR00081,169,4361.5,4.259,24,False
USG00005910,5135-GRQJV,2026-08-28,TWR00013,40,3797.2,3.708,22,False
USG00005911,8606-CIQUL,2026-08-28,TWR00050,67,1850.32,1.807,15,False
USG00005912,6508-NJYRO,2026-08-28,TWR00078,104,2770.73,2.706,5,False
USG00005913,3318-OSATS,2026-08-28,TWR00068,146,116.73,0.114,24,False
USG00005914,9070-BCKQP,2026-08-28,TWR00060,44,1202.98,1.175,10,False
USG00005915,8668-KNZTI,2026-08-28,TWR00038,89,1824.74,1.782,17,False
USG00005916,4770-UEZOX,2026-08-28,TWR00051,80,2865.58,2.798,0,False
USG00005917,7883-ROJOC,2026-08-28,TWR00061,167,3071.71,3.0,13,False
USG00005918,7147-AYBAA,2026-08-28,TWR00044,75,4128.34,4.032,18,True
USG00005919,1930-QPBVZ,2026-08-28,TWR00046,99,4352.27,4.25,10,False
USG00005920,0266-GMEAO,2026-08-28,TWR00016,102,592.27,0.578,4,False
USG00005921,8144-DGHXP,2026-08-28,TWR00056,113,3573.86,3.49,22,False
USG00005922,8286-AFUYI,2026-08-28,TWR00074,75,4298.82,4.198,24,False
USG00005923,1465-LNTLJ,2026-08-28,TWR00054,151,1085.74,1.06,0,True
USG00005924,9173-IVZVP,2026-08-28,TWR00076,54,319.02,0.312,9,False
USG00005925,7253-UVNDW,2026-08-28,TWR00069,28,2214.59,2.163,25,False
USG00005926,9430-NKQLY,2026-08-28,TWR00026,139,2426.47,2.37,6,False
USG00005927,0480-BIXDE,2026-08-28,TWR00006,74,2053.68,2.006,5,True
USG00005928,1850-AKQEP,2026-08-28,TWR00078,133,3346.24,3.268,17,True
USG00005929,5133-VRSAB,2026-08-28,TWR00041,122,2664.8,2.602,4,False
USG00005930,9741-YLNTD,2026-08-28,TWR00025,121,4440.67,4.337,0,False
USG00005931,1057-FOGLZ,2026-08-28,TWR00046,90,1500.11,1.465,19,False
USG00005932,4791-QRGMF,2026-08-28,TWR00022,111,140.18,0.137,14,False
USG00005933,7013-PSXHK,2026-08-28,TWR00066,30,2942.02,2.873,14,False
USG00005934,0988-AADSA,2026-08-28,TWR00015,64,3110.55,3.038,1,False
USG00005935,8261-GWDBQ,2026-08-28,TWR00005,159,2299.22,2.245,9,False
USG00005936,9609-BENEA,2026-08-28,TWR00042,24,4272.81,4.173,1,False
USG00005937,2606-RMDHZ,2026-08-28,TWR00003,9,4426.39,4.323,7,False
USG00005938,4815-TUMEQ,2026-08-28,TWR00055,84,623.93,0.609,21,False
USG00005939,2233-TXSIU,2026-08-28,TWR00020,118,1114.42,1.088,5,False
USG00005940,0946-CLJTI,2026-08-28,TWR00079,171,894.61,0.874,16,False
USG00005941,9424-CMPOG,2026-08-28,TWR00034,109,1481.82,1.447,23,True
USG00005942,5622-UEJFI,2026-08-28,TWR00069,22,3025.08,2.954,8,False
USG00005943,0454-OKRCT,2026-08-28,TWR00082,168,1980.58,1.934,0,True
USG00005944,6048-UWKAL,2026-08-28,TWR00053,28,4032.14,3.938,12,False
USG00005945,3132-TVFDZ,2026-08-28,TWR00059,95,2783.14,2.718,6,False
USG00005946,1415-YFWLT,2026-08-28,TWR00078,100,1385.22,1.353,20,False
USG00005947,9593-CVZKR,2026-08-28,TWR00091,97,4045.41,3.951,12,False
USG00005948,5307-DZCVC,2026-08-28,TWR00083,140,1979.35,1.933,13,False
USG00005949,5846-ABOBJ,2026-08-28,TWR00013,133,2470.61,2.413,18,False
USG00005950,3967-VQOGC,2026-08-28,TWR00095,12,3003.03,2.933,24,False
USG00005951,8073-IJDCM,2026-08-28,TWR00020,11,3629.09,3.544,0,False
USG00005952,1728-CXQBE,2026-08-28,TWR00063,113,1026.05,1.002,20,False
USG00005953,7101-HRBLJ,2026-08-28,TWR00040,87,1042.79,1.018,3,False
USG00005954,2382-BCKQJ,2026-08-28,TWR00100,92,3042.5,2.971,13,False
USG00005955,8125-QPFJD,2026-08-28,TWR00050,125,1122.82,1.097,4,False
USG00005956,4373-MAVJG,2026-08-28,TWR00045,78,3740.63,3.653,8,False
USG00005957,6253-GNHWH,2026-08-28,TWR00067,118,600.91,0.587,11,False
USG00005958,1448-CYWKC,2026-08-28,TWR00005,180,2350.37,2.295,15,False
USG00005959,1226-UDFZR,2026-08-28,TWR00075,167,4312.65,4.212,17,False
USG00005960,5044-XDPYX,2026-08-28,TWR00017,13,3740.22,3.653,0,False
USG00005961,7964-VEXDG,2026-08-28,TWR00038,24,1572.51,1.536,1,False
USG00005962,4947-DSMXK,2026-08-28,TWR00045,16,3460.08,3.379,15,False
USG00005963,2357-COQEK,2026-08-28,TWR00010,108,140.5,0.137,17,False
USG00005964,3714-NTNFO,2026-08-28,TWR00010,113,967.46,0.945,25,False
USG00005965,1153-GNOLC,2026-08-28,TWR00054,164,4006.85,3.913,8,False
USG00005966,3936-QQFLL,2026-08-28,TWR00014,139,818.65,0.799,0,False
USG00005967,8652-YHIYU,2026-08-28,TWR00100,27,1074.27,1.049,1,True
USG00005968,9052-DHNKM,2026-08-28,TWR00045,148,2987.0,2.917,1,False
USG00005969,7577-SWIFR,2026-08-28,TWR00022,35,1290.87,1.261,4,False
USG00005970,0804-YGEQV,2026-08-28,TWR00038,71,1130.8,1.104,19,False
USG00005971,8225-BTJAU,2026-08-28,TWR00016,37,801.36,0.783,18,False
USG00005972,6711-VTNRE,2026-08-28,TWR00074,43,2343.67,2.289,2,False
USG00005973,7969-AULMZ,2026-08-28,TWR00070,51,1184.41,1.157,12,False
USG00005974,1257-SXUXQ,2026-08-28,TWR00032,156,3028.06,2.957,11,False
USG00005975,1839-UMACK,2026-08-28,TWR00100,111,2078.42,2.03,18,False
USG00005976,5119-NZPTV,2026-08-28,TWR00071,35,452.91,0.442,24,False
USG00005977,4020-KIUDI,2026-08-28,TWR00032,52,1070.5,1.045,6,False
USG00005978,0114-IGABW,2026-08-28,TWR00034,159,359.86,0.351,8,False
USG00005979,0722-SVSFK,2026-08-28,TWR00076,48,1547.08,1.511,6,False
USG00005980,4641-FROLU,2026-08-28,TWR00042,82,894.4,0.873,25,False
USG00005981,2359-QWQUL,2026-08-28,TWR00048,146,846.59,0.827,21,False
USG00005982,7912-SYRQT,2026-08-28,TWR00002,38,1823.01,1.78,6,False
USG00005983,2075-RMJIK,2026-08-28,TWR00001,80,4322.9,4.222,13,False
USG00005984,9938-PRCVK,2026-08-28,TWR00068,39,3325.37,3.247,17,True
USG00005985,3400-ESFUW,2026-08-28,TWR00016,144,3278.59,3.202,8,False
USG00005986,5914-DVBWJ,2026-08-28,TWR00098,48,3274.84,3.198,23,False
USG00005987,8048-DSDFQ,2026-08-28,TWR00087,1,2995.85,2.926,2,False
USG00005988,9174-FKWZE,2026-08-28,TWR00079,59,2751.91,2.687,11,False
USG00005989,0968-GSIKN,2026-08-28,TWR00099,135,245.77,0.24,25,False
USG00005990,9917-KWRBE,2026-08-28,TWR00048,117,1879.3,1.835,17,False
USG00005991,6017-PPLPX,2026-08-28,TWR00002,7,793.83,0.775,9,False
USG00005992,0218-QNVAS,2026-08-28,TWR00005,105,3798.54,3.71,14,False
USG00005993,0691-JVSYA,2026-08-28,TWR00011,178,3694.89,3.608,8,False
USG00005994,5356-RHIPP,2026-08-28,TWR00086,78,3762.78,3.675,7,False
USG00005995,6618-RYATB,2026-08-28,TWR00035,62,636.97,0.622,23,False
USG00005996,4390-KYULV,2026-08-28,TWR00021,171,3963.16,3.87,18,False
USG00005997,5127-BZENZ,2026-08-28,TWR00008,60,3813.57,3.724,4,False
USG00005998,3841-NFECX,2026-08-28,TWR00056,146,1767.13,1.726,12,False
USG00005999,5229-PRWKT,2026-08-28,TWR00022,180,3284.34,3.207,23,False
USG00006000,3750-RNQKR,2026-08-28,TWR00016,176,3798.48,3.709,9,False
USG00006001,9297-FVVDH,2026-08-28,TWR00061,30,791.02,0.772,2,False
USG00006002,8659-IOOPU,2026-08-28,TWR00008,90,2278.29,2.225,9,False
USG00006003,5857-TYBCJ,2026-08-28,TWR00048,169,746.94,0.729,0,False
USG00006004,2789-HQBOU,2026-08-28,TWR00071,2,2312.48,2.258,3,False
USG00006005,1328-EUZHC,2026-08-28,TWR00059,170,1438.44,1.405,15,False
USG00006006,8108-UXRQN,2026-08-28,TWR00034,152,624.59,0.61,0,False
USG00006007,3274-NSDWE,2026-08-28,TWR00005,63,3903.02,3.812,15,False
USG00006008,6481-ESCNL,2026-08-28,TWR00038,12,2121.99,2.072,14,False
USG00006009,1347-KTTTA,2026-08-28,TWR00008,26,1556.35,1.52,2,False
USG00006010,7925-PNRGI,2026-08-28,TWR00042,70,1862.21,1.819,24,False
USG00006011,9362-MWODR,2026-08-28,TWR00045,108,3383.27,3.304,8,True
USG00006012,0118-JPNOY,2026-08-28,TWR00003,176,314.98,0.308,18,False
USG00006013,3545-CNWRG,2026-08-28,TWR00093,98,1947.02,1.901,21,True
USG00006014,1925-TIBLE,2026-08-28,TWR00065,28,3851.27,3.761,4,True
USG00006015,3810-DVDQQ,2026-08-28,TWR00022,96,2412.39,2.356,1,False
USG00006016,1600-DILPE,2026-08-28,TWR00083,19,3179.56,3.105,10,False
USG00006017,3648-GZPHF,2026-08-28,TWR00087,142,4178.24,4.08,8,False
USG00006018,0733-VUNUW,2026-08-28,TWR00076,1,4172.98,4.075,18,False
USG00006019,8597-CTXVJ,2026-08-28,TWR00031,138,4196.16,4.098,7,False
USG00006020,6317-YPKDH,2026-08-28,TWR00078,120,4124.73,4.028,9,False
USG00006021,9746-MDMBK,2026-08-28,TWR00073,40,1788.17,1.746,24,False
USG00006022,3891-NLXJB,2026-08-28,TWR00022,176,2933.85,2.865,4,False
USG00006023,5018-HEKFO,2026-08-28,TWR00082,146,1913.67,1.869,17,False
USG00006024,6993-YCOBK,2026-08-28,TWR00017,1,3261.54,3.185,16,False
USG00006025,4781-ZXYGU,2026-08-28,TWR00075,166,4469.78,4.365,13,False
USG00006026,8631-XVRZL,2026-08-28,TWR00020,153,3791.87,3.703,12,False
USG00006027,1157-BQCUW,2026-08-28,TWR00093,167,1750.71,1.71,16,False
USG00006028,3458-IDMFK,2026-08-28,TWR00096,145,3687.53,3.601,8,False
USG00006029,5565-FILXA,2026-08-28,TWR00013,56,2419.22,2.363,10,True
USG00006030,8087-LGYHQ,2026-08-28,TWR00095,49,1473.83,1.439,25,False
USG00006031,7426-WEIJX,2026-08-28,TWR00003,69,78.3,0.076,3,False
USG00006032,5527-ACHSO,2026-08-28,TWR00099,177,2442.08,2.385,19,False
USG00006033,7876-DNYAP,2026-08-28,TWR00097,150,2907.27,2.839,17,False
USG00006034,9504-YAZWB,2026-08-28,TWR00076,7,3984.86,3.891,7,False
USG00006035,5084-OOVCJ,2026-08-28,TWR00086,36,2003.5,1.957,9,True
USG00006036,8705-DWKTI,2026-08-28,TWR00009,136,1964.47,1.918,9,True
USG00006037,5649-TJHOV,2026-08-28,TWR00030,150,1527.33,1.492,22,False
USG00006038,7994-XIRTR,2026-08-28,TWR00081,84,2984.74,2.915,25,False
USG00006039,8570-KLJYJ,2026-08-28,TWR00040,47,2065.22,2.017,16,False
USG00006040,6746-WAUWT,2026-08-28,TWR00010,17,1285.43,1.255,25,False
USG00006041,2272-QAGFO,2026-08-28,TWR00081,177,2049.39,2.001,12,False
USG00006042,5550-VFRLC,2026-08-28,TWR00023,107,2365.62,2.31,18,True
USG00006043,7621-VPNET,2026-08-28,TWR00002,158,3869.93,3.779,6,True
USG00006044,3259-QMXUN,2026-08-28,TWR00065,143,2894.6,2.827,12,False
USG00006045,4682-BLBUC,2026-08-28,TWR00006,59,1798.22,1.756,4,False
USG00006046,4547-KQRTM,2026-08-28,TWR00063,138,1437.57,1.404,9,False
USG00006047,2996-XAUVF,2026-08-28,TWR00039,88,2867.47,2.8,21,False
USG00006048,3963-RYFNS,2026-08-28,TWR00032,84,910.9,0.89,0,False
USG00006049,2977-CEBSX,2026-08-28,TWR00011,80,3726.97,3.64,13,False
USG00006050,0376-YMCJC,2026-08-28,TWR00071,119,458.45,0.448,10,False
USG00006051,4654-DLAMQ,2026-08-28,TWR00003,70,2162.61,2.112,12,False
USG00006052,2625-TRCZQ,2026-08-28,TWR00060,22,749.7,0.732,16,False
USG00006053,0772-GYEQQ,2026-08-28,TWR00038,172,326.32,0.319,5,True
USG00006054,8562-GHPPI,2026-08-28,TWR00059,113,567.25,0.554,9,False
USG00006055,0685-MLYYM,2026-08-28,TWR00069,39,961.8,0.939,18,False
USG00006056,2946-KIQSP,2026-08-28,TWR00042,0,1868.46,1.825,16,False
USG00006057,4484-GLZOU,2026-08-28,TWR00018,57,868.58,0.848,14,False
USG00006058,8670-MEFCP,2026-08-28,TWR00002,50,795.8,0.777,19,False
USG00006059,1621-YNCJH,2026-08-28,TWR00008,108,2419.74,2.363,7,False
USG00006060,3329-WDIOK,2026-08-28,TWR00065,174,564.04,0.551,20,False
USG00006061,9018-PCIOK,2026-08-28,TWR00057,98,2609.33,2.548,20,False
USG00006062,0871-OPBXW,2026-08-28,TWR00084,157,2323.45,2.269,2,False
USG00006063,9435-JMLSX,2026-08-28,TWR00015,179,3190.96,3.116,6,True
USG00006064,5173-ZXXXL,2026-08-28,TWR00086,166,2232.61,2.18,20,False
USG00006065,6368-TZZDT,2026-08-28,TWR00016,128,1771.93,1.73,6,False
USG00006066,8819-WFGGJ,2026-08-28,TWR00063,174,2452.6,2.395,8,False
USG00006067,8262-COGGB,2026-08-28,TWR00098,84,3042.82,2.972,2,False
USG00006068,6952-OMNWB,2026-08-28,TWR00016,31,641.83,0.627,25,False
USG00006069,8421-WZOOW,2026-08-28,TWR00085,156,2303.41,2.249,2,False
USG00006070,3134-DSHVC,2026-08-28,TWR00060,77,2404.57,2.348,25,False
USG00006071,2712-SYWAY,2026-08-28,TWR00056,76,4074.37,3.979,0,False
USG00006072,1971-DTCZB,2026-08-28,TWR00061,8,3424.17,3.344,14,False
USG00006073,1346-PJWTK,2026-08-28,TWR00005,175,3591.03,3.507,3,False
USG00006074,1195-OIYEJ,2026-08-28,TWR00042,82,2873.95,2.807,24,False
USG00006075,4909-JOUPP,2026-08-28,TWR00010,109,4382.57,4.28,18,False
USG00006076,2254-DLXRI,2026-08-28,TWR00043,64,4343.33,4.242,19,False
USG00006077,3717-OFRTN,2026-08-28,TWR00098,164,4199.21,4.101,15,False
USG00006078,2908-ZTPNF,2026-08-28,TWR00038,36,1309.5,1.279,14,False
USG00006079,0793-TWELN,2026-08-28,TWR00007,103,4217.63,4.119,2,True
USG00006080,9507-EXLTT,2026-08-28,TWR00100,125,4022.53,3.928,17,False
USG00006081,5515-AKOAJ,2026-08-28,TWR00098,32,2199.81,2.148,23,False
USG00006082,3162-ZJZFU,2026-08-28,TWR00097,20,4327.84,4.226,16,False
USG00006083,3768-NLUBH,2026-08-28,TWR00014,5,1436.78,1.403,5,True
USG00006084,8896-RAZCR,2026-08-28,TWR00074,72,102.29,0.1,3,False
USG00006085,3627-FCRDW,2026-08-28,TWR00036,86,2192.33,2.141,14,False
USG00006086,7596-ZYWBB,2026-08-28,TWR00008,165,3825.41,3.736,15,False
USG00006087,9467-ROOLM,2026-08-28,TWR00020,122,2974.26,2.905,6,False
USG00006088,8158-WPEZG,2026-08-28,TWR00090,52,3280.61,3.204,12,False
USG00006089,2886-KEFUM,2026-08-28,TWR00098,70,246.63,0.241,16,False
USG00006090,9640-ZSLDC,2026-08-28,TWR00066,129,2432.57,2.376,24,True
USG00006091,7821-DPRQE,2026-08-28,TWR00007,177,57.83,0.056,20,False
USG00006092,7083-MIOPC,2026-08-28,TWR00043,20,3600.4,3.516,3,False
USG00006093,5671-UUNXD,2026-08-28,TWR00038,22,1407.98,1.375,20,False
USG00006094,6434-TTGJP,2026-08-28,TWR00073,101,3920.01,3.828,11,False
USG00006095,6960-HVYXR,2026-08-28,TWR00033,161,4249.57,4.15,20,False
USG00006096,1237-WIYYZ,2026-08-28,TWR00083,23,2807.79,2.742,0,False
USG00006097,4795-WRNVT,2026-08-28,TWR00060,116,2827.39,2.761,20,False
USG00006098,4139-JPIAM,2026-08-28,TWR00012,28,2306.39,2.252,19,True
USG00006099,7599-FKVXZ,2026-08-28,TWR00081,167,197.93,0.193,2,False
USG00006100,7980-MHFLQ,2026-08-28,TWR00094,154,3656.51,3.571,4,False
USG00006101,0214-JHPFW,2026-08-28,TWR00016,180,841.49,0.822,11,False
USG00006102,7550-WIQVA,2026-08-28,TWR00007,140,1604.31,1.567,20,False
USG00006103,2868-SNELZ,2026-08-28,TWR00024,70,1471.34,1.437,19,False
USG00006104,1915-OAKWD,2026-08-28,TWR00099,47,4125.22,4.029,11,False
USG00006105,4905-JEFDW,2026-08-28,TWR00084,67,1618.21,1.58,5,False
USG00006106,3557-HTYWR,2026-08-28,TWR00082,119,2935.52,2.867,1,False
USG00006107,2232-DMLXU,2026-08-28,TWR00034,114,1561.01,1.524,21,False
USG00006108,9818-XQCUV,2026-08-28,TWR00047,155,3630.51,3.545,11,False
USG00006109,3429-IFLEM,2026-08-28,TWR00011,169,2970.19,2.901,19,False
USG00006110,3814-MLAXC,2026-08-28,TWR00055,116,2496.96,2.438,21,False
USG00006111,1622-HSHSF,2026-08-28,TWR00005,95,1000.54,0.977,25,True
USG00006112,6770-UAYGJ,2026-08-28,TWR00075,5,726.71,0.71,4,False
USG00006113,6261-LHRTG,2026-08-28,TWR00049,91,489.69,0.478,2,False
USG00006114,1345-GKDZZ,2026-08-28,TWR00041,58,3214.86,3.14,7,False
USG00006115,2773-MADBQ,2026-08-28,TWR00042,174,2790.55,2.725,15,False
USG00006116,7614-QVWQL,2026-08-28,TWR00093,42,1117.42,1.091,3,False
USG00006117,4707-YNOQA,2026-08-28,TWR00084,151,630.35,0.616,4,True
USG00006118,0484-JPBRU,2026-08-28,TWR00030,137,4025.33,3.931,1,False
USG00006119,8327-LZKAS,2026-08-28,TWR00002,108,768.18,0.75,11,False
USG00006120,2369-UAPKZ,2026-08-28,TWR00015,131,3668.02,3.582,9,False
USG00006121,6248-TKCQV,2026-08-28,TWR00043,76,3666.35,3.58,4,False
USG00006122,0440-MOGPM,2026-08-28,TWR00071,141,3836.01,3.746,13,False
USG00006123,7109-CQYUZ,2026-08-28,TWR00063,171,458.19,0.447,25,False
USG00006124,3045-XETSH,2026-08-28,TWR00050,97,833.87,0.814,1,False
USG00006125,2364-UFROM,2026-08-28,TWR00024,78,1192.02,1.164,22,False
USG00006126,5940-AHUHD,2026-08-28,TWR00035,70,3166.09,3.092,21,False
USG00006127,3030-ZKIWL,2026-08-28,TWR00023,45,2042.98,1.995,16,False
USG00006128,9992-UJOEL,2026-08-28,TWR00033,91,1629.06,1.591,4,True
USG00006129,0397-GZBBC,2026-08-28,TWR00057,84,1045.94,1.021,7,False
USG00006130,2235-DWLJU,2026-08-28,TWR00053,114,2161.51,2.111,25,False
USG00006131,9170-ARBTB,2026-08-28,TWR00093,5,4155.44,4.058,6,False
USG00006132,6603-QWSPR,2026-08-28,TWR00065,99,3632.94,3.548,13,False
USG00006133,9861-PDSZP,2026-08-28,TWR00010,25,4054.13,3.959,11,True
USG00006134,6286-ZHAOK,2026-08-28,TWR00076,170,3718.19,3.631,23,False
USG00006135,5804-LEPIM,2026-08-28,TWR00095,44,1898.58,1.854,13,False
USG00006136,7312-XSBAT,2026-08-28,TWR00023,72,1614.14,1.576,18,False
USG00006137,7277-OZCGZ,2026-08-28,TWR00094,102,3008.56,2.938,17,False
USG00006138,4011-ARPHK,2026-08-28,TWR00043,57,3113.26,3.04,9,False
USG00006139,9254-RBFON,2026-08-28,TWR00011,10,2750.73,2.686,22,False
USG00006140,7601-DHFWZ,2026-08-28,TWR00074,64,2204.34,2.153,2,False
USG00006141,0396-YCHWO,2026-08-28,TWR00039,154,80.99,0.079,3,False
USG00006142,0244-LGNFY,2026-08-28,TWR00068,137,1754.83,1.714,21,False
USG00006143,6685-GBWJZ,2026-08-28,TWR00064,92,876.08,0.856,22,False
USG00006144,1133-KXCGE,2026-08-28,TWR00094,164,3846.83,3.757,10,False
USG00006145,3946-MHCZW,2026-08-28,TWR00091,139,3499.09,3.417,4,False
USG00006146,7610-TVOPG,2026-08-28,TWR00015,67,3695.28,3.609,4,False
USG00006147,4827-LTQRJ,2026-08-28,TWR00089,81,4311.77,4.211,21,False
USG00006148,8465-SBRXP,2026-08-28,TWR00098,150,4083.14,3.987,21,False
USG00006149,8816-VXNZD,2026-08-28,TWR00042,126,2583.97,2.523,21,False
USG00006150,9058-HRZSV,2026-08-28,TWR00053,136,1635.31,1.597,12,False
USG00006151,5016-LIPDW,2026-08-28,TWR00097,143,3556.94,3.474,10,False
USG00006152,6458-CYIDZ,2026-08-28,TWR00004,0,3938.23,3.846,1,False
USG00006153,7129-ACFOG,2026-08-28,TWR00088,114,93.16,0.091,10,False
USG00006154,0436-TWFFZ,2026-08-28,TWR00085,61,3215.68,3.14,15,False
USG00006155,4897-QSUYC,2026-08-28,TWR00050,14,1667.06,1.628,16,False
USG00006156,3011-WQKSZ,2026-08-28,TWR00090,60,782.88,0.765,8,True
USG00006157,2667-WYLWJ,2026-08-28,TWR00089,123,3806.58,3.717,0,False
USG00006158,0869-PAPRP,2026-08-28,TWR00059,48,1565.0,1.528,11,False
USG00006159,9046-DQMTP,2026-08-28,TWR00007,21,2012.15,1.965,2,True
USG00006160,2235-ZGKPT,2026-08-28,TWR00067,21,73.34,0.072,10,False
USG00006161,4145-UQXUQ,2026-08-28,TWR00066,34,102.87,0.1,14,False
USG00006162,8722-PRFDV,2026-08-28,TWR00076,107,3872.44,3.782,17,False
USG00006163,0369-ZGOVK,2026-08-28,TWR00037,47,597.45,0.583,5,False
USG00006164,4877-EVATK,2026-08-28,TWR00074,69,3733.65,3.646,22,False
USG00006165,7758-XKCBS,2026-08-28,TWR00086,87,1794.22,1.752,10,False
USG00006166,2775-SEFEE,2026-08-28,TWR00092,102,62.37,0.061,11,False
USG00006167,4250-ZBWLV,2026-08-28,TWR00080,29,2157.78,2.107,13,False
USG00006168,6013-BHCAW,2026-08-28,TWR00093,22,1056.42,1.032,2,False
USG00006169,2931-SVLTV,2026-08-28,TWR00019,149,1110.82,1.085,6,False
USG00006170,6563-VNPMN,2026-08-28,TWR00078,68,2093.23,2.044,5,False
USG00006171,7293-LSCDV,2026-08-28,TWR00052,17,4451.46,4.347,11,False
USG00006172,2460-FPSYH,2026-08-28,TWR00044,121,3357.13,3.278,13,False
USG00006173,2716-GFZOR,2026-08-28,TWR00027,46,1606.31,1.569,8,False
USG00006174,2469-DTSGX,2026-08-28,TWR00070,180,3932.63,3.84,4,False
USG00006175,4890-VMUAV,2026-08-28,TWR00030,18,2043.17,1.995,12,True
USG00006176,3137-NYQQI,2026-08-28,TWR00052,70,2838.3,2.772,25,False
USG00006177,8194-PEEBY,2026-08-28,TWR00099,73,2591.1,2.53,9,False
USG00006178,2055-BFOCC,2026-08-28,TWR00057,140,3811.54,3.722,13,False
USG00006179,9526-BIHHD,2026-08-28,TWR00097,39,4276.1,4.176,10,False
USG00006180,9256-JTBNZ,2026-08-28,TWR00049,173,1487.67,1.453,17,False
USG00006181,1042-HFUCW,2026-08-28,TWR00077,111,3359.31,3.281,3,False
USG00006182,2675-DHUTR,2026-08-28,TWR00007,39,821.65,0.802,9,False
USG00006183,2202-CUYXZ,2026-08-28,TWR00054,140,224.25,0.219,3,False
USG00006184,8849-GYOKR,2026-08-28,TWR00018,175,3173.69,3.099,12,False
USG00006185,5693-PIPCS,2026-08-28,TWR00091,123,2749.6,2.685,23,False
USG00006186,9313-CDOGY,2026-08-28,TWR00024,23,2972.21,2.903,2,False
USG00006187,6519-ZHPXP,2026-08-28,TWR00098,102,2332.54,2.278,10,False
USG00006188,9334-GWGOW,2026-08-28,TWR00077,45,2959.86,2.89,10,False
USG00006189,2133-TSRRM,2026-08-28,TWR00044,88,4368.17,4.266,8,False
USG00006190,9795-SHUHB,2026-08-28,TWR00097,53,3393.75,3.314,15,False
USG00006191,5747-PMBSQ,2026-08-28,TWR00057,111,4281.84,4.181,22,False
USG00006192,2024-BASKD,2026-08-28,TWR00016,5,3257.66,3.181,17,False
USG00006193,1945-XISKS,2026-08-28,TWR00094,163,3276.29,3.2,24,False
USG00006194,8387-MOJJT,2026-08-28,TWR00001,54,1815.22,1.773,19,False
USG00006195,5248-KWLAR,2026-08-28,TWR00054,177,3623.43,3.539,14,False
USG00006196,8749-TZYEC,2026-08-28,TWR00038,84,3902.88,3.811,5,False
USG00006197,7595-EUIVN,2026-08-28,TWR00032,152,1031.18,1.007,5,False
USG00006198,8915-NNTRC,2026-08-28,TWR00046,110,507.64,0.496,0,False
USG00006199,5928-QLDHB,2026-08-28,TWR00049,175,4266.88,4.167,2,False
USG00006200,1386-ZIKUV,2026-08-28,TWR00068,152,4406.92,4.304,13,True
USG00006201,0670-ANMUU,2026-08-28,TWR00031,34,4270.76,4.171,16,False
USG00006202,7892-POOKP,2026-08-28,TWR00079,128,424.09,0.414,16,False
USG00006203,9625-QNLUX,2026-08-28,TWR00062,66,4384.43,4.282,9,True
USG00006204,7956-XQWGU,2026-08-28,TWR00023,27,2550.12,2.49,13,False
USG00006205,3022-BEXHZ,2026-08-28,TWR00081,36,382.81,0.374,23,True
USG00006206,7740-BTPUX,2026-08-28,TWR00012,40,156.74,0.153,5,False
USG00006207,8443-WVPSS,2026-08-28,TWR00001,138,1479.87,1.445,0,False
USG00006208,9764-REAFF,2026-08-28,TWR00071,42,3258.09,3.182,9,False
USG00006209,7270-BDIOA,2026-08-28,TWR00002,21,2668.34,2.606,4,True
USG00006210,2740-JFBOK,2026-08-28,TWR00085,42,3730.54,3.643,8,False
USG00006211,4360-PNRQB,2026-08-28,TWR00076,91,3561.81,3.478,19,False
USG00006212,3948-XHGNA,2026-08-28,TWR00017,133,3280.93,3.204,16,True
USG00006213,9065-ZCPQX,2026-08-28,TWR00021,77,342.24,0.334,18,False
USG00006214,8350-NYMVI,2026-08-28,TWR00053,32,1735.95,1.695,0,False
USG00006215,6427-FEFIG,2026-08-28,TWR00015,32,1117.23,1.091,1,False
USG00006216,8205-OTCHB,2026-08-28,TWR00036,68,3386.95,3.308,8,False
USG00006217,0208-BPQEJ,2026-08-28,TWR00012,58,1431.81,1.398,22,False
USG00006218,2587-EKXTS,2026-08-28,TWR00095,94,3059.99,2.988,24,True
USG00006219,4981-FLTMF,2026-08-28,TWR00099,165,3439.25,3.359,14,False
USG00006220,8809-XKHMD,2026-08-28,TWR00046,47,923.36,0.902,6,False
USG00006221,4854-CIDCF,2026-08-28,TWR00031,79,3282.53,3.206,21,False
USG00006222,4548-SDBKE,2026-08-28,TWR00055,157,3139.52,3.066,23,True
USG00006223,0784-ZQJZX,2026-08-28,TWR00094,123,3017.63,2.947,6,False
USG00006224,3410-MHHUM,2026-08-28,TWR00076,89,2545.7,2.486,12,False
USG00006225,1383-EZRWL,2026-08-28,TWR00082,152,128.51,0.125,14,False
USG00006226,2034-GDRCN,2026-08-28,TWR00032,52,3855.12,3.765,0,False
USG00006227,9229-RQABD,2026-08-28,TWR00096,49,2608.97,2.548,7,False
USG00006228,9451-LPGOO,2026-08-28,TWR00008,28,300.1,0.293,5,True
USG00006229,6134-KWTBV,2026-08-28,TWR00045,106,3009.82,2.939,8,False
USG00006230,2025-JKFWI,2026-08-28,TWR00080,103,4332.26,4.231,24,False
USG00006231,5671-RQRLP,2026-08-28,TWR00069,20,910.23,0.889,7,False
USG00006232,7853-GVUDZ,2026-08-28,TWR00005,71,3105.51,3.033,19,False
USG00006233,3786-WOVKF,2026-08-28,TWR00025,77,1133.99,1.107,13,False
USG00006234,0708-SJDIS,2026-08-28,TWR00097,145,4027.3,3.933,1,False
USG00006235,8818-XYFCQ,2026-08-28,TWR00023,92,3318.89,3.241,7,False
USG00006236,0383-CLDDA,2026-08-28,TWR00007,15,2508.68,2.45,23,True
USG00006237,6899-PPEEA,2026-08-28,TWR00029,130,1882.07,1.838,15,False
USG00006238,6749-UTDVX,2026-08-28,TWR00096,97,2698.41,2.635,24,False
USG00006239,1121-QSIVB,2026-08-28,TWR00031,71,893.73,0.873,7,False
USG00006240,6227-FBDXH,2026-08-28,TWR00093,4,734.23,0.717,9,False
USG00006241,9250-WYPLL,2026-08-28,TWR00048,86,4112.22,4.016,21,False
USG00006242,0114-RSRRW,2026-08-28,TWR00066,14,1140.41,1.114,12,False
USG00006243,0459-SPZHJ,2026-08-28,TWR00032,153,2353.28,2.298,17,False
USG00006244,6029-CSMJE,2026-08-28,TWR00027,115,487.1,0.476,1,True
USG00006245,6040-CGACY,2026-08-28,TWR00022,64,2112.52,2.063,24,True
USG00006246,1335-NTIUC,2026-08-28,TWR00080,39,159.31,0.156,3,False
USG00006247,5793-YOLJN,2026-08-28,TWR00095,43,1472.2,1.438,7,False
USG00006248,4952-YSOGZ,2026-08-28,TWR00006,144,2846.82,2.78,17,False
USG00006249,0455-ENTCR,2026-08-28,TWR00096,162,2821.34,2.755,4,False
USG00006250,1452-XRSJV,2026-08-28,TWR00089,78,873.15,0.853,16,False
USG00006251,7140-ADSMJ,2026-08-28,TWR00087,164,2418.45,2.362,8,False
USG00006252,8455-HIRAQ,2026-08-28,TWR00041,26,3891.59,3.8,17,False
USG00006253,6465-GSRCL,2026-08-28,TWR00071,31,3454.1,3.373,13,False
USG00006254,3570-YUEKJ,2026-08-28,TWR00007,173,2499.87,2.441,7,False
USG00006255,1073-XXCZD,2026-08-28,TWR00037,78,3171.84,3.098,24,False
USG00006256,1573-LGXBA,2026-08-28,TWR00002,89,2949.63,2.88,7,False
USG00006257,3941-XTSKM,2026-08-28,TWR00069,4,3964.27,3.871,20,False
USG00006258,0106-UGRDO,2026-08-28,TWR00026,71,4297.93,4.197,5,False
USG00006259,0537-QYZZN,2026-08-28,TWR00036,32,3782.08,3.693,24,False
USG00006260,0314-TKOSI,2026-08-28,TWR00049,178,1819.86,1.777,6,False
USG00006261,6168-WFVVF,2026-08-28,TWR00025,63,1515.52,1.48,1,False
USG00006262,2237-ZFSMY,2026-08-28,TWR00069,12,4150.47,4.053,13,False
USG00006263,7898-PDWQE,2026-08-28,TWR00063,83,2713.19,2.65,24,True
USG00006264,5129-HHMZC,2026-08-28,TWR00039,68,2000.38,1.953,8,False
USG00006265,4334-HOWRP,2026-08-28,TWR00028,10,329.72,0.322,6,False
USG00006266,5176-LMJXE,2026-08-28,TWR00088,35,4294.5,4.194,11,False
USG00006267,9995-HOTOH,2026-08-28,TWR00028,90,4024.57,3.93,0,False
USG00006268,5850-BDWCY,2026-08-28,TWR00029,46,2459.16,2.402,8,True
USG00006269,5150-LJNSR,2026-08-28,TWR00017,42,2912.33,2.844,22,False
USG00006270,8679-JOEVF,2026-08-28,TWR00020,38,2990.83,2.921,2,True
USG00006271,6784-XYJAE,2026-08-28,TWR00032,56,2006.81,1.96,11,False
USG00006272,6223-DHJGV,2026-08-28,TWR00090,55,298.64,0.292,18,False
USG00006273,4102-HLENU,2026-08-28,TWR00056,157,586.42,0.573,10,False
USG00006274,9200-NLNPD,2026-08-28,TWR00055,149,3071.65,3.0,8,False
USG00006275,7929-DMBCV,2026-08-28,TWR00061,44,1439.8,1.406,3,False
USG00006276,8327-WKMIE,2026-08-28,TWR00090,172,2156.29,2.106,24,False
USG00006277,4933-BSAIP,2026-08-28,TWR00094,23,854.63,0.835,21,False
USG00006278,8805-JNRAZ,2026-08-28,TWR00066,63,4043.34,3.949,20,True
USG00006279,2072-ZVJJX,2026-08-28,TWR00011,56,1663.21,1.624,9,False
USG00006280,7562-GSUHK,2026-08-28,TWR00006,18,1470.27,1.436,6,False
USG00006281,6240-EURKS,2026-08-28,TWR00016,77,1537.09,1.501,13,False
USG00006282,7758-UJWYS,2026-08-28,TWR00056,155,238.29,0.233,18,False
USG00006283,0842-IWYCP,2026-08-28,TWR00059,27,1956.64,1.911,5,False
USG00006284,5013-SBUIH,2026-08-28,TWR00025,12,4493.54,4.388,12,False
USG00006285,8780-RSYYU,2026-08-28,TWR00084,78,2570.56,2.51,0,False
USG00006286,3466-WAESX,2026-08-28,TWR00099,31,1553.18,1.517,20,False
USG00006287,1460-UZPRJ,2026-08-28,TWR00016,3,4156.82,4.059,13,False
USG00006288,5293-WXJAK,2026-08-28,TWR00055,40,780.81,0.763,7,True
USG00006289,0148-DCDOS,2026-08-28,TWR00001,175,2069.43,2.021,22,False
USG00006290,4378-BZYFP,2026-08-28,TWR00086,43,1113.15,1.087,24,True
USG00006291,9658-WYUFB,2026-08-28,TWR00043,1,145.63,0.142,19,False
USG00006292,3590-TCXTB,2026-08-28,TWR00087,143,500.64,0.489,18,False
USG00006293,9755-JHNMN,2026-08-28,TWR00035,169,3613.36,3.529,13,False
USG00006294,9136-ALYBR,2026-08-28,TWR00073,36,1652.04,1.613,5,False
USG00006295,7130-YXBRO,2026-08-28,TWR00085,31,3148.61,3.075,25,False
USG00006296,8456-QDAVC,2026-08-28,TWR00029,127,4253.65,4.154,16,False
USG00006297,6036-TTFYU,2026-08-28,TWR00031,81,2275.64,2.222,8,False
USG00006298,3021-VLNRJ,2026-08-28,TWR00092,122,1183.99,1.156,19,False
USG00006299,2325-WINES,2026-08-28,TWR00033,100,865.89,0.846,10,False
USG00006300,6078-VESFR,2026-08-28,TWR00009,73,3856.21,3.766,22,False
USG00006301,8847-GEOOQ,2026-08-28,TWR00029,48,1215.76,1.187,1,False
USG00006302,8628-MFKAX,2026-08-28,TWR00026,59,4187.99,4.09,10,False
USG00006303,6372-RFVNS,2026-08-28,TWR00069,120,3794.86,3.706,23,False
USG00006304,6549-NNDYT,2026-08-28,TWR00020,64,2870.09,2.803,10,False
USG00006305,2259-OUUSZ,2026-08-28,TWR00032,96,4458.03,4.354,22,False
USG00006306,8097-VBQTZ,2026-08-28,TWR00068,143,2864.88,2.798,13,False
USG00006307,9058-CBREO,2026-08-28,TWR00049,56,3779.61,3.691,22,False
USG00006308,4323-ELYYB,2026-08-28,TWR00046,27,3817.56,3.728,9,False
USG00006309,2979-SXESE,2026-08-28,TWR00036,145,3360.65,3.282,22,False
USG00006310,7760-OYPDY,2026-08-28,TWR00091,153,1896.42,1.852,3,False
USG00006311,4254-QPEDE,2026-08-28,TWR00075,112,3526.55,3.444,25,False
USG00006312,8741-LQOBK,2026-08-28,TWR00031,68,4270.65,4.171,21,False
USG00006313,5716-EZXZN,2026-08-28,TWR00022,104,2540.44,2.481,6,False
USG00006314,7786-WBJYI,2026-08-28,TWR00065,128,589.19,0.575,25,False
USG00006315,2691-NZETQ,2026-08-28,TWR00033,51,3150.91,3.077,4,False
USG00006316,7629-WIXZF,2026-08-28,TWR00006,5,2148.2,2.098,2,False
USG00006317,2845-KDHVX,2026-08-28,TWR00056,122,2671.48,2.609,0,False
USG00006318,0623-GDISB,2026-08-28,TWR00030,129,4312.16,4.211,20,False
USG00006319,6663-JOCQO,2026-08-28,TWR00066,55,2414.43,2.358,7,False
USG00006320,6599-RCLCJ,2026-08-28,TWR00004,51,2975.01,2.905,11,False
USG00006321,4759-TRPLW,2026-08-28,TWR00055,115,163.21,0.159,18,False
USG00006322,1574-DYCWE,2026-08-28,TWR00073,65,3196.83,3.122,9,False
USG00006323,3178-FESZO,2026-08-28,TWR00068,116,1073.72,1.049,12,True
USG00006324,4118-CEVPF,2026-08-28,TWR00021,147,3411.68,3.332,21,False
USG00006325,1334-FJSVR,2026-08-28,TWR00045,150,3065.7,2.994,7,False
USG00006326,4817-KEQSP,2026-08-28,TWR00083,22,2384.32,2.328,7,False
USG00006327,0640-YJTPY,2026-08-28,TWR00004,159,420.38,0.411,14,False
USG00006328,2079-FBMZK,2026-08-28,TWR00052,19,2776.42,2.711,19,False
USG00006329,5919-VCZYM,2026-08-28,TWR00074,13,4136.46,4.04,15,False
USG00006330,8229-BUJHX,2026-08-28,TWR00057,124,584.09,0.57,19,False
USG00006331,4178-EGMON,2026-08-28,TWR00022,50,723.48,0.707,6,False
USG00006332,3440-JPSCL,2026-08-28,TWR00032,67,2007.0,1.96,12,False
USG00006333,3192-NQECA,2026-08-28,TWR00042,23,3148.69,3.075,3,True
USG00006334,1265-BCFEO,2026-08-28,TWR00061,47,1769.51,1.728,6,False
USG00006335,8727-XDPUD,2026-08-28,TWR00075,23,4441.9,4.338,1,False
USG00006336,3751-KTZEL,2026-08-28,TWR00008,49,4003.38,3.91,3,False
USG00006337,7919-ZODZZ,2026-08-28,TWR00034,74,3678.35,3.592,17,False
USG00006338,2889-FPWRM,2026-08-28,TWR00064,166,3277.45,3.201,11,False
USG00006339,8910-LEDAG,2026-08-28,TWR00016,143,4445.15,4.341,10,False
USG00006340,5027-QPKTE,2026-08-28,TWR00049,162,668.15,0.652,4,False
USG00006341,8221-EQDGL,2026-08-28,TWR00004,27,3215.65,3.14,10,False
USG00006342,5816-QVHRX,2026-08-28,TWR00045,36,2829.84,2.764,4,True
USG00006343,6015-VVHHE,2026-08-28,TWR00066,89,2842.08,2.775,21,False
USG00006344,8242-PDSGJ,2026-08-28,TWR00085,51,1927.71,1.883,4,False
USG00006345,8573-JGCZW,2026-08-28,TWR00007,1,3423.79,3.344,0,False
USG00006346,2452-KDRRH,2026-08-28,TWR00022,101,913.1,0.892,9,False
USG00006347,5816-SCGFC,2026-08-28,TWR00074,99,1556.19,1.52,2,False
USG00006348,5976-JCJRH,2026-08-28,TWR00089,157,1058.66,1.034,8,False
USG00006349,4647-MUZON,2026-08-28,TWR00055,148,2892.24,2.824,14,False
USG00006350,2810-FTLEM,2026-08-28,TWR00004,76,1887.77,1.844,18,False
USG00006351,7706-YLMQA,2026-08-28,TWR00059,83,335.61,0.328,1,True
USG00006352,5884-FBCTL,2026-08-28,TWR00034,163,2171.24,2.12,16,False
USG00006353,8338-QIUNR,2026-08-28,TWR00021,125,1024.79,1.001,2,True
USG00006354,3577-AMVUX,2026-08-28,TWR00043,72,3559.4,3.476,17,False
USG00006355,9750-BOOHV,2026-08-28,TWR00064,50,1298.51,1.268,3,False
USG00006356,0898-XCGTF,2026-08-28,TWR00086,130,3625.83,3.541,4,False
USG00006357,4950-BDEUX,2026-08-28,TWR00049,97,2384.2,2.328,11,False
USG00006358,8999-XXGNS,2026-08-28,TWR00070,127,2103.55,2.054,4,False
USG00006359,6341-JVQGF,2026-08-28,TWR00053,8,4290.62,4.19,16,False
USG00006360,5370-IIVVL,2026-08-28,TWR00044,139,2953.26,2.884,16,False
USG00006361,9725-SCPZG,2026-08-28,TWR00011,176,2764.24,2.699,13,False
USG00006362,6034-YMTOB,2026-08-28,TWR00049,16,3596.44,3.512,11,True
USG00006363,4878-BUNFV,2026-08-28,TWR00046,9,1922.13,1.877,7,False
USG00006364,1104-TNLZA,2026-08-28,TWR00085,3,2021.29,1.974,10,False
USG00006365,4236-UJPWO,2026-08-28,TWR00036,147,787.07,0.769,10,True
USG00006366,4114-QMKVN,2026-08-28,TWR00020,108,679.71,0.664,16,False
USG00006367,3196-NVXLZ,2026-08-28,TWR00003,69,2713.24,2.65,17,False
USG00006368,6215-NQCPY,2026-08-28,TWR00063,58,2981.15,2.911,3,False
USG00006369,9874-QLCLH,2026-08-28,TWR00057,0,3472.0,3.391,6,False
USG00006370,2824-DXNKN,2026-08-28,TWR00035,33,4083.11,3.987,5,False
USG00006371,1156-ZFYDO,2026-08-28,TWR00030,171,3773.68,3.685,6,False
USG00006372,9309-BZGNT,2026-08-28,TWR00002,157,329.38,0.322,22,False
USG00006373,2305-MRGLV,2026-08-28,TWR00030,34,3750.3,3.662,20,False
USG00006374,5148-HKFIR,2026-08-28,TWR00056,128,2299.45,2.246,15,False
USG00006375,1635-FJFCC,2026-08-28,TWR00031,100,2179.14,2.128,0,False
USG00006376,4895-TMWIR,2026-08-28,TWR00091,75,2898.82,2.831,14,False
USG00006377,1051-GEJLJ,2026-08-28,TWR00011,52,3797.42,3.708,7,False
USG00006378,8550-XSXUQ,2026-08-28,TWR00073,166,3110.74,3.038,20,False
USG00006379,1784-EZDKJ,2026-08-28,TWR00041,71,2972.22,2.903,20,False
USG00006380,9863-JZAIC,2026-08-28,TWR00021,54,1995.1,1.948,10,False
USG00006381,0743-HRVFF,2026-08-28,TWR00081,77,2920.02,2.852,7,False
USG00006382,3428-XZMAZ,2026-08-28,TWR00053,49,1054.66,1.03,20,False
USG00006383,7011-CVEUC,2026-08-28,TWR00002,92,3343.5,3.265,9,False
USG00006384,5605-IYGFG,2026-08-28,TWR00091,11,4210.47,4.112,10,False
USG00006385,2959-MJHIC,2026-08-28,TWR00088,123,514.25,0.502,3,True
USG00006386,9862-KJTYK,2026-08-28,TWR00067,1,3644.16,3.559,5,False
USG00006387,3987-KQDDU,2026-08-28,TWR00078,112,3707.71,3.621,11,False
USG00006388,6199-IPCAO,2026-08-28,TWR00080,31,4277.39,4.177,15,False
USG00006389,4012-YCFAI,2026-08-28,TWR00082,31,2712.42,2.649,0,False
USG00006390,3685-YLCMQ,2026-08-28,TWR00054,117,529.66,0.517,8,True
USG00006391,8929-KSWIH,2026-08-28,TWR00018,64,769.14,0.751,10,False
USG00006392,0953-LGOVU,2026-08-28,TWR00072,119,545.3,0.533,2,False
USG00006393,9530-EHPOH,2026-08-28,TWR00040,143,2278.71,2.225,8,False
USG00006394,7128-GGCNO,2026-08-28,TWR00038,71,2168.92,2.118,12,False
USG00006395,1769-GRUIK,2026-08-28,TWR00070,20,3211.58,3.136,23,False
USG00006396,8069-RHUXK,2026-08-28,TWR00082,24,1235.78,1.207,13,False
USG00006397,5295-PCJOO,2026-08-28,TWR00072,84,745.93,0.728,0,False
USG00006398,7321-KKSDU,2026-08-28,TWR00015,86,1524.51,1.489,23,False
USG00006399,2274-XUATA,2026-08-28,TWR00050,139,4207.0,4.108,0,False
USG00006400,8348-HFYIV,2026-08-28,TWR00072,99,3421.06,3.341,10,False
USG00006401,1550-EENBN,2026-08-28,TWR00006,168,949.36,0.927,11,False
USG00006402,9560-BBZXK,2026-08-28,TWR00020,93,446.68,0.436,13,False
USG00006403,3902-MIVLE,2026-08-28,TWR00062,19,1428.35,1.395,2,False
USG00006404,8010-EZLOU,2026-08-28,TWR00037,5,722.25,0.705,18,True
USG00006405,6950-TWMYB,2026-08-28,TWR00059,116,4030.33,3.936,1,False
USG00006406,8532-UEFWH,2026-08-28,TWR00006,5,4360.89,4.259,19,False
USG00006407,1335-MXCSE,2026-08-28,TWR00031,67,592.51,0.579,8,False
USG00006408,0052-DCKON,2026-08-28,TWR00085,63,801.66,0.783,18,False
USG00006409,7743-EXURX,2026-08-28,TWR00054,176,869.31,0.849,20,False
USG00006410,2362-IBOOY,2026-08-28,TWR00025,84,4409.76,4.306,6,False
USG00006411,7855-DIWPO,2026-08-28,TWR00058,113,3560.14,3.477,7,False
USG00006412,1241-FPMOF,2026-08-28,TWR00058,2,2635.4,2.574,13,False
USG00006413,3043-TYBNO,2026-08-28,TWR00010,123,3736.15,3.649,9,False
USG00006414,5619-XZZKR,2026-08-28,TWR00097,88,3770.2,3.682,0,False
USG00006415,7018-WBJNK,2026-08-28,TWR00098,26,930.48,0.909,1,False
USG00006416,5389-FFVKB,2026-08-28,TWR00072,91,1368.39,1.336,21,False
USG00006417,3058-WQDRE,2026-08-28,TWR00045,44,2476.66,2.419,12,False
USG00006418,4616-EWBNJ,2026-08-28,TWR00027,116,2767.41,2.703,1,False
USG00006419,0959-WHOKV,2026-08-28,TWR00068,62,1892.83,1.848,23,False
USG00006420,1431-CYWMH,2026-08-28,TWR00097,84,2185.39,2.134,7,True
USG00006421,4026-SKKHW,2026-08-28,TWR00012,49,3699.52,3.613,25,False
USG00006422,1552-AAGRX,2026-08-28,TWR00044,15,3438.66,3.358,2,False
USG00006423,3191-CSNMG,2026-08-28,TWR00087,84,1292.08,1.262,4,False
USG00006424,2378-YIZKA,2026-08-28,TWR00028,86,121.42,0.119,0,False
USG00006425,8620-RJPZN,2026-08-28,TWR00028,15,3355.09,3.276,18,False
USG00006426,3319-DWOEP,2026-08-28,TWR00089,82,1513.48,1.478,22,False
USG00006427,8544-JNBOX,2026-08-28,TWR00009,35,2501.47,2.443,16,False
USG00006428,7020-OZKXZ,2026-08-28,TWR00036,85,1606.14,1.568,8,False
USG00006429,6817-WTYHE,2026-08-28,TWR00076,136,330.33,0.323,9,False
USG00006430,4065-JJAVA,2026-08-28,TWR00056,64,1714.23,1.674,5,False
USG00006431,8345-MVDYC,2026-08-28,TWR00079,65,3972.89,3.88,20,False
USG00006432,8690-ZVLCL,2026-08-28,TWR00040,163,2253.58,2.201,12,False
USG00006433,0871-URUWO,2026-08-28,TWR00071,31,2720.42,2.657,14,False
USG00006434,8434-PNQZX,2026-08-28,TWR00028,44,1773.93,1.732,15,False
USG00006435,6198-PNNSZ,2026-08-28,TWR00023,151,2647.41,2.585,3,False
USG00006436,0650-BWOZN,2026-08-28,TWR00004,33,920.9,0.899,1,False
USG00006437,5542-TBBWB,2026-08-28,TWR00010,55,3188.33,3.114,18,False
USG00006438,2725-KXXWT,2026-08-28,TWR00008,13,3405.28,3.325,2,False
USG00006439,3798-EPWRR,2026-08-28,TWR00089,35,3750.42,3.663,25,False
USG00006440,6794-HKIAJ,2026-08-28,TWR00031,118,2595.88,2.535,11,False
USG00006441,2530-ENDWQ,2026-08-28,TWR00010,61,4311.97,4.211,14,False
USG00006442,8519-IMDHU,2026-08-28,TWR00058,32,2853.0,2.786,21,False
USG00006443,5522-NYKPB,2026-08-28,TWR00018,157,3614.88,3.53,14,False
USG00006444,2159-TURXX,2026-08-28,TWR00065,164,57.96,0.057,10,False
USG00006445,0536-ESJEP,2026-08-28,TWR00074,63,3529.73,3.447,4,False
USG00006446,0423-UDIJQ,2026-08-28,TWR00053,25,1949.55,1.904,24,False
USG00006447,6252-DFGTK,2026-08-28,TWR00097,151,1554.5,1.518,18,False
USG00006448,2791-SFVEW,2026-08-28,TWR00095,92,895.41,0.874,7,True
USG00006449,3221-CJMSG,2026-08-28,TWR00043,38,4163.05,4.065,20,False
USG00006450,0913-XWSCN,2026-08-28,TWR00014,156,3663.63,3.578,12,False
USG00006451,2434-EEVDB,2026-08-28,TWR00039,152,1571.07,1.534,4,False
USG00006452,0178-SZBHO,2026-08-28,TWR00025,107,2073.36,2.025,17,False
USG00006453,4195-PNGZS,2026-08-28,TWR00049,99,4105.89,4.01,16,True
USG00006454,0559-CKHUS,2026-08-28,TWR00007,32,3813.34,3.724,18,False
USG00006455,2676-SSLTO,2026-08-28,TWR00015,22,4430.84,4.327,13,False
USG00006456,6818-WOBHJ,2026-08-28,TWR00022,95,692.9,0.677,12,False
USG00006457,6087-YPWHO,2026-08-28,TWR00026,168,2704.62,2.641,7,False
USG00006458,1301-LOPVR,2026-08-28,TWR00003,111,1334.76,1.303,6,False
USG00006459,1051-EQPZR,2026-08-28,TWR00077,8,1221.61,1.193,10,True
USG00006460,7176-WRTNX,2026-08-28,TWR00057,179,1988.74,1.942,4,False
USG00006461,1363-TXLSL,2026-08-28,TWR00079,110,740.91,0.724,3,False
USG00006462,1624-NALOJ,2026-08-28,TWR00045,131,3868.92,3.778,3,False
USG00006463,9367-OIUXP,2026-08-28,TWR00054,124,2388.02,2.332,11,False
USG00006464,5593-SUAOO,2026-08-28,TWR00056,4,3793.39,3.704,8,False
USG00006465,9092-GDZKO,2026-08-28,TWR00090,119,4264.66,4.165,6,False
USG00006466,9114-VEPUF,2026-08-28,TWR00049,130,3988.62,3.895,21,False
USG00006467,9708-HPXWZ,2026-08-28,TWR00066,109,1563.56,1.527,17,False
USG00006468,7486-KSRVI,2026-08-28,TWR00040,175,4421.59,4.318,5,False
USG00006469,6016-LVTJQ,2026-08-28,TWR00015,69,3008.19,2.938,18,False
USG00006470,9633-DENPU,2026-08-28,TWR00075,25,2606.66,2.546,19,False
USG00006471,9814-AOUDH,2026-08-28,TWR00060,153,2056.75,2.009,11,False
USG00006472,7633-MVPUY,2026-08-28,TWR00054,7,1225.54,1.197,14,False
USG00006473,6870-ECSHE,2026-08-28,TWR00068,127,390.56,0.381,9,False
USG00006474,7314-OXENN,2026-08-28,TWR00009,55,3565.39,3.482,21,True
USG00006475,3808-HFKDE,2026-08-28,TWR00022,178,4341.67,4.24,25,False
USG00006476,2664-XJZNO,2026-08-28,TWR00041,98,1371.09,1.339,2,False
USG00006477,3090-LETTY,2026-08-28,TWR00082,139,861.84,0.842,6,True
USG00006478,2453-SAFNS,2026-08-28,TWR00008,135,1906.92,1.862,20,False
USG00006479,8065-BVEPF,2026-08-28,TWR00049,106,3051.85,2.98,25,False
USG00006480,0058-EVZWM,2026-08-28,TWR00014,62,2208.56,2.157,9,False
USG00006481,8035-BUYVG,2026-08-28,TWR00009,33,3192.89,3.118,7,False
USG00006482,8981-FJGLA,2026-08-28,TWR00014,141,2543.8,2.484,13,False
USG00006483,2568-BRGYX,2026-08-28,TWR00017,133,1687.73,1.648,1,False
USG00006484,0547-HURJB,2026-08-28,TWR00091,79,2448.15,2.391,22,False
USG00006485,3930-ZGWVE,2026-08-28,TWR00020,58,2111.91,2.062,25,True
USG00006486,1179-INLAT,2026-08-28,TWR00054,151,518.88,0.507,14,False
USG00006487,8773-HHUOZ,2026-08-28,TWR00061,13,3084.88,3.013,11,True
USG00006488,5968-HYJRZ,2026-08-28,TWR00041,76,3571.99,3.488,23,False
USG00006489,4751-ERMAN,2026-08-28,TWR00097,179,3310.45,3.233,18,False
USG00006490,6651-AZVTJ,2026-08-28,TWR00064,38,2444.14,2.387,7,False
USG00006491,9639-BUJXT,2026-08-28,TWR00022,180,4309.6,4.209,23,False
USG00006492,6416-JNVRK,2026-08-28,TWR00093,66,3094.96,3.022,16,False
USG00006493,0708-LGSMF,2026-08-28,TWR00056,89,3928.6,3.837,2,False
USG00006494,1875-QIVME,2026-08-28,TWR00004,176,3394.76,3.315,2,True
USG00006495,0839-QNXME,2026-08-28,TWR00017,84,4096.2,4.0,15,False
USG00006496,2398-YPMUR,2026-08-28,TWR00037,88,2715.6,2.652,24,False
USG00006497,8249-THVEC,2026-08-28,TWR00067,9,791.02,0.772,19,True
USG00006498,2519-ERQOJ,2026-08-28,TWR00082,26,1165.02,1.138,14,False
USG00006499,6981-TDRFT,2026-08-28,TWR00035,38,482.61,0.471,6,False
USG00006500,5968-VXZLG,2026-08-28,TWR00022,174,1553.4,1.517,12,False
USG00006501,1929-ZCBHE,2026-08-28,TWR00065,98,3889.8,3.799,10,False
USG00006502,1395-WSWXR,2026-08-28,TWR00032,166,3235.98,3.16,19,False
USG00006503,5995-WWKKG,2026-08-28,TWR00070,125,2753.05,2.689,12,False
USG00006504,7841-TZDMQ,2026-08-28,TWR00065,19,2795.82,2.73,22,False
USG00006505,1226-IENZN,2026-08-28,TWR00027,172,3454.16,3.373,19,True
USG00006506,1303-SRDOK,2026-08-28,TWR00021,20,4310.11,4.209,6,False
USG00006507,9055-MOJJJ,2026-08-28,TWR00018,90,1291.62,1.261,20,False
USG00006508,5364-EVNIB,2026-08-28,TWR00017,24,3983.74,3.89,0,False
USG00006509,1471-GIQKQ,2026-08-28,TWR00017,175,464.27,0.453,8,False
USG00006510,9495-REDIY,2026-08-28,TWR00083,74,1358.5,1.327,4,False
USG00006511,1867-TJHTS,2026-08-28,TWR00083,55,299.61,0.293,16,False
USG00006512,6402-ZFPPI,2026-08-28,TWR00055,178,158.28,0.155,9,True
USG00006513,2040-LDIWQ,2026-08-28,TWR00044,91,3773.34,3.685,7,False
USG00006514,3323-CPBWR,2026-08-28,TWR00031,155,3028.5,2.958,2,True
USG00006515,9909-IDLEK,2026-08-28,TWR00075,32,279.72,0.273,10,False
USG00006516,6641-XRPSU,2026-08-28,TWR00053,91,4058.42,3.963,13,True
USG00006517,3285-UCQVC,2026-08-28,TWR00024,56,3829.24,3.739,15,False
USG00006518,5777-KJIRB,2026-08-28,TWR00016,0,1585.42,1.548,3,False
USG00006519,2165-VOEGB,2026-08-28,TWR00076,76,2609.54,2.548,2,False
USG00006520,7245-JMTTQ,2026-08-28,TWR00040,28,1234.5,1.206,20,True
USG00006521,3956-MGXOG,2026-08-28,TWR00011,156,4482.34,4.377,16,False
USG00006522,7363-QTBIW,2026-08-28,TWR00046,167,1302.63,1.272,18,False
USG00006523,3682-YEUWS,2026-08-28,TWR00015,160,1648.59,1.61,19,False
USG00006524,5055-MGMGF,2026-08-28,TWR00057,80,3470.56,3.389,21,False
USG00006525,7432-FFVAR,2026-08-28,TWR00095,163,2129.79,2.08,4,False
USG00006526,8938-UMKPI,2026-08-28,TWR00037,137,95.44,0.093,9,False
USG00006527,0104-PPXDV,2026-08-28,TWR00093,156,565.8,0.553,16,False
USG00006528,9972-VAFJJ,2026-08-28,TWR00009,2,3818.92,3.729,1,False
USG00006529,0616-ATFGB,2026-08-28,TWR00041,85,3102.15,3.029,6,False
USG00006530,6705-LXORM,2026-08-28,TWR00032,77,1143.43,1.117,13,False
USG00006531,2058-DCJBE,2026-08-28,TWR00062,172,3335.98,3.258,7,False
USG00006532,5320-BRKGK,2026-08-28,TWR00051,98,2381.84,2.326,17,False
USG00006533,5465-BUBFA,2026-08-28,TWR00066,157,1748.93,1.708,18,False
USG00006534,9282-IZGQK,2026-08-28,TWR00081,22,4221.61,4.123,6,False
USG00006535,8775-CEBBJ,2026-08-28,TWR00030,119,4491.31,4.386,5,False
USG00006536,3995-WFCSM,2026-08-28,TWR00033,163,571.6,0.558,14,True
USG00006537,0621-JFHOL,2026-08-28,TWR00081,73,2617.15,2.556,17,False
USG00006538,0310-MVLET,2026-08-28,TWR00031,175,3400.69,3.321,7,True
USG00006539,4671-VJLCL,2026-08-28,TWR00098,176,1776.63,1.735,3,False
USG00006540,5296-BFCYD,2026-08-28,TWR00065,80,1273.67,1.244,7,False
USG00006541,8450-UYIBU,2026-08-28,TWR00020,65,1871.57,1.828,18,False
USG00006542,8949-JTMAY,2026-08-28,TWR00059,130,3702.56,3.616,18,False
USG00006543,5498-IBWPI,2026-08-28,TWR00057,90,1282.31,1.252,20,False
USG00006544,3550-SAHFP,2026-08-28,TWR00092,137,1209.05,1.181,15,False
USG00006545,1766-GKNMI,2026-08-28,TWR00080,12,1200.0,1.172,25,False
USG00006546,6137-MFAJN,2026-08-28,TWR00041,69,3881.94,3.791,16,False
USG00006547,6906-MPARY,2026-08-28,TWR00052,31,2687.13,2.624,15,False
USG00006548,5897-ZYEKH,2026-08-28,TWR00064,46,2634.07,2.572,17,False
USG00006549,1212-GLHMD,2026-08-28,TWR00064,46,2772.73,2.708,3,False
USG00006550,9633-XQABV,2026-08-28,TWR00011,24,1570.61,1.534,2,False
USG00006551,7858-GTZSP,2026-08-28,TWR00061,20,221.5,0.216,18,False
USG00006552,3572-UUHRS,2026-08-28,TWR00034,157,3230.59,3.155,1,False
USG00006553,0939-YAPAF,2026-08-28,TWR00096,11,1456.87,1.423,20,False
USG00006554,6974-DAFLI,2026-08-28,TWR00071,59,2297.35,2.244,19,False
USG00006555,6169-PPETC,2026-08-28,TWR00082,166,1619.58,1.582,16,False
USG00006556,0825-CPPQH,2026-08-28,TWR00034,11,127.67,0.125,15,False
USG00006557,1084-UQCHV,2026-08-28,TWR00081,87,3681.33,3.595,12,False
USG00006558,7234-FECYN,2026-08-28,TWR00016,71,2135.56,2.086,25,False
USG00006559,4702-IOQDC,2026-08-28,TWR00015,128,4271.58,4.171,22,False
USG00006560,8651-ENBZX,2026-08-28,TWR00039,120,1481.57,1.447,12,True
USG00006561,2439-QKJUL,2026-08-28,TWR00061,148,412.67,0.403,5,False
USG00006562,7196-LIWRH,2026-08-28,TWR00043,155,3267.35,3.191,9,False
USG00006563,9364-YKUVW,2026-08-28,TWR00032,55,2271.26,2.218,11,False
USG00006564,3144-KMTWZ,2026-08-28,TWR00055,118,4473.45,4.369,1,True
USG00006565,7055-HNEOJ,2026-08-28,TWR00028,67,1169.54,1.142,23,False
USG00006566,4124-MMETB,2026-08-28,TWR00098,161,3912.82,3.821,24,False
USG00006567,3070-DVEYC,2026-08-28,TWR00021,91,1041.61,1.017,21,True
USG00006568,4422-QVIJA,2026-08-28,TWR00096,105,1689.96,1.65,25,False
USG00006569,6827-IEAUQ,2026-08-28,TWR00033,169,1128.94,1.102,12,False
USG00006570,7587-RZNME,2026-08-28,TWR00036,147,183.34,0.179,7,False
USG00006571,0130-SXOUN,2026-08-28,TWR00045,19,3697.63,3.611,1,False
USG00006572,2498-XLDZR,2026-08-28,TWR00051,41,1185.35,1.158,25,False
USG00006573,1555-DJEQW,2026-08-28,TWR00086,116,2530.66,2.471,4,False
USG00006574,3748-FVMZZ,2026-08-28,TWR00051,17,3747.21,3.659,15,False
USG00006575,6365-HITVU,2026-08-28,TWR00003,51,4317.47,4.216,16,False
USG00006576,1790-NESIO,2026-08-28,TWR00078,171,125.12,0.122,7,False
USG00006577,6648-INWPS,2026-08-28,TWR00014,116,1963.61,1.918,17,False
USG00006578,8007-YYPWD,2026-08-28,TWR00054,112,4447.8,4.344,19,False
USG00006579,1952-DVVSW,2026-08-28,TWR00047,4,3253.14,3.177,2,False
USG00006580,6615-NGGZJ,2026-08-28,TWR00072,135,2330.87,2.276,23,False
USG00006581,9251-AWQGT,2026-08-28,TWR00018,164,421.13,0.411,6,True
USG00006582,7596-LDUXP,2026-08-28,TWR00077,144,933.23,0.911,1,False
USG00006583,8999-BOHSE,2026-08-28,TWR00092,107,2848.62,2.782,3,True
USG00006584,5889-LFOLL,2026-08-28,TWR00072,41,1521.75,1.486,25,False
USG00006585,7139-JZFVG,2026-08-28,TWR00018,40,3248.55,3.172,24,False
USG00006586,7571-YXDAD,2026-08-28,TWR00045,0,131.17,0.128,22,False
USG00006587,4097-YODCF,2026-08-28,TWR00071,126,2966.86,2.897,10,False
USG00006588,8070-AAWZP,2026-08-28,TWR00082,54,635.4,0.621,2,True
USG00006589,2203-GHNWN,2026-08-28,TWR00046,44,1870.39,1.827,1,False
USG00006590,1724-BQUHA,2026-08-28,TWR00068,4,1425.87,1.392,20,False
USG00006591,1094-BKOSX,2026-08-28,TWR00015,69,1053.86,1.029,8,False
USG00006592,3976-HXHCE,2026-08-28,TWR00074,106,1637.15,1.599,0,False
USG00006593,8245-UMPYT,2026-08-28,TWR00074,72,1257.33,1.228,10,False
USG00006594,2581-VKIRT,2026-08-28,TWR00035,2,1673.05,1.634,13,False
USG00006595,8205-VSLRB,2026-08-28,TWR00082,107,1210.17,1.182,13,False
USG00006596,7077-XJMET,2026-08-28,TWR00014,2,2170.58,2.12,11,False
USG00006597,6516-NKQBO,2026-08-28,TWR00033,84,3575.06,3.491,16,False
USG00006598,0696-UKTOX,2026-08-28,TWR00021,8,2240.04,2.188,14,False
USG00006599,8224-KDLKN,2026-08-28,TWR00052,97,1298.37,1.268,8,False
USG00006600,2263-SFSQZ,2026-08-28,TWR00008,158,3662.54,3.577,5,False
USG00006601,7607-QKKTJ,2026-08-28,TWR00057,90,1951.9,1.906,4,False
USG00006602,5921-NGYRH,2026-08-28,TWR00040,140,3848.05,3.758,6,False
USG00006603,6907-CQGPN,2026-08-28,TWR00049,99,1113.2,1.087,8,False
USG00006604,8250-ZNGGW,2026-08-28,TWR00037,114,286.54,0.28,22,True
USG00006605,4937-QPZPO,2026-08-28,TWR00044,156,3275.61,3.199,1,False
USG00006606,8950-MTZNV,2026-08-28,TWR00008,81,243.63,0.238,20,False
USG00006607,9743-DQKQW,2026-08-28,TWR00024,124,4133.81,4.037,10,False
USG00006608,2725-TTRIQ,2026-08-28,TWR00041,92,3833.85,3.744,8,False
USG00006609,2642-MAWLJ,2026-08-28,TWR00056,6,140.2,0.137,0,False
USG00006610,9386-LDCZR,2026-08-28,TWR00078,163,3054.41,2.983,21,False
USG00006611,7663-CUXZB,2026-08-28,TWR00100,141,3236.83,3.161,23,False
USG00006612,8917-SZTTJ,2026-08-28,TWR00050,12,623.32,0.609,22,False
USG00006613,5402-HTOTQ,2026-08-28,TWR00057,33,2093.72,2.045,22,False
USG00006614,5712-PTIWW,2026-08-28,TWR00098,166,3526.23,3.444,9,False
USG00006615,7234-KMNRQ,2026-08-28,TWR00009,123,2175.64,2.125,0,False
USG00006616,7665-VIGUD,2026-08-28,TWR00042,116,3922.21,3.83,18,False
USG00006617,6907-NZZIJ,2026-08-28,TWR00059,122,4274.5,4.174,24,False
USG00006618,7026-YMSBE,2026-08-28,TWR00081,102,4243.01,4.144,12,True
USG00006619,7544-ZVIKX,2026-08-28,TWR00037,104,4373.33,4.271,4,False
USG00006620,1452-KIOVK,2026-08-28,TWR00027,122,245.59,0.24,3,False
USG00006621,2371-JQHZZ,2026-08-28,TWR00028,166,3205.48,3.13,4,False
USG00006622,2651-ZCBXV,2026-08-28,TWR00014,65,1984.46,1.938,0,True
USG00006623,0327-WFZSY,2026-08-28,TWR00005,116,1934.77,1.889,6,False
USG00006624,8044-BGWPI,2026-08-28,TWR00019,89,286.41,0.28,6,False
USG00006625,8118-LSUEL,2026-08-28,TWR00046,99,667.53,0.652,13,False
USG00006626,6348-SNFUS,2026-08-28,TWR00078,85,849.23,0.829,14,False
USG00006627,8189-HBVRW,2026-08-28,TWR00030,42,3804.41,3.715,19,False
USG00006628,1202-KKGFU,2026-08-28,TWR00016,172,606.46,0.592,15,False
USG00006629,9805-FILKB,2026-08-28,TWR00072,26,4170.18,4.072,23,False
USG00006630,9432-VOFYX,2026-08-28,TWR00050,20,393.94,0.385,23,False
USG00006631,9494-MRNYX,2026-08-28,TWR00008,155,4417.56,4.314,4,False
USG00006632,0096-BXERS,2026-08-28,TWR00018,101,2603.18,2.542,24,False
USG00006633,1304-NECVQ,2026-08-28,TWR00018,34,3495.1,3.413,13,False
USG00006634,3801-HMYNL,2026-08-28,TWR00015,85,1043.74,1.019,25,False
USG00006635,6145-NNPNO,2026-08-28,TWR00061,99,1501.4,1.466,7,False
USG00006636,5196-WPYOW,2026-08-28,TWR00045,113,4451.57,4.347,4,False
USG00006637,6035-RIIOM,2026-08-28,TWR00059,99,3796.01,3.707,8,False
USG00006638,1097-FSPVW,2026-08-28,TWR00007,93,3834.08,3.744,13,True
USG00006639,4626-OZDTJ,2026-08-28,TWR00017,73,4107.26,4.011,7,False
USG00006640,1635-HDGFT,2026-08-28,TWR00087,26,4269.99,4.17,24,False
USG00006641,4423-JWZJN,2026-08-28,TWR00095,25,3117.44,3.044,1,False
USG00006642,0587-DMGBH,2026-08-28,TWR00089,38,1303.21,1.273,16,False
USG00006643,8049-WJCLQ,2026-08-28,TWR00007,83,4321.84,4.221,7,False
USG00006644,2592-SEIFQ,2026-08-28,TWR00051,89,1285.32,1.255,20,False
USG00006645,8869-TORSS,2026-08-28,TWR00064,152,993.42,0.97,7,False
USG00006646,3396-DKDEL,2026-08-28,TWR00010,136,3040.91,2.97,21,False
USG00006647,0516-QREYC,2026-08-28,TWR00022,180,3938.46,3.846,13,False
USG00006648,7124-UGSUR,2026-08-28,TWR00026,142,1508.5,1.473,22,False
USG00006649,8945-GRKHX,2026-08-28,TWR00017,151,2053.58,2.005,21,False
USG00006650,2077-MPJQO,2026-08-28,TWR00062,13,1259.48,1.23,10,False
USG00006651,9681-KYGYB,2026-08-28,TWR00090,179,4318.86,4.218,3,False
USG00006652,3506-LCJDC,2026-08-28,TWR00094,114,588.9,0.575,1,False
USG00006653,2683-JXWQQ,2026-08-28,TWR00048,163,2020.07,1.973,4,False
USG00006654,2659-VXMWZ,2026-08-28,TWR00088,172,924.72,0.903,10,False
USG00006655,6888-SBYAI,2026-08-28,TWR00057,55,2271.36,2.218,11,False
USG00006656,4704-ERYFC,2026-08-28,TWR00060,59,4267.28,4.167,1,False
USG00006657,1626-ERCMM,2026-08-28,TWR00005,1,2521.96,2.463,12,False
USG00006658,3472-OAOOR,2026-08-28,TWR00067,144,3475.53,3.394,13,False
USG00006659,3551-GAEGL,2026-08-28,TWR00005,115,2446.61,2.389,8,False
USG00006660,8390-FESFV,2026-08-28,TWR00020,109,3106.06,3.033,3,False
USG00006661,3441-CGZJH,2026-08-28,TWR00035,62,3471.5,3.39,14,False
USG00006662,4355-CVPVS,2026-08-28,TWR00090,159,2716.06,2.652,7,False
USG00006663,4903-UYAVB,2026-08-28,TWR00005,71,3724.98,3.638,11,False
USG00006664,6087-MVHJH,2026-08-28,TWR00070,139,4152.37,4.055,22,False
USG00006665,2812-SFXMJ,2026-08-28,TWR00067,96,988.96,0.966,25,False
USG00006666,8654-DHAOW,2026-08-28,TWR00038,51,558.43,0.545,23,False
USG00006667,6727-IOTLZ,2026-08-28,TWR00075,175,1030.01,1.006,20,True
USG00006668,8821-KVZKQ,2026-08-28,TWR00059,64,3274.7,3.198,10,False
USG00006669,7137-NAXML,2026-08-28,TWR00083,169,1641.16,1.603,9,False
USG00006670,8905-IAZPF,2026-08-28,TWR00096,40,2635.89,2.574,4,False
USG00006671,6599-GZWCM,2026-08-28,TWR00099,23,4134.78,4.038,4,True
USG00006672,5419-JKZNQ,2026-08-28,TWR00025,110,3061.07,2.989,6,False
USG00006673,6000-UKLWI,2026-08-28,TWR00007,84,67.4,0.066,11,False
USG00006674,6022-KOUQO,2026-08-28,TWR00069,166,1058.81,1.034,10,False
USG00006675,2832-SCUCO,2026-08-28,TWR00010,49,1974.14,1.928,15,False
USG00006676,8485-GJCDN,2026-08-28,TWR00010,136,299.23,0.292,16,False
USG00006677,9415-DPEWS,2026-08-28,TWR00079,131,1722.96,1.683,1,False
USG00006678,3719-TDVQB,2026-08-28,TWR00015,178,1026.96,1.003,0,False
USG00006679,5020-ZSTTY,2026-08-28,TWR00097,36,3015.45,2.945,5,True
USG00006680,6473-ULUHT,2026-08-28,TWR00086,47,4001.2,3.907,12,True
USG00006681,3229-USWAR,2026-08-28,TWR00087,136,4302.56,4.202,23,True
USG00006682,2673-ZALNP,2026-08-28,TWR00029,42,2685.66,2.623,22,False
USG00006683,3424-NMNBO,2026-08-28,TWR00003,175,477.72,0.467,7,False
USG00006684,9844-FELAJ,2026-08-28,TWR00093,160,3819.36,3.73,14,False
USG00006685,2866-IKBTM,2026-08-28,TWR00066,37,3311.83,3.234,5,False
USG00006686,2480-EJWYP,2026-08-28,TWR00100,175,2336.79,2.282,1,False
USG00006687,5329-KRDTM,2026-08-28,TWR00043,149,1872.0,1.828,3,False
USG00006688,7244-KXYZN,2026-08-28,TWR00024,71,4249.12,4.15,13,False
USG00006689,6323-AYBRX,2026-08-28,TWR00036,97,2382.03,2.326,9,False
USG00006690,3162-KKZXO,2026-08-28,TWR00009,90,3944.86,3.852,18,False
USG00006691,3704-IEAXF,2026-08-28,TWR00034,177,4268.91,4.169,2,False
USG00006692,8837-VVWLQ,2026-08-28,TWR00089,21,3768.12,3.68,24,False
USG00006693,1208-DNHLN,2026-08-28,TWR00059,133,2999.08,2.929,2,False
USG00006694,9919-YLNNG,2026-08-28,TWR00037,13,561.25,0.548,15,False
USG00006695,4115-UMJFQ,2026-08-28,TWR00074,16,1866.55,1.823,17,False
USG00006696,0872-NXJYS,2026-08-28,TWR00038,51,3904.05,3.813,25,False
USG00006697,7295-JOMMD,2026-08-28,TWR00077,116,587.18,0.573,14,False
USG00006698,6369-MCAKO,2026-08-28,TWR00079,25,4441.98,4.338,6,False
USG00006699,7422-WNBTY,2026-08-28,TWR00067,155,3697.84,3.611,20,False
USG00006700,9281-PKKZE,2026-08-28,TWR00096,85,4184.13,4.086,4,False
USG00006701,8992-OBVDG,2026-08-28,TWR00051,37,2442.83,2.386,17,False
USG00006702,0129-KPTWJ,2026-08-28,TWR00059,40,4471.03,4.366,15,False
USG00006703,2729-VNVAP,2026-08-28,TWR00004,116,2644.5,2.583,11,False
USG00006704,8347-GDTMP,2026-08-28,TWR00068,74,523.23,0.511,6,False
USG00006705,5924-IFQTT,2026-08-28,TWR00031,53,1383.71,1.351,11,False
USG00006706,2252-NKNSI,2026-08-28,TWR00084,16,356.31,0.348,0,False
USG00006707,6497-TILVL,2026-08-28,TWR00023,114,4335.99,4.234,25,False
USG00006708,3932-CMDTD,2026-08-28,TWR00052,116,593.05,0.579,14,False
USG00006709,4674-HGNUA,2026-08-28,TWR00094,28,4191.7,4.093,1,False
USG00006710,7503-ZGUZJ,2026-08-28,TWR00053,47,2447.03,2.39,14,False
USG00006711,6599-SFQVE,2026-08-28,TWR00024,27,3399.65,3.32,14,True
USG00006712,8884-ADFVN,2026-08-28,TWR00063,88,3806.29,3.717,23,False
USG00006713,3594-IVHJZ,2026-08-28,TWR00081,86,1539.6,1.504,17,True
USG00006714,7590-VHVEG,2026-08-28,TWR00082,47,1636.06,1.598,13,False
USG00006715,5676-CFLYY,2026-08-28,TWR00003,54,3993.56,3.9,5,False
USG00006716,2683-BPJSO,2026-08-28,TWR00017,63,3589.09,3.505,5,False
USG00006717,7365-BVCJH,2026-08-28,TWR00005,91,3698.81,3.612,18,True
USG00006718,3457-PQBYH,2026-08-28,TWR00049,102,1734.57,1.694,6,True
USG00006719,0923-PNFUB,2026-08-28,TWR00026,108,1255.58,1.226,5,False
USG00006720,9614-RMGHA,2026-08-28,TWR00040,84,3500.18,3.418,4,True
USG00006721,7632-YUTXB,2026-08-28,TWR00003,89,3808.42,3.719,17,False
USG00006722,9779-DPNEJ,2026-08-28,TWR00028,137,1061.44,1.037,1,False
USG00006723,1027-LKKQQ,2026-08-28,TWR00095,27,2131.46,2.082,21,False
USG00006724,6135-OZQVA,2026-08-28,TWR00019,126,3935.28,3.843,20,False
USG00006725,9780-FKVVF,2026-08-28,TWR00071,130,1654.2,1.615,17,False
USG00006726,2955-BJZHG,2026-08-28,TWR00079,150,3822.5,3.733,17,False
USG00006727,5913-INRQV,2026-08-28,TWR00055,158,3542.86,3.46,0,False
USG00006728,3755-JBMNH,2026-08-28,TWR00087,13,1406.86,1.374,23,False
USG00006729,6204-IEUXJ,2026-08-28,TWR00094,34,1923.18,1.878,2,False
USG00006730,5445-UTODQ,2026-08-28,TWR00017,61,733.2,0.716,19,False
USG00006731,1956-YIFGE,2026-08-28,TWR00054,119,1354.13,1.322,2,False
USG00006732,0362-RAOQO,2026-08-28,TWR00036,135,2609.75,2.549,19,False
USG00006733,9648-BCHKM,2026-08-28,TWR00066,13,2460.86,2.403,5,False
USG00006734,3865-ZFZIB,2026-08-28,TWR00019,145,1682.78,1.643,7,False
USG00006735,4566-NECEV,2026-08-28,TWR00007,49,3612.32,3.528,21,False
USG00006736,2798-NYLMZ,2026-08-28,TWR00061,130,4148.79,4.052,14,False
USG00006737,6479-OAUSD,2026-08-28,TWR00039,150,3262.18,3.186,3,False
USG00006738,2103-ZRXFN,2026-08-28,TWR00002,124,3795.27,3.706,1,False
USG00006739,7517-LDMPS,2026-08-28,TWR00072,161,2658.14,2.596,10,False
USG00006740,1866-RZZQS,2026-08-28,TWR00056,47,2029.54,1.982,12,True
USG00006741,8204-TIFGJ,2026-08-28,TWR00082,116,1328.15,1.297,23,False
USG00006742,9415-TPKRV,2026-08-28,TWR00071,77,3482.76,3.401,25,False
USG00006743,4759-PXTAN,2026-08-28,TWR00070,90,2234.85,2.182,24,False
USG00006744,5656-JAMLX,2026-08-28,TWR00078,40,1507.84,1.472,22,False
USG00006745,4530-NDRKU,2026-08-28,TWR00059,150,2649.61,2.588,16,False
USG00006746,3384-CTMSF,2026-08-28,TWR00056,120,430.24,0.42,4,False
USG00006747,0248-IPDFW,2026-08-28,TWR00061,101,1071.39,1.046,12,False
USG00006748,5495-GPSRW,2026-08-28,TWR00051,127,3233.81,3.158,13,False
USG00006749,2740-TVLFN,2026-08-28,TWR00030,100,4150.31,4.053,12,False
USG00006750,4806-HIPDW,2026-08-28,TWR00084,64,1005.14,0.982,22,False
USG00006751,7707-PYBBH,2026-08-28,TWR00078,136,3245.63,3.17,9,False
USG00006752,0484-FFVBJ,2026-08-28,TWR00035,5,1373.89,1.342,9,False
USG00006753,0727-BMPLR,2026-08-28,TWR00038,57,1043.29,1.019,11,False
USG00006754,6457-GIRWB,2026-08-28,TWR00086,92,1634.37,1.596,18,False
USG00006755,4701-MLJPN,2026-08-28,TWR00066,150,2587.14,2.527,25,False
USG00006756,1518-VOWAV,2026-08-28,TWR00038,129,2877.31,2.81,17,False
USG00006757,9667-EQRXU,2026-08-28,TWR00049,19,2597.6,2.537,8,False
USG00006758,7398-LXGYX,2026-08-28,TWR00003,3,1657.39,1.619,9,False
USG00006759,0897-FEGMU,2026-08-28,TWR00023,69,2411.85,2.355,15,False
USG00006760,9030-QGZNL,2026-08-28,TWR00052,134,2323.04,2.269,15,False
USG00006761,8208-EUMTE,2026-08-28,TWR00073,146,1605.62,1.568,0,False
USG00006762,8849-PRIQJ,2026-08-28,TWR00058,131,3159.53,3.085,12,False
USG00006763,1273-MTETI,2026-08-28,TWR00005,159,1465.01,1.431,9,True
USG00006764,1591-MQJTP,2026-08-28,TWR00089,139,1009.85,0.986,16,False
USG00006765,4625-XMOYM,2026-08-28,TWR00067,96,612.56,0.598,22,False
USG00006766,4636-TVXVG,2026-08-28,TWR00051,61,438.59,0.428,0,False
USG00006767,2595-KIWPV,2026-08-28,TWR00018,2,2536.66,2.477,7,False
USG00006768,7439-DKZTW,2026-08-28,TWR00074,170,667.9,0.652,1,False
USG00006769,6982-UQZLY,2026-08-28,TWR00080,174,577.83,0.564,7,False
USG00006770,1728-BQDMA,2026-08-28,TWR00054,56,111.73,0.109,0,False
USG00006771,5575-GNVDE,2026-08-28,TWR00082,83,4416.96,4.313,25,False
USG00006772,2167-FQSTQ,2026-08-28,TWR00015,81,3595.91,3.512,9,False
USG00006773,0519-XUZJU,2026-08-28,TWR00066,171,3293.28,3.216,14,False
USG00006774,2621-UDNLU,2026-08-28,TWR00071,7,3069.33,2.997,6,False
USG00006775,4658-HCOHW,2026-08-28,TWR00001,104,4059.19,3.964,2,False
USG00006776,6211-WWLTF,2026-08-28,TWR00069,85,3224.33,3.149,1,False
USG00006777,5569-KGJHX,2026-08-28,TWR00003,119,1911.12,1.866,3,False
USG00006778,5687-DKDTV,2026-08-28,TWR00037,175,579.98,0.566,12,False
USG00006779,9820-RMCQV,2026-08-28,TWR00053,44,3452.12,3.371,14,False
USG00006780,5788-YPOEG,2026-08-28,TWR00035,107,3888.93,3.798,25,False
USG00006781,2650-GYRYL,2026-08-28,TWR00005,108,3296.75,3.219,17,False
USG00006782,5473-KHBPS,2026-08-28,TWR00087,78,431.43,0.421,16,False
USG00006783,3996-ZNWYK,2026-08-28,TWR00043,142,2165.49,2.115,22,False
USG00006784,2239-CFOUJ,2026-08-28,TWR00085,96,3455.38,3.374,20,False
USG00006785,9933-QRGTX,2026-08-28,TWR00079,45,3579.2,3.495,5,False
USG00006786,8395-ETZKQ,2026-08-28,TWR00049,49,1121.68,1.095,21,False
USG00006787,5043-TRZWM,2026-08-28,TWR00037,107,710.14,0.693,21,True
USG00006788,1104-FEJAM,2026-08-28,TWR00085,87,4480.38,4.375,13,False
USG00006789,5240-IJOQT,2026-08-28,TWR00011,85,750.56,0.733,8,False
USG00006790,1025-FALIX,2026-08-28,TWR00045,32,269.3,0.263,4,False
USG00006791,8564-LDKFL,2026-08-28,TWR00091,179,2388.14,2.332,23,False
USG00006792,4902-OHLSK,2026-08-28,TWR00012,171,280.97,0.274,1,False
USG00006793,5366-IJEQJ,2026-08-28,TWR00030,166,263.82,0.258,13,False
USG00006794,0799-DDIHE,2026-08-28,TWR00099,14,64.35,0.063,24,False
USG00006795,2931-VUVJN,2026-08-28,TWR00005,20,2034.33,1.987,12,False
USG00006796,8331-ZXFOE,2026-08-28,TWR00100,163,1908.62,1.864,5,False
USG00006797,9286-DOJGF,2026-08-28,TWR00067,21,4075.88,3.98,20,False
USG00006798,9257-AZMTZ,2026-08-28,TWR00025,16,525.06,0.513,23,False
USG00006799,8591-NXRCV,2026-08-28,TWR00100,150,908.54,0.887,13,False
USG00006800,4304-TSPVK,2026-08-28,TWR00027,170,887.17,0.866,10,True
USG00006801,3086-RUCRN,2026-08-28,TWR00099,150,3920.21,3.828,1,False
USG00006802,2320-JRSDE,2026-08-28,TWR00063,110,686.24,0.67,20,False
USG00006803,8999-EXMNO,2026-08-28,TWR00095,54,4108.22,4.012,21,False
USG00006804,7503-EPSZW,2026-08-28,TWR00070,113,1135.16,1.109,9,False
USG00006805,2266-FUBDZ,2026-08-28,TWR00089,73,3418.36,3.338,11,False
USG00006806,3521-SYVOR,2026-08-28,TWR00083,144,1616.19,1.578,19,False
USG00006807,3170-GWYKC,2026-08-28,TWR00054,89,4062.4,3.967,8,True
USG00006808,7173-TETGO,2026-08-28,TWR00100,40,3029.37,2.958,19,False
USG00006809,0318-QUUOB,2026-08-28,TWR00034,164,2980.53,2.911,21,True
USG00006810,7459-RRWQZ,2026-08-28,TWR00098,117,4005.57,3.912,13,False
USG00006811,6655-LHBYW,2026-08-28,TWR00079,144,2800.55,2.735,8,False
USG00006812,8023-QHAIO,2026-08-28,TWR00049,64,3206.9,3.132,23,False
USG00006813,4855-SNKMY,2026-08-28,TWR00046,2,684.4,0.668,9,False
USG00006814,1644-IRKSF,2026-08-28,TWR00042,1,399.58,0.39,2,False
USG00006815,2672-TGEFF,2026-08-28,TWR00059,140,2218.92,2.167,18,False
USG00006816,0181-RITDD,2026-08-28,TWR00031,168,3904.65,3.813,4,False
USG00006817,1016-DJTSV,2026-08-28,TWR00072,73,284.3,0.278,2,False
USG00006818,7665-NKLAV,2026-08-28,TWR00062,138,83.52,0.082,15,False
USG00006819,4547-FZJWE,2026-08-28,TWR00051,27,2119.53,2.07,2,False
USG00006820,7162-WPHPM,2026-08-28,TWR00064,5,2182.63,2.131,10,True
USG00006821,3312-ZWLGF,2026-08-28,TWR00099,167,2121.63,2.072,18,False
USG00006822,9880-TDQAC,2026-08-28,TWR00075,60,2159.39,2.109,9,False
USG00006823,8563-OYMQY,2026-08-28,TWR00011,70,533.71,0.521,3,False
USG00006824,7349-ALMUX,2026-08-28,TWR00011,107,1186.71,1.159,18,False
USG00006825,0739-UUAJR,2026-08-28,TWR00065,106,4294.77,4.194,0,False
USG00006826,6689-VRRTK,2026-08-28,TWR00023,159,2521.67,2.463,3,False
USG00006827,7661-CPURM,2026-08-28,TWR00020,117,952.45,0.93,4,False
USG00006828,9225-BZLNZ,2026-08-28,TWR00063,115,1057.39,1.033,6,False
USG00006829,3219-JQRSL,2026-08-28,TWR00031,158,2284.93,2.231,20,False
USG00006830,0581-BXBUB,2026-08-28,TWR00084,172,1713.27,1.673,1,False
USG00006831,2360-RDGRO,2026-08-28,TWR00014,142,2369.15,2.314,12,True
USG00006832,0835-JKADZ,2026-08-28,TWR00022,178,1495.5,1.46,21,False
USG00006833,6297-NOOPG,2026-08-28,TWR00024,54,1256.41,1.227,16,False
USG00006834,3324-OIRTO,2026-08-28,TWR00061,155,3441.11,3.36,12,False
USG00006835,7808-DVWEP,2026-08-28,TWR00012,39,3896.34,3.805,13,False
USG00006836,8966-KZXXA,2026-08-28,TWR00076,109,915.29,0.894,17,False
USG00006837,3247-MHJKM,2026-08-28,TWR00082,22,1499.94,1.465,18,False
USG00006838,7016-NVRIC,2026-08-28,TWR00064,176,432.24,0.422,24,False
USG00006839,9845-PEEKO,2026-08-28,TWR00026,19,3869.03,3.778,6,True
USG00006840,1535-VTJOQ,2026-08-28,TWR00063,111,1617.77,1.58,15,False
USG00006841,8040-MNRTF,2026-08-28,TWR00057,4,418.29,0.408,24,False
USG00006842,6425-YQLLO,2026-08-28,TWR00050,12,3792.78,3.704,8,False
USG00006843,3646-ITDGM,2026-08-28,TWR00025,165,860.31,0.84,14,True
USG00006844,8058-INTPH,2026-08-28,TWR00083,61,3038.24,2.967,22,False
USG00006845,7789-CRUVC,2026-08-28,TWR00048,129,2334.06,2.279,4,False
USG00006846,5504-WSIUR,2026-08-28,TWR00083,60,1360.76,1.329,1,True
USG00006847,2894-QOJRX,2026-08-28,TWR00054,33,4290.26,4.19,11,False
USG00006848,4686-GEFRM,2026-08-28,TWR00067,92,547.97,0.535,8,False
USG00006849,2568-OIADY,2026-08-28,TWR00084,5,3672.95,3.587,12,False
USG00006850,2408-TZMJL,2026-08-28,TWR00031,49,2254.59,2.202,7,False
USG00006851,6331-EWIEB,2026-08-28,TWR00040,109,1256.42,1.227,18,False
USG00006852,2545-EBUPK,2026-08-28,TWR00009,104,292.21,0.285,24,False
USG00006853,3088-FVYWK,2026-08-28,TWR00004,141,313.27,0.306,23,False
USG00006854,3097-PYWXL,2026-08-28,TWR00088,31,1209.99,1.182,5,False
USG00006855,1970-KKFWL,2026-08-28,TWR00092,142,4370.89,4.268,0,False
USG00006856,8015-IHCGW,2026-08-28,TWR00029,102,3085.53,3.013,16,False
USG00006857,2378-HTWFW,2026-08-28,TWR00059,49,2868.84,2.802,8,False
USG00006858,3720-DBRWL,2026-08-28,TWR00078,17,857.97,0.838,22,False
USG00006859,5337-IIWKZ,2026-08-28,TWR00053,1,2788.64,2.723,24,False
USG00006860,7219-TLZHO,2026-08-28,TWR00045,130,3471.48,3.39,25,False
USG00006861,0014-BMAQU,2026-08-28,TWR00075,95,2446.74,2.389,4,False
USG00006862,4988-IQIGL,2026-08-28,TWR00012,80,1090.71,1.065,15,False
USG00006863,3838-OZURD,2026-08-28,TWR00078,107,2824.58,2.758,17,False
USG00006864,7322-OCWHC,2026-08-28,TWR00098,115,2269.52,2.216,4,False
USG00006865,5949-HGVJL,2026-08-27,TWR00016,61,447.46,0.437,1,False
USG00006866,8868-WOZGU,2026-08-27,TWR00094,81,1632.21,1.594,22,False
USG00006867,2522-AHJXR,2026-08-27,TWR00070,168,3287.34,3.21,4,False
USG00006868,3689-MOZGR,2026-08-27,TWR00051,62,4180.82,4.083,17,False
USG00006869,0580-PIQHM,2026-08-27,TWR00083,103,2607.71,2.547,7,False
USG00006870,8717-VCTXJ,2026-08-27,TWR00017,33,724.34,0.707,20,False
USG00006871,6872-HXFNF,2026-08-27,TWR00073,177,3380.1,3.301,0,False
USG00006872,4906-ZHGPK,2026-08-27,TWR00010,83,2231.94,2.18,7,False
USG00006873,9762-YAQAA,2026-08-27,TWR00026,133,2649.14,2.587,0,False
USG00006874,1173-XZPYF,2026-08-27,TWR00083,57,4249.67,4.15,4,False
USG00006875,8681-ICONS,2026-08-27,TWR00003,81,3441.47,3.361,9,False
USG00006876,2608-BHKFN,2026-08-27,TWR00097,63,4084.14,3.988,15,False
USG00006877,6016-NXBNJ,2026-08-27,TWR00026,115,685.21,0.669,17,False
USG00006878,9732-EQMWY,2026-08-27,TWR00032,140,2787.76,2.722,3,False
USG00006879,0786-IVLAW,2026-08-27,TWR00063,43,2581.41,2.521,14,False
USG00006880,8272-ONJLV,2026-08-27,TWR00014,132,344.22,0.336,7,False
USG00006881,5915-DGNVC,2026-08-27,TWR00012,20,2720.85,2.657,2,False
USG00006882,6086-ESGRL,2026-08-27,TWR00003,35,2699.35,2.636,24,False
USG00006883,4933-IKULF,2026-08-27,TWR00089,169,141.88,0.139,17,False
USG00006884,8731-WBBMB,2026-08-27,TWR00081,85,4486.73,4.382,11,False
USG00006885,9067-SQTNS,2026-08-27,TWR00091,140,1609.37,1.572,11,False
USG00006886,0810-BDHAW,2026-08-27,TWR00053,50,261.05,0.255,5,False
USG00006887,7746-AWNQW,2026-08-27,TWR00028,104,3650.56,3.565,10,False
USG00006888,5076-YVXCM,2026-08-27,TWR00076,135,2818.39,2.752,18,False
USG00006889,1139-WUOAH,2026-08-27,TWR00091,64,2369.55,2.314,3,False
USG00006890,9261-WDCAF,2026-08-27,TWR00012,37,1545.14,1.509,10,False
USG00006891,3969-JQABI,2026-08-27,TWR00021,178,3302.69,3.225,13,False
USG00006892,9916-AYHTC,2026-08-27,TWR00030,119,380.14,0.371,16,False
USG00006893,5022-JNQEQ,2026-08-27,TWR00069,170,4069.62,3.974,7,False
USG00006894,2361-FJWNO,2026-08-27,TWR00034,11,2654.52,2.592,3,False
USG00006895,8565-HBFNN,2026-08-27,TWR00009,46,2933.31,2.865,6,False
USG00006896,9643-AVVWI,2026-08-27,TWR00006,123,3629.62,3.545,22,True
USG00006897,9278-VZKCD,2026-08-27,TWR00064,108,2843.76,2.777,20,False
USG00006898,3209-ZPKFI,2026-08-27,TWR00060,87,3040.23,2.969,5,False
USG00006899,5996-NRVXR,2026-08-27,TWR00048,168,1904.46,1.86,3,False
USG00006900,7587-AOVVU,2026-08-27,TWR00051,142,3973.84,3.881,7,False
USG00006901,0488-GSLFR,2026-08-27,TWR00007,135,283.26,0.277,18,True
USG00006902,0188-GWFLE,2026-08-27,TWR00033,102,2603.0,2.542,25,False
USG00006903,8894-JVDCV,2026-08-27,TWR00066,161,268.2,0.262,12,False
USG00006904,6904-JLBGY,2026-08-27,TWR00033,143,3913.11,3.821,12,False
USG00006905,3569-JFODW,2026-08-27,TWR00033,86,1808.06,1.766,23,False
USG00006906,9283-LZQOH,2026-08-27,TWR00059,27,1744.52,1.704,6,False
USG00006907,6537-OTKMY,2026-08-27,TWR00015,56,1014.51,0.991,3,False
USG00006908,1663-MHLHE,2026-08-27,TWR00008,7,3431.53,3.351,8,False
USG00006909,0409-WTMPL,2026-08-27,TWR00014,111,545.36,0.533,14,False
USG00006910,6202-DYYFX,2026-08-27,TWR00077,142,2260.93,2.208,10,False
USG00006911,7113-HIPFI,2026-08-27,TWR00012,124,674.89,0.659,24,False
USG00006912,5214-NLTIT,2026-08-27,TWR00030,167,4184.15,4.086,9,False
USG00006913,3186-AJIEK,2026-08-27,TWR00018,69,1577.74,1.541,12,False
USG00006914,7268-WNTCP,2026-08-27,TWR00001,61,273.94,0.268,24,False
USG00006915,7795-CFOCW,2026-08-27,TWR00074,104,921.01,0.899,6,False
USG00006916,4525-VZCZG,2026-08-27,TWR00098,160,3910.81,3.819,9,False
USG00006917,8224-UAXBZ,2026-08-27,TWR00074,80,3991.23,3.898,18,False
USG00006918,3612-YVGSJ,2026-08-27,TWR00021,7,2650.6,2.588,21,False
USG00006919,9715-SBVSU,2026-08-27,TWR00003,19,102.17,0.1,12,False
USG00006920,1685-BQULA,2026-08-27,TWR00005,142,410.18,0.401,7,False
USG00006921,6654-QGBZZ,2026-08-27,TWR00089,52,522.01,0.51,3,False
USG00006922,3655-SNQYZ,2026-08-27,TWR00056,41,2422.18,2.365,11,False
USG00006923,7716-YTYHG,2026-08-27,TWR00074,77,3191.52,3.117,12,True
USG00006924,7025-IWFHT,2026-08-27,TWR00076,81,4205.69,4.107,11,False
USG00006925,6728-CZFEI,2026-08-27,TWR00065,127,4032.72,3.938,13,False
USG00006926,3943-KDREE,2026-08-27,TWR00058,164,1738.96,1.698,6,True
USG00006927,6680-WKXRZ,2026-08-27,TWR00041,133,347.44,0.339,3,False
USG00006928,3349-ANQNH,2026-08-27,TWR00005,169,431.55,0.421,7,False
USG00006929,6725-TPKJO,2026-08-27,TWR00049,151,3117.27,3.044,14,False
USG00006930,6941-KXRRV,2026-08-27,TWR00024,110,3953.48,3.861,20,False
USG00006931,0599-XNYDO,2026-08-27,TWR00070,12,1294.02,1.264,9,True
USG00006932,6265-SXWBU,2026-08-27,TWR00015,166,1217.48,1.189,12,False
USG00006933,1468-DEFNC,2026-08-27,TWR00078,70,4107.18,4.011,6,False
USG00006934,5161-XEUVX,2026-08-27,TWR00019,23,995.38,0.972,23,False
USG00006935,7399-QHBJS,2026-08-27,TWR00075,68,177.71,0.174,20,False
USG00006936,4415-WNGVR,2026-08-27,TWR00025,108,3185.37,3.111,21,False
USG00006937,5868-YTYKS,2026-08-27,TWR00022,106,3428.86,3.348,19,True
USG00006938,7480-QNVZJ,2026-08-27,TWR00024,94,617.49,0.603,4,False
USG00006939,4636-QRJKY,2026-08-27,TWR00079,73,3002.2,2.932,11,False
USG00006940,5882-CMAZQ,2026-08-27,TWR00073,110,3019.1,2.948,11,False
USG00006941,9069-LGEUL,2026-08-27,TWR00016,121,345.4,0.337,21,False
USG00006942,4211-MMAZN,2026-08-27,TWR00057,59,4098.32,4.002,23,False
USG00006943,3985-HOYPM,2026-08-27,TWR00014,138,4328.0,4.227,15,False
USG00006944,4851-BQDNX,2026-08-27,TWR00032,78,1590.77,1.553,1,False
USG00006945,0822-GAVAP,2026-08-27,TWR00065,6,1787.21,1.745,4,True
USG00006946,3211-AAPKX,2026-08-27,TWR00035,16,2777.93,2.713,12,False
USG00006947,4450-MDZFX,2026-08-27,TWR00075,35,62.55,0.061,7,False
USG00006948,4472-LVYGI,2026-08-27,TWR00053,66,1671.28,1.632,12,False
USG00006949,8242-SOQUO,2026-08-27,TWR00043,119,2931.94,2.863,15,False
USG00006950,4514-GFCFI,2026-08-27,TWR00051,66,2754.43,2.69,11,False
USG00006951,7191-ADRGF,2026-08-27,TWR00098,60,2158.72,2.108,23,False
USG00006952,5349-IECLD,2026-08-27,TWR00009,94,464.78,0.454,1,False
USG00006953,9618-LFJRU,2026-08-27,TWR00066,114,3679.3,3.593,18,False
USG00006954,4568-TTZRT,2026-08-27,TWR00005,126,3548.21,3.465,17,False
USG00006955,5392-AKEMH,2026-08-27,TWR00073,82,2238.06,2.186,17,False
USG00006956,5966-EMAZU,2026-08-27,TWR00061,82,3914.34,3.823,12,False
USG00006957,2522-WLNSF,2026-08-27,TWR00089,55,1106.24,1.08,13,False
USG00006958,4635-EJYPD,2026-08-27,TWR00060,122,2193.37,2.142,23,False
USG00006959,0196-JTUQI,2026-08-27,TWR00023,1,1590.45,1.553,25,False
USG00006960,0442-TDYUO,2026-08-27,TWR00004,98,1276.54,1.247,3,False
USG00006961,0280-XJGEX,2026-08-27,TWR00023,29,4366.81,4.264,15,False
USG00006962,4273-MBHYA,2026-08-27,TWR00073,46,3968.31,3.875,13,False
USG00006963,1792-UXAFY,2026-08-27,TWR00048,113,2670.46,2.608,10,False
USG00006964,8985-OOPOS,2026-08-27,TWR00089,86,3725.93,3.639,17,True
USG00006965,5692-FPTAH,2026-08-27,TWR00035,1,118.85,0.116,8,False
USG00006966,9919-FZDED,2026-08-27,TWR00065,12,3847.47,3.757,24,False
USG00006967,6474-FVJLC,2026-08-27,TWR00009,42,2379.25,2.323,15,False
USG00006968,1905-OEILC,2026-08-27,TWR00021,79,728.16,0.711,12,False
USG00006969,6583-KQJLK,2026-08-27,TWR00012,30,3220.51,3.145,4,False
USG00006970,9833-TGFHX,2026-08-27,TWR00085,98,2605.96,2.545,21,False
USG00006971,5397-TUPSH,2026-08-27,TWR00028,102,697.12,0.681,16,False
USG00006972,6156-UZDLF,2026-08-27,TWR00084,104,1799.96,1.758,2,False
USG00006973,3803-KMQFW,2026-08-27,TWR00039,31,1471.72,1.437,5,False
USG00006974,6082-GLJIX,2026-08-27,TWR00015,79,406.71,0.397,12,False
USG00006975,5186-SAMNZ,2026-08-27,TWR00098,37,3830.05,3.74,7,False
USG00006976,9919-KNPOO,2026-08-27,TWR00058,78,741.8,0.724,10,True
USG00006977,1977-STDKI,2026-08-27,TWR00081,163,2316.85,2.263,11,False
USG00006978,9927-DSWDF,2026-08-27,TWR00091,97,4398.4,4.295,21,False
USG00006979,9979-RGMZT,2026-08-27,TWR00060,29,659.57,0.644,11,False
USG00006980,5696-QURRL,2026-08-27,TWR00028,164,3481.86,3.4,14,False
USG00006981,1915-IOFGU,2026-08-27,TWR00088,85,3942.75,3.85,4,False
USG00006982,1459-QNFQT,2026-08-27,TWR00057,109,1025.12,1.001,15,False
USG00006983,4013-TLDHQ,2026-08-27,TWR00049,30,2252.29,2.2,22,False
USG00006984,4578-PHJYZ,2026-08-27,TWR00041,64,1482.19,1.447,7,False
USG00006985,4634-JLRJT,2026-08-27,TWR00066,159,3605.01,3.521,11,False
USG00006986,8898-KASCD,2026-08-27,TWR00014,176,2262.09,2.209,7,False
USG00006987,2176-OSJUV,2026-08-27,TWR00079,17,804.44,0.786,4,False
USG00006988,9227-LUNBG,2026-08-27,TWR00074,142,694.63,0.678,4,False
USG00006989,5071-FBJFS,2026-08-27,TWR00061,155,1197.71,1.17,25,False
USG00006990,6840-RESVB,2026-08-27,TWR00020,11,2565.03,2.505,16,False
USG00006991,4512-ZUIYL,2026-08-27,TWR00084,126,1363.26,1.331,19,True
USG00006992,9572-WUKSB,2026-08-27,TWR00074,151,3103.67,3.031,15,False
USG00006993,2990-IAJSV,2026-08-27,TWR00077,33,314.55,0.307,4,False
USG00006994,9851-KIELU,2026-08-27,TWR00070,78,1771.33,1.73,25,False
USG00006995,4671-LXRDQ,2026-08-27,TWR00020,45,4072.62,3.977,9,False
USG00006996,5931-FLJJF,2026-08-27,TWR00010,129,292.52,0.286,11,False
USG00006997,6388-TABGU,2026-08-27,TWR00008,49,180.89,0.177,15,False
USG00006998,8806-EAGWC,2026-08-27,TWR00084,174,1800.65,1.758,16,False
USG00006999,5095-AESKG,2026-08-27,TWR00038,33,761.39,0.744,18,False
USG00007000,5125-CNDSP,2026-08-27,TWR00087,150,4297.47,4.197,15,False
USG00007001,7361-YPXFS,2026-08-27,TWR00098,180,1747.49,1.707,5,False
USG00007002,4612-THJBS,2026-08-27,TWR00059,133,301.15,0.294,9,False
USG00007003,1564-NTYXF,2026-08-27,TWR00093,43,3257.84,3.181,17,False
USG00007004,7740-KKCXF,2026-08-27,TWR00020,152,3105.0,3.032,10,False
USG00007005,1545-JFUML,2026-08-27,TWR00005,89,1747.25,1.706,19,False
USG00007006,2207-OBZNX,2026-08-27,TWR00054,82,4280.1,4.18,10,False
USG00007007,5944-UGLLK,2026-08-27,TWR00018,56,2154.73,2.104,17,False
USG00007008,8963-MQVYN,2026-08-27,TWR00098,158,283.63,0.277,4,False
USG00007009,4912-PIGUY,2026-08-27,TWR00039,87,1005.74,0.982,21,True
USG00007010,2724-FJDYW,2026-08-27,TWR00089,66,1969.46,1.923,7,False
USG00007011,8884-MRNSU,2026-08-27,TWR00086,125,1576.82,1.54,20,False
USG00007012,6865-JZNKO,2026-08-27,TWR00041,161,1931.2,1.886,1,False
USG00007013,2180-DXNEG,2026-08-27,TWR00091,64,2285.44,2.232,19,False
USG00007014,1324-NLTJE,2026-08-27,TWR00091,171,262.58,0.256,0,False
USG00007015,3039-MJSLN,2026-08-27,TWR00083,146,2332.56,2.278,4,False
USG00007016,2270-CHBFN,2026-08-27,TWR00051,91,4443.73,4.34,10,False
USG00007017,5832-XKAES,2026-08-27,TWR00020,19,800.4,0.782,23,False
USG00007018,3859-CVCET,2026-08-27,TWR00067,174,1322.1,1.291,14,False
USG00007019,5049-GLYVG,2026-08-27,TWR00046,87,294.0,0.287,25,False
USG00007020,2120-SMPEX,2026-08-27,TWR00089,116,2200.33,2.149,9,False
USG00007021,0475-RIJEP,2026-08-27,TWR00052,33,4238.29,4.139,25,False
USG00007022,2480-SQIOB,2026-08-27,TWR00031,92,1326.31,1.295,19,False
USG00007023,2737-WFVYW,2026-08-27,TWR00030,167,3301.74,3.224,15,False
USG00007024,2332-TODQS,2026-08-27,TWR00088,115,4257.77,4.158,23,False
USG00007025,6726-WEXXK,2026-08-27,TWR00031,149,4284.98,4.185,19,False
USG00007026,8565-CLBZW,2026-08-27,TWR00066,159,3907.14,3.816,3,True
USG00007027,2208-NKVVH,2026-08-27,TWR00088,175,2429.47,2.373,9,False
USG00007028,6674-KVJHG,2026-08-27,TWR00011,84,2994.04,2.924,6,False
USG00007029,5708-EVONK,2026-08-27,TWR00048,52,307.68,0.3,23,False
USG00007030,3569-EDBPQ,2026-08-27,TWR00068,177,3297.19,3.22,0,True
USG00007031,5245-VDBUR,2026-08-27,TWR00079,120,751.3,0.734,24,False
USG00007032,7698-YFGEZ,2026-08-27,TWR00073,14,1484.15,1.449,10,False
USG00007033,0848-ZGQIJ,2026-08-27,TWR00100,109,370.02,0.361,6,True
USG00007034,4706-AXVKM,2026-08-27,TWR00031,15,3729.31,3.642,2,False
USG00007035,7416-CKTEP,2026-08-27,TWR00077,99,596.53,0.583,12,False
USG00007036,1453-RZFON,2026-08-27,TWR00043,24,2726.13,2.662,17,False
USG00007037,7396-VJUZB,2026-08-27,TWR00100,152,1670.98,1.632,3,True
USG00007038,2068-WWXQZ,2026-08-27,TWR00051,16,1657.49,1.619,25,False
USG00007039,7136-IHZJA,2026-08-27,TWR00087,102,1874.88,1.831,7,False
USG00007040,3585-YNADK,2026-08-27,TWR00029,16,2764.92,2.7,18,False
USG00007041,7672-VFMXZ,2026-08-27,TWR00018,55,3124.11,3.051,1,False
USG00007042,9578-VRMNM,2026-08-27,TWR00081,91,4377.29,4.275,18,False
USG00007043,8295-KMENE,2026-08-27,TWR00096,105,3260.04,3.184,0,False
USG00007044,0187-WZNAB,2026-08-27,TWR00004,44,962.27,0.94,25,True
USG00007045,9415-ZNBSX,2026-08-27,TWR00011,127,1140.06,1.113,22,False
USG00007046,7249-WBIYX,2026-08-27,TWR00068,133,3709.15,3.622,9,False
USG00007047,3621-CHYVB,2026-08-27,TWR00068,97,642.42,0.627,17,False
USG00007048,0936-NQLJU,2026-08-27,TWR00004,175,2741.83,2.678,6,False
USG00007049,7112-OPOTK,2026-08-27,TWR00073,179,1064.22,1.039,4,False
USG00007050,4213-HKBJO,2026-08-27,TWR00068,164,2644.67,2.583,9,False
USG00007051,4452-ROHMO,2026-08-27,TWR00054,147,1426.99,1.394,21,False
USG00007052,2082-CEFLT,2026-08-27,TWR00010,87,3590.02,3.506,16,False
USG00007053,3904-UKFRE,2026-08-27,TWR00094,75,3793.13,3.704,3,False
USG00007054,0396-UKGAI,2026-08-27,TWR00027,21,2369.92,2.314,3,False
USG00007055,3842-IYKUE,2026-08-27,TWR00081,96,232.78,0.227,11,False
USG00007056,4056-QHXHZ,2026-08-27,TWR00094,52,2256.09,2.203,4,False
USG00007057,3186-BAXNB,2026-08-27,TWR00050,138,3166.37,3.092,19,True
USG00007058,0687-ZVTHB,2026-08-27,TWR00092,92,2513.83,2.455,14,True
USG00007059,3744-ZBHON,2026-08-27,TWR00024,115,60.3,0.059,18,True
USG00007060,0376-OIWME,2026-08-27,TWR00011,96,2864.0,2.797,21,True
USG00007061,7401-JIXNM,2026-08-27,TWR00042,63,4009.56,3.916,1,False
USG00007062,0212-ISBBF,2026-08-27,TWR00085,17,3125.07,3.052,16,False
USG00007063,8098-LLAZX,2026-08-27,TWR00070,112,3140.61,3.067,9,False
USG00007064,9028-LIHRP,2026-08-27,TWR00017,14,4100.9,4.005,1,False
USG00007065,2675-OTVVJ,2026-08-27,TWR00090,10,1096.62,1.071,3,False
USG00007066,9575-IWCAZ,2026-08-27,TWR00054,112,525.33,0.513,18,False
USG00007067,9373-WSLOY,2026-08-27,TWR00027,15,1540.54,1.504,24,False
USG00007068,0516-WJVXC,2026-08-27,TWR00001,27,4023.36,3.929,18,False
USG00007069,2081-VEYEH,2026-08-27,TWR00056,43,2362.26,2.307,21,False
USG00007070,4908-XAXAY,2026-08-27,TWR00043,144,2392.34,2.336,13,False
USG00007071,7208-PSIHR,2026-08-27,TWR00097,68,3961.45,3.869,14,False
USG00007072,6108-OQZDQ,2026-08-27,TWR00052,140,2204.18,2.153,17,False
USG00007073,5073-RZGBK,2026-08-27,TWR00048,150,562.89,0.55,15,False
USG00007074,3407-QGWLG,2026-08-27,TWR00014,17,1551.67,1.515,24,False
USG00007075,0508-SQWPL,2026-08-27,TWR00059,13,1490.21,1.455,6,False
USG00007076,5549-ZGHFB,2026-08-27,TWR00002,152,2790.89,2.725,0,False
USG00007077,0872-CASZJ,2026-08-27,TWR00022,140,1593.9,1.557,2,False
USG00007078,3452-FLHYD,2026-08-27,TWR00023,13,395.8,0.387,5,False
USG00007079,5063-IUOKK,2026-08-27,TWR00088,37,4375.24,4.273,3,False
USG00007080,6986-IXNDM,2026-08-27,TWR00004,120,3108.55,3.036,16,False
USG00007081,9793-WECQC,2026-08-27,TWR00100,158,4461.2,4.357,12,False
USG00007082,0220-EBGCE,2026-08-27,TWR00092,60,844.4,0.825,22,False
USG00007083,3090-HAWSU,2026-08-27,TWR00010,73,584.7,0.571,4,False
USG00007084,0230-WEQUW,2026-08-27,TWR00004,79,4495.39,4.39,21,True
USG00007085,7252-NTGSS,2026-08-27,TWR00068,131,2973.3,2.904,12,False
USG00007086,1047-NNCBF,2026-08-27,TWR00022,57,4361.17,4.259,17,True
USG00007087,1557-EMYVT,2026-08-27,TWR00090,62,1655.35,1.617,25,False
USG00007088,6374-AFWOX,2026-08-27,TWR00071,64,2388.01,2.332,5,False
USG00007089,0282-NVSJS,2026-08-27,TWR00001,42,3656.69,3.571,10,False
USG00007090,4959-JOSRX,2026-08-27,TWR00072,172,1688.11,1.649,24,False
USG00007091,9067-YGSCA,2026-08-27,TWR00091,5,2478.45,2.42,3,False
USG00007092,7291-CDTMJ,2026-08-27,TWR00088,120,836.58,0.817,9,False
USG00007093,2612-RANWT,2026-08-27,TWR00092,54,1814.32,1.772,9,False
USG00007094,4450-YOOHP,2026-08-27,TWR00058,147,2465.42,2.408,8,False
USG00007095,3144-AUDBS,2026-08-27,TWR00089,151,2481.1,2.423,14,False
USG00007096,5222-IMUKT,2026-08-27,TWR00053,9,3567.97,3.484,9,False
USG00007097,6688-UZPWD,2026-08-27,TWR00022,40,581.02,0.567,3,False
USG00007098,8138-EALND,2026-08-27,TWR00010,136,1191.16,1.163,8,False
USG00007099,2220-IAHLS,2026-08-27,TWR00059,35,2634.14,2.572,16,True
USG00007100,8220-OCUFY,2026-08-27,TWR00049,75,3577.47,3.494,15,False
USG00007101,8563-IIOXK,2026-08-27,TWR00074,85,675.91,0.66,22,False
USG00007102,9481-IEBZY,2026-08-27,TWR00023,11,3521.35,3.439,16,False
USG00007103,6166-ILMNY,2026-08-27,TWR00055,108,1549.65,1.513,19,False
USG00007104,8706-HRADD,2026-08-27,TWR00048,140,4324.7,4.223,8,False
USG00007105,3276-HDUEG,2026-08-27,TWR00040,21,4179.67,4.082,1,True
USG00007106,5117-ZSMHQ,2026-08-27,TWR00051,31,2015.24,1.968,23,True
USG00007107,2282-YGNOR,2026-08-27,TWR00048,14,2353.12,2.298,16,True
USG00007108,2928-HLDBA,2026-08-27,TWR00073,108,1079.32,1.054,19,False
USG00007109,8903-XEBGX,2026-08-27,TWR00015,156,786.01,0.768,19,True
USG00007110,8265-HKSOW,2026-08-27,TWR00008,32,3576.6,3.493,20,False
USG00007111,9389-ACWBI,2026-08-27,TWR00035,75,3471.31,3.39,4,True
USG00007112,3647-GMGDH,2026-08-27,TWR00082,51,3049.31,2.978,13,False
USG00007113,1763-KUAAW,2026-08-27,TWR00048,25,2004.6,1.958,22,False
USG00007114,7495-OOKFY,2026-08-27,TWR00038,127,3002.66,2.932,10,False
USG00007115,1254-IZEYF,2026-08-27,TWR00044,154,4493.39,4.388,24,False
USG00007116,3726-TBHQT,2026-08-27,TWR00099,157,2731.24,2.667,20,False
USG00007117,0603-TPMIB,2026-08-27,TWR00053,48,3559.92,3.476,9,False
USG00007118,4256-ZWTZI,2026-08-27,TWR00077,69,3203.8,3.129,0,False
USG00007119,4090-KPJIP,2026-08-27,TWR00071,105,2121.88,2.072,10,False
USG00007120,0137-OCGAB,2026-08-27,TWR00002,121,1872.22,1.828,17,False
USG00007121,4228-ZGYUW,2026-08-27,TWR00063,36,50.12,0.049,24,False
USG00007122,7047-FWEYA,2026-08-27,TWR00100,16,662.78,0.647,20,False
USG00007123,5442-UTCVD,2026-08-27,TWR00053,68,1439.51,1.406,20,False
USG00007124,7908-QCBCA,2026-08-27,TWR00063,27,3334.35,3.256,12,True
USG00007125,7274-RTAPZ,2026-08-27,TWR00094,139,1106.02,1.08,17,False
USG00007126,4804-NCPET,2026-08-27,TWR00001,131,3024.29,2.953,22,False
USG00007127,2636-SJDOU,2026-08-27,TWR00021,75,3657.71,3.572,10,False
USG00007128,6718-BDGHG,2026-08-27,TWR00068,73,1614.89,1.577,15,False
USG00007129,6510-UPNKS,2026-08-27,TWR00009,26,1805.27,1.763,19,False
USG00007130,4139-SUGLD,2026-08-27,TWR00058,158,2693.05,2.63,9,False
USG00007131,5275-PMFUT,2026-08-27,TWR00010,161,4402.94,4.3,10,False
USG00007132,0952-KMEEH,2026-08-27,TWR00093,123,2652.09,2.59,3,False
USG00007133,4465-VDKIQ,2026-08-27,TWR00026,179,1184.37,1.157,18,False
USG00007134,6231-WFGFH,2026-08-27,TWR00023,94,2867.44,2.8,12,False
USG00007135,1930-BZLHI,2026-08-27,TWR00072,0,105.14,0.103,18,False
USG00007136,6319-QSUSR,2026-08-27,TWR00012,18,4006.62,3.913,0,False
USG00007137,3198-VELRD,2026-08-27,TWR00093,108,1020.06,0.996,1,True
USG00007138,1763-WQFUK,2026-08-27,TWR00071,6,3182.85,3.108,16,False
USG00007139,1090-PYKCI,2026-08-27,TWR00026,65,965.36,0.943,17,False
USG00007140,4285-GYRQC,2026-08-27,TWR00052,161,2483.27,2.425,22,False
USG00007141,8996-ZROXE,2026-08-27,TWR00055,166,3525.21,3.443,0,False
USG00007142,4986-MXSFP,2026-08-27,TWR00056,112,1752.31,1.711,5,False
USG00007143,4778-IZARL,2026-08-27,TWR00065,117,2292.02,2.238,5,False
USG00007144,4749-VFKVB,2026-08-27,TWR00031,95,1007.64,0.984,21,False
USG00007145,7133-VBDCG,2026-08-27,TWR00099,120,1965.36,1.919,10,False
USG00007146,6506-EYCNH,2026-08-27,TWR00014,105,3748.0,3.66,15,False
USG00007147,4868-AADLV,2026-08-27,TWR00048,0,2084.65,2.036,1,False
USG00007148,3847-BAERP,2026-08-27,TWR00049,43,3001.97,2.932,19,False
USG00007149,2897-DOVND,2026-08-27,TWR00020,1,3357.16,3.278,21,False
USG00007150,3235-ETOOB,2026-08-27,TWR00052,4,1185.45,1.158,4,False
USG00007151,3804-RVTGV,2026-08-27,TWR00092,79,1789.58,1.748,13,False
USG00007152,9546-KDTRB,2026-08-27,TWR00002,108,737.75,0.72,16,True
USG00007153,0617-FHSGK,2026-08-27,TWR00045,177,2115.88,2.066,2,False
USG00007154,1038-ZAGBI,2026-08-27,TWR00075,159,1506.61,1.471,9,False
USG00007155,2858-MOFSQ,2026-08-27,TWR00024,4,1737.28,1.697,16,True
USG00007156,5155-AZQPB,2026-08-27,TWR00050,170,3320.62,3.243,1,False
USG00007157,3620-EHIMZ,2026-08-27,TWR00071,4,3673.12,3.587,24,False
USG00007158,9504-DSHWM,2026-08-27,TWR00048,2,1422.9,1.39,1,False
USG00007159,8106-GWQOK,2026-08-27,TWR00085,82,1530.72,1.495,3,False
USG00007160,4750-UKWJK,2026-08-27,TWR00024,28,1008.35,0.985,2,False
USG00007161,9124-LHCJQ,2026-08-27,TWR00012,136,2897.86,2.83,7,True
USG00007162,9972-NKTFD,2026-08-27,TWR00050,32,3886.94,3.796,9,False
USG00007163,8189-XRIKE,2026-08-27,TWR00015,133,3730.17,3.643,8,False
USG00007164,1941-HOSAM,2026-08-27,TWR00009,19,2960.37,2.891,20,False
USG00007165,5294-IMHHT,2026-08-27,TWR00081,140,2971.34,2.902,11,True
USG00007166,1035-IPQPU,2026-08-27,TWR00099,175,2270.61,2.217,5,False
USG00007167,8757-TFHHJ,2026-08-27,TWR00099,173,559.19,0.546,2,False
USG00007168,1934-MKPXS,2026-08-27,TWR00061,132,1372.35,1.34,12,False
USG00007169,5600-KTXFM,2026-08-27,TWR00079,140,1013.03,0.989,4,False
USG00007170,2523-EWWZL,2026-08-27,TWR00028,168,1344.57,1.313,12,False
USG00007171,0164-APGRB,2026-08-27,TWR00064,13,3930.26,3.838,8,False
USG00007172,2369-FEVNO,2026-08-27,TWR00078,160,1626.67,1.589,17,False
USG00007173,5231-FIQPA,2026-08-27,TWR00008,148,1284.28,1.254,23,False
USG00007174,5092-STPKP,2026-08-27,TWR00023,109,3678.07,3.592,0,False
USG00007175,7488-MXJIV,2026-08-27,TWR00009,76,459.07,0.448,18,False
USG00007176,2228-BZDEE,2026-08-27,TWR00006,94,4102.13,4.006,23,True
USG00007177,4361-FEBGN,2026-08-27,TWR00016,11,3915.73,3.824,21,False
USG00007178,3452-ABWRL,2026-08-27,TWR00037,125,1879.28,1.835,13,False
USG00007179,3316-UWXUY,2026-08-27,TWR00080,72,1539.14,1.503,24,False
USG00007180,1725-IQNIY,2026-08-27,TWR00056,138,525.26,0.513,16,False
USG00007181,2378-VTKDH,2026-08-27,TWR00028,49,1250.04,1.221,22,False
USG00007182,8735-NBLWT,2026-08-27,TWR00014,98,754.75,0.737,14,False
USG00007183,6376-GAHQE,2026-08-27,TWR00091,61,3800.66,3.712,4,False
USG00007184,6923-JHPMP,2026-08-27,TWR00034,112,2820.28,2.754,16,False
USG00007185,5889-JTMUL,2026-08-27,TWR00008,44,845.15,0.825,11,True
USG00007186,9445-ZUEQE,2026-08-27,TWR00053,67,4096.5,4.0,15,False
USG00007187,2823-LKABH,2026-08-27,TWR00007,33,1851.21,1.808,12,True
USG00007188,8364-TRMMK,2026-08-27,TWR00094,167,750.73,0.733,10,False
USG00007189,6942-LBFDP,2026-08-27,TWR00060,98,2500.81,2.442,23,False
USG00007190,7586-ZATGZ,2026-08-27,TWR00020,117,1683.46,1.644,15,True
USG00007191,7479-NITWS,2026-08-27,TWR00027,117,3531.28,3.449,1,False
USG00007192,3863-QSTYI,2026-08-27,TWR00030,105,3263.27,3.187,6,False
USG00007193,0260-ZDLGK,2026-08-27,TWR00089,82,3986.41,3.893,15,False
USG00007194,2049-BAFNW,2026-08-27,TWR00009,21,1041.58,1.017,13,False
USG00007195,0909-SELIE,2026-08-27,TWR00098,97,2183.91,2.133,24,False
USG00007196,8111-BKVDS,2026-08-27,TWR00022,65,4368.82,4.266,1,False
USG00007197,2227-JRSJX,2026-08-27,TWR00001,124,185.6,0.181,11,False
USG00007198,3926-YZVVX,2026-08-27,TWR00080,50,2855.99,2.789,25,False
USG00007199,9412-GHEEC,2026-08-27,TWR00092,96,949.94,0.928,18,False
USG00007200,0975-UYDTX,2026-08-27,TWR00003,130,530.25,0.518,5,True
USG00007201,5899-MQZZL,2026-08-27,TWR00034,60,4427.85,4.324,25,False
USG00007202,5954-BDFSG,2026-08-27,TWR00041,42,1985.04,1.939,12,False
USG00007203,2826-UWHIS,2026-08-27,TWR00085,172,1227.82,1.199,13,False
USG00007204,2927-CVULT,2026-08-27,TWR00047,12,3058.13,2.986,7,False
USG00007205,8149-AIQCG,2026-08-27,TWR00071,38,3237.28,3.161,6,False
USG00007206,0378-NHQXU,2026-08-27,TWR00068,71,4450.63,4.346,11,False
USG00007207,5002-GCQFH,2026-08-27,TWR00014,35,1917.75,1.873,11,True
USG00007208,9638-JIQYA,2026-08-27,TWR00095,147,4432.27,4.328,25,True
USG00007209,5627-TVBPP,2026-08-27,TWR00057,159,3740.95,3.653,23,False
USG00007210,5743-KHMNA,2026-08-27,TWR00067,90,3626.9,3.542,13,False
USG00007211,3957-LXOLK,2026-08-27,TWR00081,167,3433.84,3.353,12,True
USG00007212,2082-OJVTK,2026-08-27,TWR00003,140,71.92,0.07,18,False
USG00007213,7714-YXSMB,2026-08-27,TWR00047,178,1870.89,1.827,13,False
USG00007214,0442-ZXKVS,2026-08-27,TWR00038,53,2153.83,2.103,4,False
USG00007215,6490-FGZAT,2026-08-27,TWR00087,93,3553.3,3.47,23,False
USG00007216,7129-CAKJW,2026-08-27,TWR00064,7,883.55,0.863,20,False
USG00007217,0601-WZHJF,2026-08-27,TWR00020,35,3721.63,3.634,22,False
USG00007218,5346-BZCHP,2026-08-27,TWR00028,117,3913.06,3.821,15,True
USG00007219,6804-GDMOI,2026-08-27,TWR00093,160,4237.6,4.138,18,False
USG00007220,2097-YVPKN,2026-08-27,TWR00064,164,2591.32,2.531,20,True
USG00007221,7542-CYDDM,2026-08-27,TWR00086,8,1577.12,1.54,5,False
USG00007222,6549-YMFAW,2026-08-27,TWR00014,153,1928.61,1.883,7,False
USG00007223,4188-FRABG,2026-08-27,TWR00050,91,423.41,0.413,22,False
USG00007224,2507-QZPQS,2026-08-27,TWR00011,156,3389.15,3.31,2,False
USG00007225,9947-OTFQU,2026-08-27,TWR00007,10,797.3,0.779,9,False
USG00007226,2481-SBOYW,2026-08-27,TWR00036,30,702.79,0.686,10,False
USG00007227,2770-NSVDG,2026-08-27,TWR00017,122,3270.78,3.194,15,False
USG00007228,8053-WWDRO,2026-08-27,TWR00021,6,1456.56,1.422,20,False
USG00007229,6695-AMZUF,2026-08-27,TWR00087,39,103.16,0.101,8,False
USG00007230,2324-EFHVG,2026-08-27,TWR00007,78,569.15,0.556,18,True
USG00007231,8514-VZHEB,2026-08-27,TWR00093,29,3260.58,3.184,1,False
USG00007232,3318-NMQXL,2026-08-27,TWR00035,97,463.89,0.453,18,False
USG00007233,7056-IMHCC,2026-08-27,TWR00006,164,1700.76,1.661,6,False
USG00007234,3923-CSIHK,2026-08-27,TWR00010,174,3990.31,3.897,14,False
USG00007235,5837-LXSDN,2026-08-27,TWR00099,27,2819.99,2.754,3,False
USG00007236,8647-SDTWQ,2026-08-27,TWR00047,113,4492.23,4.387,25,False
USG00007237,5177-RVZNU,2026-08-27,TWR00020,173,3813.31,3.724,15,False
USG00007238,6650-BWFRT,2026-08-27,TWR00055,86,3293.61,3.216,24,False
USG00007239,0585-EGDDA,2026-08-27,TWR00100,160,506.89,0.495,13,False
USG00007240,0481-SUMCB,2026-08-27,TWR00059,9,1170.74,1.143,13,False
USG00007241,8120-JDCAM,2026-08-27,TWR00001,70,4338.26,4.237,8,True
USG00007242,2929-QNSRW,2026-08-27,TWR00016,152,1078.83,1.054,9,False
USG00007243,9391-YZEJW,2026-08-27,TWR00073,166,3732.07,3.645,1,False
USG00007244,3482-ABPKK,2026-08-27,TWR00077,137,738.57,0.721,16,False
USG00007245,7353-YOWFP,2026-08-27,TWR00011,37,1408.62,1.376,9,False
USG00007246,2884-GBPFB,2026-08-27,TWR00035,24,1451.78,1.418,3,True
USG00007247,2626-URJFX,2026-08-27,TWR00017,107,724.84,0.708,3,False
USG00007248,8993-IZEUX,2026-08-27,TWR00001,53,3968.63,3.876,7,False
USG00007249,1555-HAPSU,2026-08-27,TWR00002,93,4193.45,4.095,6,False
USG00007250,9451-WLYRI,2026-08-27,TWR00085,108,2367.48,2.312,14,False
USG00007251,9940-HPQPG,2026-08-27,TWR00058,118,1845.45,1.802,13,False
USG00007252,0003-MKNFE,2026-08-27,TWR00092,95,502.16,0.49,1,False
USG00007253,6313-GIDIT,2026-08-27,TWR00002,24,2278.18,2.225,8,False
USG00007254,6504-VBLFL,2026-08-27,TWR00047,63,3431.69,3.351,22,False
USG00007255,6322-PJJDJ,2026-08-27,TWR00036,10,1627.84,1.59,6,False
USG00007256,6599-CEBNN,2026-08-27,TWR00093,4,2444.66,2.387,2,False
USG00007257,5339-TJFEK,2026-08-27,TWR00057,81,2803.05,2.737,4,False
USG00007258,3606-SBKRY,2026-08-27,TWR00100,23,2405.29,2.349,8,False
USG00007259,6586-MYGKD,2026-08-27,TWR00065,66,1669.57,1.63,22,False
USG00007260,2460-NGXBJ,2026-08-27,TWR00030,70,165.57,0.162,10,True
USG00007261,4067-HLYQI,2026-08-27,TWR00018,154,54.19,0.053,21,True
USG00007262,2737-YNGYW,2026-08-27,TWR00008,126,4260.67,4.161,12,False
USG00007263,4523-WXCEF,2026-08-27,TWR00078,74,1069.05,1.044,1,False
USG00007264,0835-DUUIQ,2026-08-27,TWR00055,56,203.97,0.199,22,False
USG00007265,6484-LATFU,2026-08-27,TWR00038,93,1164.73,1.137,4,False
USG00007266,6551-GNYDG,2026-08-27,TWR00017,116,2918.95,2.851,8,False
USG00007267,0345-XMMUG,2026-08-27,TWR00021,23,1661.77,1.623,5,False
USG00007268,9053-JZFKV,2026-08-27,TWR00023,147,3887.2,3.796,1,False
USG00007269,8984-HPEMB,2026-08-27,TWR00007,4,3188.92,3.114,21,False
USG00007270,4950-HKQTE,2026-08-27,TWR00052,71,1093.15,1.068,15,False
USG00007271,1814-WFGVS,2026-08-27,TWR00039,127,274.6,0.268,14,True
USG00007272,2284-VFLKH,2026-08-27,TWR00053,44,152.69,0.149,23,False
USG00007273,2404-JIBFC,2026-08-27,TWR00003,51,4286.64,4.186,19,False
USG00007274,3223-DWFIO,2026-08-27,TWR00086,180,1543.74,1.508,16,False
USG00007275,4747-LCAQL,2026-08-27,TWR00028,140,1102.36,1.077,13,False
USG00007276,1852-QSWCD,2026-08-27,TWR00010,32,4483.32,4.378,12,False
USG00007277,3027-YNWZU,2026-08-27,TWR00080,10,1495.84,1.461,13,False
USG00007278,2774-LVQUS,2026-08-27,TWR00048,127,930.28,0.908,5,False
USG00007279,9253-QXKBE,2026-08-27,TWR00023,56,1037.73,1.013,12,False
USG00007280,7940-UQQUG,2026-08-27,TWR00096,56,260.88,0.255,0,False
USG00007281,6869-FGJJC,2026-08-27,TWR00036,129,2452.06,2.395,12,False
USG00007282,9938-TKDGL,2026-08-27,TWR00031,21,3012.31,2.942,14,False
USG00007283,3398-FSHON,2026-08-27,TWR00048,27,4464.27,4.36,5,False
USG00007284,7188-CBBBA,2026-08-27,TWR00041,164,3015.83,2.945,11,False
USG00007285,1813-JLKWR,2026-08-27,TWR00005,122,3961.0,3.868,12,False
USG00007286,3370-GQEAL,2026-08-27,TWR00025,108,1140.41,1.114,14,True
USG00007287,5204-HMGYF,2026-08-27,TWR00068,53,2768.98,2.704,23,False
USG00007288,3824-RHKVR,2026-08-27,TWR00022,64,1049.3,1.025,21,False
USG00007289,7868-BGSZA,2026-08-27,TWR00084,5,1473.88,1.439,14,False
USG00007290,2907-ILJBN,2026-08-27,TWR00068,18,4205.09,4.107,9,False
USG00007291,9926-PJHDQ,2026-08-27,TWR00051,119,2705.72,2.642,20,False
USG00007292,3003-CMDUU,2026-08-27,TWR00059,117,3740.12,3.652,15,False
USG00007293,0731-EBJQB,2026-08-27,TWR00052,50,2084.05,2.035,12,False
USG00007294,4195-SMMNX,2026-08-27,TWR00095,4,369.29,0.361,17,False
USG00007295,3199-NPKCN,2026-08-27,TWR00057,171,1656.21,1.617,8,False
USG00007296,9975-SKRNR,2026-08-27,TWR00017,149,3370.82,3.292,21,True
USG00007297,0786-VSSUD,2026-08-27,TWR00076,132,2684.29,2.621,15,False
USG00007298,3756-VNWDH,2026-08-27,TWR00044,180,979.84,0.957,9,False
USG00007299,5605-XNWEN,2026-08-27,TWR00020,92,691.32,0.675,16,False
USG00007300,8348-JLBUG,2026-08-27,TWR00086,127,3968.33,3.875,5,False
USG00007301,5349-AZPEW,2026-08-27,TWR00084,120,1392.07,1.359,25,False
USG00007302,2890-WFBHU,2026-08-27,TWR00084,42,920.02,0.898,3,False
USG00007303,6729-FZWSY,2026-08-27,TWR00047,41,1639.47,1.601,19,False
USG00007304,6072-NUQCB,2026-08-27,TWR00075,55,2992.56,2.922,15,False
USG00007305,3884-UEBXB,2026-08-27,TWR00024,135,742.56,0.725,0,False
USG00007306,1910-FMXJM,2026-08-27,TWR00013,83,4383.09,4.28,12,False
USG00007307,7239-HZZCX,2026-08-27,TWR00063,57,713.01,0.696,3,False
USG00007308,0841-NULXI,2026-08-27,TWR00082,95,1715.2,1.675,2,False
USG00007309,4825-FUREZ,2026-08-27,TWR00098,175,3015.0,2.944,12,False
USG00007310,1518-OMDIK,2026-08-27,TWR00037,18,2024.56,1.977,1,False
USG00007311,4631-OACRM,2026-08-27,TWR00073,34,1404.94,1.372,6,False
USG00007312,8317-BVKSO,2026-08-27,TWR00076,26,794.16,0.776,25,False
USG00007313,4760-XOHVN,2026-08-27,TWR00009,71,952.41,0.93,4,False
USG00007314,3845-JHAMY,2026-08-27,TWR00047,171,1179.04,1.151,7,False
USG00007315,8624-GIOUT,2026-08-27,TWR00026,112,4337.95,4.236,1,False
USG00007316,5650-YLIBA,2026-08-27,TWR00004,76,1129.2,1.103,15,True
USG00007317,4367-NUYAO,2026-08-27,TWR00095,131,3693.65,3.607,2,False
USG00007318,0305-SQECB,2026-08-27,TWR00041,158,120.12,0.117,5,False
USG00007319,2320-SLKMB,2026-08-27,TWR00068,108,2293.39,2.24,12,False
USG00007320,1932-UEDCX,2026-08-27,TWR00083,23,4150.27,4.053,23,False
USG00007321,7317-GGVPB,2026-08-27,TWR00081,136,412.14,0.402,21,True
USG00007322,4817-VYYWS,2026-08-27,TWR00054,13,942.34,0.92,22,False
USG00007323,9398-MMQTO,2026-08-27,TWR00025,49,1384.25,1.352,16,False
USG00007324,4526-ZJJTM,2026-08-27,TWR00086,65,1107.51,1.082,16,False
USG00007325,3584-WKTTW,2026-08-27,TWR00081,158,3207.68,3.132,18,True
USG00007326,6402-EJMWF,2026-08-27,TWR00047,131,3829.3,3.74,25,False
USG00007327,6351-SCJKT,2026-08-27,TWR00051,18,1386.84,1.354,18,False
USG00007328,9747-DDZOS,2026-08-27,TWR00072,161,3933.31,3.841,7,False
USG00007329,2990-HWIML,2026-08-27,TWR00003,121,2060.52,2.012,13,True
USG00007330,5955-ERIHD,2026-08-27,TWR00017,125,4434.25,4.33,4,False
USG00007331,4188-PCPIG,2026-08-27,TWR00001,105,924.49,0.903,11,False
USG00007332,6122-EFVKN,2026-08-27,TWR00063,118,4368.04,4.266,1,False
USG00007333,7567-ECMCM,2026-08-27,TWR00037,130,1329.32,1.298,11,False
USG00007334,1474-JUWSM,2026-08-27,TWR00100,93,4398.31,4.295,20,False
USG00007335,2748-MYRVK,2026-08-27,TWR00005,165,361.35,0.353,13,False
USG00007336,4818-DRBQT,2026-08-27,TWR00036,112,2364.06,2.309,22,False
USG00007337,3334-CTHOL,2026-08-27,TWR00095,91,4343.67,4.242,4,False
USG00007338,3197-NNYNB,2026-08-27,TWR00028,106,344.89,0.337,10,False
USG00007339,2452-SNHFZ,2026-08-27,TWR00094,78,2615.21,2.554,9,False
USG00007340,2873-ZLIWT,2026-08-27,TWR00006,78,2813.0,2.747,20,True
USG00007341,4821-SJHJV,2026-08-27,TWR00033,60,2660.83,2.598,16,False
USG00007342,4589-IUAJB,2026-08-27,TWR00065,29,429.65,0.42,18,False
USG00007343,6861-OKBCE,2026-08-27,TWR00096,116,342.61,0.335,14,False
USG00007344,8727-JQFHV,2026-08-27,TWR00014,3,4302.96,4.202,0,False
USG00007345,8857-CUPFQ,2026-08-27,TWR00005,53,3816.25,3.727,11,False
USG00007346,8992-JQYUN,2026-08-27,TWR00049,39,4301.4,4.201,23,False
USG00007347,2466-FCCPT,2026-08-27,TWR00039,26,2825.8,2.76,0,False
USG00007348,8573-CGOCC,2026-08-27,TWR00021,12,2242.49,2.19,20,False
USG00007349,1093-YSWCA,2026-08-27,TWR00078,134,3486.67,3.405,16,False
USG00007350,4283-FUTGF,2026-08-27,TWR00047,77,1056.44,1.032,8,False
USG00007351,3174-RKMOW,2026-08-27,TWR00058,158,877.79,0.857,2,False
USG00007352,9761-XUJWD,2026-08-27,TWR00018,67,2866.85,2.8,14,False
USG00007353,6959-GQEGV,2026-08-27,TWR00011,35,1470.58,1.436,14,False
USG00007354,1031-IIDEO,2026-08-27,TWR00085,132,1804.5,1.762,16,False
USG00007355,5939-SXWHM,2026-08-27,TWR00033,39,3063.8,2.992,3,False
USG00007356,3351-NGXYI,2026-08-27,TWR00027,72,3657.7,3.572,11,False
USG00007357,3308-JSGML,2026-08-27,TWR00009,151,3450.38,3.37,25,False
USG00007358,5442-XSDCW,2026-08-27,TWR00080,153,2628.47,2.567,24,False
USG00007359,2645-QTLMB,2026-08-27,TWR00050,81,2852.01,2.785,24,False
USG00007360,5602-BVFMK,2026-08-27,TWR00017,180,422.79,0.413,24,False
USG00007361,1502-XFCVR,2026-08-27,TWR00068,165,2578.55,2.518,7,False
USG00007362,8246-SHFGA,2026-08-27,TWR00048,1,331.88,0.324,24,False
USG00007363,6905-NIQIN,2026-08-27,TWR00070,42,3350.12,3.272,4,True
USG00007364,4826-DXMUP,2026-08-27,TWR00071,84,3654.92,3.569,0,False
USG00007365,9332-GYWLO,2026-08-27,TWR00042,131,1955.54,1.91,13,False
USG00007366,8584-KMVXD,2026-08-27,TWR00014,123,1147.25,1.12,13,False
USG00007367,2073-QBVBI,2026-08-27,TWR00066,14,1314.71,1.284,9,False
USG00007368,0862-PRCBS,2026-08-27,TWR00017,134,2815.94,2.75,23,False
USG00007369,8763-KIAFH,2026-08-27,TWR00037,69,2478.94,2.421,11,False
USG00007370,4706-DGAHW,2026-08-27,TWR00034,117,371.64,0.363,12,False
USG00007371,4776-XSKYQ,2026-08-27,TWR00070,88,2865.14,2.798,15,False
USG00007372,5118-MUEYH,2026-08-27,TWR00074,62,814.05,0.795,25,False
USG00007373,9931-KGHOA,2026-08-27,TWR00011,135,1003.65,0.98,6,False
USG00007374,9885-CSMWE,2026-08-27,TWR00014,115,2650.02,2.588,18,True
USG00007375,6664-FPDAC,2026-08-27,TWR00024,78,357.33,0.349,11,True
USG00007376,0516-UXRMT,2026-08-27,TWR00053,49,317.18,0.31,14,False
USG00007377,7856-GANIL,2026-08-27,TWR00042,113,1988.47,1.942,15,True
USG00007378,5372-FBKBN,2026-08-27,TWR00088,93,1853.09,1.81,10,False
USG00007379,0520-FDVVT,2026-08-27,TWR00019,28,2007.05,1.96,6,False
USG00007380,5730-RIITO,2026-08-27,TWR00090,126,3304.91,3.227,10,True
USG00007381,4123-FCVCB,2026-08-27,TWR00098,115,2198.65,2.147,20,False
USG00007382,3374-TTZTK,2026-08-27,TWR00095,153,2187.78,2.137,23,False
USG00007383,0103-CSITQ,2026-08-27,TWR00012,57,141.73,0.138,2,False
USG00007384,4412-YLTKF,2026-08-27,TWR00069,70,1172.68,1.145,11,True
USG00007385,1325-USMEC,2026-08-27,TWR00042,91,1105.47,1.08,20,False
USG00007386,5748-RNCJT,2026-08-27,TWR00009,127,4191.32,4.093,12,False
USG00007387,9812-GHVRI,2026-08-27,TWR00042,153,2905.46,2.837,19,False
USG00007388,7905-NJMXS,2026-08-27,TWR00004,54,2954.94,2.886,24,False
USG00007389,6463-HHXJR,2026-08-27,TWR00039,7,3645.65,3.56,16,False
USG00007390,3415-TAILE,2026-08-27,TWR00059,12,1624.1,1.586,24,False
USG00007391,3148-AOIQT,2026-08-27,TWR00062,62,3050.13,2.979,20,True
USG00007392,3279-DYZQM,2026-08-27,TWR00035,120,2620.33,2.559,21,False
USG00007393,3752-CQSJI,2026-08-27,TWR00033,171,60.01,0.059,9,False
USG00007394,7666-WKRON,2026-08-27,TWR00033,145,2415.14,2.359,13,False
USG00007395,9076-AXYIK,2026-08-27,TWR00083,39,4211.36,4.113,13,False
USG00007396,6164-HAQTX,2026-08-27,TWR00076,86,1216.14,1.188,22,False
USG00007397,1754-GKYPY,2026-08-27,TWR00040,11,3527.61,3.445,15,True
USG00007398,8835-VSDSE,2026-08-27,TWR00020,103,1601.27,1.564,7,False
USG00007399,2181-TIDSV,2026-08-27,TWR00037,118,3793.17,3.704,21,False
USG00007400,7766-CLTIC,2026-08-27,TWR00058,130,823.18,0.804,15,False
USG00007401,2709-UQGNP,2026-08-27,TWR00097,19,3281.53,3.205,22,True
USG00007402,3227-WLKLI,2026-08-27,TWR00017,75,3783.24,3.695,10,False
USG00007403,7392-YYPYJ,2026-08-27,TWR00061,26,3304.07,3.227,1,False
USG00007404,5519-TEEUH,2026-08-27,TWR00055,22,2488.47,2.43,6,False
USG00007405,4789-KWMXN,2026-08-27,TWR00027,77,1766.64,1.725,7,False
USG00007406,7483-IQWIB,2026-08-27,TWR00100,143,2325.6,2.271,2,False
USG00007407,4226-KKDON,2026-08-27,TWR00067,66,581.07,0.567,17,False
USG00007408,2773-OVBPK,2026-08-27,TWR00081,121,2764.6,2.7,22,False
USG00007409,6344-SFJVH,2026-08-27,TWR00053,122,4493.76,4.388,8,False
USG00007410,4615-PIVVU,2026-08-27,TWR00061,76,3692.13,3.606,19,False
USG00007411,9489-DEDVP,2026-08-27,TWR00006,148,2109.82,2.06,11,False
USG00007412,9505-SQFSW,2026-08-27,TWR00042,86,2095.32,2.046,21,False
USG00007413,5879-SESNB,2026-08-27,TWR00035,146,2743.3,2.679,25,False
USG00007414,6288-CHQJB,2026-08-27,TWR00078,74,3195.65,3.121,16,False
USG00007415,4670-TABXH,2026-08-27,TWR00096,5,1014.22,0.99,11,True
USG00007416,0206-TBWLC,2026-08-27,TWR00062,97,776.71,0.759,1,False
USG00007417,6778-JFCMK,2026-08-27,TWR00027,104,130.3,0.127,8,False
USG00007418,7108-DGVUU,2026-08-27,TWR00049,80,4170.29,4.073,24,False
USG00007419,6322-HRPFA,2026-08-27,TWR00085,31,1340.03,1.309,9,False
USG00007420,5499-ECUTN,2026-08-27,TWR00028,111,2654.6,2.592,0,False
USG00007421,0661-KQHNK,2026-08-27,TWR00041,45,1199.15,1.171,18,False
USG00007422,6851-WEFYX,2026-08-27,TWR00060,17,2604.96,2.544,2,False
USG00007423,8980-WQFWL,2026-08-27,TWR00036,174,2714.58,2.651,16,False
USG00007424,8111-RKSPX,2026-08-27,TWR00067,105,271.09,0.265,22,False
USG00007425,8329-IBCTI,2026-08-27,TWR00065,19,2587.94,2.527,8,False
USG00007426,5174-ITUMV,2026-08-27,TWR00021,38,1000.26,0.977,20,False
USG00007427,2696-ECXKC,2026-08-27,TWR00045,4,1743.42,1.703,24,True
USG00007428,8000-REIQB,2026-08-27,TWR00010,45,817.53,0.798,17,False
USG00007429,1032-MAELW,2026-08-27,TWR00053,111,2866.15,2.799,8,False
USG00007430,4174-LPGTI,2026-08-27,TWR00089,94,3986.11,3.893,15,False
USG00007431,0301-KOBTQ,2026-08-27,TWR00053,152,450.12,0.44,21,False
USG00007432,8150-QUDFX,2026-08-27,TWR00052,3,2482.19,2.424,4,True
USG00007433,5981-ITEMU,2026-08-27,TWR00036,127,1356.71,1.325,8,False
USG00007434,6719-FGEDO,2026-08-27,TWR00050,165,4145.57,4.048,23,False
USG00007435,9470-YFUYI,2026-08-27,TWR00073,158,4182.98,4.085,6,False
USG00007436,5590-YRFJT,2026-08-27,TWR00068,15,1058.84,1.034,12,False
USG00007437,2933-XEUJM,2026-08-27,TWR00051,68,1304.05,1.273,20,False
USG00007438,6133-OZILE,2026-08-27,TWR00100,30,359.28,0.351,7,False
USG00007439,8393-JMVMB,2026-08-27,TWR00074,152,3290.3,3.213,5,True
USG00007440,9591-YVTEB,2026-08-27,TWR00095,134,2876.56,2.809,23,False
USG00007441,4860-YZGZM,2026-08-27,TWR00074,140,2991.34,2.921,20,False
USG00007442,4629-NRXKX,2026-08-27,TWR00077,170,4221.64,4.123,2,False
USG00007443,9788-HNGUT,2026-08-27,TWR00025,40,2919.93,2.851,4,False
USG00007444,9581-GVBXT,2026-08-27,TWR00026,130,183.87,0.18,11,False
USG00007445,5686-CMAWK,2026-08-27,TWR00034,84,3789.75,3.701,21,False
USG00007446,4580-TMHJU,2026-08-27,TWR00087,112,4225.11,4.126,23,False
USG00007447,0201-MIBOL,2026-08-27,TWR00088,134,3674.06,3.588,6,False
USG00007448,1266-NZYUI,2026-08-27,TWR00015,12,92.99,0.091,11,False
USG00007449,6289-CPNLD,2026-08-27,TWR00002,108,4208.39,4.11,15,False
USG00007450,9146-JRIOX,2026-08-27,TWR00072,146,596.55,0.583,11,False
USG00007451,4710-NKCAW,2026-08-27,TWR00067,52,4081.42,3.986,12,False
USG00007452,4322-RCYMT,2026-08-27,TWR00052,8,761.29,0.743,15,False
USG00007453,5678-VFNEQ,2026-08-27,TWR00024,90,2697.2,2.634,20,True
USG00007454,1485-YDHMM,2026-08-27,TWR00009,99,2391.12,2.335,8,False
USG00007455,0674-DGMAQ,2026-08-27,TWR00092,137,2044.5,1.997,2,False
USG00007456,3807-BPOMJ,2026-08-27,TWR00052,24,1954.84,1.909,20,True
USG00007457,2408-PSJVE,2026-08-27,TWR00047,69,1205.78,1.178,13,False
USG00007458,7435-ZNUYY,2026-08-27,TWR00077,55,2493.97,2.436,8,False
USG00007459,2080-SRCDE,2026-08-27,TWR00050,116,2160.74,2.11,18,False
USG00007460,7615-ESMYF,2026-08-27,TWR00019,60,2308.13,2.254,16,False
USG00007461,3034-ZBEQN,2026-08-27,TWR00084,10,3312.72,3.235,4,False
USG00007462,1544-JJMYL,2026-08-27,TWR00007,39,382.85,0.374,19,True
USG00007463,4430-UZIPO,2026-08-27,TWR00006,74,399.39,0.39,19,False
USG00007464,3724-BSCVH,2026-08-27,TWR00027,86,3691.0,3.604,22,False
USG00007465,7410-KTVFV,2026-08-27,TWR00064,93,3042.8,2.971,22,False
USG00007466,5960-MVTUK,2026-08-27,TWR00099,4,2577.91,2.517,3,False
USG00007467,3071-VBYPO,2026-08-27,TWR00027,72,1272.14,1.242,5,False
USG00007468,9717-QEBGU,2026-08-27,TWR00032,27,3370.01,3.291,7,False
USG00007469,0831-JNISG,2026-08-27,TWR00006,178,952.94,0.931,25,False
USG00007470,8060-HIWJJ,2026-08-27,TWR00033,124,1522.79,1.487,13,False
USG00007471,6424-ELEYH,2026-08-27,TWR00007,173,516.44,0.504,5,False
USG00007472,9970-QBCDA,2026-08-27,TWR00044,155,856.66,0.837,16,False
USG00007473,6174-NRBTZ,2026-08-27,TWR00078,93,528.88,0.516,3,False
USG00007474,9191-MYQKX,2026-08-27,TWR00091,83,2954.86,2.886,11,False
USG00007475,1608-GMEWB,2026-08-27,TWR00069,33,3693.9,3.607,15,False
USG00007476,4343-EJVQB,2026-08-27,TWR00004,134,4100.85,4.005,24,False
USG00007477,9766-HGEDE,2026-08-27,TWR00094,27,2718.73,2.655,11,False
USG00007478,9508-ILZDG,2026-08-27,TWR00017,67,285.48,0.279,3,False
USG00007479,3920-HIHMQ,2026-08-27,TWR00099,67,4430.7,4.327,10,False
USG00007480,3744-ZRRDZ,2026-08-27,TWR00069,57,2951.76,2.883,15,True
USG00007481,7410-YTJIK,2026-08-27,TWR00099,89,2692.37,2.629,9,True
USG00007482,2921-XWDJH,2026-08-27,TWR00094,138,1139.86,1.113,0,False
USG00007483,7684-XSZIY,2026-08-27,TWR00013,103,3578.41,3.495,17,False
USG00007484,3878-AVSOQ,2026-08-27,TWR00037,77,1441.04,1.407,1,False
USG00007485,0988-JRWWP,2026-08-27,TWR00082,156,3115.68,3.043,12,False
USG00007486,0697-ZMSWS,2026-08-27,TWR00093,109,4219.6,4.121,12,False
USG00007487,9661-JALZV,2026-08-27,TWR00077,95,4087.6,3.992,2,False
USG00007488,7752-XUSCI,2026-08-27,TWR00081,16,3305.89,3.228,17,False
USG00007489,7817-BOQPW,2026-08-27,TWR00094,154,1480.7,1.446,22,False
USG00007490,5902-WBLSE,2026-08-27,TWR00006,79,2577.37,2.517,2,False
USG00007491,5010-IPEAQ,2026-08-27,TWR00060,132,3046.97,2.976,20,False
USG00007492,4872-VXRIL,2026-08-27,TWR00056,112,1796.29,1.754,1,False
USG00007493,7205-BAIAD,2026-08-27,TWR00071,7,151.38,0.148,10,False
USG00007494,7065-YUNRY,2026-08-27,TWR00032,163,2089.56,2.041,15,False
USG00007495,6437-UDQJM,2026-08-27,TWR00082,40,4271.82,4.172,13,False
USG00007496,4837-QUSFT,2026-08-27,TWR00086,19,3522.34,3.44,13,False
USG00007497,4883-QICIH,2026-08-27,TWR00060,21,3199.17,3.124,15,False
USG00007498,1926-QUZNN,2026-08-27,TWR00092,122,111.7,0.109,2,True
USG00007499,9853-JFZDU,2026-08-27,TWR00094,55,1270.24,1.24,2,False
USG00007500,2034-CGRHZ,2026-08-27,TWR00009,37,3708.46,3.622,8,False
USG00007501,7854-FOKSF,2026-08-27,TWR00049,68,3939.53,3.847,21,False
USG00007502,1135-LMECX,2026-08-27,TWR00066,177,3446.61,3.366,22,False
USG00007503,1996-DBMUS,2026-08-27,TWR00005,24,184.39,0.18,9,False
USG00007504,7159-FVYPK,2026-08-27,TWR00072,34,1752.72,1.712,20,False
USG00007505,6691-CCIHA,2026-08-27,TWR00064,1,3163.65,3.09,25,False
USG00007506,4847-QNOKA,2026-08-27,TWR00005,179,3144.57,3.071,18,False
USG00007507,5774-QPLTF,2026-08-27,TWR00080,150,611.85,0.598,0,False
USG00007508,6418-HNFED,2026-08-27,TWR00073,12,1930.62,1.885,2,False
USG00007509,1707-HABPF,2026-08-27,TWR00041,71,2647.69,2.586,5,False
USG00007510,5108-ADXWO,2026-08-27,TWR00078,34,3382.62,3.303,25,False
USG00007511,6244-BESBM,2026-08-27,TWR00033,167,3242.52,3.167,23,False
USG00007512,5724-BIDBU,2026-08-27,TWR00085,114,2368.84,2.313,21,False
USG00007513,3192-LNKRK,2026-08-27,TWR00072,177,1581.42,1.544,16,False
USG00007514,7576-OYWBN,2026-08-27,TWR00054,166,3155.1,3.081,8,False
USG00007515,3902-FOIGH,2026-08-27,TWR00098,78,88.27,0.086,20,False
USG00007516,2087-QAREY,2026-08-27,TWR00047,104,183.7,0.179,10,False
USG00007517,4010-YLMVT,2026-08-27,TWR00049,146,1017.17,0.993,21,False
USG00007518,7594-RQHXR,2026-08-27,TWR00016,80,1450.35,1.416,12,False
USG00007519,2782-LFZVW,2026-08-27,TWR00004,47,2322.68,2.268,0,False
USG00007520,3736-BLEPA,2026-08-27,TWR00095,148,3455.72,3.375,2,False
USG00007521,0504-HHAPI,2026-08-27,TWR00002,71,3736.17,3.649,1,False
USG00007522,2789-CZANW,2026-08-27,TWR00029,111,907.49,0.886,22,False
USG00007523,5734-EJKXG,2026-08-27,TWR00053,75,2118.56,2.069,7,False
USG00007524,1017-FBQMM,2026-08-27,TWR00043,92,1235.91,1.207,13,False
USG00007525,4808-YNLEU,2026-08-27,TWR00062,147,1830.87,1.788,16,False
USG00007526,0975-VOOVL,2026-08-27,TWR00028,49,3288.95,3.212,19,False
USG00007527,8224-DWCKX,2026-08-27,TWR00069,80,400.82,0.391,21,False
USG00007528,7225-IILWY,2026-08-27,TWR00039,179,1481.64,1.447,21,False
USG00007529,2632-UCGVD,2026-08-27,TWR00034,15,777.08,0.759,9,False
USG00007530,2750-BJLSB,2026-08-27,TWR00068,12,1909.17,1.864,24,False
USG00007531,5553-AOINX,2026-08-27,TWR00051,95,3617.36,3.533,3,False
USG00007532,3703-VAVCL,2026-08-27,TWR00006,140,917.62,0.896,1,True
USG00007533,5652-MSDEY,2026-08-27,TWR00072,179,1651.2,1.613,5,False
USG00007534,5624-BQSSA,2026-08-27,TWR00005,44,2610.94,2.55,14,False
USG00007535,3635-QQRQD,2026-08-27,TWR00073,59,538.17,0.526,20,True
USG00007536,6745-JEFZB,2026-08-27,TWR00051,37,532.15,0.52,3,False
USG00007537,6584-VQMYT,2026-08-27,TWR00021,86,3487.84,3.406,13,False
USG00007538,0572-ZJKLT,2026-08-27,TWR00098,110,3439.98,3.359,25,False
USG00007539,8775-ERLNB,2026-08-27,TWR00020,95,3425.23,3.345,15,False
USG00007540,3537-HPKQT,2026-08-27,TWR00073,162,650.01,0.635,15,False
USG00007541,3347-YJZZE,2026-08-27,TWR00018,23,4078.65,3.983,14,False
USG00007542,0895-DQHEW,2026-08-27,TWR00018,155,1013.41,0.99,8,False
USG00007543,7860-UXCRM,2026-08-27,TWR00003,117,1911.33,1.867,12,False
USG00007544,0289-IVARM,2026-08-27,TWR00098,119,1675.93,1.637,23,False
USG00007545,0742-MOABM,2026-08-27,TWR00065,167,3192.1,3.117,22,False
USG00007546,1241-EZFMJ,2026-08-27,TWR00014,121,2936.67,2.868,23,False
USG00007547,0142-GVYSN,2026-08-27,TWR00083,13,1075.74,1.051,1,False
USG00007548,5762-TJXGK,2026-08-27,TWR00050,61,1283.42,1.253,16,False
USG00007549,2885-HIJDH,2026-08-27,TWR00092,29,746.43,0.729,14,False
USG00007550,1564-HJUVY,2026-08-27,TWR00041,176,176.33,0.172,16,False
USG00007551,4049-ZPALD,2026-08-27,TWR00064,177,4426.7,4.323,15,False
USG00007552,5405-ZMYXQ,2026-08-27,TWR00011,127,4138.37,4.041,6,False
USG00007553,3709-OIJEA,2026-08-27,TWR00068,81,4180.47,4.082,15,False
USG00007554,3845-FXCYS,2026-08-27,TWR00005,127,3378.64,3.299,7,False
USG00007555,0235-KGSLC,2026-08-27,TWR00058,139,1570.38,1.534,11,False
USG00007556,0374-AACSZ,2026-08-27,TWR00010,96,392.75,0.384,7,False
USG00007557,0899-LIIBW,2026-08-27,TWR00073,163,808.05,0.789,7,False
USG00007558,6890-PFRQX,2026-08-27,TWR00055,65,1826.35,1.784,7,True
USG00007559,0961-ZWLVI,2026-08-27,TWR00090,168,4202.79,4.104,24,False
USG00007560,3722-WPXTK,2026-08-27,TWR00042,43,465.89,0.455,21,False
USG00007561,6646-QVXLR,2026-08-27,TWR00033,124,4294.35,4.194,0,False
USG00007562,2831-EBWRN,2026-08-27,TWR00086,160,2537.51,2.478,24,True
USG00007563,4451-RWASJ,2026-08-27,TWR00052,94,2071.18,2.023,10,False
USG00007564,4636-OLWOE,2026-08-27,TWR00091,76,3198.54,3.124,12,False
USG00007565,7255-SSFBC,2026-08-27,TWR00035,155,1703.24,1.663,25,True
USG00007566,6198-ZFIOJ,2026-08-27,TWR00079,60,4121.85,4.025,8,False
USG00007567,6496-SLWHQ,2026-08-27,TWR00050,153,1950.12,1.904,16,False
USG00007568,3620-MWJNE,2026-08-27,TWR00008,13,3513.15,3.431,7,False
USG00007569,2446-PLQVO,2026-08-27,TWR00054,66,3343.92,3.266,10,False
USG00007570,5567-GZKQY,2026-08-27,TWR00038,174,4301.85,4.201,2,False
USG00007571,7851-WZEKY,2026-08-27,TWR00086,18,1519.9,1.484,0,False
USG00007572,3645-DEYGF,2026-08-27,TWR00093,12,161.22,0.157,19,True
USG00007573,2038-LLMLM,2026-08-27,TWR00064,3,3936.92,3.845,11,False
USG00007574,7089-RKVSZ,2026-08-27,TWR00097,41,4179.61,4.082,17,False
USG00007575,0345-HKJVM,2026-08-27,TWR00034,166,2175.51,2.125,17,False
USG00007576,8086-OVPWV,2026-08-27,TWR00042,169,2373.47,2.318,11,True
USG00007577,5811-IWXYM,2026-08-27,TWR00002,124,4409.37,4.306,0,True
USG00007578,1561-BWHIN,2026-08-27,TWR00094,10,1859.83,1.816,14,False
USG00007579,0082-LDZUE,2026-08-27,TWR00058,53,4410.86,4.307,23,False
USG00007580,7088-FBAWU,2026-08-27,TWR00065,82,3871.9,3.781,0,False
USG00007581,5099-BAILX,2026-08-27,TWR00084,94,2257.81,2.205,7,False
USG00007582,1816-FLZDK,2026-08-27,TWR00073,97,1491.81,1.457,9,False
USG00007583,3197-ARFOY,2026-08-27,TWR00032,13,4449.61,4.345,8,True
USG00007584,5356-KZCKT,2026-08-27,TWR00076,59,4094.38,3.998,5,False
USG00007585,8406-LNMHF,2026-08-27,TWR00011,31,300.09,0.293,19,False
USG00007586,6408-OTUBZ,2026-08-27,TWR00068,174,1232.64,1.204,8,False
USG00007587,8344-WFMFH,2026-08-27,TWR00063,149,1416.19,1.383,24,False
USG00007588,9220-CXRSC,2026-08-27,TWR00066,31,4396.26,4.293,6,False
USG00007589,0684-AOSIH,2026-08-27,TWR00068,98,3217.66,3.142,20,False
USG00007590,0164-XAIRP,2026-08-27,TWR00019,154,3226.13,3.151,6,False
USG00007591,5820-PTRYM,2026-08-27,TWR00035,24,1960.64,1.915,0,False
USG00007592,1596-BBVTG,2026-08-27,TWR00036,159,2723.62,2.66,25,True
USG00007593,9150-KPBJQ,2026-08-27,TWR00028,152,1815.41,1.773,25,False
USG00007594,4660-IRIBM,2026-08-27,TWR00059,155,3418.96,3.339,9,False
USG00007595,3823-KYNQY,2026-08-27,TWR00038,167,2165.38,2.115,19,False
USG00007596,7688-AWMDX,2026-08-27,TWR00005,137,1816.02,1.773,12,False
USG00007597,2260-USTRB,2026-08-27,TWR00052,178,565.21,0.552,7,False
USG00007598,5141-ZUVBH,2026-08-27,TWR00008,22,1603.81,1.566,24,False
USG00007599,0221-NAUXK,2026-08-27,TWR00082,29,2215.58,2.164,21,False
USG00007600,5701-GUXDC,2026-08-27,TWR00006,55,810.35,0.791,11,True
USG00007601,7169-YWAMK,2026-08-27,TWR00093,174,1653.46,1.615,1,False
USG00007602,2225-ZRGSG,2026-08-27,TWR00066,29,2898.04,2.83,6,False
USG00007603,6543-JXSOO,2026-08-27,TWR00053,13,4260.91,4.161,9,False
USG00007604,8792-AOROI,2026-08-27,TWR00076,169,2813.66,2.748,16,False
USG00007605,5916-QEWPT,2026-08-27,TWR00041,161,1975.35,1.929,8,False
USG00007606,0036-IHMOT,2026-08-27,TWR00015,79,2173.8,2.123,1,False
USG00007607,2400-FEQME,2026-08-27,TWR00077,78,2387.04,2.331,7,False
USG00007608,0201-OAMXR,2026-08-27,TWR00008,0,3371.16,3.292,10,False
USG00007609,7469-LKBCI,2026-08-27,TWR00020,153,1527.65,1.492,19,False
USG00007610,8660-BUETV,2026-08-27,TWR00020,13,4393.98,4.291,19,False
USG00007611,5474-LAMUQ,2026-08-27,TWR00053,52,3365.7,3.287,16,False
USG00007612,6845-RGTYS,2026-08-27,TWR00031,128,226.5,0.221,4,False
USG00007613,3672-YITQD,2026-08-27,TWR00076,141,2200.28,2.149,5,False
USG00007614,4741-WWJQZ,2026-08-27,TWR00057,69,2301.53,2.248,24,False
USG00007615,5199-FPUSP,2026-08-27,TWR00038,142,3228.42,3.153,8,False
USG00007616,0812-WUPTB,2026-08-27,TWR00052,116,3913.75,3.822,24,False
USG00007617,8067-NIOYM,2026-08-27,TWR00070,5,2363.75,2.308,6,False
USG00007618,4628-WQCQQ,2026-08-27,TWR00092,46,3442.91,3.362,14,False
USG00007619,8751-EDEKA,2026-08-27,TWR00018,170,2830.03,2.764,16,False
USG00007620,6993-OHLXR,2026-08-27,TWR00081,7,1918.18,1.873,16,True
USG00007621,9619-GSATL,2026-08-27,TWR00029,43,1660.48,1.622,2,False
USG00007622,6114-TCFID,2026-08-27,TWR00046,13,2075.72,2.027,17,False
USG00007623,5135-GRQJV,2026-08-27,TWR00098,104,993.55,0.97,20,False
USG00007624,8606-CIQUL,2026-08-27,TWR00052,124,280.36,0.274,5,False
USG00007625,6508-NJYRO,2026-08-27,TWR00084,91,3166.14,3.092,8,False
USG00007626,3745-HRPHI,2026-08-27,TWR00080,139,1890.76,1.846,17,True
USG00007627,1761-AEZZR,2026-08-27,TWR00019,65,2658.96,2.597,14,True
USG00007628,3318-OSATS,2026-08-27,TWR00014,49,3633.65,3.548,21,False
USG00007629,9070-BCKQP,2026-08-27,TWR00075,108,663.18,0.648,16,False
USG00007630,4770-UEZOX,2026-08-27,TWR00078,177,3388.07,3.309,12,False
USG00007631,7883-ROJOC,2026-08-27,TWR00079,94,4198.83,4.1,8,False
USG00007632,1930-QPBVZ,2026-08-27,TWR00069,68,1499.33,1.464,4,False
USG00007633,0266-GMEAO,2026-08-27,TWR00061,91,779.16,0.761,16,False
USG00007634,3665-JATSN,2026-08-27,TWR00016,69,1560.09,1.524,0,False
USG00007635,8286-AFUYI,2026-08-27,TWR00048,103,2286.71,2.233,21,False
USG00007636,1465-LNTLJ,2026-08-27,TWR00042,86,629.92,0.615,22,False
USG00007637,9173-IVZVP,2026-08-27,TWR00050,68,782.12,0.764,17,False
USG00007638,7253-UVNDW,2026-08-27,TWR00062,31,3865.49,3.775,0,False
USG00007639,4816-OKWNX,2026-08-27,TWR00002,6,703.39,0.687,17,False
USG00007640,3030-YZADT,2026-08-27,TWR00036,22,4310.81,4.21,19,False
USG00007641,1850-AKQEP,2026-08-27,TWR00080,19,2221.31,2.169,21,False
USG00007642,5583-EJXRD,2026-08-27,TWR00072,73,3265.1,3.189,4,False
USG00007643,0374-FIUCA,2026-08-27,TWR00080,8,2872.04,2.805,14,False
USG00007644,9741-YLNTD,2026-08-27,TWR00078,117,2065.63,2.017,2,False
USG00007645,1057-FOGLZ,2026-08-27,TWR00069,12,1627.66,1.59,7,True
USG00007646,4791-QRGMF,2026-08-27,TWR00012,69,3823.97,3.734,15,False
USG00007647,7013-PSXHK,2026-08-27,TWR00046,120,2303.95,2.25,18,False
USG00007648,0988-AADSA,2026-08-27,TWR00084,122,2942.47,2.874,2,False
USG00007649,8261-GWDBQ,2026-08-27,TWR00091,51,1633.08,1.595,9,False
USG00007650,9609-BENEA,2026-08-27,TWR00069,180,4067.96,3.973,8,False
USG00007651,2606-RMDHZ,2026-08-27,TWR00071,35,2348.04,2.293,1,False
USG00007652,0584-BJQGZ,2026-08-27,TWR00048,144,213.74,0.209,16,False
USG00007653,4815-TUMEQ,2026-08-27,TWR00003,81,782.87,0.765,3,False
USG00007654,2233-TXSIU,2026-08-27,TWR00063,43,1318.73,1.288,3,True
USG00007655,0946-CLJTI,2026-08-27,TWR00056,178,3460.16,3.379,5,False
USG00007656,4701-AHWMW,2026-08-27,TWR00058,73,128.15,0.125,22,False
USG00007657,9424-CMPOG,2026-08-27,TWR00040,105,3610.21,3.526,2,False
USG00007658,5622-UEJFI,2026-08-27,TWR00030,123,1907.32,1.863,17,True
USG00007659,0454-OKRCT,2026-08-27,TWR00057,155,841.99,0.822,20,False
USG00007660,6048-UWKAL,2026-08-27,TWR00082,141,2843.12,2.776,11,False
USG00007661,3132-TVFDZ,2026-08-27,TWR00077,99,2404.04,2.348,18,False
USG00007662,1415-YFWLT,2026-08-27,TWR00028,116,3301.56,3.224,8,True
USG00007663,9593-CVZKR,2026-08-27,TWR00037,161,1729.41,1.689,13,False
USG00007664,5307-DZCVC,2026-08-27,TWR00077,75,2827.89,2.762,15,False
USG00007665,5846-ABOBJ,2026-08-27,TWR00017,11,1034.52,1.01,18,False
USG00007666,3967-VQOGC,2026-08-27,TWR00047,61,3515.5,3.433,19,False
USG00007667,8073-IJDCM,2026-08-27,TWR00053,114,2202.62,2.151,19,False
USG00007668,1728-CXQBE,2026-08-27,TWR00032,10,3926.71,3.835,9,False
USG00007669,7101-HRBLJ,2026-08-27,TWR00025,111,2233.53,2.181,6,False
USG00007670,2382-BCKQJ,2026-08-27,TWR00098,137,107.03,0.105,25,False
USG00007671,8125-QPFJD,2026-08-27,TWR00042,22,4295.51,4.195,24,False
USG00007672,4373-MAVJG,2026-08-27,TWR00067,151,3870.64,3.78,18,False
USG00007673,6253-GNHWH,2026-08-27,TWR00011,77,1054.36,1.03,3,False
USG00007674,1226-UDFZR,2026-08-27,TWR00064,116,1009.45,0.986,14,False
USG00007675,5044-XDPYX,2026-08-27,TWR00099,63,2317.04,2.263,12,False
USG00007676,7964-VEXDG,2026-08-27,TWR00019,54,3034.64,2.964,16,False
USG00007677,4947-DSMXK,2026-08-27,TWR00007,87,3778.77,3.69,12,False
USG00007678,2357-COQEK,2026-08-27,TWR00091,157,2869.67,2.802,19,True
USG00007679,3714-NTNFO,2026-08-27,TWR00084,118,4433.0,4.329,6,False
USG00007680,1153-GNOLC,2026-08-27,TWR00065,113,2737.75,2.674,8,False
USG00007681,3936-QQFLL,2026-08-27,TWR00062,140,3813.06,3.724,6,False
USG00007682,8652-YHIYU,2026-08-27,TWR00067,169,1980.0,1.934,16,False
USG00007683,9052-DHNKM,2026-08-27,TWR00097,14,1281.98,1.252,25,False
USG00007684,7577-SWIFR,2026-08-27,TWR00015,10,1779.82,1.738,11,False
USG00007685,8225-BTJAU,2026-08-27,TWR00052,117,4205.11,4.107,7,False
USG00007686,6711-VTNRE,2026-08-27,TWR00037,144,1922.91,1.878,14,True
USG00007687,7969-AULMZ,2026-08-27,TWR00049,6,4189.5,4.091,3,False
USG00007688,1257-SXUXQ,2026-08-27,TWR00010,54,608.7,0.594,4,False
USG00007689,4020-KIUDI,2026-08-27,TWR00038,43,118.59,0.116,13,False
USG00007690,1455-HFBXA,2026-08-27,TWR00004,80,4200.56,4.102,20,False
USG00007691,0114-IGABW,2026-08-27,TWR00098,51,3546.91,3.464,12,False
USG00007692,0722-SVSFK,2026-08-27,TWR00025,151,2128.01,2.078,25,False
USG00007693,4641-FROLU,2026-08-27,TWR00098,0,864.23,0.844,24,False
USG00007694,7912-SYRQT,2026-08-27,TWR00013,40,1578.64,1.542,6,True
USG00007695,9734-YWGEX,2026-08-27,TWR00052,138,884.83,0.864,12,False
USG00007696,9938-PRCVK,2026-08-27,TWR00050,86,1629.89,1.592,0,False
USG00007697,3400-ESFUW,2026-08-27,TWR00077,143,4269.96,4.17,9,False
USG00007698,5914-DVBWJ,2026-08-27,TWR00003,158,3565.42,3.482,21,False
USG00007699,8048-DSDFQ,2026-08-27,TWR00027,68,2516.81,2.458,9,False
USG00007700,9174-FKWZE,2026-08-27,TWR00098,73,3330.33,3.252,20,False
USG00007701,0968-GSIKN,2026-08-27,TWR00028,137,359.14,0.351,11,True
USG00007702,0218-QNVAS,2026-08-27,TWR00051,172,771.23,0.753,2,False
USG00007703,0691-JVSYA,2026-08-27,TWR00088,12,574.8,0.561,25,False
USG00007704,5356-RHIPP,2026-08-27,TWR00045,167,1397.48,1.365,19,False
USG00007705,3865-QBWSJ,2026-08-27,TWR00060,14,71.16,0.069,0,True
USG00007706,6618-RYATB,2026-08-27,TWR00042,76,1421.83,1.389,0,False
USG00007707,4390-KYULV,2026-08-27,TWR00003,65,2861.09,2.794,23,False
USG00007708,5127-BZENZ,2026-08-27,TWR00076,140,1574.43,1.538,17,False
USG00007709,5229-PRWKT,2026-08-27,TWR00036,16,510.19,0.498,14,False
USG00007710,3750-RNQKR,2026-08-27,TWR00027,63,920.63,0.899,1,False
USG00007711,9297-FVVDH,2026-08-27,TWR00029,152,2253.65,2.201,22,False
USG00007712,8659-IOOPU,2026-08-27,TWR00003,178,2659.62,2.597,5,False
USG00007713,6579-JPICP,2026-08-27,TWR00015,91,2003.02,1.956,25,False
USG00007714,5857-TYBCJ,2026-08-27,TWR00004,34,893.82,0.873,1,True
USG00007715,2789-HQBOU,2026-08-27,TWR00068,139,797.45,0.779,5,True
USG00007716,1328-EUZHC,2026-08-27,TWR00033,159,931.05,0.909,6,False
USG00007717,8108-UXRQN,2026-08-27,TWR00060,51,3678.63,3.592,17,True
USG00007718,7813-ZGGAW,2026-08-27,TWR00091,46,3402.92,3.323,16,False
USG00007719,3274-NSDWE,2026-08-27,TWR00076,78,4026.05,3.932,10,False
USG00007720,6481-ESCNL,2026-08-27,TWR00035,148,2458.47,2.401,18,False
USG00007721,1347-KTTTA,2026-08-27,TWR00078,135,1516.38,1.481,1,False
USG00007722,7925-PNRGI,2026-08-27,TWR00080,118,3342.11,3.264,21,False
USG00007723,0118-JPNOY,2026-08-27,TWR00093,84,1181.48,1.154,2,False
USG00007724,3545-CNWRG,2026-08-27,TWR00092,5,2824.29,2.758,2,False
USG00007725,1925-TIBLE,2026-08-27,TWR00020,140,631.8,0.617,24,True
USG00007726,1600-DILPE,2026-08-27,TWR00033,172,1389.21,1.357,12,True
USG00007727,3648-GZPHF,2026-08-27,TWR00031,0,1402.12,1.369,17,False
USG00007728,0733-VUNUW,2026-08-27,TWR00068,3,3411.15,3.331,18,False
USG00007729,6317-YPKDH,2026-08-27,TWR00017,112,926.03,0.904,6,False
USG00007730,9746-MDMBK,2026-08-27,TWR00023,110,3425.44,3.345,13,False
USG00007731,3891-NLXJB,2026-08-27,TWR00084,110,1615.22,1.577,20,False
USG00007732,4079-VTGLK,2026-08-27,TWR00095,134,648.82,0.634,24,False
USG00007733,5018-HEKFO,2026-08-27,TWR00008,157,3244.72,3.169,1,False
USG00007734,6993-YCOBK,2026-08-27,TWR00008,130,3828.27,3.739,20,False
USG00007735,4781-ZXYGU,2026-08-27,TWR00002,33,1228.22,1.199,11,False
USG00007736,8631-XVRZL,2026-08-27,TWR00021,91,1954.94,1.909,6,False
USG00007737,1157-BQCUW,2026-08-27,TWR00056,10,2028.35,1.981,5,False
USG00007738,3458-IDMFK,2026-08-27,TWR00027,176,1028.11,1.004,2,False
USG00007739,8087-LGYHQ,2026-08-27,TWR00009,108,354.26,0.346,14,False
USG00007740,2348-KCJLT,2026-08-27,TWR00032,103,1046.77,1.022,4,True
USG00007741,7426-WEIJX,2026-08-27,TWR00067,72,1813.39,1.771,25,True
USG00007742,5527-ACHSO,2026-08-27,TWR00003,105,211.38,0.206,15,False
USG00007743,9504-YAZWB,2026-08-27,TWR00026,95,3289.53,3.212,0,False
USG00007744,3717-OEAUQ,2026-08-27,TWR00073,39,2086.72,2.038,10,False
USG00007745,5084-OOVCJ,2026-08-27,TWR00061,47,2430.16,2.373,23,False
USG00007746,8705-DWKTI,2026-08-27,TWR00047,59,1304.74,1.274,15,False
USG00007747,5649-TJHOV,2026-08-27,TWR00099,107,4225.29,4.126,17,False
USG00007748,7994-XIRTR,2026-08-27,TWR00090,140,504.68,0.493,18,False
USG00007749,2272-QAGFO,2026-08-27,TWR00063,13,61.83,0.06,16,False
USG00007750,5550-VFRLC,2026-08-27,TWR00073,156,2895.42,2.828,18,False
USG00007751,0820-FNRNX,2026-08-27,TWR00026,20,2261.2,2.208,8,True
USG00007752,7621-VPNET,2026-08-27,TWR00002,40,1858.08,1.815,21,False
USG00007753,3259-QMXUN,2026-08-27,TWR00018,105,1291.22,1.261,3,False
USG00007754,4682-BLBUC,2026-08-27,TWR00025,94,1226.18,1.197,25,False
USG00007755,4547-KQRTM,2026-08-27,TWR00091,35,1992.1,1.945,5,False
USG00007756,2996-XAUVF,2026-08-27,TWR00081,101,4323.21,4.222,9,False
USG00007757,4588-YBNIB,2026-08-27,TWR00056,74,289.16,0.282,19,False
USG00007758,3963-RYFNS,2026-08-27,TWR00014,175,2000.95,1.954,5,False
USG00007759,2977-CEBSX,2026-08-27,TWR00038,49,2854.83,2.788,9,False
USG00007760,0376-YMCJC,2026-08-27,TWR00080,34,1540.01,1.504,18,False
USG00007761,4654-DLAMQ,2026-08-27,TWR00077,91,1122.34,1.096,7,False
USG00007762,0772-GYEQQ,2026-08-27,TWR00033,34,2002.04,1.955,4,False
USG00007763,6202-JVYEU,2026-08-27,TWR00089,94,1868.69,1.825,8,False
USG00007764,8562-GHPPI,2026-08-27,TWR00084,109,370.37,0.362,19,False
USG00007765,9565-DJPIB,2026-08-27,TWR00012,130,3034.7,2.964,3,False
USG00007766,2946-KIQSP,2026-08-27,TWR00001,0,3106.15,3.033,1,False
USG00007767,4484-GLZOU,2026-08-27,TWR00011,121,3318.12,3.24,4,True
USG00007768,8696-JKZNU,2026-08-27,TWR00028,63,2647.85,2.586,14,False
USG00007769,8670-MEFCP,2026-08-27,TWR00042,33,3189.79,3.115,8,False
USG00007770,1621-YNCJH,2026-08-27,TWR00072,6,1637.01,1.599,20,False
USG00007771,3329-WDIOK,2026-08-27,TWR00017,55,2773.41,2.708,10,False
USG00007772,0871-OPBXW,2026-08-27,TWR00013,120,4492.0,4.387,10,False
USG00007773,9435-JMLSX,2026-08-27,TWR00006,125,1185.35,1.158,2,False
USG00007774,5173-ZXXXL,2026-08-27,TWR00064,60,1922.09,1.877,13,False
USG00007775,6368-TZZDT,2026-08-27,TWR00097,173,2519.18,2.46,5,False
USG00007776,2969-WGHQO,2026-08-27,TWR00049,148,292.65,0.286,23,True
USG00007777,0107-YHINA,2026-08-27,TWR00051,21,3898.78,3.807,8,True
USG00007778,8262-COGGB,2026-08-27,TWR00025,85,4032.18,3.938,19,False
USG00007779,6952-OMNWB,2026-08-27,TWR00097,128,4200.51,4.102,3,False
USG00007780,8421-WZOOW,2026-08-27,TWR00050,1,3881.59,3.791,2,False
USG00007781,3134-DSHVC,2026-08-27,TWR00048,92,2582.65,2.522,25,False
USG00007782,6838-YAUVY,2026-08-27,TWR00024,162,983.23,0.96,10,False
USG00007783,2712-SYWAY,2026-08-27,TWR00041,62,689.08,0.673,8,False
USG00007784,1971-DTCZB,2026-08-27,TWR00051,125,873.56,0.853,6,False
USG00007785,1346-PJWTK,2026-08-27,TWR00001,22,4032.94,3.938,12,False
USG00007786,1195-OIYEJ,2026-08-27,TWR00071,149,751.3,0.734,10,False
USG00007787,4909-JOUPP,2026-08-27,TWR00048,14,879.21,0.859,21,False
USG00007788,7794-JASDG,2026-08-27,TWR00041,93,3402.44,3.323,23,False
USG00007789,2254-DLXRI,2026-08-27,TWR00026,49,2001.51,1.955,21,False
USG00007790,3717-OFRTN,2026-08-27,TWR00020,140,2168.11,2.117,20,False
USG00007791,2908-ZTPNF,2026-08-27,TWR00095,99,786.23,0.768,25,False
USG00007792,0793-TWELN,2026-08-27,TWR00057,163,3964.41,3.871,15,True
USG00007793,5261-QSHQM,2026-08-27,TWR00025,154,1844.19,1.801,10,False
USG00007794,9507-EXLTT,2026-08-27,TWR00038,49,3323.81,3.246,2,False
USG00007795,5515-AKOAJ,2026-08-27,TWR00023,90,1018.65,0.995,9,True
USG00007796,3162-ZJZFU,2026-08-27,TWR00012,69,1151.3,1.124,15,False
USG00007797,3768-NLUBH,2026-08-27,TWR00053,137,3532.1,3.449,9,False
USG00007798,8896-RAZCR,2026-08-27,TWR00003,41,4034.33,3.94,8,False
USG00007799,3627-FCRDW,2026-08-27,TWR00085,152,3826.9,3.737,17,False
USG00007800,7596-ZYWBB,2026-08-27,TWR00035,18,2610.09,2.549,23,False
USG00007801,7369-TRPFD,2026-08-27,TWR00083,112,3794.61,3.706,3,False
USG00007802,4310-KEDTB,2026-08-27,TWR00079,103,1475.62,1.441,8,False
USG00007803,2886-KEFUM,2026-08-27,TWR00003,176,94.42,0.092,2,False
USG00007804,9640-ZSLDC,2026-08-27,TWR00002,119,3584.03,3.5,19,False
USG00007805,7821-DPRQE,2026-08-27,TWR00022,58,3713.89,3.627,3,False
USG00007806,7083-MIOPC,2026-08-27,TWR00049,149,426.95,0.417,21,False
USG00007807,5671-UUNXD,2026-08-27,TWR00095,107,3767.93,3.68,12,False
USG00007808,6434-TTGJP,2026-08-27,TWR00046,62,1607.49,1.57,7,False
USG00007809,6960-HVYXR,2026-08-27,TWR00054,7,3594.32,3.51,0,False
USG00007810,1237-WIYYZ,2026-08-27,TWR00089,109,1794.07,1.752,20,False
USG00007811,4795-WRNVT,2026-08-27,TWR00001,106,3764.91,3.677,7,False
USG00007812,4139-JPIAM,2026-08-27,TWR00093,57,538.15,0.526,2,False
USG00007813,7599-FKVXZ,2026-08-27,TWR00074,98,3063.05,2.991,14,False
USG00007814,1830-IPXVJ,2026-08-27,TWR00033,107,294.78,0.288,11,False
USG00007815,7980-MHFLQ,2026-08-27,TWR00083,94,3994.4,3.901,11,False
USG00007816,0214-JHPFW,2026-08-27,TWR00036,112,3498.42,3.416,12,True
USG00007817,7550-WIQVA,2026-08-27,TWR00098,149,4368.97,4.267,25,False
USG00007818,2868-SNELZ,2026-08-27,TWR00005,153,2615.22,2.554,18,False
USG00007819,1915-OAKWD,2026-08-27,TWR00049,61,2223.47,2.171,8,False
USG00007820,4905-JEFDW,2026-08-27,TWR00064,120,2569.49,2.509,4,True
USG00007821,3557-HTYWR,2026-08-27,TWR00085,63,4007.5,3.914,15,False
USG00007822,2232-DMLXU,2026-08-27,TWR00012,47,509.2,0.497,24,False
USG00007823,3429-IFLEM,2026-08-27,TWR00024,102,1473.63,1.439,22,False
USG00007824,3814-MLAXC,2026-08-27,TWR00035,95,4111.13,4.015,18,False
USG00007825,1622-HSHSF,2026-08-27,TWR00036,2,1049.95,1.025,1,True
USG00007826,6770-UAYGJ,2026-08-27,TWR00053,71,2607.21,2.546,3,False
USG00007827,6261-LHRTG,2026-08-27,TWR00021,57,758.53,0.741,8,True
USG00007828,1345-GKDZZ,2026-08-27,TWR00028,13,1816.38,1.774,2,False
USG00007829,7614-QVWQL,2026-08-27,TWR00001,36,1354.04,1.322,12,False
USG00007830,8327-LZKAS,2026-08-27,TWR00060,93,794.89,0.776,16,False
USG00007831,2369-UAPKZ,2026-08-27,TWR00001,170,684.03,0.668,20,False
USG00007832,6248-TKCQV,2026-08-27,TWR00072,12,992.72,0.969,6,False
USG00007833,3714-XPXBW,2026-08-27,TWR00058,179,4324.41,4.223,15,False
USG00007834,8859-AXJZP,2026-08-27,TWR00003,172,2123.07,2.073,1,False
USG00007835,0440-MOGPM,2026-08-27,TWR00026,62,1716.89,1.677,11,False
USG00007836,7109-CQYUZ,2026-08-27,TWR00088,58,2709.78,2.646,3,False
USG00007837,3045-XETSH,2026-08-27,TWR00099,28,3244.67,3.169,24,False
USG00007838,2364-UFROM,2026-08-27,TWR00099,126,3913.06,3.821,0,False
USG00007839,5940-AHUHD,2026-08-27,TWR00022,100,2831.27,2.765,14,False
USG00007840,3030-ZKIWL,2026-08-27,TWR00100,139,2643.94,2.582,24,False
USG00007841,9992-UJOEL,2026-08-27,TWR00075,133,2686.33,2.623,15,False
USG00007842,0397-GZBBC,2026-08-27,TWR00068,48,3573.29,3.49,15,False
USG00007843,2235-DWLJU,2026-08-27,TWR00073,27,4495.32,4.39,13,False
USG00007844,9170-ARBTB,2026-08-27,TWR00036,171,2353.13,2.298,20,False
USG00007845,6603-QWSPR,2026-08-27,TWR00006,70,3180.02,3.105,5,True
USG00007846,9861-PDSZP,2026-08-27,TWR00029,15,311.8,0.304,25,True
USG00007847,6286-ZHAOK,2026-08-27,TWR00015,69,2223.19,2.171,17,False
USG00007848,7312-XSBAT,2026-08-27,TWR00067,29,4200.17,4.102,20,False
USG00007849,7277-OZCGZ,2026-08-27,TWR00067,121,2848.52,2.782,2,False
USG00007850,4011-ARPHK,2026-08-27,TWR00047,63,3019.4,2.949,24,False
USG00007851,9254-RBFON,2026-08-27,TWR00084,158,3428.85,3.348,0,False
USG00007852,7601-DHFWZ,2026-08-27,TWR00013,33,1083.83,1.058,24,True
USG00007853,0396-YCHWO,2026-08-27,TWR00034,128,3552.61,3.469,8,False
USG00007854,0244-LGNFY,2026-08-27,TWR00049,74,3696.34,3.61,16,True
USG00007855,6685-GBWJZ,2026-08-27,TWR00007,70,1931.34,1.886,25,False
USG00007856,1133-KXCGE,2026-08-27,TWR00031,7,966.81,0.944,11,False
USG00007857,3946-MHCZW,2026-08-27,TWR00080,40,2752.11,2.688,22,False
USG00007858,7610-TVOPG,2026-08-27,TWR00083,9,3461.7,3.381,9,False
USG00007859,4827-LTQRJ,2026-08-27,TWR00026,111,1967.45,1.921,10,True
USG00007860,8465-SBRXP,2026-08-27,TWR00036,41,778.79,0.761,9,False
USG00007861,8816-VXNZD,2026-08-27,TWR00092,124,90.31,0.088,15,False
USG00007862,6458-CYIDZ,2026-08-27,TWR00062,145,421.06,0.411,21,False
USG00007863,7129-ACFOG,2026-08-27,TWR00073,84,2811.3,2.745,24,False
USG00007864,4897-QSUYC,2026-08-27,TWR00003,132,3554.63,3.471,0,False
USG00007865,3011-WQKSZ,2026-08-27,TWR00014,53,116.69,0.114,14,False
USG00007866,8840-DQLGN,2026-08-27,TWR00093,73,1240.36,1.211,12,False
USG00007867,0869-PAPRP,2026-08-27,TWR00024,118,2690.39,2.627,19,False
USG00007868,9046-DQMTP,2026-08-27,TWR00021,23,3077.66,3.006,1,False
USG00007869,1265-HVPZB,2026-08-27,TWR00078,147,3559.32,3.476,23,False
USG00007870,4145-UQXUQ,2026-08-27,TWR00023,25,2164.75,2.114,6,False
USG00007871,8722-PRFDV,2026-08-27,TWR00076,63,233.16,0.228,13,False
USG00007872,4877-EVATK,2026-08-27,TWR00008,26,4304.22,4.203,18,False
USG00007873,7758-XKCBS,2026-08-27,TWR00033,35,1932.88,1.888,15,False
USG00007874,2775-SEFEE,2026-08-27,TWR00025,148,4132.91,4.036,3,False
USG00007875,4250-ZBWLV,2026-08-27,TWR00033,108,1739.81,1.699,10,False
USG00007876,3096-JRDSO,2026-08-27,TWR00038,168,2273.35,2.22,14,False
USG00007877,6563-VNPMN,2026-08-27,TWR00059,42,2948.14,2.879,4,False
USG00007878,7293-LSCDV,2026-08-27,TWR00056,133,2911.66,2.843,12,True
USG00007879,2460-FPSYH,2026-08-27,TWR00082,26,3818.27,3.729,9,False
USG00007880,2716-GFZOR,2026-08-27,TWR00007,23,3160.44,3.086,24,True
USG00007881,2469-DTSGX,2026-08-27,TWR00060,148,4090.74,3.995,16,False
USG00007882,4890-VMUAV,2026-08-27,TWR00096,175,2534.46,2.475,13,True
USG00007883,3137-NYQQI,2026-08-27,TWR00071,108,1916.04,1.871,12,False
USG00007884,8194-PEEBY,2026-08-27,TWR00056,155,779.91,0.762,16,False
USG00007885,2055-BFOCC,2026-08-27,TWR00042,74,1445.38,1.412,1,False
USG00007886,9526-BIHHD,2026-08-27,TWR00029,77,2590.75,2.53,4,False
USG00007887,9256-JTBNZ,2026-08-27,TWR00037,97,553.64,0.541,1,False
USG00007888,1042-HFUCW,2026-08-27,TWR00039,140,2435.08,2.378,3,False
USG00007889,2675-DHUTR,2026-08-27,TWR00020,103,3068.41,2.996,13,False
USG00007890,2202-CUYXZ,2026-08-27,TWR00071,81,2674.95,2.612,24,False
USG00007891,8849-GYOKR,2026-08-27,TWR00071,129,2118.71,2.069,8,False
USG00007892,5693-PIPCS,2026-08-27,TWR00012,28,2153.67,2.103,10,True
USG00007893,6519-ZHPXP,2026-08-27,TWR00060,129,648.95,0.634,22,False
USG00007894,9334-GWGOW,2026-08-27,TWR00024,17,4163.63,4.066,25,True
USG00007895,2133-TSRRM,2026-08-27,TWR00040,85,163.6,0.16,18,False
USG00007896,5747-PMBSQ,2026-08-27,TWR00095,15,351.74,0.343,18,False
USG00007897,2024-BASKD,2026-08-27,TWR00059,47,3795.43,3.706,5,True
USG00007898,1945-XISKS,2026-08-27,TWR00031,175,3977.17,3.884,18,False
USG00007899,8387-MOJJT,2026-08-27,TWR00080,29,2165.8,2.115,9,False
USG00007900,8749-TZYEC,2026-08-27,TWR00042,5,1200.79,1.173,24,True
USG00007901,7595-EUIVN,2026-08-27,TWR00089,65,840.4,0.821,4,False
USG00007902,8915-NNTRC,2026-08-27,TWR00085,72,500.82,0.489,8,False
USG00007903,5928-QLDHB,2026-08-27,TWR00046,136,4154.72,4.057,8,False
USG00007904,1386-ZIKUV,2026-08-27,TWR00066,94,1511.96,1.477,16,False
USG00007905,0670-ANMUU,2026-08-27,TWR00083,103,2755.96,2.691,18,False
USG00007906,7892-POOKP,2026-08-27,TWR00041,34,1490.14,1.455,14,False
USG00007907,7516-GMHUV,2026-08-27,TWR00059,119,949.51,0.927,12,False
USG00007908,9625-QNLUX,2026-08-27,TWR00014,158,3762.46,3.674,19,False
USG00007909,7956-XQWGU,2026-08-27,TWR00035,118,2061.35,2.013,13,False
USG00007910,3022-BEXHZ,2026-08-27,TWR00023,116,2188.26,2.137,9,False
USG00007911,7740-BTPUX,2026-08-27,TWR00031,103,4247.18,4.148,3,False
USG00007912,8443-WVPSS,2026-08-27,TWR00077,61,3787.3,3.699,15,False
USG00007913,9764-REAFF,2026-08-27,TWR00057,0,2524.8,2.466,21,False
USG00007914,7270-BDIOA,2026-08-27,TWR00006,146,2647.35,2.585,22,False
USG00007915,2740-JFBOK,2026-08-27,TWR00053,68,2778.63,2.714,25,False
USG00007916,4360-PNRQB,2026-08-27,TWR00048,90,3804.85,3.716,15,False
USG00007917,3948-XHGNA,2026-08-27,TWR00062,61,1463.97,1.43,20,False
USG00007918,9065-ZCPQX,2026-08-27,TWR00067,141,2799.84,2.734,12,False
USG00007919,8350-NYMVI,2026-08-27,TWR00012,138,2804.46,2.739,3,False
USG00007920,5285-MVEHD,2026-08-27,TWR00051,7,787.97,0.77,20,True
USG00007921,6427-FEFIG,2026-08-27,TWR00048,45,3682.65,3.596,5,False
USG00007922,8205-OTCHB,2026-08-27,TWR00090,168,176.47,0.172,20,False
USG00007923,0208-BPQEJ,2026-08-27,TWR00041,78,3810.82,3.722,12,True
USG00007924,2587-EKXTS,2026-08-27,TWR00024,173,3024.38,2.953,20,False
USG00007925,4981-FLTMF,2026-08-27,TWR00007,35,3009.77,2.939,25,False
USG00007926,8809-XKHMD,2026-08-27,TWR00093,114,2720.66,2.657,16,False
USG00007927,3544-FBCAS,2026-08-27,TWR00067,10,99.45,0.097,2,False
USG00007928,4854-CIDCF,2026-08-27,TWR00007,95,2491.74,2.433,4,False
USG00007929,0784-ZQJZX,2026-08-27,TWR00022,98,3469.23,3.388,0,False
USG00007930,1383-EZRWL,2026-08-27,TWR00020,127,3135.87,3.062,3,False
USG00007931,2034-GDRCN,2026-08-27,TWR00029,137,1129.65,1.103,15,False
USG00007932,9229-RQABD,2026-08-27,TWR00062,100,2542.72,2.483,17,False
USG00007933,9451-LPGOO,2026-08-27,TWR00051,20,1012.89,0.989,0,False
USG00007934,6134-KWTBV,2026-08-27,TWR00093,55,391.58,0.382,22,False
USG00007935,2025-JKFWI,2026-08-27,TWR00070,139,561.02,0.548,10,False
USG00007936,5671-RQRLP,2026-08-27,TWR00095,169,881.77,0.861,18,True
USG00007937,7853-GVUDZ,2026-08-27,TWR00097,103,413.63,0.404,7,False
USG00007938,0708-SJDIS,2026-08-27,TWR00014,157,4274.03,4.174,13,True
USG00007939,8818-XYFCQ,2026-08-27,TWR00002,151,3420.79,3.341,18,False
USG00007940,6899-PPEEA,2026-08-27,TWR00045,124,1916.58,1.872,19,False
USG00007941,6749-UTDVX,2026-08-27,TWR00010,7,2851.33,2.785,9,True
USG00007942,1121-QSIVB,2026-08-27,TWR00079,157,884.29,0.864,10,False
USG00007943,6227-FBDXH,2026-08-27,TWR00084,93,2036.19,1.988,1,False
USG00007944,0114-RSRRW,2026-08-27,TWR00068,155,683.72,0.668,18,True
USG00007945,6029-CSMJE,2026-08-27,TWR00086,39,2778.54,2.713,14,False
USG00007946,1335-NTIUC,2026-08-27,TWR00051,10,2365.11,2.31,1,False
USG00007947,5793-YOLJN,2026-08-27,TWR00027,49,4318.96,4.218,21,False
USG00007948,4952-YSOGZ,2026-08-27,TWR00045,19,784.55,0.766,3,False
USG00007949,0455-ENTCR,2026-08-27,TWR00049,135,3566.46,3.483,19,True
USG00007950,1452-XRSJV,2026-08-27,TWR00024,26,339.34,0.331,0,False
USG00007951,7140-ADSMJ,2026-08-27,TWR00066,37,1092.96,1.067,12,False
USG00007952,8455-HIRAQ,2026-08-27,TWR00054,123,1060.73,1.036,8,False
USG00007953,6465-GSRCL,2026-08-27,TWR00029,60,3115.11,3.042,5,False
USG00007954,5980-BDHPY,2026-08-27,TWR00050,56,4008.29,3.914,22,True
USG00007955,1573-LGXBA,2026-08-27,TWR00011,155,2807.84,2.742,25,False
USG00007956,3941-XTSKM,2026-08-27,TWR00030,136,2488.7,2.43,18,False
USG00007957,8012-SOUDQ,2026-08-27,TWR00085,59,1729.56,1.689,10,False
USG00007958,0537-QYZZN,2026-08-27,TWR00061,170,3549.17,3.466,24,False
USG00007959,0314-TKOSI,2026-08-27,TWR00024,83,1329.14,1.298,7,False
USG00007960,6168-WFVVF,2026-08-27,TWR00061,124,3314.98,3.237,22,False
USG00007961,7898-PDWQE,2026-08-27,TWR00001,113,2379.27,2.324,17,False
USG00007962,5129-HHMZC,2026-08-27,TWR00090,152,693.89,0.678,12,False
USG00007963,4334-HOWRP,2026-08-27,TWR00069,177,1645.24,1.607,11,False
USG00007964,8414-MYSHR,2026-08-27,TWR00100,158,357.42,0.349,25,False
USG00007965,9995-HOTOH,2026-08-27,TWR00036,1,4318.28,4.217,24,False
USG00007966,2703-AMTUL,2026-08-27,TWR00038,53,437.86,0.428,21,False
USG00007967,0746-JTRFU,2026-08-27,TWR00013,78,3751.55,3.664,12,False
USG00007968,5850-BDWCY,2026-08-27,TWR00006,132,2415.54,2.359,9,True
USG00007969,5150-LJNSR,2026-08-27,TWR00019,162,2408.53,2.352,5,True
USG00007970,8679-JOEVF,2026-08-27,TWR00056,29,1243.75,1.215,1,False
USG00007971,6784-XYJAE,2026-08-27,TWR00024,90,4138.89,4.042,7,False
USG00007972,6223-DHJGV,2026-08-27,TWR00060,64,970.02,0.947,22,False
USG00007973,4102-HLENU,2026-08-27,TWR00079,97,4093.67,3.998,25,False
USG00007974,9200-NLNPD,2026-08-27,TWR00038,93,2971.53,2.902,24,False
USG00007975,7929-DMBCV,2026-08-27,TWR00025,151,4092.35,3.996,24,False
USG00007976,8316-BBQAY,2026-08-27,TWR00089,102,3617.93,3.533,0,False
USG00007977,8327-WKMIE,2026-08-27,TWR00060,141,3056.83,2.985,20,True
USG00007978,8805-JNRAZ,2026-08-27,TWR00052,49,1844.28,1.801,16,False
USG00007979,2072-ZVJJX,2026-08-27,TWR00020,70,94.38,0.092,5,False
USG00007980,6253-WRFHY,2026-08-27,TWR00040,112,2409.43,2.353,11,False
USG00007981,7562-GSUHK,2026-08-27,TWR00029,60,4390.49,4.288,8,False
USG00007982,6240-EURKS,2026-08-27,TWR00009,131,2168.35,2.118,5,False
USG00007983,7758-UJWYS,2026-08-27,TWR00001,0,2941.54,2.873,24,False
USG00007984,0842-IWYCP,2026-08-27,TWR00026,2,3679.06,3.593,23,False
USG00007985,5013-SBUIH,2026-08-27,TWR00039,96,1464.84,1.431,18,False
USG00007986,8780-RSYYU,2026-08-27,TWR00090,151,1935.11,1.89,5,False
USG00007987,3466-WAESX,2026-08-27,TWR00086,39,3278.64,3.202,7,False
USG00007988,1460-UZPRJ,2026-08-27,TWR00024,106,1142.32,1.116,8,False
USG00007989,0148-DCDOS,2026-08-27,TWR00090,45,547.55,0.535,23,True
USG00007990,9658-WYUFB,2026-08-27,TWR00040,118,3090.97,3.019,0,False
USG00007991,3590-TCXTB,2026-08-27,TWR00058,131,1983.02,1.937,2,True
USG00007992,9755-JHNMN,2026-08-27,TWR00051,159,3007.88,2.937,13,False
USG00007993,1084-MNSMJ,2026-08-27,TWR00087,124,1537.61,1.502,6,False
USG00007994,9136-ALYBR,2026-08-27,TWR00068,68,592.18,0.578,20,False
USG00007995,7130-YXBRO,2026-08-27,TWR00077,38,2499.86,2.441,15,False
USG00007996,8456-QDAVC,2026-08-27,TWR00067,2,2240.91,2.188,19,False
USG00007997,6036-TTFYU,2026-08-27,TWR00022,104,2280.04,2.227,3,False
USG00007998,8847-GEOOQ,2026-08-27,TWR00032,84,4247.46,4.148,22,False
USG00007999,8628-MFKAX,2026-08-27,TWR00025,67,1096.09,1.07,18,False
USG00008000,6372-RFVNS,2026-08-27,TWR00088,70,1874.62,1.831,18,False
USG00008001,6549-NNDYT,2026-08-27,TWR00009,52,1652.76,1.614,4,False
USG00008002,2259-OUUSZ,2026-08-27,TWR00070,129,241.13,0.235,11,False
USG00008003,8097-VBQTZ,2026-08-27,TWR00092,79,3658.64,3.573,6,False
USG00008004,9058-CBREO,2026-08-27,TWR00076,7,2643.37,2.581,2,True
USG00008005,4323-ELYYB,2026-08-27,TWR00047,48,1992.6,1.946,0,False
USG00008006,2979-SXESE,2026-08-27,TWR00033,115,4186.95,4.089,8,False
USG00008007,2138-VFAPZ,2026-08-27,TWR00012,65,854.04,0.834,18,False
USG00008008,7760-OYPDY,2026-08-27,TWR00063,24,2139.45,2.089,2,False
USG00008009,4254-QPEDE,2026-08-27,TWR00004,43,2296.55,2.243,2,False
USG00008010,8741-LQOBK,2026-08-27,TWR00015,42,4442.45,4.338,12,False
USG00008011,5716-EZXZN,2026-08-27,TWR00045,56,784.56,0.766,3,False
USG00008012,2691-NZETQ,2026-08-27,TWR00065,94,2705.93,2.643,16,False
USG00008013,7629-WIXZF,2026-08-27,TWR00085,152,470.88,0.46,11,False
USG00008014,0623-GDISB,2026-08-27,TWR00057,177,791.33,0.773,13,False
USG00008015,6663-JOCQO,2026-08-27,TWR00049,151,2978.38,2.909,5,False
USG00008016,6599-RCLCJ,2026-08-27,TWR00002,142,2822.18,2.756,2,True
USG00008017,7251-LJBQN,2026-08-27,TWR00045,74,4253.49,4.154,25,False
USG00008018,4759-TRPLW,2026-08-27,TWR00045,166,1413.64,1.381,3,False
USG00008019,1574-DYCWE,2026-08-27,TWR00015,130,829.04,0.81,17,False
USG00008020,4118-CEVPF,2026-08-27,TWR00052,37,1095.4,1.07,21,False
USG00008021,1334-FJSVR,2026-08-27,TWR00057,179,4015.67,3.922,19,False
USG00008022,0516-VRYBW,2026-08-27,TWR00016,11,1623.67,1.586,25,False
USG00008023,0640-YJTPY,2026-08-27,TWR00080,151,2233.8,2.181,21,False
USG00008024,2079-FBMZK,2026-08-27,TWR00053,50,3134.36,3.061,25,False
USG00008025,8229-BUJHX,2026-08-27,TWR00021,6,723.45,0.706,10,True
USG00008026,4178-EGMON,2026-08-27,TWR00044,80,4120.04,4.023,11,True
USG00008027,3440-JPSCL,2026-08-27,TWR00029,9,4152.92,4.056,0,False
USG00008028,3192-NQECA,2026-08-27,TWR00037,152,4223.69,4.125,14,False
USG00008029,1265-BCFEO,2026-08-27,TWR00084,166,3286.8,3.21,4,False
USG00008030,7919-ZODZZ,2026-08-27,TWR00046,5,3602.9,3.518,23,False
USG00008031,8063-RJYNF,2026-08-27,TWR00058,116,3265.25,3.189,1,True
USG00008032,2889-FPWRM,2026-08-27,TWR00055,44,849.27,0.829,13,False
USG00008033,8910-LEDAG,2026-08-27,TWR00047,49,3986.82,3.893,21,False
USG00008034,8221-EQDGL,2026-08-27,TWR00059,65,600.48,0.586,25,False
USG00008035,5816-QVHRX,2026-08-27,TWR00019,27,937.51,0.916,9,False
USG00008036,6015-VVHHE,2026-08-27,TWR00076,59,168.93,0.165,2,False
USG00008037,8573-JGCZW,2026-08-27,TWR00071,62,3826.99,3.737,25,False
USG00008038,7175-NTIXE,2026-08-27,TWR00037,62,2770.65,2.706,6,False
USG00008039,5868-YWPDW,2026-08-27,TWR00062,152,643.23,0.628,1,False
USG00008040,2452-KDRRH,2026-08-27,TWR00082,168,73.86,0.072,13,False
USG00008041,5816-SCGFC,2026-08-27,TWR00092,71,3490.18,3.408,7,False
USG00008042,5976-JCJRH,2026-08-27,TWR00036,73,897.01,0.876,4,False
USG00008043,4647-MUZON,2026-08-27,TWR00090,87,2973.87,2.904,17,False
USG00008044,2810-FTLEM,2026-08-27,TWR00011,120,1530.6,1.495,13,False
USG00008045,8338-QIUNR,2026-08-27,TWR00037,22,165.06,0.161,22,False
USG00008046,3577-AMVUX,2026-08-27,TWR00025,149,2975.13,2.905,12,False
USG00008047,4335-BSMJS,2026-08-27,TWR00037,99,1532.81,1.497,20,False
USG00008048,6005-OBZPH,2026-08-27,TWR00002,137,1569.31,1.533,19,False
USG00008049,0898-XCGTF,2026-08-27,TWR00096,147,302.56,0.295,24,False
USG00008050,6341-JVQGF,2026-08-27,TWR00061,61,210.12,0.205,23,False
USG00008051,5370-IIVVL,2026-08-27,TWR00095,16,2733.32,2.669,15,False
USG00008052,9725-SCPZG,2026-08-27,TWR00023,126,166.35,0.162,17,False
USG00008053,4878-BUNFV,2026-08-27,TWR00070,43,901.69,0.881,1,False
USG00008054,3298-QEICA,2026-08-27,TWR00062,19,4390.79,4.288,24,False
USG00008055,1104-TNLZA,2026-08-27,TWR00076,46,954.88,0.932,7,False
USG00008056,4236-UJPWO,2026-08-27,TWR00040,122,1096.3,1.071,19,False
USG00008057,4114-QMKVN,2026-08-27,TWR00027,151,3463.88,3.383,7,False
USG00008058,3196-NVXLZ,2026-08-27,TWR00052,46,4253.41,4.154,24,False
USG00008059,2085-JVGAD,2026-08-27,TWR00036,29,952.74,0.93,7,False
USG00008060,2824-DXNKN,2026-08-27,TWR00046,148,4410.71,4.307,19,False
USG00008061,3642-BYHDO,2026-08-27,TWR00032,89,4465.54,4.361,19,False
USG00008062,9309-BZGNT,2026-08-27,TWR00020,69,1161.65,1.134,10,False
USG00008063,3113-IWHLC,2026-08-27,TWR00018,54,2010.23,1.963,2,False
USG00008064,1635-FJFCC,2026-08-27,TWR00023,57,2007.11,1.96,5,False
USG00008065,4895-TMWIR,2026-08-27,TWR00040,89,433.62,0.423,13,False
USG00008066,1051-GEJLJ,2026-08-27,TWR00001,168,3517.12,3.435,2,False
USG00008067,8550-XSXUQ,2026-08-27,TWR00026,130,3131.85,3.058,19,False
USG00008068,1784-EZDKJ,2026-08-27,TWR00087,111,3285.55,3.209,5,False
USG00008069,9863-JZAIC,2026-08-27,TWR00092,175,3740.91,3.653,12,False
USG00008070,1866-NXPSP,2026-08-27,TWR00093,76,4460.92,4.356,8,False
USG00008071,0743-HRVFF,2026-08-27,TWR00094,39,1210.35,1.182,5,False
USG00008072,3428-XZMAZ,2026-08-27,TWR00062,33,2510.88,2.452,5,False
USG00008073,7011-CVEUC,2026-08-27,TWR00042,57,3831.72,3.742,24,True
USG00008074,5605-IYGFG,2026-08-27,TWR00065,116,1118.03,1.092,3,False
USG00008075,2959-MJHIC,2026-08-27,TWR00036,83,1586.04,1.549,14,False
USG00008076,9862-KJTYK,2026-08-27,TWR00080,70,2015.97,1.969,16,True
USG00008077,4183-WCSEP,2026-08-27,TWR00025,158,782.14,0.764,23,False
USG00008078,3987-KQDDU,2026-08-27,TWR00100,89,4419.33,4.316,18,False
USG00008079,6199-IPCAO,2026-08-27,TWR00040,4,2175.96,2.125,3,True
USG00008080,4012-YCFAI,2026-08-27,TWR00065,141,1119.31,1.093,12,False
USG00008081,3685-YLCMQ,2026-08-27,TWR00073,112,2978.96,2.909,11,True
USG00008082,8929-KSWIH,2026-08-27,TWR00068,113,548.48,0.536,16,True
USG00008083,9530-EHPOH,2026-08-27,TWR00051,7,2575.14,2.515,19,False
USG00008084,1769-GRUIK,2026-08-27,TWR00041,130,2082.16,2.033,16,False
USG00008085,8069-RHUXK,2026-08-27,TWR00054,66,698.2,0.682,14,False
USG00008086,5295-PCJOO,2026-08-27,TWR00089,153,1762.49,1.721,2,False
USG00008087,1534-OULXE,2026-08-27,TWR00076,128,60.88,0.059,1,True
USG00008088,7321-KKSDU,2026-08-27,TWR00058,176,2753.92,2.689,5,False
USG00008089,8348-HFYIV,2026-08-27,TWR00090,160,3117.96,3.045,1,False
USG00008090,1550-EENBN,2026-08-27,TWR00009,39,2130.59,2.081,21,False
USG00008091,9560-BBZXK,2026-08-27,TWR00038,17,3447.29,3.366,2,False
USG00008092,3902-MIVLE,2026-08-27,TWR00066,139,4358.98,4.257,23,False
USG00008093,8010-EZLOU,2026-08-27,TWR00042,26,2796.14,2.731,3,False
USG00008094,6950-TWMYB,2026-08-27,TWR00060,103,2689.49,2.626,6,False
USG00008095,8532-UEFWH,2026-08-27,TWR00093,17,2144.04,2.094,3,False
USG00008096,1335-MXCSE,2026-08-27,TWR00022,126,430.77,0.421,2,False
USG00008097,0052-DCKON,2026-08-27,TWR00037,22,138.8,0.136,6,False
USG00008098,2362-IBOOY,2026-08-27,TWR00060,149,3931.75,3.84,0,False
USG00008099,1241-FPMOF,2026-08-27,TWR00039,69,297.92,0.291,24,False
USG00008100,3043-TYBNO,2026-08-27,TWR00027,70,1942.3,1.897,17,False
USG00008101,5619-XZZKR,2026-08-27,TWR00013,34,2310.91,2.257,3,False
USG00008102,7018-WBJNK,2026-08-27,TWR00078,55,1849.22,1.806,0,True
USG00008103,3058-WQDRE,2026-08-27,TWR00002,66,2416.81,2.36,10,False
USG00008104,1980-KXVPM,2026-08-27,TWR00099,80,3395.66,3.316,15,False
USG00008105,1431-CYWMH,2026-08-27,TWR00015,94,3632.91,3.548,3,False
USG00008106,4026-SKKHW,2026-08-27,TWR00056,13,191.11,0.187,20,True
USG00008107,3191-CSNMG,2026-08-27,TWR00050,21,3622.69,3.538,4,False
USG00008108,2378-YIZKA,2026-08-27,TWR00084,26,2216.18,2.164,20,False
USG00008109,8620-RJPZN,2026-08-27,TWR00064,155,843.86,0.824,9,False
USG00008110,3319-DWOEP,2026-08-27,TWR00088,27,2222.33,2.17,15,False
USG00008111,8544-JNBOX,2026-08-27,TWR00040,126,4070.24,3.975,18,False
USG00008112,7020-OZKXZ,2026-08-27,TWR00065,72,753.88,0.736,0,False
USG00008113,6817-WTYHE,2026-08-27,TWR00040,58,4479.41,4.374,20,False
USG00008114,4065-JJAVA,2026-08-27,TWR00049,155,2649.28,2.587,8,True
USG00008115,8345-MVDYC,2026-08-27,TWR00042,41,463.9,0.453,3,False
USG00008116,8690-ZVLCL,2026-08-27,TWR00048,73,3251.39,3.175,7,False
USG00008117,0871-URUWO,2026-08-27,TWR00086,96,1937.75,1.892,3,False
USG00008118,6198-PNNSZ,2026-08-27,TWR00098,108,4461.15,4.357,16,True
USG00008119,0650-BWOZN,2026-08-27,TWR00016,111,3816.19,3.727,22,False
USG00008120,5542-TBBWB,2026-08-27,TWR00091,46,3152.77,3.079,19,True
USG00008121,2725-KXXWT,2026-08-27,TWR00032,122,3976.97,3.884,24,False
USG00008122,3798-EPWRR,2026-08-27,TWR00078,12,675.51,0.66,22,False
USG00008123,6794-HKIAJ,2026-08-27,TWR00099,16,2270.89,2.218,23,True
USG00008124,9447-YPTBX,2026-08-27,TWR00023,87,311.31,0.304,8,True
USG00008125,5522-NYKPB,2026-08-27,TWR00057,11,3203.75,3.129,9,False
USG00008126,0536-ESJEP,2026-08-27,TWR00029,128,2383.62,2.328,11,False
USG00008127,0423-UDIJQ,2026-08-27,TWR00041,74,1237.74,1.209,9,False
USG00008128,0057-QBUQH,2026-08-27,TWR00057,116,3688.9,3.602,15,False
USG00008129,6252-DFGTK,2026-08-27,TWR00044,34,4055.07,3.96,25,False
USG00008130,5839-SUYVZ,2026-08-27,TWR00030,104,1888.11,1.844,23,False
USG00008131,3221-CJMSG,2026-08-27,TWR00012,95,1489.18,1.454,24,False
USG00008132,2434-EEVDB,2026-08-27,TWR00100,17,986.65,0.964,19,True
USG00008133,0178-SZBHO,2026-08-27,TWR00068,94,1771.6,1.73,17,False
USG00008134,4195-PNGZS,2026-08-27,TWR00058,2,1850.42,1.807,25,False
USG00008135,7465-ZZRVX,2026-08-27,TWR00098,123,2149.91,2.1,5,False
USG00008136,0559-CKHUS,2026-08-27,TWR00062,145,2354.16,2.299,0,False
USG00008137,2676-SSLTO,2026-08-27,TWR00096,156,3164.41,3.09,2,False
USG00008138,6818-WOBHJ,2026-08-27,TWR00092,12,441.77,0.431,21,False
USG00008139,1301-LOPVR,2026-08-27,TWR00096,126,2104.61,2.055,12,False
USG00008140,2923-ARZLG,2026-08-27,TWR00081,10,1005.18,0.982,19,True
USG00008141,7176-WRTNX,2026-08-27,TWR00054,119,3516.05,3.434,8,True
USG00008142,1624-NALOJ,2026-08-27,TWR00086,25,3790.82,3.702,19,False
USG00008143,9367-OIUXP,2026-08-27,TWR00009,155,63.65,0.062,15,False
USG00008144,5593-SUAOO,2026-08-27,TWR00080,95,1952.07,1.906,22,False
USG00008145,9092-GDZKO,2026-08-27,TWR00045,32,841.85,0.822,25,False
USG00008146,9114-VEPUF,2026-08-27,TWR00096,153,3597.03,3.513,18,False
USG00008147,9708-HPXWZ,2026-08-27,TWR00012,73,1439.66,1.406,23,False
USG00008148,2351-BKRZW,2026-08-27,TWR00050,36,2445.71,2.388,7,False
USG00008149,7486-KSRVI,2026-08-27,TWR00060,150,3959.45,3.867,25,False
USG00008150,6016-LVTJQ,2026-08-27,TWR00009,83,256.24,0.25,22,False
USG00008151,9633-DENPU,2026-08-27,TWR00017,77,2149.51,2.099,8,False
USG00008152,9814-AOUDH,2026-08-27,TWR00007,80,3442.79,3.362,8,False
USG00008153,7633-MVPUY,2026-08-27,TWR00060,165,2471.03,2.413,14,False
USG00008154,7314-OXENN,2026-08-27,TWR00083,19,2975.57,2.906,16,False
USG00008155,2664-XJZNO,2026-08-27,TWR00003,136,3522.53,3.44,9,False
USG00008156,6242-SGYTS,2026-08-27,TWR00021,68,3744.43,3.657,15,False
USG00008157,3090-LETTY,2026-08-27,TWR00025,142,2637.57,2.576,6,False
USG00008158,2453-SAFNS,2026-08-27,TWR00073,119,2859.07,2.792,2,False
USG00008159,8065-BVEPF,2026-08-27,TWR00027,170,526.99,0.515,3,False
USG00008160,0058-EVZWM,2026-08-27,TWR00052,141,1174.63,1.147,24,False
USG00008161,2568-BRGYX,2026-08-27,TWR00097,171,434.03,0.424,2,False
USG00008162,0547-HURJB,2026-08-27,TWR00086,95,1827.23,1.784,15,False
USG00008163,3930-ZGWVE,2026-08-27,TWR00078,68,2212.24,2.16,7,False
USG00008164,1179-INLAT,2026-08-27,TWR00065,154,3635.55,3.55,8,True
USG00008165,8773-HHUOZ,2026-08-27,TWR00038,143,2366.54,2.311,19,False
USG00008166,5968-HYJRZ,2026-08-27,TWR00037,164,995.99,0.973,22,False
USG00008167,4751-ERMAN,2026-08-27,TWR00027,83,3688.54,3.602,4,False
USG00008168,6651-AZVTJ,2026-08-27,TWR00049,85,151.32,0.148,10,False
USG00008169,9639-BUJXT,2026-08-27,TWR00096,70,2627.06,2.565,12,False
USG00008170,6416-JNVRK,2026-08-27,TWR00033,123,4436.27,4.332,1,False
USG00008171,0708-LGSMF,2026-08-27,TWR00039,102,305.59,0.298,20,False
USG00008172,1875-QIVME,2026-08-27,TWR00095,87,1568.73,1.532,14,True
USG00008173,0839-QNXME,2026-08-27,TWR00065,134,4363.93,4.262,16,False
USG00008174,2398-YPMUR,2026-08-27,TWR00082,57,749.71,0.732,8,False
USG00008175,8259-NFJTV,2026-08-27,TWR00026,56,1615.55,1.578,25,False
USG00008176,2519-ERQOJ,2026-08-27,TWR00001,34,3541.22,3.458,0,True
USG00008177,6981-TDRFT,2026-08-27,TWR00036,130,384.19,0.375,5,False
USG00008178,5968-VXZLG,2026-08-27,TWR00006,169,1620.03,1.582,14,False
USG00008179,1395-WSWXR,2026-08-27,TWR00089,92,1242.58,1.213,4,False
USG00008180,5995-WWKKG,2026-08-27,TWR00047,9,3243.18,3.167,10,False
USG00008181,7841-TZDMQ,2026-08-27,TWR00030,110,2101.87,2.053,3,True
USG00008182,1226-IENZN,2026-08-27,TWR00030,79,3723.52,3.636,12,False
USG00008183,1303-SRDOK,2026-08-27,TWR00093,89,2984.02,2.914,13,True
USG00008184,9055-MOJJJ,2026-08-27,TWR00002,146,425.62,0.416,12,False
USG00008185,5364-EVNIB,2026-08-27,TWR00067,51,3684.45,3.598,1,False
USG00008186,1471-GIQKQ,2026-08-27,TWR00014,51,3600.81,3.516,7,False
USG00008187,9495-REDIY,2026-08-27,TWR00069,97,3329.56,3.252,14,False
USG00008188,1867-TJHTS,2026-08-27,TWR00045,58,4365.07,4.263,14,False
USG00008189,2040-LDIWQ,2026-08-27,TWR00096,32,1061.39,1.037,14,False
USG00008190,3323-CPBWR,2026-08-27,TWR00062,132,1284.24,1.254,2,False
USG00008191,9909-IDLEK,2026-08-27,TWR00073,4,1595.88,1.558,23,False
USG00008192,7734-DBOAI,2026-08-27,TWR00033,167,4148.21,4.051,17,False
USG00008193,6641-XRPSU,2026-08-27,TWR00050,57,3686.97,3.601,3,False
USG00008194,3285-UCQVC,2026-08-27,TWR00006,3,2111.26,2.062,3,False
USG00008195,2969-QWUBZ,2026-08-27,TWR00009,139,1165.02,1.138,6,False
USG00008196,5777-KJIRB,2026-08-27,TWR00052,133,2977.86,2.908,4,False
USG00008197,2165-VOEGB,2026-08-27,TWR00022,156,2136.72,2.087,16,True
USG00008198,7245-JMTTQ,2026-08-27,TWR00066,25,240.23,0.235,3,False
USG00008199,3956-MGXOG,2026-08-27,TWR00022,170,3308.13,3.231,19,False
USG00008200,3682-YEUWS,2026-08-27,TWR00045,38,1830.28,1.787,11,False
USG00008201,5055-MGMGF,2026-08-27,TWR00026,51,3992.01,3.898,9,False
USG00008202,7432-FFVAR,2026-08-27,TWR00053,102,2408.91,2.352,10,False
USG00008203,8938-UMKPI,2026-08-27,TWR00026,21,4171.82,4.074,8,False
USG00008204,0104-PPXDV,2026-08-27,TWR00082,46,4328.09,4.227,11,False
USG00008205,9972-VAFJJ,2026-08-27,TWR00079,31,4334.31,4.233,21,False
USG00008206,0616-ATFGB,2026-08-27,TWR00074,134,1304.53,1.274,2,False
USG00008207,6705-LXORM,2026-08-27,TWR00055,165,2120.6,2.071,3,False
USG00008208,2058-DCJBE,2026-08-27,TWR00008,161,2396.86,2.341,12,False
USG00008209,5320-BRKGK,2026-08-27,TWR00014,93,2299.2,2.245,13,False
USG00008210,5465-BUBFA,2026-08-27,TWR00006,16,4366.8,4.264,22,False
USG00008211,8775-CEBBJ,2026-08-27,TWR00048,84,172.88,0.169,16,False
USG00008212,3995-WFCSM,2026-08-27,TWR00025,62,4406.56,4.303,22,False
USG00008213,3795-GWTRD,2026-08-27,TWR00078,151,3751.48,3.664,9,False
USG00008214,0621-JFHOL,2026-08-27,TWR00011,109,3643.91,3.559,20,False
USG00008215,0310-MVLET,2026-08-27,TWR00036,134,2495.62,2.437,1,False
USG00008216,1077-HUUJM,2026-08-27,TWR00048,68,1008.35,0.985,23,False
USG00008217,4671-VJLCL,2026-08-27,TWR00080,16,355.79,0.347,18,False
USG00008218,8735-DCXNF,2026-08-27,TWR00089,165,3742.64,3.655,15,False
USG00008219,5296-BFCYD,2026-08-27,TWR00015,177,4410.64,4.307,18,False
USG00008220,8450-UYIBU,2026-08-27,TWR00057,52,602.54,0.588,13,False
USG00008221,8949-JTMAY,2026-08-27,TWR00038,11,3202.66,3.128,4,False
USG00008222,5498-IBWPI,2026-08-27,TWR00013,76,3624.6,3.54,1,False
USG00008223,3550-SAHFP,2026-08-27,TWR00060,177,3729.1,3.642,23,False
USG00008224,1766-GKNMI,2026-08-27,TWR00072,167,3011.1,2.941,13,False
USG00008225,6906-MPARY,2026-08-27,TWR00099,167,1918.9,1.874,19,False
USG00008226,1212-GLHMD,2026-08-27,TWR00029,175,734.54,0.717,23,False
USG00008227,4648-YPBTM,2026-08-27,TWR00052,178,1610.48,1.573,3,True
USG00008228,6900-PXRMS,2026-08-27,TWR00023,76,780.05,0.762,2,False
USG00008229,9633-XQABV,2026-08-27,TWR00027,139,1408.58,1.376,19,False
USG00008230,7858-GTZSP,2026-08-27,TWR00052,115,2478.19,2.42,12,False
USG00008231,3572-UUHRS,2026-08-27,TWR00039,132,1490.15,1.455,10,False
USG00008232,0939-YAPAF,2026-08-27,TWR00095,102,2213.31,2.161,7,False
USG00008233,6974-DAFLI,2026-08-27,TWR00082,84,3799.12,3.71,6,False
USG00008234,6169-PPETC,2026-08-27,TWR00071,1,3087.83,3.015,1,False
USG00008235,0825-CPPQH,2026-08-27,TWR00069,113,1318.32,1.287,19,False
USG00008236,6258-NGCNG,2026-08-27,TWR00037,71,2036.24,1.989,17,False
USG00008237,1084-UQCHV,2026-08-27,TWR00079,47,3507.08,3.425,22,False
USG00008238,2710-WYVXG,2026-08-27,TWR00077,151,1415.96,1.383,10,False
USG00008239,7560-QJAVJ,2026-08-27,TWR00046,120,1038.48,1.014,7,False
USG00008240,7234-FECYN,2026-08-27,TWR00016,158,2422.38,2.366,7,False
USG00008241,8651-ENBZX,2026-08-27,TWR00071,41,1101.4,1.076,17,False
USG00008242,2439-QKJUL,2026-08-27,TWR00078,21,4125.64,4.029,0,False
USG00008243,7196-LIWRH,2026-08-27,TWR00084,79,3281.04,3.204,2,False
USG00008244,9364-YKUVW,2026-08-27,TWR00029,127,1007.75,0.984,15,False
USG00008245,3144-KMTWZ,2026-08-27,TWR00071,105,4019.66,3.925,11,False
USG00008246,7055-HNEOJ,2026-08-27,TWR00042,164,1788.82,1.747,2,True
USG00008247,4124-MMETB,2026-08-27,TWR00018,135,2934.36,2.866,14,False
USG00008248,3070-DVEYC,2026-08-27,TWR00051,18,4051.66,3.957,0,False
USG00008249,4422-QVIJA,2026-08-27,TWR00051,90,58.81,0.057,25,False
USG00008250,6827-IEAUQ,2026-08-27,TWR00088,28,861.57,0.841,5,False
USG00008251,7587-RZNME,2026-08-27,TWR00056,93,4136.95,4.04,15,False
USG00008252,0130-SXOUN,2026-08-27,TWR00042,161,3983.22,3.89,9,False
USG00008253,2498-XLDZR,2026-08-27,TWR00010,115,1663.26,1.624,24,False
USG00008254,1555-DJEQW,2026-08-27,TWR00071,47,1731.14,1.691,5,False
USG00008255,4360-QRAVE,2026-08-27,TWR00050,9,452.12,0.442,3,False
USG00008256,3518-FSTWG,2026-08-27,TWR00011,110,270.72,0.264,23,False
USG00008257,3748-FVMZZ,2026-08-27,TWR00030,42,2236.49,2.184,9,False
USG00008258,6365-HITVU,2026-08-27,TWR00014,58,2961.18,2.892,25,False
USG00008259,1790-NESIO,2026-08-27,TWR00099,76,2439.53,2.382,10,False
USG00008260,6648-INWPS,2026-08-27,TWR00008,11,3467.46,3.386,5,False
USG00008261,1952-DVVSW,2026-08-27,TWR00016,153,3221.77,3.146,20,False
USG00008262,6615-NGGZJ,2026-08-27,TWR00019,29,606.35,0.592,13,False
USG00008263,9251-AWQGT,2026-08-27,TWR00021,88,82.23,0.08,10,False
USG00008264,7596-LDUXP,2026-08-27,TWR00060,10,1288.42,1.258,20,False
USG00008265,8999-BOHSE,2026-08-27,TWR00062,170,2336.89,2.282,19,False
USG00008266,5889-LFOLL,2026-08-27,TWR00027,176,233.61,0.228,17,False
USG00008267,7571-YXDAD,2026-08-27,TWR00083,58,1172.53,1.145,6,False
USG00008268,4097-YODCF,2026-08-27,TWR00030,119,2325.04,2.271,18,False
USG00008269,8070-AAWZP,2026-08-27,TWR00013,7,2290.78,2.237,17,False
USG00008270,2203-GHNWN,2026-08-27,TWR00073,117,3815.04,3.726,24,False
USG00008271,0824-VWDPO,2026-08-27,TWR00001,74,2854.88,2.788,0,False
USG00008272,1724-BQUHA,2026-08-27,TWR00027,134,1420.06,1.387,10,False
USG00008273,1094-BKOSX,2026-08-27,TWR00083,91,205.12,0.2,0,False
USG00008274,3976-HXHCE,2026-08-27,TWR00022,124,4003.84,3.91,9,False
USG00008275,8245-UMPYT,2026-08-27,TWR00074,41,3647.29,3.562,13,False
USG00008276,2581-VKIRT,2026-08-27,TWR00091,47,1033.63,1.009,20,False
USG00008277,8205-VSLRB,2026-08-27,TWR00097,108,2617.03,2.556,19,True
USG00008278,7077-XJMET,2026-08-27,TWR00063,33,2489.86,2.432,4,True
USG00008279,6516-NKQBO,2026-08-27,TWR00078,7,2488.61,2.43,18,False
USG00008280,0696-UKTOX,2026-08-27,TWR00006,50,1312.34,1.282,23,False
USG00008281,8224-KDLKN,2026-08-27,TWR00004,64,728.94,0.712,21,False
USG00008282,1696-HXOWK,2026-08-27,TWR00025,28,374.88,0.366,24,False
USG00008283,4881-JVQOD,2026-08-27,TWR00057,122,4167.21,4.07,5,False
USG00008284,2479-BRAMR,2026-08-27,TWR00004,42,1494.74,1.46,17,False
USG00008285,2263-SFSQZ,2026-08-27,TWR00027,30,2168.55,2.118,1,False
USG00008286,7607-QKKTJ,2026-08-27,TWR00054,137,4439.78,4.336,20,False
USG00008287,5921-NGYRH,2026-08-27,TWR00090,20,4375.85,4.273,6,False
USG00008288,6907-CQGPN,2026-08-27,TWR00019,122,2485.57,2.427,3,False
USG00008289,8200-LGKSR,2026-08-27,TWR00053,129,2546.11,2.486,16,False
USG00008290,8250-ZNGGW,2026-08-27,TWR00052,9,976.26,0.953,16,True
USG00008291,7351-MHQVU,2026-08-27,TWR00002,49,2273.59,2.22,4,False
USG00008292,4937-QPZPO,2026-08-27,TWR00021,52,3338.49,3.26,18,False
USG00008293,8950-MTZNV,2026-08-27,TWR00022,35,205.68,0.201,11,False
USG00008294,9743-DQKQW,2026-08-27,TWR00023,33,545.19,0.532,14,True
USG00008295,9386-LDCZR,2026-08-27,TWR00051,147,344.71,0.337,6,False
USG00008296,5542-DHSXL,2026-08-27,TWR00017,145,597.09,0.583,4,False
USG00008297,7663-CUXZB,2026-08-27,TWR00030,7,141.53,0.138,22,False
USG00008298,8917-SZTTJ,2026-08-27,TWR00054,66,3230.47,3.155,14,False
USG00008299,5402-HTOTQ,2026-08-27,TWR00019,119,425.24,0.415,13,False
USG00008300,5712-PTIWW,2026-08-27,TWR00020,62,4122.27,4.026,5,False
USG00008301,7234-KMNRQ,2026-08-27,TWR00036,62,1678.72,1.639,7,True
USG00008302,7665-VIGUD,2026-08-27,TWR00074,17,3439.99,3.359,18,False
USG00008303,6907-NZZIJ,2026-08-27,TWR00069,153,1751.91,1.711,15,False
USG00008304,7026-YMSBE,2026-08-27,TWR00047,50,2910.47,2.842,25,False
USG00008305,1452-KIOVK,2026-08-27,TWR00060,110,1116.87,1.091,4,False
USG00008306,2371-JQHZZ,2026-08-27,TWR00017,49,3711.96,3.625,23,False
USG00008307,2651-ZCBXV,2026-08-27,TWR00039,158,4207.11,4.109,3,True
USG00008308,6116-RFVHN,2026-08-27,TWR00080,157,1092.57,1.067,13,False
USG00008309,0327-WFZSY,2026-08-27,TWR00006,6,483.69,0.472,8,False
USG00008310,8044-BGWPI,2026-08-27,TWR00092,69,2315.59,2.261,9,False
USG00008311,8118-LSUEL,2026-08-27,TWR00055,114,3130.86,3.057,11,False
USG00008312,6348-SNFUS,2026-08-27,TWR00058,83,1803.38,1.761,20,False
USG00008313,8189-HBVRW,2026-08-27,TWR00074,138,114.05,0.111,8,True
USG00008314,1202-KKGFU,2026-08-27,TWR00081,0,2547.46,2.488,22,False
USG00008315,9805-FILKB,2026-08-27,TWR00058,151,2887.12,2.819,21,False
USG00008316,9432-VOFYX,2026-08-27,TWR00040,165,549.78,0.537,0,False
USG00008317,9494-MRNYX,2026-08-27,TWR00078,105,4116.95,4.02,8,False
USG00008318,0096-BXERS,2026-08-27,TWR00001,127,1036.65,1.012,2,False
USG00008319,1304-NECVQ,2026-08-27,TWR00021,117,4437.61,4.334,22,False
USG00008320,3801-HMYNL,2026-08-27,TWR00092,125,3496.81,3.415,2,True
USG00008321,6145-NNPNO,2026-08-27,TWR00015,100,2480.52,2.422,24,True
USG00008322,1097-FSPVW,2026-08-27,TWR00099,160,4300.28,4.199,15,False
USG00008323,4626-OZDTJ,2026-08-27,TWR00077,166,698.75,0.682,0,False
USG00008324,1635-HDGFT,2026-08-27,TWR00062,57,2049.17,2.001,12,False
USG00008325,4423-JWZJN,2026-08-27,TWR00080,79,278.68,0.272,13,False
USG00008326,8197-BFWVU,2026-08-27,TWR00007,71,607.07,0.593,22,False
USG00008327,0587-DMGBH,2026-08-27,TWR00073,103,2512.35,2.453,8,False
USG00008328,8049-WJCLQ,2026-08-27,TWR00027,157,835.18,0.816,22,False
USG00008329,2592-SEIFQ,2026-08-27,TWR00055,84,3221.17,3.146,2,False
USG00008330,8869-TORSS,2026-08-27,TWR00094,22,2250.0,2.197,15,False
USG00008331,0516-QREYC,2026-08-27,TWR00030,43,841.67,0.822,11,False
USG00008332,7124-UGSUR,2026-08-27,TWR00011,75,4435.62,4.332,17,False
USG00008333,0023-UYUPN,2026-08-27,TWR00052,19,2008.22,1.961,12,False
USG00008334,8945-GRKHX,2026-08-27,TWR00012,33,3664.49,3.579,14,False
USG00008335,2077-MPJQO,2026-08-27,TWR00007,166,790.14,0.772,12,False
USG00008336,3506-LCJDC,2026-08-27,TWR00072,130,1069.82,1.045,14,False
USG00008337,2683-JXWQQ,2026-08-27,TWR00024,127,457.93,0.447,17,True
USG00008338,2659-VXMWZ,2026-08-27,TWR00081,7,3494.09,3.412,8,False
USG00008339,6888-SBYAI,2026-08-27,TWR00059,103,2865.9,2.799,7,False
USG00008340,4704-ERYFC,2026-08-27,TWR00070,102,345.72,0.338,7,True
USG00008341,1626-ERCMM,2026-08-27,TWR00032,1,2192.36,2.141,23,False
USG00008342,3472-OAOOR,2026-08-27,TWR00018,49,1017.57,0.994,12,True
USG00008343,3551-GAEGL,2026-08-27,TWR00082,15,3225.97,3.15,3,False
USG00008344,8390-FESFV,2026-08-27,TWR00038,62,1463.14,1.429,23,False
USG00008345,3441-CGZJH,2026-08-27,TWR00020,44,4364.51,4.262,12,False
USG00008346,4355-CVPVS,2026-08-27,TWR00027,107,2730.73,2.667,19,False
USG00008347,4903-UYAVB,2026-08-27,TWR00037,157,1075.63,1.05,16,False
USG00008348,2812-SFXMJ,2026-08-27,TWR00081,107,2343.8,2.289,1,False
USG00008349,8654-DHAOW,2026-08-27,TWR00038,170,421.26,0.411,8,False
USG00008350,7137-NAXML,2026-08-27,TWR00042,137,864.03,0.844,3,False
USG00008351,8905-IAZPF,2026-08-27,TWR00052,117,3807.05,3.718,21,False
USG00008352,6599-GZWCM,2026-08-27,TWR00063,177,1191.2,1.163,0,False
USG00008353,5419-JKZNQ,2026-08-27,TWR00005,0,3770.27,3.682,9,False
USG00008354,6000-UKLWI,2026-08-27,TWR00071,48,2965.69,2.896,25,False
USG00008355,6022-KOUQO,2026-08-27,TWR00001,108,687.02,0.671,2,False
USG00008356,8485-GJCDN,2026-08-27,TWR00017,38,2279.8,2.226,25,False
USG00008357,9415-DPEWS,2026-08-27,TWR00071,38,1159.46,1.132,0,False
USG00008358,3719-TDVQB,2026-08-27,TWR00038,176,3908.33,3.817,11,False
USG00008359,6473-ULUHT,2026-08-27,TWR00069,167,949.99,0.928,13,False
USG00008360,3229-USWAR,2026-08-27,TWR00096,176,2712.43,2.649,0,False
USG00008361,2673-ZALNP,2026-08-27,TWR00064,138,1547.12,1.511,23,False
USG00008362,3424-NMNBO,2026-08-27,TWR00064,133,2933.08,2.864,6,False
USG00008363,2866-IKBTM,2026-08-27,TWR00098,108,1386.69,1.354,22,True
USG00008364,2480-EJWYP,2026-08-27,TWR00078,111,2863.69,2.797,10,False
USG00008365,6635-CPNUN,2026-08-27,TWR00064,114,3711.61,3.625,7,False
USG00008366,5329-KRDTM,2026-08-27,TWR00055,175,1728.28,1.688,1,True
USG00008367,7244-KXYZN,2026-08-27,TWR00070,8,1328.3,1.297,8,False
USG00008368,3162-KKZXO,2026-08-27,TWR00087,164,2098.41,2.049,20,False
USG00008369,3704-IEAXF,2026-08-27,TWR00008,111,435.17,0.425,19,False
USG00008370,8837-VVWLQ,2026-08-27,TWR00035,35,2261.26,2.208,21,False
USG00008371,1208-DNHLN,2026-08-27,TWR00018,138,1927.4,1.882,4,False
USG00008372,9919-YLNNG,2026-08-27,TWR00051,19,405.22,0.396,15,False
USG00008373,0872-NXJYS,2026-08-27,TWR00098,9,1944.63,1.899,2,False
USG00008374,7295-JOMMD,2026-08-27,TWR00011,121,4388.63,4.286,3,False
USG00008375,9066-QRSDU,2026-08-27,TWR00100,16,2057.03,2.009,2,False
USG00008376,6369-MCAKO,2026-08-27,TWR00099,32,405.68,0.396,19,False
USG00008377,9985-MWVIX,2026-08-27,TWR00099,19,2023.2,1.976,18,False
USG00008378,7422-WNBTY,2026-08-27,TWR00034,147,509.65,0.498,25,False
USG00008379,3420-YJLQT,2026-08-27,TWR00003,7,2582.52,2.522,14,False
USG00008380,9281-PKKZE,2026-08-27,TWR00094,175,1333.91,1.303,0,True
USG00008381,8992-OBVDG,2026-08-27,TWR00054,34,818.38,0.799,20,False
USG00008382,0129-KPTWJ,2026-08-27,TWR00094,78,767.31,0.749,7,False
USG00008383,2729-VNVAP,2026-08-27,TWR00081,24,50.06,0.049,10,False
USG00008384,8347-GDTMP,2026-08-27,TWR00016,65,4253.32,4.154,17,False
USG00008385,5924-IFQTT,2026-08-27,TWR00019,69,4244.12,4.145,20,False
USG00008386,6497-TILVL,2026-08-27,TWR00066,30,3194.53,3.12,23,False
USG00008387,3932-CMDTD,2026-08-27,TWR00085,107,690.46,0.674,6,False
USG00008388,9553-DLCLU,2026-08-27,TWR00074,24,2173.94,2.123,14,False
USG00008389,4674-HGNUA,2026-08-27,TWR00067,70,2920.14,2.852,10,False
USG00008390,7503-ZGUZJ,2026-08-27,TWR00028,72,1908.79,1.864,6,False
USG00008391,6743-HHQPF,2026-08-27,TWR00037,47,294.89,0.288,24,True
USG00008392,3594-IVHJZ,2026-08-27,TWR00063,155,2267.15,2.214,0,False
USG00008393,5676-CFLYY,2026-08-27,TWR00040,153,2741.77,2.678,25,True
USG00008394,2683-BPJSO,2026-08-27,TWR00058,125,4466.5,4.362,1,True
USG00008395,7365-BVCJH,2026-08-27,TWR00076,132,1587.76,1.551,6,False
USG00008396,4983-CCWMC,2026-08-27,TWR00018,124,2016.74,1.969,14,False
USG00008397,9614-RMGHA,2026-08-27,TWR00027,169,3235.08,3.159,4,False
USG00008398,8229-MYEJZ,2026-08-27,TWR00060,116,586.83,0.573,10,False
USG00008399,7632-YUTXB,2026-08-27,TWR00073,54,3694.01,3.607,22,False
USG00008400,0730-BGQGF,2026-08-27,TWR00071,120,1170.46,1.143,17,False
USG00008401,9779-DPNEJ,2026-08-27,TWR00021,136,288.73,0.282,10,False
USG00008402,1027-LKKQQ,2026-08-27,TWR00091,120,3223.67,3.148,23,False
USG00008403,6135-OZQVA,2026-08-27,TWR00004,119,4478.68,4.374,5,False
USG00008404,9780-FKVVF,2026-08-27,TWR00034,25,2315.95,2.262,23,False
USG00008405,5485-WUYWF,2026-08-27,TWR00026,8,2863.22,2.796,16,False
USG00008406,2955-BJZHG,2026-08-27,TWR00015,130,3778.53,3.69,0,False
USG00008407,5913-INRQV,2026-08-27,TWR00089,44,2079.78,2.031,19,False
USG00008408,3755-JBMNH,2026-08-27,TWR00062,89,4332.49,4.231,23,False
USG00008409,6204-IEUXJ,2026-08-27,TWR00066,71,3665.27,3.579,11,False
USG00008410,5445-UTODQ,2026-08-27,TWR00017,126,2914.89,2.847,5,False
USG00008411,1956-YIFGE,2026-08-27,TWR00011,164,2100.56,2.051,8,False
USG00008412,0362-RAOQO,2026-08-27,TWR00060,82,160.53,0.157,4,False
USG00008413,9648-BCHKM,2026-08-27,TWR00051,109,628.9,0.614,6,False
USG00008414,4566-NECEV,2026-08-27,TWR00015,35,1509.38,1.474,22,False
USG00008415,2103-ZRXFN,2026-08-27,TWR00020,180,3797.64,3.709,22,False
USG00008416,7517-LDMPS,2026-08-27,TWR00002,50,2935.4,2.867,20,False
USG00008417,1866-RZZQS,2026-08-27,TWR00001,24,3011.92,2.941,14,False
USG00008418,8204-TIFGJ,2026-08-27,TWR00057,57,4416.45,4.313,25,False
USG00008419,6734-GMPVK,2026-08-27,TWR00062,167,930.03,0.908,16,False
USG00008420,3085-QUOZK,2026-08-27,TWR00004,21,1384.41,1.352,20,False
USG00008421,2911-UREFD,2026-08-27,TWR00012,65,654.22,0.639,6,False
USG00008422,3129-AAQOU,2026-08-27,TWR00095,48,1095.31,1.07,6,False
USG00008423,9819-FBNSV,2026-08-27,TWR00044,4,378.59,0.37,20,False
USG00008424,4759-PXTAN,2026-08-27,TWR00007,144,3439.1,3.358,18,False
USG00008425,4530-NDRKU,2026-08-27,TWR00048,11,3731.4,3.644,8,False
USG00008426,0396-HUJBP,2026-08-27,TWR00032,141,2486.88,2.429,23,False
USG00008427,3384-CTMSF,2026-08-27,TWR00079,28,83.15,0.081,7,False
USG00008428,0248-IPDFW,2026-08-27,TWR00069,67,2452.13,2.395,0,False
USG00008429,5495-GPSRW,2026-08-27,TWR00016,40,2394.3,2.338,21,False
USG00008430,2740-TVLFN,2026-08-27,TWR00095,83,3021.5,2.951,7,True
USG00008431,2292-XQWSV,2026-08-27,TWR00080,14,4420.94,4.317,4,False
USG00008432,4806-HIPDW,2026-08-27,TWR00001,3,4186.13,4.088,11,False
USG00008433,7707-PYBBH,2026-08-27,TWR00078,98,2193.85,2.142,11,False
USG00008434,0727-BMPLR,2026-08-27,TWR00077,48,3255.15,3.179,17,False
USG00008435,6457-GIRWB,2026-08-27,TWR00084,21,3591.09,3.507,3,False
USG00008436,4701-MLJPN,2026-08-27,TWR00088,87,3748.15,3.66,2,True
USG00008437,1518-VOWAV,2026-08-27,TWR00019,51,1698.33,1.659,1,True
USG00008438,7398-LXGYX,2026-08-27,TWR00080,38,2005.95,1.959,15,False
USG00008439,0897-FEGMU,2026-08-27,TWR00007,22,2818.45,2.752,7,False
USG00008440,9030-QGZNL,2026-08-27,TWR00008,174,3721.46,3.634,22,False
USG00008441,8208-EUMTE,2026-08-27,TWR00084,5,3678.34,3.592,20,True
USG00008442,8849-PRIQJ,2026-08-27,TWR00082,121,2257.14,2.204,7,False
USG00008443,1273-MTETI,2026-08-27,TWR00029,173,1833.85,1.791,1,True
USG00008444,3696-XRIEN,2026-08-27,TWR00089,165,1110.9,1.085,7,False
USG00008445,4625-XMOYM,2026-08-27,TWR00015,40,1836.58,1.794,18,False
USG00008446,4636-TVXVG,2026-08-27,TWR00008,10,204.75,0.2,22,False
USG00008447,2595-KIWPV,2026-08-27,TWR00023,62,1220.3,1.192,18,False
USG00008448,6982-UQZLY,2026-08-27,TWR00098,116,2600.56,2.54,25,False
USG00008449,1728-BQDMA,2026-08-27,TWR00025,87,1032.77,1.009,1,False
USG00008450,5575-GNVDE,2026-08-27,TWR00063,30,2299.19,2.245,18,False
USG00008451,2167-FQSTQ,2026-08-27,TWR00075,166,274.71,0.268,17,False
USG00008452,0519-XUZJU,2026-08-27,TWR00069,36,189.0,0.185,7,False
USG00008453,2621-UDNLU,2026-08-27,TWR00095,98,866.46,0.846,24,False
USG00008454,4658-HCOHW,2026-08-27,TWR00021,152,3767.07,3.679,0,False
USG00008455,6211-WWLTF,2026-08-27,TWR00035,153,2275.19,2.222,10,False
USG00008456,5569-KGJHX,2026-08-27,TWR00066,111,771.36,0.753,0,False
USG00008457,5687-DKDTV,2026-08-27,TWR00011,167,2656.68,2.594,18,False
USG00008458,9356-AXGMP,2026-08-27,TWR00013,19,2753.11,2.689,15,True
USG00008459,5788-YPOEG,2026-08-27,TWR00005,155,1442.59,1.409,2,False
USG00008460,5473-KHBPS,2026-08-27,TWR00091,144,4210.31,4.112,18,False
USG00008461,3996-ZNWYK,2026-08-27,TWR00056,52,843.28,0.824,24,False
USG00008462,9933-QRGTX,2026-08-27,TWR00039,107,1543.89,1.508,17,False
USG00008463,8395-ETZKQ,2026-08-27,TWR00090,135,3525.55,3.443,10,False
USG00008464,5043-TRZWM,2026-08-27,TWR00001,95,330.44,0.323,5,False
USG00008465,1104-FEJAM,2026-08-27,TWR00085,29,576.99,0.563,19,False
USG00008466,5240-IJOQT,2026-08-27,TWR00086,21,766.2,0.748,0,True
USG00008467,1025-FALIX,2026-08-27,TWR00024,138,4086.12,3.99,25,False
USG00008468,8564-LDKFL,2026-08-27,TWR00045,67,1345.2,1.314,12,False
USG00008469,0386-CWRGM,2026-08-27,TWR00035,3,3864.07,3.774,3,False
USG00008470,5366-IJEQJ,2026-08-27,TWR00022,21,908.61,0.887,0,False
USG00008471,0799-DDIHE,2026-08-27,TWR00063,73,4472.72,4.368,25,False
USG00008472,2931-VUVJN,2026-08-27,TWR00054,141,1766.69,1.725,11,False
USG00008473,8331-ZXFOE,2026-08-27,TWR00057,160,1016.23,0.992,23,False
USG00008474,8591-NXRCV,2026-08-27,TWR00028,167,336.01,0.328,23,False
USG00008475,4304-TSPVK,2026-08-27,TWR00029,140,2336.36,2.282,14,False
USG00008476,3086-RUCRN,2026-08-27,TWR00086,173,155.94,0.152,16,False
USG00008477,2320-JRSDE,2026-08-27,TWR00061,145,871.92,0.851,24,False
USG00008478,2266-FUBDZ,2026-08-27,TWR00064,101,1474.56,1.44,5,False
USG00008479,3521-SYVOR,2026-08-27,TWR00078,47,4302.72,4.202,12,False
USG00008480,3170-GWYKC,2026-08-27,TWR00055,114,108.04,0.106,21,False
USG00008481,7173-TETGO,2026-08-27,TWR00007,113,3101.47,3.029,3,False
USG00008482,0318-QUUOB,2026-08-27,TWR00093,114,3399.44,3.32,17,False
USG00008483,2123-AGEEN,2026-08-27,TWR00033,23,2024.71,1.977,6,False
USG00008484,6655-LHBYW,2026-08-27,TWR00041,153,2921.29,2.853,24,False
USG00008485,8023-QHAIO,2026-08-27,TWR00035,62,1654.12,1.615,6,False
USG00008486,4855-SNKMY,2026-08-27,TWR00026,147,3154.8,3.081,17,False
USG00008487,1644-IRKSF,2026-08-27,TWR00017,2,2627.41,2.566,13,True
USG00008488,1587-FKLZB,2026-08-27,TWR00092,171,857.69,0.838,11,False
USG00008489,2672-TGEFF,2026-08-27,TWR00087,138,4010.02,3.916,16,False
USG00008490,0181-RITDD,2026-08-27,TWR00020,146,2955.43,2.886,11,True
USG00008491,1016-DJTSV,2026-08-27,TWR00060,96,1809.8,1.767,10,False
USG00008492,7665-NKLAV,2026-08-27,TWR00049,59,1614.27,1.576,21,False
USG00008493,4547-FZJWE,2026-08-27,TWR00082,95,402.22,0.393,21,False
USG00008494,7162-WPHPM,2026-08-27,TWR00050,151,261.7,0.256,24,False
USG00008495,3312-ZWLGF,2026-08-27,TWR00057,126,271.84,0.265,21,False
USG00008496,9880-TDQAC,2026-08-27,TWR00012,139,2185.62,2.134,25,False
USG00008497,8563-OYMQY,2026-08-27,TWR00049,115,3176.21,3.102,1,False
USG00008498,7349-ALMUX,2026-08-27,TWR00014,53,2586.97,2.526,22,False
USG00008499,0739-UUAJR,2026-08-27,TWR00075,153,3584.66,3.501,0,False
USG00008500,6689-VRRTK,2026-08-27,TWR00081,110,2785.37,2.72,13,False
USG00008501,7661-CPURM,2026-08-27,TWR00048,89,919.28,0.898,11,False
USG00008502,3219-JQRSL,2026-08-27,TWR00096,131,304.14,0.297,19,False
USG00008503,0581-BXBUB,2026-08-27,TWR00074,171,2973.29,2.904,20,False
USG00008504,2360-RDGRO,2026-08-27,TWR00059,123,4055.38,3.96,1,False
USG00008505,6297-NOOPG,2026-08-27,TWR00083,168,2641.48,2.58,8,False
USG00008506,3324-OIRTO,2026-08-27,TWR00090,136,3218.33,3.143,14,False
USG00008507,7808-DVWEP,2026-08-27,TWR00047,59,2902.57,2.835,24,False
USG00008508,8966-KZXXA,2026-08-27,TWR00001,13,2126.49,2.077,23,False
USG00008509,3247-MHJKM,2026-08-27,TWR00087,73,1397.55,1.365,24,False
USG00008510,7016-NVRIC,2026-08-27,TWR00067,74,312.39,0.305,14,False
USG00008511,9845-PEEKO,2026-08-27,TWR00038,115,140.55,0.137,15,False
USG00008512,1535-VTJOQ,2026-08-27,TWR00082,125,847.18,0.827,12,False
USG00008513,8040-MNRTF,2026-08-27,TWR00090,114,1559.51,1.523,13,False
USG00008514,6425-YQLLO,2026-08-27,TWR00018,111,4447.03,4.343,12,False
USG00008515,3646-ITDGM,2026-08-27,TWR00079,72,1527.51,1.492,20,False
USG00008516,3569-VLDHH,2026-08-27,TWR00043,43,2818.97,2.753,10,False
USG00008517,8058-INTPH,2026-08-27,TWR00064,172,651.71,0.636,18,False
USG00008518,7789-CRUVC,2026-08-27,TWR00092,83,1451.37,1.417,10,False
USG00008519,5504-WSIUR,2026-08-27,TWR00077,174,4119.28,4.023,2,False
USG00008520,4686-GEFRM,2026-08-27,TWR00037,100,558.62,0.546,4,True
USG00008521,2568-OIADY,2026-08-27,TWR00072,37,1849.03,1.806,22,False
USG00008522,2408-TZMJL,2026-08-27,TWR00042,13,2955.15,2.886,1,False
USG00008523,6331-EWIEB,2026-08-27,TWR00037,136,3614.84,3.53,3,False
USG00008524,2692-PFYTJ,2026-08-27,TWR00083,95,3482.97,3.401,13,True
USG00008525,2545-EBUPK,2026-08-27,TWR00052,22,2510.63,2.452,16,False
USG00008526,3088-FVYWK,2026-08-27,TWR00011,155,844.62,0.825,11,True
USG00008527,3097-PYWXL,2026-08-27,TWR00051,104,744.64,0.727,2,False
USG00008528,1970-KKFWL,2026-08-27,TWR00091,68,1725.46,1.685,7,False
USG00008529,8015-IHCGW,2026-08-27,TWR00001,3,3118.01,3.045,20,False
USG00008530,3272-VUHPV,2026-08-27,TWR00098,106,593.69,0.58,15,True
USG00008531,2378-HTWFW,2026-08-27,TWR00020,51,1544.7,1.508,15,False
USG00008532,6849-WLEYG,2026-08-27,TWR00097,163,929.86,0.908,14,False
USG00008533,5337-IIWKZ,2026-08-27,TWR00028,57,2669.01,2.606,18,False
USG00008534,7219-TLZHO,2026-08-27,TWR00054,107,4482.8,4.378,0,False
USG00008535,5160-UXJED,2026-08-27,TWR00095,82,600.34,0.586,22,False
USG00008536,4988-IQIGL,2026-08-27,TWR00022,16,137.67,0.134,15,False
USG00008537,3838-OZURD,2026-08-27,TWR00085,126,3498.21,3.416,7,False
USG00008538,7322-OCWHC,2026-08-27,TWR00050,164,4047.31,3.952,9,False
USG00008539,5949-HGVJL,2026-08-26,TWR00034,4,3572.98,3.489,16,True
USG00008540,8868-WOZGU,2026-08-26,TWR00039,81,3363.56,3.285,25,False
USG00008541,3689-MOZGR,2026-08-26,TWR00058,24,1218.54,1.19,21,False
USG00008542,0580-PIQHM,2026-08-26,TWR00098,78,1888.76,1.844,15,False
USG00008543,8717-VCTXJ,2026-08-26,TWR00026,8,4382.91,4.28,0,False
USG00008544,6872-HXFNF,2026-08-26,TWR00031,134,3375.82,3.297,5,False
USG00008545,4906-ZHGPK,2026-08-26,TWR00050,74,1759.16,1.718,17,False
USG00008546,8409-WQJUX,2026-08-26,TWR00055,154,4482.97,4.378,23,False
USG00008547,1173-XZPYF,2026-08-26,TWR00088,89,3242.14,3.166,14,False
USG00008548,8681-ICONS,2026-08-26,TWR00029,159,2090.42,2.041,17,False
USG00008549,2608-BHKFN,2026-08-26,TWR00084,57,1008.05,0.984,13,False
USG00008550,6016-NXBNJ,2026-08-26,TWR00020,78,1430.2,1.397,24,False
USG00008551,9732-EQMWY,2026-08-26,TWR00033,118,3563.02,3.48,19,False
USG00008552,0786-IVLAW,2026-08-26,TWR00006,9,4105.72,4.009,9,False
USG00008553,8272-ONJLV,2026-08-26,TWR00001,65,2135.81,2.086,25,False
USG00008554,5915-DGNVC,2026-08-26,TWR00042,75,1375.75,1.344,11,False
USG00008555,6086-ESGRL,2026-08-26,TWR00066,108,3910.29,3.819,23,False
USG00008556,8597-CWYHH,2026-08-26,TWR00020,175,1153.09,1.126,11,False
USG00008557,4933-IKULF,2026-08-26,TWR00032,107,1388.19,1.356,2,False
USG00008558,9067-SQTNS,2026-08-26,TWR00005,29,3099.35,3.027,10,False
USG00008559,0810-BDHAW,2026-08-26,TWR00058,37,3146.0,3.072,21,False
USG00008560,7746-AWNQW,2026-08-26,TWR00019,120,1153.09,1.126,17,False
USG00008561,5076-YVXCM,2026-08-26,TWR00051,101,4370.59,4.268,8,True
USG00008562,1139-WUOAH,2026-08-26,TWR00086,18,1741.36,1.701,13,False
USG00008563,3969-JQABI,2026-08-26,TWR00097,125,129.33,0.126,3,False
USG00008564,9916-AYHTC,2026-08-26,TWR00018,96,2007.02,1.96,7,False
USG00008565,5022-JNQEQ,2026-08-26,TWR00095,1,533.98,0.521,6,False
USG00008566,9643-AVVWI,2026-08-26,TWR00053,49,3461.25,3.38,7,False
USG00008567,9278-VZKCD,2026-08-26,TWR00006,167,3314.88,3.237,11,False
USG00008568,3209-ZPKFI,2026-08-26,TWR00044,41,2279.05,2.226,13,False
USG00008569,5996-NRVXR,2026-08-26,TWR00092,112,1052.86,1.028,8,False
USG00008570,0188-GWFLE,2026-08-26,TWR00065,154,1365.26,1.333,10,False
USG00008571,8984-EYLLL,2026-08-26,TWR00030,90,4113.8,4.017,20,False
USG00008572,8894-JVDCV,2026-08-26,TWR00001,135,4216.52,4.118,17,False
USG00008573,6904-JLBGY,2026-08-26,TWR00014,13,1053.18,1.028,19,False
USG00008574,3569-JFODW,2026-08-26,TWR00068,124,4404.47,4.301,14,True
USG00008575,9283-LZQOH,2026-08-26,TWR00036,77,4077.59,3.982,12,False
USG00008576,6537-OTKMY,2026-08-26,TWR00093,174,92.51,0.09,10,False
USG00008577,1663-MHLHE,2026-08-26,TWR00088,147,220.84,0.216,20,False
USG00008578,0409-WTMPL,2026-08-26,TWR00052,42,1213.33,1.185,5,True
USG00008579,6202-DYYFX,2026-08-26,TWR00037,177,2101.45,2.052,18,False
USG00008580,5214-NLTIT,2026-08-26,TWR00024,26,325.8,0.318,15,False
USG00008581,3186-AJIEK,2026-08-26,TWR00089,99,1425.17,1.392,7,False
USG00008582,7268-WNTCP,2026-08-26,TWR00068,127,1731.26,1.691,19,False
USG00008583,3345-PBBFH,2026-08-26,TWR00087,147,2496.06,2.438,4,False
USG00008584,7795-CFOCW,2026-08-26,TWR00002,145,2889.19,2.821,0,False
USG00008585,4525-VZCZG,2026-08-26,TWR00033,167,1086.11,1.061,19,False
USG00008586,8224-UAXBZ,2026-08-26,TWR00022,6,367.25,0.359,23,False
USG00008587,3612-YVGSJ,2026-08-26,TWR00071,55,887.46,0.867,24,False
USG00008588,9715-SBVSU,2026-08-26,TWR00043,47,996.0,0.973,0,False
USG00008589,9986-BONCE,2026-08-26,TWR00040,92,4226.78,4.128,12,False
USG00008590,1685-BQULA,2026-08-26,TWR00055,107,4172.68,4.075,9,False
USG00008591,6654-QGBZZ,2026-08-26,TWR00066,170,771.12,0.753,16,False
USG00008592,3373-YZZYM,2026-08-26,TWR00020,58,1540.62,1.505,0,False
USG00008593,1205-WNWPJ,2026-08-26,TWR00088,50,4278.92,4.179,18,False
USG00008594,3655-SNQYZ,2026-08-26,TWR00022,69,623.47,0.609,25,False
USG00008595,7716-YTYHG,2026-08-26,TWR00100,96,3509.1,3.427,4,False
USG00008596,7025-IWFHT,2026-08-26,TWR00025,114,1089.9,1.064,19,False
USG00008597,6728-CZFEI,2026-08-26,TWR00054,47,3580.15,3.496,16,False
USG00008598,6680-WKXRZ,2026-08-26,TWR00081,70,3078.33,3.006,14,False
USG00008599,3349-ANQNH,2026-08-26,TWR00002,43,3069.25,2.997,4,False
USG00008600,6725-TPKJO,2026-08-26,TWR00026,165,3779.4,3.691,19,False
USG00008601,6941-KXRRV,2026-08-26,TWR00058,173,3102.47,3.03,9,True
USG00008602,4393-RYCRE,2026-08-26,TWR00068,45,647.89,0.633,11,False
USG00008603,0599-XNYDO,2026-08-26,TWR00090,91,2645.08,2.583,12,True
USG00008604,6265-SXWBU,2026-08-26,TWR00039,16,3738.45,3.651,14,False
USG00008605,0971-QIFJK,2026-08-26,TWR00034,112,4392.59,4.29,12,False
USG00008606,1468-DEFNC,2026-08-26,TWR00073,128,335.08,0.327,20,False
USG00008607,5161-XEUVX,2026-08-26,TWR00089,133,286.37,0.28,5,False
USG00008608,7399-QHBJS,2026-08-26,TWR00032,145,985.75,0.963,23,False
USG00008609,2634-HCZGT,2026-08-26,TWR00091,154,1530.39,1.495,0,False
USG00008610,4415-WNGVR,2026-08-26,TWR00094,9,4253.23,4.154,25,False
USG00008611,5868-YTYKS,2026-08-26,TWR00010,166,4467.04,4.362,16,False
USG00008612,7480-QNVZJ,2026-08-26,TWR00055,6,225.38,0.22,10,False
USG00008613,4636-QRJKY,2026-08-26,TWR00040,83,3271.54,3.195,15,False
USG00008614,5882-CMAZQ,2026-08-26,TWR00010,29,3929.17,3.837,20,False
USG00008615,9069-LGEUL,2026-08-26,TWR00011,31,3058.92,2.987,6,False
USG00008616,4211-MMAZN,2026-08-26,TWR00004,42,157.81,0.154,3,False
USG00008617,3985-HOYPM,2026-08-26,TWR00014,81,4217.84,4.119,8,False
USG00008618,0822-GAVAP,2026-08-26,TWR00056,143,1030.12,1.006,9,False
USG00008619,3211-AAPKX,2026-08-26,TWR00012,43,3069.02,2.997,24,False
USG00008620,4450-MDZFX,2026-08-26,TWR00092,115,1517.11,1.482,9,False
USG00008621,4472-LVYGI,2026-08-26,TWR00088,70,888.84,0.868,22,False
USG00008622,0709-TVGUR,2026-08-26,TWR00015,0,2330.63,2.276,7,False
USG00008623,8242-SOQUO,2026-08-26,TWR00056,139,3639.02,3.554,25,False
USG00008624,7191-ADRGF,2026-08-26,TWR00022,90,4477.45,4.373,20,False
USG00008625,4884-LEVMQ,2026-08-26,TWR00039,132,1704.58,1.665,0,False
USG00008626,9618-LFJRU,2026-08-26,TWR00009,56,3938.95,3.847,0,False
USG00008627,4568-TTZRT,2026-08-26,TWR00025,148,2817.66,2.752,15,False
USG00008628,8017-UVSZU,2026-08-26,TWR00069,146,558.37,0.545,14,False
USG00008629,5392-AKEMH,2026-08-26,TWR00046,27,4317.54,4.216,16,False
USG00008630,5966-EMAZU,2026-08-26,TWR00023,48,2420.3,2.364,0,False
USG00008631,2522-WLNSF,2026-08-26,TWR00037,55,3259.32,3.183,0,False
USG00008632,4635-EJYPD,2026-08-26,TWR00005,18,2868.17,2.801,17,False
USG00008633,0196-JTUQI,2026-08-26,TWR00002,85,470.65,0.46,16,False
USG00008634,0442-TDYUO,2026-08-26,TWR00035,156,515.2,0.503,12,False
USG00008635,0280-XJGEX,2026-08-26,TWR00044,143,1957.5,1.912,9,False
USG00008636,4273-MBHYA,2026-08-26,TWR00067,75,1336.54,1.305,1,False
USG00008637,8985-OOPOS,2026-08-26,TWR00005,65,1270.88,1.241,7,False
USG00008638,0872-JCPIB,2026-08-26,TWR00085,150,3856.96,3.767,13,False
USG00008639,5692-FPTAH,2026-08-26,TWR00019,167,881.48,0.861,6,False
USG00008640,9919-FZDED,2026-08-26,TWR00069,85,4280.64,4.18,1,False
USG00008641,6522-YRBXD,2026-08-26,TWR00064,7,2883.96,2.816,14,False
USG00008642,6474-FVJLC,2026-08-26,TWR00064,33,189.4,0.185,8,False
USG00008643,1905-OEILC,2026-08-26,TWR00003,121,227.83,0.222,16,False
USG00008644,6583-KQJLK,2026-08-26,TWR00058,166,1087.62,1.062,19,False
USG00008645,9833-TGFHX,2026-08-26,TWR00061,143,3662.68,3.577,2,False
USG00008646,5397-TUPSH,2026-08-26,TWR00001,69,3786.85,3.698,22,False
USG00008647,6156-UZDLF,2026-08-26,TWR00033,83,1847.91,1.805,20,False
USG00008648,3803-KMQFW,2026-08-26,TWR00097,176,2479.08,2.421,8,False
USG00008649,6082-GLJIX,2026-08-26,TWR00038,70,3242.86,3.167,3,False
USG00008650,2720-FVBQP,2026-08-26,TWR00037,75,3443.61,3.363,0,True
USG00008651,5186-SAMNZ,2026-08-26,TWR00090,134,3082.24,3.01,2,False
USG00008652,1977-STDKI,2026-08-26,TWR00056,135,951.78,0.929,12,False
USG00008653,9927-DSWDF,2026-08-26,TWR00100,88,3854.83,3.764,25,False
USG00008654,1915-IOFGU,2026-08-26,TWR00026,96,4107.56,4.011,6,False
USG00008655,1459-QNFQT,2026-08-26,TWR00030,42,1152.81,1.126,15,True
USG00008656,4013-TLDHQ,2026-08-26,TWR00059,32,1993.35,1.947,22,False
USG00008657,5312-UXESG,2026-08-26,TWR00010,152,853.86,0.834,5,False
USG00008658,4578-PHJYZ,2026-08-26,TWR00004,151,2225.22,2.173,11,False
USG00008659,8943-URTMR,2026-08-26,TWR00036,140,255.74,0.25,18,False
USG00008660,8898-KASCD,2026-08-26,TWR00094,165,1184.42,1.157,11,True
USG00008661,2176-OSJUV,2026-08-26,TWR00080,15,3764.36,3.676,13,False
USG00008662,9227-LUNBG,2026-08-26,TWR00039,7,1902.23,1.858,25,False
USG00008663,5093-FEGLU,2026-08-26,TWR00057,46,2429.43,2.372,18,True
USG00008664,5071-FBJFS,2026-08-26,TWR00030,103,2779.89,2.715,13,False
USG00008665,6840-RESVB,2026-08-26,TWR00091,64,3323.31,3.245,24,True
USG00008666,6996-KNSML,2026-08-26,TWR00040,149,4352.19,4.25,2,False
USG00008667,0363-SVHYR,2026-08-26,TWR00004,32,914.43,0.893,25,False
USG00008668,9572-WUKSB,2026-08-26,TWR00099,153,1271.42,1.242,16,False
USG00008669,9851-KIELU,2026-08-26,TWR00028,5,2731.31,2.667,1,False
USG00008670,4671-LXRDQ,2026-08-26,TWR00090,47,4156.82,4.059,7,False
USG00008671,5931-FLJJF,2026-08-26,TWR00013,167,1294.45,1.264,22,True
USG00008672,7998-WNZEM,2026-08-26,TWR00096,44,1833.97,1.791,25,False
USG00008673,6388-TABGU,2026-08-26,TWR00073,56,1169.11,1.142,16,False
USG00008674,5095-AESKG,2026-08-26,TWR00040,138,52.84,0.052,17,False
USG00008675,5125-CNDSP,2026-08-26,TWR00090,131,324.5,0.317,23,False
USG00008676,7361-YPXFS,2026-08-26,TWR00041,33,3328.18,3.25,16,False
USG00008677,4612-THJBS,2026-08-26,TWR00016,146,2984.92,2.915,22,False
USG00008678,1564-NTYXF,2026-08-26,TWR00008,30,2309.1,2.255,21,False
USG00008679,7740-KKCXF,2026-08-26,TWR00017,46,3831.69,3.742,12,False
USG00008680,1545-JFUML,2026-08-26,TWR00044,147,2099.77,2.051,0,False
USG00008681,2207-OBZNX,2026-08-26,TWR00030,63,3382.13,3.303,5,False
USG00008682,5944-UGLLK,2026-08-26,TWR00098,99,2548.39,2.489,22,True
USG00008683,8963-MQVYN,2026-08-26,TWR00043,89,519.98,0.508,20,False
USG00008684,4912-PIGUY,2026-08-26,TWR00002,152,2299.44,2.246,15,False
USG00008685,6259-WJQLC,2026-08-26,TWR00008,4,1683.74,1.644,25,False
USG00008686,2724-FJDYW,2026-08-26,TWR00070,51,1061.12,1.036,7,False
USG00008687,8884-MRNSU,2026-08-26,TWR00051,171,1276.58,1.247,20,False
USG00008688,6865-JZNKO,2026-08-26,TWR00057,179,3816.66,3.727,19,False
USG00008689,2180-DXNEG,2026-08-26,TWR00056,126,2367.25,2.312,10,False
USG00008690,1324-NLTJE,2026-08-26,TWR00019,56,53.7,0.052,20,False
USG00008691,3039-MJSLN,2026-08-26,TWR00008,99,1289.85,1.26,24,True
USG00008692,2270-CHBFN,2026-08-26,TWR00044,105,3952.67,3.86,24,False
USG00008693,5832-XKAES,2026-08-26,TWR00040,116,902.61,0.881,9,False
USG00008694,3859-CVCET,2026-08-26,TWR00006,98,3136.87,3.063,12,False
USG00008695,5049-GLYVG,2026-08-26,TWR00001,129,1866.92,1.823,19,True
USG00008696,2120-SMPEX,2026-08-26,TWR00080,146,4055.46,3.96,13,False
USG00008697,0475-RIJEP,2026-08-26,TWR00056,144,4268.88,4.169,0,False
USG00008698,0237-YFUTL,2026-08-26,TWR00060,60,1083.78,1.058,19,False
USG00008699,2480-SQIOB,2026-08-26,TWR00045,178,2816.93,2.751,3,True
USG00008700,2737-WFVYW,2026-08-26,TWR00072,140,3701.02,3.614,9,False
USG00008701,4999-IEZLT,2026-08-26,TWR00004,63,1253.86,1.224,5,False
USG00008702,2208-NKVVH,2026-08-26,TWR00038,43,3000.81,2.93,3,False
USG00008703,6674-KVJHG,2026-08-26,TWR00006,34,1304.88,1.274,24,False
USG00008704,5707-ORNDZ,2026-08-26,TWR00042,32,3799.81,3.711,13,False
USG00008705,5708-EVONK,2026-08-26,TWR00073,19,126.52,0.124,5,False
USG00008706,3569-EDBPQ,2026-08-26,TWR00082,53,3122.26,3.049,22,False
USG00008707,5245-VDBUR,2026-08-26,TWR00058,80,858.65,0.839,22,False
USG00008708,7698-YFGEZ,2026-08-26,TWR00023,6,3217.82,3.142,13,False
USG00008709,0848-ZGQIJ,2026-08-26,TWR00005,115,3477.1,3.396,21,False
USG00008710,4706-AXVKM,2026-08-26,TWR00053,26,771.84,0.754,14,False
USG00008711,1453-RZFON,2026-08-26,TWR00043,90,1689.01,1.649,4,False
USG00008712,2068-WWXQZ,2026-08-26,TWR00056,156,2692.86,2.63,4,False
USG00008713,7136-IHZJA,2026-08-26,TWR00093,8,645.91,0.631,11,False
USG00008714,3585-YNADK,2026-08-26,TWR00076,63,2934.88,2.866,8,False
USG00008715,7672-VFMXZ,2026-08-26,TWR00083,119,4111.2,4.015,7,False
USG00008716,9578-VRMNM,2026-08-26,TWR00050,40,2280.79,2.227,1,True
USG00008717,8295-KMENE,2026-08-26,TWR00071,57,3653.7,3.568,2,False
USG00008718,8229-TNIQA,2026-08-26,TWR00028,171,4047.25,3.952,9,True
USG00008719,0187-WZNAB,2026-08-26,TWR00094,142,3685.27,3.599,5,False
USG00008720,9415-ZNBSX,2026-08-26,TWR00075,101,3307.07,3.23,16,False
USG00008721,3621-CHYVB,2026-08-26,TWR00046,122,1948.5,1.903,9,False
USG00008722,0936-NQLJU,2026-08-26,TWR00059,0,3550.33,3.467,17,False
USG00008723,7112-OPOTK,2026-08-26,TWR00043,111,2567.1,2.507,13,False
USG00008724,4213-HKBJO,2026-08-26,TWR00066,67,4271.2,4.171,3,False
USG00008725,2834-SPCJV,2026-08-26,TWR00062,57,2028.98,1.981,2,False
USG00008726,2082-CEFLT,2026-08-26,TWR00043,6,1973.95,1.928,18,False
USG00008727,3904-UKFRE,2026-08-26,TWR00025,18,4322.23,4.221,11,False
USG00008728,0396-UKGAI,2026-08-26,TWR00078,18,1419.2,1.386,4,False
USG00008729,3842-IYKUE,2026-08-26,TWR00021,77,3476.31,3.395,21,False
USG00008730,6959-UWKHF,2026-08-26,TWR00067,37,512.6,0.501,5,False
USG00008731,3258-ZKPAI,2026-08-26,TWR00100,111,1660.17,1.621,21,False
USG00008732,4056-QHXHZ,2026-08-26,TWR00001,157,2223.7,2.172,12,False
USG00008733,3186-BAXNB,2026-08-26,TWR00091,48,2769.73,2.705,1,False
USG00008734,0687-ZVTHB,2026-08-26,TWR00093,95,1974.39,1.928,10,False
USG00008735,3744-ZBHON,2026-08-26,TWR00023,60,920.74,0.899,14,False
USG00008736,0376-OIWME,2026-08-26,TWR00050,29,2878.53,2.811,16,False
USG00008737,7401-JIXNM,2026-08-26,TWR00048,114,3449.1,3.368,16,False
USG00008738,0212-ISBBF,2026-08-26,TWR00043,54,2085.28,2.036,16,True
USG00008739,8098-LLAZX,2026-08-26,TWR00033,115,216.72,0.212,11,True
USG00008740,9028-LIHRP,2026-08-26,TWR00026,26,3280.11,3.203,15,False
USG00008741,8464-EETCQ,2026-08-26,TWR00002,104,2670.8,2.608,6,False
USG00008742,9575-IWCAZ,2026-08-26,TWR00094,96,3410.14,3.33,11,False
USG00008743,9373-WSLOY,2026-08-26,TWR00019,51,4236.56,4.137,7,False
USG00008744,2081-VEYEH,2026-08-26,TWR00040,175,2973.97,2.904,19,True
USG00008745,4908-XAXAY,2026-08-26,TWR00066,97,1229.0,1.2,0,False
USG00008746,7208-PSIHR,2026-08-26,TWR00058,29,1419.61,1.386,2,False
USG00008747,6108-OQZDQ,2026-08-26,TWR00050,159,4172.15,4.074,13,False
USG00008748,5073-RZGBK,2026-08-26,TWR00059,92,133.96,0.131,22,False
USG00008749,3407-QGWLG,2026-08-26,TWR00026,80,1556.68,1.52,10,False
USG00008750,0508-SQWPL,2026-08-26,TWR00062,154,980.9,0.958,20,False
USG00008751,5549-ZGHFB,2026-08-26,TWR00009,82,3920.35,3.828,9,False
USG00008752,0872-CASZJ,2026-08-26,TWR00003,83,1496.19,1.461,14,False
USG00008753,7064-JHXCE,2026-08-26,TWR00094,6,1157.42,1.13,6,False
USG00008754,5063-IUOKK,2026-08-26,TWR00079,66,2051.26,2.003,9,False
USG00008755,6986-IXNDM,2026-08-26,TWR00024,35,2121.51,2.072,23,False
USG00008756,9793-WECQC,2026-08-26,TWR00088,78,3779.78,3.691,11,False
USG00008757,0220-EBGCE,2026-08-26,TWR00023,30,3516.51,3.434,6,False
USG00008758,0230-WEQUW,2026-08-26,TWR00048,17,3900.02,3.809,9,False
USG00008759,9488-FYQAU,2026-08-26,TWR00098,175,1811.2,1.769,2,False
USG00008760,7252-NTGSS,2026-08-26,TWR00056,33,3166.13,3.092,16,False
USG00008761,1047-NNCBF,2026-08-26,TWR00023,7,1893.0,1.849,19,False
USG00008762,6374-AFWOX,2026-08-26,TWR00010,126,587.08,0.573,3,False
USG00008763,0282-NVSJS,2026-08-26,TWR00077,34,1413.53,1.38,12,False
USG00008764,4959-JOSRX,2026-08-26,TWR00093,118,3242.53,3.167,5,False
USG00008765,6575-SUVOI,2026-08-26,TWR00023,31,3219.56,3.144,13,False
USG00008766,7291-CDTMJ,2026-08-26,TWR00022,133,1640.78,1.602,22,False
USG00008767,2612-RANWT,2026-08-26,TWR00093,62,122.67,0.12,0,False
USG00008768,6143-JQKEA,2026-08-26,TWR00066,5,492.9,0.481,15,False
USG00008769,4450-YOOHP,2026-08-26,TWR00083,18,1481.51,1.447,24,True
USG00008770,4342-HENTK,2026-08-26,TWR00029,74,3675.14,3.589,13,False
USG00008771,3372-KWFBM,2026-08-26,TWR00058,27,4446.3,4.342,6,False
USG00008772,3144-AUDBS,2026-08-26,TWR00070,81,2142.71,2.092,4,False
USG00008773,7594-LZNWR,2026-08-26,TWR00071,170,2432.47,2.375,8,False
USG00008774,6688-UZPWD,2026-08-26,TWR00059,73,3494.6,3.413,22,False
USG00008775,8138-EALND,2026-08-26,TWR00093,149,3210.38,3.135,25,False
USG00008776,2220-IAHLS,2026-08-26,TWR00023,33,426.9,0.417,2,False
USG00008777,5575-TPIZQ,2026-08-26,TWR00002,117,1652.61,1.614,21,False
USG00008778,5229-DTFYB,2026-08-26,TWR00077,108,1253.0,1.224,21,False
USG00008779,8220-OCUFY,2026-08-26,TWR00027,79,2420.21,2.363,2,False
USG00008780,8563-IIOXK,2026-08-26,TWR00056,128,2608.47,2.547,6,False
USG00008781,9481-IEBZY,2026-08-26,TWR00026,72,1114.05,1.088,15,False
USG00008782,6166-ILMNY,2026-08-26,TWR00091,95,1488.09,1.453,15,False
USG00008783,8706-HRADD,2026-08-26,TWR00034,69,4463.89,4.359,16,False
USG00008784,3276-HDUEG,2026-08-26,TWR00026,29,3854.11,3.764,6,False
USG00008785,5117-ZSMHQ,2026-08-26,TWR00084,4,2586.58,2.526,14,False
USG00008786,2928-HLDBA,2026-08-26,TWR00005,145,2241.68,2.189,0,False
USG00008787,8903-XEBGX,2026-08-26,TWR00030,174,993.53,0.97,8,False
USG00008788,5480-XTFFL,2026-08-26,TWR00039,9,1980.9,1.934,21,False
USG00008789,8265-HKSOW,2026-08-26,TWR00025,51,131.05,0.128,17,False
USG00008790,9389-ACWBI,2026-08-26,TWR00087,176,464.44,0.454,8,False
USG00008791,3647-GMGDH,2026-08-26,TWR00087,47,3110.45,3.038,15,False
USG00008792,1763-KUAAW,2026-08-26,TWR00072,33,2837.93,2.771,23,False
USG00008793,7495-OOKFY,2026-08-26,TWR00032,169,4181.77,4.084,0,False
USG00008794,1254-IZEYF,2026-08-26,TWR00071,111,4373.57,4.271,2,False
USG00008795,3726-TBHQT,2026-08-26,TWR00032,124,707.64,0.691,16,False
USG00008796,8404-VLQFB,2026-08-26,TWR00056,86,2829.04,2.763,8,False
USG00008797,4256-ZWTZI,2026-08-26,TWR00013,176,2047.33,1.999,6,False
USG00008798,4090-KPJIP,2026-08-26,TWR00084,122,2804.14,2.738,14,False
USG00008799,4228-ZGYUW,2026-08-26,TWR00091,33,1973.0,1.927,21,False
USG00008800,7047-FWEYA,2026-08-26,TWR00077,123,2824.2,2.758,21,False
USG00008801,5442-UTCVD,2026-08-26,TWR00016,177,402.27,0.393,18,False
USG00008802,7908-QCBCA,2026-08-26,TWR00005,54,508.67,0.497,19,False
USG00008803,7274-RTAPZ,2026-08-26,TWR00037,72,1514.25,1.479,7,False
USG00008804,4804-NCPET,2026-08-26,TWR00069,163,4162.21,4.065,2,False
USG00008805,6718-BDGHG,2026-08-26,TWR00064,7,1462.96,1.429,8,False
USG00008806,6510-UPNKS,2026-08-26,TWR00078,173,547.31,0.534,5,False
USG00008807,5275-PMFUT,2026-08-26,TWR00001,42,3456.8,3.376,15,False
USG00008808,0952-KMEEH,2026-08-26,TWR00074,176,2748.92,2.684,21,False
USG00008809,6231-WFGFH,2026-08-26,TWR00051,101,4055.5,3.96,11,False
USG00008810,5014-GSOUQ,2026-08-26,TWR00066,73,3102.92,3.03,25,True
USG00008811,6319-QSUSR,2026-08-26,TWR00022,0,1613.28,1.575,20,False
USG00008812,1764-VUUMT,2026-08-26,TWR00053,32,2556.89,2.497,0,False
USG00008813,1763-WQFUK,2026-08-26,TWR00025,91,1719.85,1.68,14,False
USG00008814,1090-PYKCI,2026-08-26,TWR00072,118,4141.45,4.044,8,False
USG00008815,8996-ZROXE,2026-08-26,TWR00022,61,3641.93,3.557,2,False
USG00008816,4986-MXSFP,2026-08-26,TWR00089,68,3671.71,3.586,14,False
USG00008817,4778-IZARL,2026-08-26,TWR00048,125,2985.58,2.916,1,False
USG00008818,4749-VFKVB,2026-08-26,TWR00067,78,2773.36,2.708,11,False
USG00008819,7133-VBDCG,2026-08-26,TWR00034,39,3586.27,3.502,13,False
USG00008820,4868-AADLV,2026-08-26,TWR00098,41,2595.86,2.535,7,False
USG00008821,3847-BAERP,2026-08-26,TWR00062,47,233.64,0.228,17,False
USG00008822,2897-DOVND,2026-08-26,TWR00041,172,3265.19,3.189,0,False
USG00008823,3235-ETOOB,2026-08-26,TWR00096,58,1525.58,1.49,17,False
USG00008824,3804-RVTGV,2026-08-26,TWR00072,164,4332.51,4.231,24,True
USG00008825,9546-KDTRB,2026-08-26,TWR00031,94,2443.21,2.386,1,False
USG00008826,0617-FHSGK,2026-08-26,TWR00063,146,4220.64,4.122,16,False
USG00008827,5155-AZQPB,2026-08-26,TWR00061,1,2845.06,2.778,22,False
USG00008828,3620-EHIMZ,2026-08-26,TWR00045,150,3484.77,3.403,12,False
USG00008829,9504-DSHWM,2026-08-26,TWR00064,88,2582.6,2.522,11,False
USG00008830,8106-GWQOK,2026-08-26,TWR00083,90,817.47,0.798,6,False
USG00008831,4750-UKWJK,2026-08-26,TWR00015,68,3226.25,3.151,14,False
USG00008832,9124-LHCJQ,2026-08-26,TWR00001,82,2270.25,2.217,14,True
USG00008833,9972-NKTFD,2026-08-26,TWR00034,58,3298.96,3.222,18,False
USG00008834,1941-HOSAM,2026-08-26,TWR00003,87,1380.89,1.349,15,False
USG00008835,5294-IMHHT,2026-08-26,TWR00035,131,4293.07,4.192,16,False
USG00008836,1035-IPQPU,2026-08-26,TWR00018,24,986.42,0.963,22,False
USG00008837,7176-WIONM,2026-08-26,TWR00004,112,2949.69,2.881,24,False
USG00008838,8757-TFHHJ,2026-08-26,TWR00017,21,4271.62,4.172,23,False
USG00008839,1934-MKPXS,2026-08-26,TWR00019,7,2072.65,2.024,0,False
USG00008840,5600-KTXFM,2026-08-26,TWR00046,145,595.58,0.582,17,False
USG00008841,2523-EWWZL,2026-08-26,TWR00058,134,4049.9,3.955,20,False
USG00008842,0164-APGRB,2026-08-26,TWR00082,74,3125.19,3.052,4,False
USG00008843,2369-FEVNO,2026-08-26,TWR00013,53,2743.8,2.679,1,True
USG00008844,1024-GUALD,2026-08-26,TWR00032,56,3056.93,2.985,10,False
USG00008845,5092-STPKP,2026-08-26,TWR00033,66,932.29,0.91,16,False
USG00008846,7488-MXJIV,2026-08-26,TWR00089,35,2546.55,2.487,22,False
USG00008847,2228-BZDEE,2026-08-26,TWR00092,117,2734.36,2.67,22,False
USG00008848,4361-FEBGN,2026-08-26,TWR00023,59,1938.89,1.893,4,False
USG00008849,3452-ABWRL,2026-08-26,TWR00011,105,1877.27,1.833,2,False
USG00008850,1725-IQNIY,2026-08-26,TWR00089,174,945.25,0.923,17,False
USG00008851,2378-VTKDH,2026-08-26,TWR00029,71,2715.33,2.652,19,False
USG00008852,8735-NBLWT,2026-08-26,TWR00016,97,891.38,0.87,16,False
USG00008853,6376-GAHQE,2026-08-26,TWR00064,47,3203.6,3.129,15,False
USG00008854,6923-JHPMP,2026-08-26,TWR00054,40,3849.48,3.759,24,False
USG00008855,5889-JTMUL,2026-08-26,TWR00045,38,865.34,0.845,12,False
USG00008856,9445-ZUEQE,2026-08-26,TWR00016,65,1440.79,1.407,9,False
USG00008857,8364-TRMMK,2026-08-26,TWR00003,123,3580.72,3.497,1,False
USG00008858,6942-LBFDP,2026-08-26,TWR00015,79,2935.36,2.867,6,False
USG00008859,7586-ZATGZ,2026-08-26,TWR00064,30,808.08,0.789,20,False
USG00008860,7479-NITWS,2026-08-26,TWR00089,17,3655.05,3.569,10,False
USG00008861,0260-ZDLGK,2026-08-26,TWR00088,7,1616.79,1.579,18,False
USG00008862,2049-BAFNW,2026-08-26,TWR00026,80,356.1,0.348,11,False
USG00008863,0909-SELIE,2026-08-26,TWR00053,96,1421.74,1.388,12,False
USG00008864,2227-JRSJX,2026-08-26,TWR00048,72,3588.59,3.504,23,False
USG00008865,3926-YZVVX,2026-08-26,TWR00093,125,3956.7,3.864,11,True
USG00008866,9412-GHEEC,2026-08-26,TWR00023,61,2016.96,1.97,21,False
USG00008867,0975-UYDTX,2026-08-26,TWR00015,111,1310.48,1.28,3,False
USG00008868,5899-MQZZL,2026-08-26,TWR00048,67,344.61,0.337,16,False
USG00008869,6112-KTHFQ,2026-08-26,TWR00041,174,3514.51,3.432,9,False
USG00008870,5954-BDFSG,2026-08-26,TWR00039,103,514.98,0.503,24,False
USG00008871,2826-UWHIS,2026-08-26,TWR00037,97,1222.12,1.193,12,False
USG00008872,2927-CVULT,2026-08-26,TWR00042,94,2584.12,2.524,25,False
USG00008873,8149-AIQCG,2026-08-26,TWR00058,37,394.81,0.386,20,False
USG00008874,0378-NHQXU,2026-08-26,TWR00086,66,840.1,0.82,16,False
USG00008875,5002-GCQFH,2026-08-26,TWR00084,20,803.77,0.785,16,False
USG00008876,9638-JIQYA,2026-08-26,TWR00030,51,283.88,0.277,21,False
USG00008877,5627-TVBPP,2026-08-26,TWR00065,86,2311.32,2.257,9,False
USG00008878,5743-KHMNA,2026-08-26,TWR00071,12,764.32,0.746,15,False
USG00008879,4572-DVCGN,2026-08-26,TWR00044,180,238.16,0.233,10,False
USG00008880,3957-LXOLK,2026-08-26,TWR00003,97,1527.2,1.491,16,False
USG00008881,2082-OJVTK,2026-08-26,TWR00089,12,2818.53,2.752,13,False
USG00008882,0442-ZXKVS,2026-08-26,TWR00079,76,139.83,0.137,2,False
USG00008883,6490-FGZAT,2026-08-26,TWR00093,152,377.75,0.369,14,False
USG00008884,7129-CAKJW,2026-08-26,TWR00026,5,84.94,0.083,22,True
USG00008885,6754-LZUKA,2026-08-26,TWR00058,38,1998.55,1.952,3,False
USG00008886,7341-LXCAF,2026-08-26,TWR00080,47,1321.7,1.291,5,False
USG00008887,0601-WZHJF,2026-08-26,TWR00085,23,1232.85,1.204,9,False
USG00008888,5346-BZCHP,2026-08-26,TWR00029,50,3642.88,3.558,17,False
USG00008889,6804-GDMOI,2026-08-26,TWR00079,81,2027.85,1.98,14,False
USG00008890,6549-YMFAW,2026-08-26,TWR00095,171,4431.16,4.327,15,False
USG00008891,4188-FRABG,2026-08-26,TWR00025,20,3382.32,3.303,17,False
USG00008892,2507-QZPQS,2026-08-26,TWR00021,132,4056.86,3.962,5,False
USG00008893,9947-OTFQU,2026-08-26,TWR00092,40,2781.28,2.716,3,False
USG00008894,2481-SBOYW,2026-08-26,TWR00023,27,1221.06,1.192,24,False
USG00008895,6695-AMZUF,2026-08-26,TWR00039,117,2058.5,2.01,11,False
USG00008896,2324-EFHVG,2026-08-26,TWR00052,146,2056.14,2.008,5,False
USG00008897,8514-VZHEB,2026-08-26,TWR00027,107,157.29,0.154,13,True
USG00008898,3318-NMQXL,2026-08-26,TWR00080,51,2747.68,2.683,0,False
USG00008899,7056-IMHCC,2026-08-26,TWR00002,16,334.72,0.327,11,False
USG00008900,1741-WTPON,2026-08-26,TWR00093,87,978.4,0.955,13,False
USG00008901,8647-SDTWQ,2026-08-26,TWR00034,57,4192.41,4.094,10,False
USG00008902,8690-UPCZI,2026-08-26,TWR00034,53,2663.43,2.601,5,False
USG00008903,5177-RVZNU,2026-08-26,TWR00078,76,3264.41,3.188,25,False
USG00008904,6650-BWFRT,2026-08-26,TWR00086,83,671.18,0.655,1,False
USG00008905,0585-EGDDA,2026-08-26,TWR00096,166,2669.06,2.607,23,False
USG00008906,0481-SUMCB,2026-08-26,TWR00058,96,890.18,0.869,1,False
USG00008907,8120-JDCAM,2026-08-26,TWR00024,115,3170.6,3.096,3,False
USG00008908,2929-QNSRW,2026-08-26,TWR00095,108,1761.63,1.72,18,False
USG00008909,9391-YZEJW,2026-08-26,TWR00067,11,3825.11,3.735,13,False
USG00008910,3482-ABPKK,2026-08-26,TWR00086,26,4067.03,3.972,12,False
USG00008911,7353-YOWFP,2026-08-26,TWR00077,82,4352.56,4.251,15,False
USG00008912,2884-GBPFB,2026-08-26,TWR00020,62,3686.01,3.6,8,False
USG00008913,2626-URJFX,2026-08-26,TWR00021,107,439.92,0.43,11,False
USG00008914,8993-IZEUX,2026-08-26,TWR00019,165,652.91,0.638,21,True
USG00008915,1555-HAPSU,2026-08-26,TWR00045,44,4496.79,4.391,4,False
USG00008916,9940-HPQPG,2026-08-26,TWR00061,53,3238.58,3.163,8,False
USG00008917,0003-MKNFE,2026-08-26,TWR00075,93,546.33,0.534,11,False
USG00008918,8922-NPKBJ,2026-08-26,TWR00056,47,2009.27,1.962,15,False
USG00008919,6313-GIDIT,2026-08-26,TWR00013,133,2738.32,2.674,9,False
USG00008920,6504-VBLFL,2026-08-26,TWR00009,48,1336.43,1.305,18,False
USG00008921,2903-YYTBW,2026-08-26,TWR00052,65,4075.93,3.98,21,True
USG00008922,5318-IXUZF,2026-08-26,TWR00003,63,3178.42,3.104,1,False
USG00008923,0533-BNWKF,2026-08-26,TWR00042,179,1247.55,1.218,8,False
USG00008924,6599-CEBNN,2026-08-26,TWR00082,155,3864.92,3.774,9,False
USG00008925,5339-TJFEK,2026-08-26,TWR00003,8,1372.41,1.34,6,False
USG00008926,3606-SBKRY,2026-08-26,TWR00004,172,1456.72,1.423,3,True
USG00008927,6586-MYGKD,2026-08-26,TWR00061,26,933.12,0.911,10,False
USG00008928,2460-NGXBJ,2026-08-26,TWR00088,93,107.9,0.105,6,False
USG00008929,4067-HLYQI,2026-08-26,TWR00088,110,1562.73,1.526,6,False
USG00008930,4523-WXCEF,2026-08-26,TWR00043,94,2897.45,2.83,22,False
USG00008931,3331-HQDTW,2026-08-26,TWR00023,164,1734.17,1.694,11,False
USG00008932,0259-GBZSH,2026-08-26,TWR00041,114,1290.89,1.261,19,False
USG00008933,0835-DUUIQ,2026-08-26,TWR00080,16,1039.56,1.015,15,False
USG00008934,6484-LATFU,2026-08-26,TWR00026,14,2585.11,2.525,11,False
USG00008935,6551-GNYDG,2026-08-26,TWR00020,6,3246.4,3.17,7,False
USG00008936,9053-JZFKV,2026-08-26,TWR00035,7,4425.19,4.321,8,False
USG00008937,5204-QZXPU,2026-08-26,TWR00066,93,2752.18,2.688,13,False
USG00008938,8984-HPEMB,2026-08-26,TWR00083,78,1239.35,1.21,14,False
USG00008939,1814-WFGVS,2026-08-26,TWR00028,24,667.91,0.652,20,False
USG00008940,2284-VFLKH,2026-08-26,TWR00012,5,4072.23,3.977,1,False
USG00008941,2404-JIBFC,2026-08-26,TWR00098,117,2647.03,2.585,13,True
USG00008942,3223-DWFIO,2026-08-26,TWR00080,15,3366.86,3.288,7,False
USG00008943,4747-LCAQL,2026-08-26,TWR00008,2,2087.96,2.039,1,False
USG00008944,1852-QSWCD,2026-08-26,TWR00090,47,1427.14,1.394,14,False
USG00008945,9253-QXKBE,2026-08-26,TWR00061,45,3484.38,3.403,1,False
USG00008946,7940-UQQUG,2026-08-26,TWR00041,61,1476.19,1.442,17,False
USG00008947,6869-FGJJC,2026-08-26,TWR00009,23,2879.54,2.812,23,False
USG00008948,7188-CBBBA,2026-08-26,TWR00037,17,3709.73,3.623,24,False
USG00008949,5702-KVQRD,2026-08-26,TWR00097,57,249.76,0.244,24,False
USG00008950,1813-JLKWR,2026-08-26,TWR00082,9,2330.39,2.276,9,False
USG00008951,6857-TKDJV,2026-08-26,TWR00018,180,2547.03,2.487,10,False
USG00008952,3370-GQEAL,2026-08-26,TWR00043,32,843.22,0.823,7,False
USG00008953,5204-HMGYF,2026-08-26,TWR00007,72,327.77,0.32,8,False
USG00008954,5995-LFTLE,2026-08-26,TWR00099,170,1358.11,1.326,21,False
USG00008955,7868-BGSZA,2026-08-26,TWR00093,82,3563.36,3.48,15,False
USG00008956,9926-PJHDQ,2026-08-26,TWR00009,124,1249.73,1.22,20,False
USG00008957,0731-EBJQB,2026-08-26,TWR00094,29,3689.11,3.603,25,False
USG00008958,4195-SMMNX,2026-08-26,TWR00032,78,4206.09,4.108,25,False
USG00008959,3199-NPKCN,2026-08-26,TWR00006,58,1065.75,1.041,10,False
USG00008960,9975-SKRNR,2026-08-26,TWR00061,46,3685.55,3.599,8,True
USG00008961,0786-VSSUD,2026-08-26,TWR00037,172,1655.01,1.616,6,False
USG00008962,3756-VNWDH,2026-08-26,TWR00035,87,2853.14,2.786,21,False
USG00008963,5605-XNWEN,2026-08-26,TWR00036,151,1682.03,1.643,14,False
USG00008964,8348-JLBUG,2026-08-26,TWR00026,35,3343.43,3.265,12,False
USG00008965,5349-AZPEW,2026-08-26,TWR00054,146,1567.57,1.531,24,False
USG00008966,0308-IVGOK,2026-08-26,TWR00068,46,4399.47,4.296,16,False
USG00008967,2890-WFBHU,2026-08-26,TWR00001,101,4113.9,4.017,20,False
USG00008968,6729-FZWSY,2026-08-26,TWR00074,50,1755.78,1.715,22,False
USG00008969,6072-NUQCB,2026-08-26,TWR00080,129,3961.21,3.868,0,True
USG00008970,2037-XJFUP,2026-08-26,TWR00055,129,3719.18,3.632,2,False
USG00008971,6968-GMKPR,2026-08-26,TWR00093,111,272.74,0.266,24,True
USG00008972,3884-UEBXB,2026-08-26,TWR00035,165,1124.72,1.098,15,False
USG00008973,1910-FMXJM,2026-08-26,TWR00084,175,4371.97,4.27,5,False
USG00008974,7239-HZZCX,2026-08-26,TWR00099,176,2159.64,2.109,21,False
USG00008975,4825-FUREZ,2026-08-26,TWR00058,149,1410.72,1.378,12,False
USG00008976,2804-ETQDK,2026-08-26,TWR00094,36,402.21,0.393,24,False
USG00008977,1518-OMDIK,2026-08-26,TWR00025,37,344.09,0.336,4,False
USG00008978,5825-XJOCM,2026-08-26,TWR00006,23,2371.92,2.316,6,False
USG00008979,4631-OACRM,2026-08-26,TWR00072,148,3941.85,3.849,23,False
USG00008980,8317-BVKSO,2026-08-26,TWR00067,47,3153.9,3.08,16,False
USG00008981,4760-XOHVN,2026-08-26,TWR00030,18,2814.7,2.749,7,False
USG00008982,3845-JHAMY,2026-08-26,TWR00008,107,1938.48,1.893,13,False
USG00008983,5650-YLIBA,2026-08-26,TWR00100,160,2585.39,2.525,23,True
USG00008984,5201-FRKKS,2026-08-26,TWR00092,93,1599.0,1.562,5,False
USG00008985,4367-NUYAO,2026-08-26,TWR00070,35,529.43,0.517,5,False
USG00008986,0305-SQECB,2026-08-26,TWR00075,41,4199.29,4.101,18,False
USG00008987,2320-SLKMB,2026-08-26,TWR00071,156,4402.08,4.299,7,False
USG00008988,8640-SDGKB,2026-08-26,TWR00017,37,3112.08,3.039,25,False
USG00008989,1932-UEDCX,2026-08-26,TWR00038,172,2820.89,2.755,0,False
USG00008990,7317-GGVPB,2026-08-26,TWR00094,39,3686.81,3.6,4,False
USG00008991,4817-VYYWS,2026-08-26,TWR00042,99,729.74,0.713,23,False
USG00008992,2055-SIFSS,2026-08-26,TWR00017,107,1261.37,1.232,11,True
USG00008993,9398-MMQTO,2026-08-26,TWR00020,73,1229.25,1.2,5,False
USG00008994,4526-ZJJTM,2026-08-26,TWR00032,152,1407.36,1.374,11,False
USG00008995,3584-WKTTW,2026-08-26,TWR00072,46,676.71,0.661,18,False
USG00008996,6402-EJMWF,2026-08-26,TWR00014,83,1242.76,1.214,17,False
USG00008997,2777-PHDEI,2026-08-26,TWR00032,100,981.04,0.958,13,False
USG00008998,2990-HWIML,2026-08-26,TWR00032,48,3360.28,3.282,21,False
USG00008999,5955-ERIHD,2026-08-26,TWR00009,9,4479.53,4.375,17,False
USG00009000,6122-EFVKN,2026-08-26,TWR00063,42,1428.48,1.395,21,False
USG00009001,7567-ECMCM,2026-08-26,TWR00035,12,2922.28,2.854,17,False
USG00009002,1474-JUWSM,2026-08-26,TWR00055,115,1952.09,1.906,22,False
USG00009003,2748-MYRVK,2026-08-26,TWR00048,40,1583.76,1.547,12,False
USG00009004,3334-CTHOL,2026-08-26,TWR00081,114,198.75,0.194,22,False
USG00009005,3197-NNYNB,2026-08-26,TWR00029,95,3817.36,3.728,25,False
USG00009006,2452-SNHFZ,2026-08-26,TWR00036,18,3880.91,3.79,0,True
USG00009007,2873-ZLIWT,2026-08-26,TWR00052,0,632.1,0.617,12,False
USG00009008,4589-IUAJB,2026-08-26,TWR00058,35,1088.24,1.063,8,False
USG00009009,6861-OKBCE,2026-08-26,TWR00017,180,3565.02,3.481,15,False
USG00009010,3518-PZXZQ,2026-08-26,TWR00033,48,2340.42,2.286,1,False
USG00009011,8727-JQFHV,2026-08-26,TWR00083,170,1572.48,1.536,8,False
USG00009012,8857-CUPFQ,2026-08-26,TWR00099,165,2327.15,2.273,10,False
USG00009013,8992-JQYUN,2026-08-26,TWR00010,55,1185.08,1.157,11,False
USG00009014,2466-FCCPT,2026-08-26,TWR00091,157,3963.5,3.871,13,False
USG00009015,8573-CGOCC,2026-08-26,TWR00057,169,1516.31,1.481,15,False
USG00009016,1093-YSWCA,2026-08-26,TWR00093,107,3589.51,3.505,24,False
USG00009017,4283-FUTGF,2026-08-26,TWR00082,56,1179.86,1.152,6,False
USG00009018,3174-RKMOW,2026-08-26,TWR00033,68,4026.48,3.932,11,False
USG00009019,6959-GQEGV,2026-08-26,TWR00014,26,86.82,0.085,9,False
USG00009020,1031-IIDEO,2026-08-26,TWR00056,156,103.59,0.101,3,False
USG00009021,5939-SXWHM,2026-08-26,TWR00033,31,2377.37,2.322,8,False
USG00009022,3454-JFUBC,2026-08-26,TWR00048,39,1984.41,1.938,15,False
USG00009023,3351-NGXYI,2026-08-26,TWR00090,6,383.02,0.374,10,False
USG00009024,8739-XNIKG,2026-08-26,TWR00023,89,1638.6,1.6,12,False
USG00009025,3308-JSGML,2026-08-26,TWR00005,119,4237.11,4.138,1,False
USG00009026,5442-XSDCW,2026-08-26,TWR00009,89,4000.81,3.907,6,False
USG00009027,2645-QTLMB,2026-08-26,TWR00045,18,256.14,0.25,10,False
USG00009028,5602-BVFMK,2026-08-26,TWR00080,20,164.33,0.16,4,False
USG00009029,8246-SHFGA,2026-08-26,TWR00097,147,287.92,0.281,17,False
USG00009030,4826-DXMUP,2026-08-26,TWR00061,110,1440.27,1.407,0,True
USG00009031,2073-QBVBI,2026-08-26,TWR00064,134,1878.14,1.834,1,False
USG00009032,0862-PRCBS,2026-08-26,TWR00015,120,660.17,0.645,7,False
USG00009033,8763-KIAFH,2026-08-26,TWR00097,27,804.06,0.785,7,False
USG00009034,4706-DGAHW,2026-08-26,TWR00055,22,2016.29,1.969,14,False
USG00009035,4776-XSKYQ,2026-08-26,TWR00064,80,1284.58,1.254,21,False
USG00009036,5118-MUEYH,2026-08-26,TWR00046,29,3870.21,3.78,15,False
USG00009037,9931-KGHOA,2026-08-26,TWR00096,77,305.64,0.298,25,False
USG00009038,6664-FPDAC,2026-08-26,TWR00011,30,657.48,0.642,11,False
USG00009039,0516-UXRMT,2026-08-26,TWR00040,70,3331.69,3.254,22,False
USG00009040,7856-GANIL,2026-08-26,TWR00002,126,117.81,0.115,11,False
USG00009041,5372-FBKBN,2026-08-26,TWR00091,3,2943.43,2.874,17,False
USG00009042,5730-RIITO,2026-08-26,TWR00095,24,1275.21,1.245,0,False
USG00009043,4123-FCVCB,2026-08-26,TWR00084,167,3248.33,3.172,5,False
USG00009044,4623-ZKHLY,2026-08-26,TWR00021,53,3677.27,3.591,18,False
USG00009045,4396-KLSEH,2026-08-26,TWR00097,54,1780.61,1.739,10,False
USG00009046,3780-YVMFA,2026-08-26,TWR00052,30,2690.15,2.627,5,False
USG00009047,3374-TTZTK,2026-08-26,TWR00026,132,4271.59,4.171,0,False
USG00009048,0103-CSITQ,2026-08-26,TWR00092,12,4119.49,4.023,6,False
USG00009049,4412-YLTKF,2026-08-26,TWR00003,108,1600.11,1.563,11,False
USG00009050,1325-USMEC,2026-08-26,TWR00018,128,389.99,0.381,0,False
USG00009051,5748-RNCJT,2026-08-26,TWR00001,10,1831.43,1.789,19,False
USG00009052,1074-WVEVG,2026-08-26,TWR00057,132,3232.94,3.157,12,False
USG00009053,7905-NJMXS,2026-08-26,TWR00050,66,3321.8,3.244,25,False
USG00009054,6463-HHXJR,2026-08-26,TWR00055,115,1948.45,1.903,3,False
USG00009055,3148-AOIQT,2026-08-26,TWR00075,68,4134.39,4.037,7,True
USG00009056,3279-DYZQM,2026-08-26,TWR00022,63,1138.42,1.112,25,False
USG00009057,0811-GSDTP,2026-08-26,TWR00019,93,2717.08,2.653,16,False
USG00009058,6927-WTFIV,2026-08-26,TWR00010,105,941.57,0.92,21,False
USG00009059,3752-CQSJI,2026-08-26,TWR00070,30,3936.27,3.844,14,False
USG00009060,7666-WKRON,2026-08-26,TWR00068,78,3321.59,3.244,7,False
USG00009061,9076-AXYIK,2026-08-26,TWR00060,99,4206.24,4.108,14,False
USG00009062,5396-IZEPB,2026-08-26,TWR00073,112,564.52,0.551,7,False
USG00009063,6164-HAQTX,2026-08-26,TWR00011,37,2432.48,2.375,2,False
USG00009064,6285-FTQBF,2026-08-26,TWR00075,175,3891.59,3.8,22,False
USG00009065,8835-VSDSE,2026-08-26,TWR00063,144,734.32,0.717,10,False
USG00009066,2181-TIDSV,2026-08-26,TWR00046,14,573.82,0.56,20,False
USG00009067,3423-HHXAO,2026-08-26,TWR00079,165,778.09,0.76,20,False
USG00009068,5832-EXGTT,2026-08-26,TWR00001,54,1369.11,1.337,9,False
USG00009069,7766-CLTIC,2026-08-26,TWR00099,141,4073.45,3.978,8,False
USG00009070,3227-WLKLI,2026-08-26,TWR00074,55,2633.45,2.572,20,False
USG00009071,7392-YYPYJ,2026-08-26,TWR00024,62,3238.1,3.162,6,True
USG00009072,5519-TEEUH,2026-08-26,TWR00076,17,550.87,0.538,14,False
USG00009073,7483-IQWIB,2026-08-26,TWR00086,27,1380.44,1.348,1,False
USG00009074,1086-LXKFY,2026-08-26,TWR00098,94,3475.81,3.394,14,False
USG00009075,4226-KKDON,2026-08-26,TWR00094,170,1997.95,1.951,6,False
USG00009076,2773-OVBPK,2026-08-26,TWR00063,17,3709.45,3.623,13,False
USG00009077,6344-SFJVH,2026-08-26,TWR00067,34,3898.07,3.807,5,False
USG00009078,9505-SQFSW,2026-08-26,TWR00097,57,2946.15,2.877,20,False
USG00009079,5879-SESNB,2026-08-26,TWR00067,79,339.05,0.331,12,False
USG00009080,6892-BOGQE,2026-08-26,TWR00100,34,4082.6,3.987,24,False
USG00009081,6288-CHQJB,2026-08-26,TWR00030,30,3042.67,2.971,24,False
USG00009082,4670-TABXH,2026-08-26,TWR00061,43,998.73,0.975,22,False
USG00009083,0206-TBWLC,2026-08-26,TWR00035,100,1306.34,1.276,12,False
USG00009084,6778-JFCMK,2026-08-26,TWR00052,64,1281.93,1.252,2,False
USG00009085,7108-DGVUU,2026-08-26,TWR00049,80,849.49,0.83,6,False
USG00009086,4500-HKANN,2026-08-26,TWR00054,76,3808.56,3.719,10,True
USG00009087,6322-HRPFA,2026-08-26,TWR00052,50,1672.9,1.634,6,False
USG00009088,0661-KQHNK,2026-08-26,TWR00038,156,799.46,0.781,24,False
USG00009089,6851-WEFYX,2026-08-26,TWR00031,74,1397.18,1.364,23,False
USG00009090,8980-WQFWL,2026-08-26,TWR00079,4,2822.29,2.756,3,False
USG00009091,8111-RKSPX,2026-08-26,TWR00063,36,79.78,0.078,11,False
USG00009092,8329-IBCTI,2026-08-26,TWR00022,93,635.4,0.621,23,False
USG00009093,5174-ITUMV,2026-08-26,TWR00002,53,1245.6,1.216,20,False
USG00009094,2696-ECXKC,2026-08-26,TWR00087,126,1277.02,1.247,11,False
USG00009095,8000-REIQB,2026-08-26,TWR00022,94,399.37,0.39,12,False
USG00009096,2302-ANTDP,2026-08-26,TWR00072,148,2426.0,2.369,21,False
USG00009097,0301-KOBTQ,2026-08-26,TWR00076,126,1633.25,1.595,8,False
USG00009098,8150-QUDFX,2026-08-26,TWR00011,104,3185.56,3.111,7,False
USG00009099,5981-ITEMU,2026-08-26,TWR00017,48,3919.74,3.828,6,True
USG00009100,6719-FGEDO,2026-08-26,TWR00081,143,2031.97,1.984,5,True
USG00009101,9470-YFUYI,2026-08-26,TWR00046,42,898.44,0.877,14,False
USG00009102,0135-NMXAP,2026-08-26,TWR00025,74,2508.53,2.45,16,True
USG00009103,2933-XEUJM,2026-08-26,TWR00066,30,2253.2,2.2,20,False
USG00009104,6133-OZILE,2026-08-26,TWR00052,76,3246.67,3.171,5,False
USG00009105,9591-YVTEB,2026-08-26,TWR00083,126,3957.92,3.865,5,False
USG00009106,4629-NRXKX,2026-08-26,TWR00099,58,1177.02,1.149,1,False
USG00009107,9788-HNGUT,2026-08-26,TWR00086,8,1370.57,1.338,15,True
USG00009108,9581-GVBXT,2026-08-26,TWR00070,94,1551.63,1.515,9,False
USG00009109,5686-CMAWK,2026-08-26,TWR00007,38,1425.53,1.392,21,False
USG00009110,4580-TMHJU,2026-08-26,TWR00047,79,4137.27,4.04,4,False
USG00009111,0201-MIBOL,2026-08-26,TWR00058,137,1223.87,1.195,15,False
USG00009112,1266-NZYUI,2026-08-26,TWR00084,87,4086.34,3.991,3,False
USG00009113,5510-BOIUJ,2026-08-26,TWR00088,82,3274.09,3.197,21,False
USG00009114,6289-CPNLD,2026-08-26,TWR00085,52,895.55,0.875,24,False
USG00009115,9146-JRIOX,2026-08-26,TWR00042,124,4322.32,4.221,13,False
USG00009116,2592-HODOV,2026-08-26,TWR00002,32,1393.09,1.36,2,False
USG00009117,4322-RCYMT,2026-08-26,TWR00048,1,2996.64,2.926,18,True
USG00009118,5678-VFNEQ,2026-08-26,TWR00051,151,3404.1,3.324,24,True
USG00009119,1485-YDHMM,2026-08-26,TWR00014,164,2310.96,2.257,7,False
USG00009120,0674-DGMAQ,2026-08-26,TWR00071,111,3581.84,3.498,17,False
USG00009121,3807-BPOMJ,2026-08-26,TWR00053,73,3233.63,3.158,5,False
USG00009122,2408-PSJVE,2026-08-26,TWR00050,3,1600.14,1.563,5,False
USG00009123,7435-ZNUYY,2026-08-26,TWR00088,154,2167.45,2.117,24,False
USG00009124,2080-SRCDE,2026-08-26,TWR00092,60,1197.0,1.169,10,False
USG00009125,7615-ESMYF,2026-08-26,TWR00100,65,1677.08,1.638,19,True
USG00009126,3034-ZBEQN,2026-08-26,TWR00035,141,884.31,0.864,10,False
USG00009127,1544-JJMYL,2026-08-26,TWR00067,11,3826.8,3.737,10,False
USG00009128,4430-UZIPO,2026-08-26,TWR00018,130,995.0,0.972,17,False
USG00009129,3724-BSCVH,2026-08-26,TWR00046,104,1878.49,1.834,24,False
USG00009130,7410-KTVFV,2026-08-26,TWR00010,55,2071.58,2.023,9,True
USG00009131,5960-MVTUK,2026-08-26,TWR00094,1,4416.94,4.313,14,False
USG00009132,3071-VBYPO,2026-08-26,TWR00085,124,983.56,0.961,10,False
USG00009133,0831-JNISG,2026-08-26,TWR00045,23,2292.52,2.239,10,False
USG00009134,8060-HIWJJ,2026-08-26,TWR00067,99,781.22,0.763,20,True
USG00009135,9970-QBCDA,2026-08-26,TWR00033,137,4106.95,4.011,25,False
USG00009136,6174-NRBTZ,2026-08-26,TWR00048,108,2596.77,2.536,18,False
USG00009137,1834-WULEG,2026-08-26,TWR00095,57,1374.87,1.343,9,False
USG00009138,9191-MYQKX,2026-08-26,TWR00096,9,1768.44,1.727,18,True
USG00009139,1608-GMEWB,2026-08-26,TWR00073,78,3534.04,3.451,12,False
USG00009140,8050-DVOJX,2026-08-26,TWR00035,162,1725.87,1.685,11,False
USG00009141,9766-HGEDE,2026-08-26,TWR00093,38,2238.37,2.186,8,False
USG00009142,9508-ILZDG,2026-08-26,TWR00092,97,3898.57,3.807,10,False
USG00009143,3920-HIHMQ,2026-08-26,TWR00069,128,1704.22,1.664,2,False
USG00009144,3744-ZRRDZ,2026-08-26,TWR00075,103,1703.2,1.663,17,False
USG00009145,7410-YTJIK,2026-08-26,TWR00041,172,2970.89,2.901,25,False
USG00009146,2921-XWDJH,2026-08-26,TWR00094,7,3935.75,3.844,10,False
USG00009147,7684-XSZIY,2026-08-26,TWR00014,110,3466.93,3.386,8,False
USG00009148,0988-JRWWP,2026-08-26,TWR00069,19,857.04,0.837,16,False
USG00009149,0697-ZMSWS,2026-08-26,TWR00032,163,399.15,0.39,15,True
USG00009150,9739-JLPQJ,2026-08-26,TWR00042,20,1327.72,1.297,9,False
USG00009151,7752-XUSCI,2026-08-26,TWR00040,152,4238.11,4.139,9,False
USG00009152,7817-BOQPW,2026-08-26,TWR00017,168,3776.25,3.688,9,False
USG00009153,1448-PWKYE,2026-08-26,TWR00094,26,2713.85,2.65,0,False
USG00009154,5902-WBLSE,2026-08-26,TWR00013,133,438.97,0.429,8,False
USG00009155,5010-IPEAQ,2026-08-26,TWR00027,125,1015.53,0.992,1,False
USG00009156,4872-VXRIL,2026-08-26,TWR00063,168,354.17,0.346,10,False
USG00009157,7065-YUNRY,2026-08-26,TWR00008,74,2733.1,2.669,4,False
USG00009158,4837-QUSFT,2026-08-26,TWR00022,27,3898.39,3.807,5,False
USG00009159,0557-ASKVU,2026-08-26,TWR00027,156,4475.93,4.371,8,False
USG00009160,1926-QUZNN,2026-08-26,TWR00046,128,786.32,0.768,18,False
USG00009161,9853-JFZDU,2026-08-26,TWR00017,134,364.08,0.356,19,False
USG00009162,2039-JONDJ,2026-08-26,TWR00015,180,4450.87,4.347,18,False
USG00009163,2034-CGRHZ,2026-08-26,TWR00083,14,414.19,0.404,0,False
USG00009164,7854-FOKSF,2026-08-26,TWR00051,136,2562.66,2.503,12,False
USG00009165,1135-LMECX,2026-08-26,TWR00054,5,3843.84,3.754,5,False
USG00009166,1996-DBMUS,2026-08-26,TWR00087,95,2218.45,2.166,9,False
USG00009167,7159-FVYPK,2026-08-26,TWR00059,167,3325.41,3.247,23,True
USG00009168,6691-CCIHA,2026-08-26,TWR00031,118,284.13,0.277,21,False
USG00009169,8318-LCNBW,2026-08-26,TWR00002,70,3536.39,3.454,23,False
USG00009170,4847-QNOKA,2026-08-26,TWR00093,72,2802.4,2.737,5,True
USG00009171,1707-HABPF,2026-08-26,TWR00072,32,2690.46,2.627,20,False
USG00009172,5108-ADXWO,2026-08-26,TWR00043,102,2370.98,2.315,0,False
USG00009173,6244-BESBM,2026-08-26,TWR00059,128,3979.34,3.886,18,False
USG00009174,5724-BIDBU,2026-08-26,TWR00087,54,4170.0,4.072,18,False
USG00009175,8663-UPDGF,2026-08-26,TWR00048,180,1560.98,1.524,6,True
USG00009176,7576-OYWBN,2026-08-26,TWR00030,6,1221.12,1.192,5,False
USG00009177,3902-FOIGH,2026-08-26,TWR00095,58,1060.77,1.036,0,False
USG00009178,2087-QAREY,2026-08-26,TWR00046,18,3478.71,3.397,6,False
USG00009179,4010-YLMVT,2026-08-26,TWR00086,19,2439.22,2.382,3,False
USG00009180,7594-RQHXR,2026-08-26,TWR00098,101,3264.46,3.188,0,False
USG00009181,2782-LFZVW,2026-08-26,TWR00017,135,2770.67,2.706,7,False
USG00009182,7576-JMYWV,2026-08-26,TWR00018,157,943.45,0.921,16,False
USG00009183,3736-BLEPA,2026-08-26,TWR00060,133,71.47,0.07,4,False
USG00009184,0504-HHAPI,2026-08-26,TWR00048,97,3402.54,3.323,15,False
USG00009185,5734-EJKXG,2026-08-26,TWR00094,144,795.22,0.777,15,False
USG00009186,1017-FBQMM,2026-08-26,TWR00007,119,202.99,0.198,14,True
USG00009187,0975-VOOVL,2026-08-26,TWR00085,109,822.54,0.803,23,False
USG00009188,8224-DWCKX,2026-08-26,TWR00031,16,976.81,0.954,10,False
USG00009189,7225-IILWY,2026-08-26,TWR00002,83,2054.03,2.006,8,False
USG00009190,2632-UCGVD,2026-08-26,TWR00003,41,1939.58,1.894,1,False
USG00009191,2750-BJLSB,2026-08-26,TWR00032,118,835.56,0.816,4,False
USG00009192,0064-YIJGF,2026-08-26,TWR00081,114,2762.21,2.697,13,False
USG00009193,7787-BNTZM,2026-08-26,TWR00005,80,1998.31,1.951,12,False
USG00009194,3703-VAVCL,2026-08-26,TWR00012,131,3329.76,3.252,25,False
USG00009195,5652-MSDEY,2026-08-26,TWR00063,143,2469.22,2.411,12,False
USG00009196,2882-DDZPG,2026-08-26,TWR00023,163,2991.34,2.921,20,False
USG00009197,6745-JEFZB,2026-08-26,TWR00043,117,1529.54,1.494,20,False
USG00009198,6584-VQMYT,2026-08-26,TWR00025,178,2877.52,2.81,2,False
USG00009199,0572-ZJKLT,2026-08-26,TWR00077,75,3962.94,3.87,14,False
USG00009200,9360-OMDZZ,2026-08-26,TWR00098,145,3786.07,3.697,8,False
USG00009201,8775-ERLNB,2026-08-26,TWR00053,150,1005.84,0.982,3,False
USG00009202,2694-CIUMO,2026-08-26,TWR00018,17,2298.65,2.245,3,False
USG00009203,3537-HPKQT,2026-08-26,TWR00036,129,1388.85,1.356,13,False
USG00009204,0895-DQHEW,2026-08-26,TWR00072,111,1991.76,1.945,2,False
USG00009205,7860-UXCRM,2026-08-26,TWR00060,120,664.62,0.649,20,False
USG00009206,6961-VCPMC,2026-08-26,TWR00091,74,2672.78,2.61,24,False
USG00009207,0742-MOABM,2026-08-26,TWR00034,167,1073.26,1.048,5,False
USG00009208,0263-FJTQO,2026-08-26,TWR00071,3,1157.17,1.13,15,False
USG00009209,0142-GVYSN,2026-08-26,TWR00091,78,3090.9,3.018,7,False
USG00009210,5762-TJXGK,2026-08-26,TWR00053,150,2905.64,2.838,10,False
USG00009211,2885-HIJDH,2026-08-26,TWR00004,123,1085.61,1.06,6,False
USG00009212,1564-HJUVY,2026-08-26,TWR00098,100,911.04,0.89,7,False
USG00009213,4049-ZPALD,2026-08-26,TWR00087,105,3275.88,3.199,19,True
USG00009214,5405-ZMYXQ,2026-08-26,TWR00011,70,3028.31,2.957,10,False
USG00009215,3709-OIJEA,2026-08-26,TWR00069,132,3833.4,3.744,6,False
USG00009216,3845-FXCYS,2026-08-26,TWR00016,26,4386.85,4.284,9,False
USG00009217,0235-KGSLC,2026-08-26,TWR00011,27,3226.65,3.151,6,False
USG00009218,0374-AACSZ,2026-08-26,TWR00032,156,515.85,0.504,3,False
USG00009219,0899-LIIBW,2026-08-26,TWR00013,114,1942.68,1.897,18,True
USG00009220,6890-PFRQX,2026-08-26,TWR00042,154,281.85,0.275,15,False
USG00009221,0961-ZWLVI,2026-08-26,TWR00052,57,662.43,0.647,18,False
USG00009222,3722-WPXTK,2026-08-26,TWR00037,154,2889.03,2.821,3,False
USG00009223,2831-EBWRN,2026-08-26,TWR00048,77,563.0,0.55,17,False
USG00009224,4451-RWASJ,2026-08-26,TWR00022,4,3446.48,3.366,6,False
USG00009225,4636-OLWOE,2026-08-26,TWR00035,87,260.34,0.254,23,False
USG00009226,6496-SLWHQ,2026-08-26,TWR00063,165,867.3,0.847,13,False
USG00009227,1602-IJQQE,2026-08-26,TWR00055,118,2489.97,2.432,6,False
USG00009228,3620-MWJNE,2026-08-26,TWR00055,38,4145.19,4.048,0,False
USG00009229,2446-PLQVO,2026-08-26,TWR00084,17,3845.52,3.755,5,False
USG00009230,5567-GZKQY,2026-08-26,TWR00083,162,738.77,0.721,0,False
USG00009231,7851-WZEKY,2026-08-26,TWR00038,103,2319.36,2.265,8,False
USG00009232,3645-DEYGF,2026-08-26,TWR00072,73,1081.1,1.056,12,False
USG00009233,7625-XCQRH,2026-08-26,TWR00095,162,3752.19,3.664,16,True
USG00009234,8201-AAXCB,2026-08-26,TWR00008,10,3235.67,3.16,5,False
USG00009235,2038-LLMLM,2026-08-26,TWR00078,24,4460.47,4.356,10,False
USG00009236,7250-EQKIY,2026-08-26,TWR00020,122,3346.15,3.268,21,True
USG00009237,7089-RKVSZ,2026-08-26,TWR00041,62,1281.27,1.251,16,False
USG00009238,0345-HKJVM,2026-08-26,TWR00091,82,1920.15,1.875,2,False
USG00009239,8086-OVPWV,2026-08-26,TWR00100,38,3170.6,3.096,17,False
USG00009240,5811-IWXYM,2026-08-26,TWR00091,71,2710.19,2.647,20,True
USG00009241,1561-BWHIN,2026-08-26,TWR00086,3,3851.48,3.761,3,False
USG00009242,0082-LDZUE,2026-08-26,TWR00003,145,3211.02,3.136,10,False
USG00009243,7088-FBAWU,2026-08-26,TWR00069,172,1896.58,1.852,11,True
USG00009244,5099-BAILX,2026-08-26,TWR00064,26,4015.48,3.921,19,False
USG00009245,1816-FLZDK,2026-08-26,TWR00045,162,1711.95,1.672,0,False
USG00009246,4074-SJFFA,2026-08-26,TWR00029,120,478.08,0.467,19,True
USG00009247,3197-ARFOY,2026-08-26,TWR00015,152,2263.86,2.211,12,True
USG00009248,5356-KZCKT,2026-08-26,TWR00030,70,3486.32,3.405,10,False
USG00009249,8406-LNMHF,2026-08-26,TWR00076,137,2076.68,2.028,12,True
USG00009250,6408-OTUBZ,2026-08-26,TWR00093,20,4145.22,4.048,13,True
USG00009251,4137-JOPHL,2026-08-26,TWR00029,13,4094.17,3.998,15,False
USG00009252,8344-WFMFH,2026-08-26,TWR00091,87,891.31,0.87,5,False
USG00009253,9220-CXRSC,2026-08-26,TWR00047,14,4306.7,4.206,20,False
USG00009254,0164-XAIRP,2026-08-26,TWR00083,158,1942.88,1.897,25,False
USG00009255,1596-BBVTG,2026-08-26,TWR00001,122,4134.37,4.037,3,True
USG00009256,9150-KPBJQ,2026-08-26,TWR00066,45,2644.6,2.583,23,False
USG00009257,4660-IRIBM,2026-08-26,TWR00059,10,702.36,0.686,7,False
USG00009258,7688-AWMDX,2026-08-26,TWR00008,51,2002.48,1.956,21,True
USG00009259,2260-USTRB,2026-08-26,TWR00020,98,263.31,0.257,11,False
USG00009260,5141-ZUVBH,2026-08-26,TWR00057,74,1478.21,1.444,19,False
USG00009261,0221-NAUXK,2026-08-26,TWR00088,38,3247.84,3.172,7,False
USG00009262,5701-GUXDC,2026-08-26,TWR00061,74,235.99,0.23,18,False
USG00009263,7169-YWAMK,2026-08-26,TWR00020,44,2366.89,2.311,5,False
USG00009264,2225-ZRGSG,2026-08-26,TWR00050,133,1152.87,1.126,21,True
USG00009265,6543-JXSOO,2026-08-26,TWR00062,115,2289.16,2.236,3,False
USG00009266,6521-YYTYI,2026-08-26,TWR00008,57,2098.0,2.049,10,False
USG00009267,5916-QEWPT,2026-08-26,TWR00048,3,917.03,0.896,1,True
USG00009268,3115-JPJDD,2026-08-26,TWR00038,85,2700.9,2.638,18,False
USG00009269,0036-IHMOT,2026-08-26,TWR00093,117,3601.49,3.517,13,False
USG00009270,2400-FEQME,2026-08-26,TWR00040,48,3877.09,3.786,7,False
USG00009271,0201-OAMXR,2026-08-26,TWR00040,104,2484.97,2.427,9,False
USG00009272,7469-LKBCI,2026-08-26,TWR00096,62,3081.55,3.009,22,False
USG00009273,8660-BUETV,2026-08-26,TWR00052,71,2142.11,2.092,10,False
USG00009274,5474-LAMUQ,2026-08-26,TWR00061,148,3154.61,3.081,17,False
USG00009275,6845-RGTYS,2026-08-26,TWR00042,117,3622.32,3.537,4,False
USG00009276,3672-YITQD,2026-08-26,TWR00077,71,3591.09,3.507,1,False
USG00009277,0634-SZPQA,2026-08-26,TWR00099,99,2978.27,2.908,11,False
USG00009278,4741-WWJQZ,2026-08-26,TWR00020,40,1989.1,1.942,7,False
USG00009279,1965-DDBWU,2026-08-26,TWR00092,103,361.54,0.353,23,False
USG00009280,0812-WUPTB,2026-08-26,TWR00080,44,187.28,0.183,4,False
USG00009281,8067-NIOYM,2026-08-26,TWR00013,89,2606.73,2.546,0,True
USG00009282,4628-WQCQQ,2026-08-26,TWR00025,66,4173.36,4.076,7,False
USG00009283,8751-EDEKA,2026-08-26,TWR00065,43,629.35,0.615,18,False
USG00009284,6993-OHLXR,2026-08-26,TWR00093,25,666.88,0.651,8,False
USG00009285,9619-GSATL,2026-08-26,TWR00065,41,3032.49,2.961,20,True
USG00009286,3307-TLCUD,2026-08-26,TWR00057,156,1371.79,1.34,24,False
USG00009287,5135-GRQJV,2026-08-26,TWR00072,26,2591.21,2.53,25,False
USG00009288,8606-CIQUL,2026-08-26,TWR00050,74,3315.02,3.237,0,False
USG00009289,6508-NJYRO,2026-08-26,TWR00085,7,88.88,0.087,18,False
USG00009290,3745-HRPHI,2026-08-26,TWR00077,135,3426.12,3.346,0,True
USG00009291,1761-AEZZR,2026-08-26,TWR00028,156,3791.69,3.703,16,False
USG00009292,3318-OSATS,2026-08-26,TWR00007,113,134.44,0.131,17,True
USG00009293,9070-BCKQP,2026-08-26,TWR00089,45,1686.43,1.647,7,False
USG00009294,8668-KNZTI,2026-08-26,TWR00071,10,3951.08,3.858,15,False
USG00009295,7883-ROJOC,2026-08-26,TWR00019,94,1398.23,1.365,17,False
USG00009296,1930-QPBVZ,2026-08-26,TWR00048,130,3698.81,3.612,6,False
USG00009297,3665-JATSN,2026-08-26,TWR00098,62,4187.66,4.09,9,False
USG00009298,8144-DGHXP,2026-08-26,TWR00034,31,2879.3,2.812,18,False
USG00009299,8286-AFUYI,2026-08-26,TWR00078,130,1763.94,1.723,1,False
USG00009300,1465-LNTLJ,2026-08-26,TWR00054,144,2373.57,2.318,21,False
USG00009301,9173-IVZVP,2026-08-26,TWR00007,64,1598.32,1.561,2,False
USG00009302,4816-OKWNX,2026-08-26,TWR00008,152,4457.87,4.353,7,False
USG00009303,9430-NKQLY,2026-08-26,TWR00005,129,4018.18,3.924,20,False
USG00009304,0480-BIXDE,2026-08-26,TWR00059,115,616.01,0.602,16,True
USG00009305,1850-AKQEP,2026-08-26,TWR00079,24,276.9,0.27,3,True
USG00009306,5133-VRSAB,2026-08-26,TWR00032,105,2742.31,2.678,25,False
USG00009307,0374-FIUCA,2026-08-26,TWR00086,28,3257.31,3.181,2,False
USG00009308,9741-YLNTD,2026-08-26,TWR00046,164,328.32,0.321,14,False
USG00009309,1057-FOGLZ,2026-08-26,TWR00007,18,469.77,0.459,12,False
USG00009310,4791-QRGMF,2026-08-26,TWR00034,132,4004.33,3.91,23,False
USG00009311,7013-PSXHK,2026-08-26,TWR00052,152,2901.59,2.834,6,False
USG00009312,0988-AADSA,2026-08-26,TWR00021,43,896.22,0.875,14,False
USG00009313,9609-BENEA,2026-08-26,TWR00057,75,3104.69,3.032,1,False
USG00009314,0584-BJQGZ,2026-08-26,TWR00045,31,1749.47,1.708,8,True
USG00009315,4815-TUMEQ,2026-08-26,TWR00031,156,2778.58,2.713,18,False
USG00009316,2233-TXSIU,2026-08-26,TWR00032,174,1264.63,1.235,17,False
USG00009317,0946-CLJTI,2026-08-26,TWR00017,155,2420.09,2.363,12,False
USG00009318,9424-CMPOG,2026-08-26,TWR00068,143,4043.44,3.949,21,False
USG00009319,5622-UEJFI,2026-08-26,TWR00023,63,4184.0,4.086,5,False
USG00009320,0454-OKRCT,2026-08-26,TWR00039,145,2534.49,2.475,10,False
USG00009321,6048-UWKAL,2026-08-26,TWR00083,63,2685.06,2.622,19,False
USG00009322,3132-TVFDZ,2026-08-26,TWR00078,120,2078.65,2.03,12,True
USG00009323,1415-YFWLT,2026-08-26,TWR00019,41,1486.98,1.452,11,True
USG00009324,9593-CVZKR,2026-08-26,TWR00028,33,399.33,0.39,19,False
USG00009325,5307-DZCVC,2026-08-26,TWR00045,149,1420.41,1.387,23,False
USG00009326,5846-ABOBJ,2026-08-26,TWR00091,116,916.58,0.895,5,False
USG00009327,3967-VQOGC,2026-08-26,TWR00060,57,2912.06,2.844,21,False
USG00009328,8073-IJDCM,2026-08-26,TWR00018,57,1804.71,1.762,11,False
USG00009329,1728-CXQBE,2026-08-26,TWR00087,125,4461.8,4.357,20,False
USG00009330,7101-HRBLJ,2026-08-26,TWR00006,166,901.94,0.881,0,False
USG00009331,8125-QPFJD,2026-08-26,TWR00056,105,707.8,0.691,7,False
USG00009332,4373-MAVJG,2026-08-26,TWR00075,88,3837.19,3.747,22,True
USG00009333,1448-CYWKC,2026-08-26,TWR00066,35,260.56,0.254,18,False
USG00009334,1226-UDFZR,2026-08-26,TWR00038,82,3736.72,3.649,15,False
USG00009335,5044-XDPYX,2026-08-26,TWR00066,81,603.75,0.59,11,False
USG00009336,7964-VEXDG,2026-08-26,TWR00017,142,2029.88,1.982,12,False
USG00009337,4947-DSMXK,2026-08-26,TWR00094,67,4102.19,4.006,5,False
USG00009338,2357-COQEK,2026-08-26,TWR00040,172,3068.26,2.996,14,False
USG00009339,3714-NTNFO,2026-08-26,TWR00013,121,3088.51,3.016,23,True
USG00009340,1153-GNOLC,2026-08-26,TWR00014,26,2807.65,2.742,22,True
USG00009341,3936-QQFLL,2026-08-26,TWR00019,54,2168.26,2.117,17,False
USG00009342,8652-YHIYU,2026-08-26,TWR00002,56,1658.43,1.62,4,False
USG00009343,9052-DHNKM,2026-08-26,TWR00060,79,2166.14,2.115,15,False
USG00009344,7577-SWIFR,2026-08-26,TWR00016,156,1232.14,1.203,8,False
USG00009345,0804-YGEQV,2026-08-26,TWR00087,125,4202.59,4.104,14,False
USG00009346,6711-VTNRE,2026-08-26,TWR00057,50,1091.01,1.065,18,False
USG00009347,7969-AULMZ,2026-08-26,TWR00097,130,2483.45,2.425,24,False
USG00009348,1257-SXUXQ,2026-08-26,TWR00001,144,2547.42,2.488,5,False
USG00009349,1839-UMACK,2026-08-26,TWR00081,155,2445.33,2.388,12,False
USG00009350,5119-NZPTV,2026-08-26,TWR00031,165,3882.57,3.792,15,False
USG00009351,4020-KIUDI,2026-08-26,TWR00100,147,4195.78,4.097,8,False
USG00009352,1455-HFBXA,2026-08-26,TWR00014,70,1467.76,1.433,21,False
USG00009353,0114-IGABW,2026-08-26,TWR00066,39,1108.59,1.083,17,False
USG00009354,0722-SVSFK,2026-08-26,TWR00077,8,849.37,0.829,17,False
USG00009355,4641-FROLU,2026-08-26,TWR00082,81,2536.76,2.477,5,False
USG00009356,4080-IIARD,2026-08-26,TWR00029,161,2907.34,2.839,11,False
USG00009357,2359-QWQUL,2026-08-26,TWR00006,16,892.53,0.872,1,False
USG00009358,7912-SYRQT,2026-08-26,TWR00033,10,1164.51,1.137,13,True
USG00009359,2075-RMJIK,2026-08-26,TWR00019,110,2154.85,2.104,24,True
USG00009360,9938-PRCVK,2026-08-26,TWR00058,120,4094.65,3.999,0,False
USG00009361,3400-ESFUW,2026-08-26,TWR00031,118,3887.56,3.796,10,False
USG00009362,5914-DVBWJ,2026-08-26,TWR00010,42,1292.67,1.262,14,False
USG00009363,8048-DSDFQ,2026-08-26,TWR00043,15,1434.42,1.401,8,True
USG00009364,9174-FKWZE,2026-08-26,TWR00078,42,3666.65,3.581,25,True
USG00009365,0968-GSIKN,2026-08-26,TWR00060,142,280.51,0.274,2,False
USG00009366,9917-KWRBE,2026-08-26,TWR00058,82,1196.43,1.168,14,True
USG00009367,6017-PPLPX,2026-08-26,TWR00049,6,521.36,0.509,2,True
USG00009368,0218-QNVAS,2026-08-26,TWR00035,115,2499.25,2.441,2,True
USG00009369,5356-RHIPP,2026-08-26,TWR00099,96,4225.33,4.126,19,False
USG00009370,3865-QBWSJ,2026-08-26,TWR00032,141,634.47,0.62,19,False
USG00009371,6618-RYATB,2026-08-26,TWR00058,107,3086.42,3.014,14,False
USG00009372,4390-KYULV,2026-08-26,TWR00022,65,3821.07,3.732,19,False
USG00009373,5127-BZENZ,2026-08-26,TWR00030,153,356.95,0.349,9,False
USG00009374,3841-NFECX,2026-08-26,TWR00024,174,1175.13,1.148,6,False
USG00009375,5229-PRWKT,2026-08-26,TWR00004,153,4412.65,4.309,7,False
USG00009376,1310-QRITU,2026-08-26,TWR00060,46,2840.18,2.774,25,False
USG00009377,3750-RNQKR,2026-08-26,TWR00022,113,1985.27,1.939,14,False
USG00009378,6873-UDNLD,2026-08-26,TWR00029,66,131.76,0.129,24,False
USG00009379,8659-IOOPU,2026-08-26,TWR00068,154,3660.72,3.575,4,False
USG00009380,6579-JPICP,2026-08-26,TWR00012,20,3407.26,3.327,18,False
USG00009381,2789-HQBOU,2026-08-26,TWR00085,97,2992.39,2.922,11,False
USG00009382,1328-EUZHC,2026-08-26,TWR00041,10,335.79,0.328,9,False
USG00009383,8108-UXRQN,2026-08-26,TWR00017,52,1724.73,1.684,24,False
USG00009384,7813-ZGGAW,2026-08-26,TWR00050,147,1031.22,1.007,23,True
USG00009385,3274-NSDWE,2026-08-26,TWR00059,21,2044.05,1.996,20,False
USG00009386,6481-ESCNL,2026-08-26,TWR00002,134,2187.81,2.137,2,False
USG00009387,1347-KTTTA,2026-08-26,TWR00054,15,4041.58,3.947,15,False
USG00009388,7925-PNRGI,2026-08-26,TWR00093,8,2288.03,2.234,9,False
USG00009389,9362-MWODR,2026-08-26,TWR00009,135,4248.04,4.148,17,False
USG00009390,0118-JPNOY,2026-08-26,TWR00003,19,3579.05,3.495,18,False
USG00009391,3545-CNWRG,2026-08-26,TWR00026,106,1525.39,1.49,20,False
USG00009392,1925-TIBLE,2026-08-26,TWR00049,12,1112.94,1.087,18,False
USG00009393,3810-DVDQQ,2026-08-26,TWR00057,147,3469.51,3.388,21,False
USG00009394,3648-GZPHF,2026-08-26,TWR00090,160,1393.7,1.361,12,False
USG00009395,0733-VUNUW,2026-08-26,TWR00070,152,1937.0,1.892,20,False
USG00009396,8597-CTXVJ,2026-08-26,TWR00007,140,545.35,0.533,13,False
USG00009397,6317-YPKDH,2026-08-26,TWR00018,11,518.41,0.506,3,False
USG00009398,9746-MDMBK,2026-08-26,TWR00091,13,1689.96,1.65,5,False
USG00009399,3891-NLXJB,2026-08-26,TWR00027,126,117.2,0.114,19,False
USG00009400,5018-HEKFO,2026-08-26,TWR00072,106,2689.96,2.627,19,False
USG00009401,6993-YCOBK,2026-08-26,TWR00090,49,3998.5,3.905,16,False
USG00009402,4781-ZXYGU,2026-08-26,TWR00017,68,2918.66,2.85,0,False
USG00009403,3458-IDMFK,2026-08-26,TWR00099,69,1956.28,1.91,20,False
USG00009404,5565-FILXA,2026-08-26,TWR00022,91,4127.12,4.03,9,False
USG00009405,8087-LGYHQ,2026-08-26,TWR00019,75,2999.91,2.93,12,False
USG00009406,2348-KCJLT,2026-08-26,TWR00017,133,3499.87,3.418,25,False
USG00009407,7426-WEIJX,2026-08-26,TWR00052,169,1683.66,1.644,12,False
USG00009408,5527-ACHSO,2026-08-26,TWR00061,54,4145.28,4.048,2,False
USG00009409,7876-DNYAP,2026-08-26,TWR00048,140,2967.25,2.898,21,False
USG00009410,9504-YAZWB,2026-08-26,TWR00093,139,789.59,0.771,20,False
USG00009411,3717-OEAUQ,2026-08-26,TWR00043,113,1528.63,1.493,4,True
USG00009412,5084-OOVCJ,2026-08-26,TWR00012,63,1955.05,1.909,14,False
USG00009413,8705-DWKTI,2026-08-26,TWR00076,170,4260.86,4.161,16,False
USG00009414,5649-TJHOV,2026-08-26,TWR00003,32,2738.19,2.674,15,False
USG00009415,8570-KLJYJ,2026-08-26,TWR00090,179,1966.02,1.92,9,False
USG00009416,6746-WAUWT,2026-08-26,TWR00088,37,306.59,0.299,7,True
USG00009417,2272-QAGFO,2026-08-26,TWR00093,64,3276.12,3.199,21,False
USG00009418,5550-VFRLC,2026-08-26,TWR00023,37,3402.69,3.323,14,False
USG00009419,0820-FNRNX,2026-08-26,TWR00007,163,1650.69,1.612,3,False
USG00009420,7621-VPNET,2026-08-26,TWR00073,108,2271.66,2.218,15,False
USG00009421,3259-QMXUN,2026-08-26,TWR00009,25,2098.22,2.049,25,False
USG00009422,4682-BLBUC,2026-08-26,TWR00030,30,4064.48,3.969,7,True
USG00009423,9611-CTWIH,2026-08-26,TWR00031,109,3105.8,3.033,0,False
USG00009424,4547-KQRTM,2026-08-26,TWR00094,4,2682.03,2.619,24,False
USG00009425,2996-XAUVF,2026-08-26,TWR00100,0,905.4,0.884,18,False
USG00009426,4588-YBNIB,2026-08-26,TWR00070,73,1586.53,1.549,20,False
USG00009427,2977-CEBSX,2026-08-26,TWR00096,74,4435.43,4.331,19,False
USG00009428,0376-YMCJC,2026-08-26,TWR00032,64,3087.88,3.016,5,False
USG00009429,4654-DLAMQ,2026-08-26,TWR00012,132,1569.91,1.533,14,False
USG00009430,0772-GYEQQ,2026-08-26,TWR00083,166,2698.22,2.635,14,False
USG00009431,6202-JVYEU,2026-08-26,TWR00009,57,1144.8,1.118,12,False
USG00009432,8562-GHPPI,2026-08-26,TWR00047,126,1616.47,1.579,22,False
USG00009433,0685-MLYYM,2026-08-26,TWR00067,111,3329.65,3.252,13,False
USG00009434,9565-DJPIB,2026-08-26,TWR00077,152,2281.6,2.228,21,False
USG00009435,4484-GLZOU,2026-08-26,TWR00080,102,1140.27,1.114,19,False
USG00009436,8670-MEFCP,2026-08-26,TWR00005,33,793.68,0.775,11,False
USG00009437,1621-YNCJH,2026-08-26,TWR00077,43,3678.84,3.593,8,False
USG00009438,3329-WDIOK,2026-08-26,TWR00013,108,1611.22,1.573,1,False
USG00009439,9018-PCIOK,2026-08-26,TWR00093,68,2101.87,2.053,1,False
USG00009440,4566-GOLUK,2026-08-26,TWR00050,132,2928.23,2.86,12,True
USG00009441,0871-OPBXW,2026-08-26,TWR00075,80,657.67,0.642,0,False
USG00009442,9435-JMLSX,2026-08-26,TWR00044,22,2488.46,2.43,6,True
USG00009443,0107-YHINA,2026-08-26,TWR00069,41,3374.66,3.296,2,True
USG00009444,8262-COGGB,2026-08-26,TWR00093,76,1781.24,1.739,10,False
USG00009445,6952-OMNWB,2026-08-26,TWR00012,164,661.76,0.646,3,False
USG00009446,8421-WZOOW,2026-08-26,TWR00033,55,4116.88,4.02,21,True
USG00009447,3134-DSHVC,2026-08-26,TWR00091,175,2891.64,2.824,22,False
USG00009448,6838-YAUVY,2026-08-26,TWR00042,162,434.13,0.424,17,False
USG00009449,2712-SYWAY,2026-08-26,TWR00013,143,1853.06,1.81,14,False
USG00009450,1971-DTCZB,2026-08-26,TWR00045,121,1571.3,1.534,25,False
USG00009451,1195-OIYEJ,2026-08-26,TWR00066,75,3829.17,3.739,22,False
USG00009452,4909-JOUPP,2026-08-26,TWR00005,171,382.05,0.373,20,False
USG00009453,7794-JASDG,2026-08-26,TWR00034,110,2545.93,2.486,9,False
USG00009454,2254-DLXRI,2026-08-26,TWR00030,66,1321.95,1.291,14,False
USG00009455,3717-OFRTN,2026-08-26,TWR00032,159,1597.72,1.56,13,False
USG00009456,0895-UADGO,2026-08-26,TWR00079,99,3123.41,3.05,0,False
USG00009457,2908-ZTPNF,2026-08-26,TWR00024,2,1887.95,1.844,20,False
USG00009458,0793-TWELN,2026-08-26,TWR00013,40,1287.5,1.257,20,False
USG00009459,5261-QSHQM,2026-08-26,TWR00022,175,288.06,0.281,23,False
USG00009460,9507-EXLTT,2026-08-26,TWR00031,110,2091.62,2.043,22,False
USG00009461,5515-AKOAJ,2026-08-26,TWR00080,45,4131.84,4.035,14,False
USG00009462,3162-ZJZFU,2026-08-26,TWR00076,32,1625.24,1.587,10,False
USG00009463,3768-NLUBH,2026-08-26,TWR00079,52,145.57,0.142,1,False
USG00009464,3627-FCRDW,2026-08-26,TWR00036,78,3862.78,3.772,1,False
USG00009465,7596-ZYWBB,2026-08-26,TWR00077,47,196.4,0.192,6,False
USG00009466,9467-ROOLM,2026-08-26,TWR00059,60,2864.36,2.797,22,False
USG00009467,7369-TRPFD,2026-08-26,TWR00096,24,1067.78,1.043,3,False
USG00009468,4310-KEDTB,2026-08-26,TWR00030,78,1405.79,1.373,1,False
USG00009469,2886-KEFUM,2026-08-26,TWR00056,174,922.76,0.901,0,False
USG00009470,9640-ZSLDC,2026-08-26,TWR00017,2,2238.98,2.187,2,False
USG00009471,7821-DPRQE,2026-08-26,TWR00020,22,3763.11,3.675,8,False
USG00009472,5671-UUNXD,2026-08-26,TWR00056,133,266.13,0.26,5,False
USG00009473,6434-TTGJP,2026-08-26,TWR00037,82,2524.15,2.465,2,False
USG00009474,6960-HVYXR,2026-08-26,TWR00044,57,1170.98,1.144,11,False
USG00009475,4795-WRNVT,2026-08-26,TWR00046,8,2696.62,2.633,12,True
USG00009476,4139-JPIAM,2026-08-26,TWR00036,168,1085.35,1.06,25,False
USG00009477,1830-IPXVJ,2026-08-26,TWR00044,79,2411.09,2.355,23,False
USG00009478,7980-MHFLQ,2026-08-26,TWR00086,120,1159.76,1.133,1,False
USG00009479,7550-WIQVA,2026-08-26,TWR00031,34,3505.75,3.424,18,False
USG00009480,2868-SNELZ,2026-08-26,TWR00081,171,1622.74,1.585,9,False
USG00009481,1915-OAKWD,2026-08-26,TWR00052,75,1547.64,1.511,2,False
USG00009482,4905-JEFDW,2026-08-26,TWR00081,41,1768.24,1.727,19,False
USG00009483,3557-HTYWR,2026-08-26,TWR00022,132,1826.84,1.784,9,False
USG00009484,2232-DMLXU,2026-08-26,TWR00037,172,1889.08,1.845,2,False
USG00009485,9818-XQCUV,2026-08-26,TWR00068,52,3557.43,3.474,7,False
USG00009486,3429-IFLEM,2026-08-26,TWR00085,24,3122.8,3.05,23,False
USG00009487,1622-HSHSF,2026-08-26,TWR00056,93,3362.54,3.284,20,False
USG00009488,6261-LHRTG,2026-08-26,TWR00058,95,3296.8,3.22,21,False
USG00009489,1345-GKDZZ,2026-08-26,TWR00096,90,156.87,0.153,3,False
USG00009490,7614-QVWQL,2026-08-26,TWR00024,40,2522.56,2.463,2,False
USG00009491,4707-YNOQA,2026-08-26,TWR00040,60,2405.56,2.349,21,True
USG00009492,0484-JPBRU,2026-08-26,TWR00093,115,3340.69,3.262,14,True
USG00009493,6598-RFFVI,2026-08-26,TWR00037,81,2105.71,2.056,6,False
USG00009494,8327-LZKAS,2026-08-26,TWR00096,89,2850.28,2.783,25,False
USG00009495,2369-UAPKZ,2026-08-26,TWR00076,47,3477.54,3.396,10,False
USG00009496,6248-TKCQV,2026-08-26,TWR00079,1,3693.96,3.607,20,False
USG00009497,3714-XPXBW,2026-08-26,TWR00012,43,1270.3,1.241,21,True
USG00009498,8859-AXJZP,2026-08-26,TWR00088,120,1439.63,1.406,21,False
USG00009499,0440-MOGPM,2026-08-26,TWR00036,26,2351.13,2.296,18,False
USG00009500,7109-CQYUZ,2026-08-26,TWR00022,37,4427.86,4.324,7,False
USG00009501,3045-XETSH,2026-08-26,TWR00004,145,3840.42,3.75,21,False
USG00009502,2364-UFROM,2026-08-26,TWR00017,81,648.24,0.633,3,False
USG00009503,5940-AHUHD,2026-08-26,TWR00010,71,1932.31,1.887,6,False
USG00009504,3030-ZKIWL,2026-08-26,TWR00029,84,3681.03,3.595,5,False
USG00009505,9992-UJOEL,2026-08-26,TWR00075,139,203.74,0.199,24,False
USG00009506,0397-GZBBC,2026-08-26,TWR00028,29,2344.22,2.289,17,False
USG00009507,2235-DWLJU,2026-08-26,TWR00054,142,3673.47,3.587,15,False
USG00009508,9170-ARBTB,2026-08-26,TWR00096,175,4036.59,3.942,6,False
USG00009509,9861-PDSZP,2026-08-26,TWR00042,33,3452.24,3.371,10,False
USG00009510,6286-ZHAOK,2026-08-26,TWR00071,67,4085.54,3.99,22,True
USG00009511,5804-LEPIM,2026-08-26,TWR00030,173,521.05,0.509,20,False
USG00009512,7312-XSBAT,2026-08-26,TWR00059,32,4046.96,3.952,17,False
USG00009513,4011-ARPHK,2026-08-26,TWR00081,31,1092.72,1.067,3,False
USG00009514,9254-RBFON,2026-08-26,TWR00052,100,2793.99,2.729,14,False
USG00009515,7601-DHFWZ,2026-08-26,TWR00068,82,1467.48,1.433,12,False
USG00009516,0396-YCHWO,2026-08-26,TWR00082,131,88.68,0.087,23,False
USG00009517,0244-LGNFY,2026-08-26,TWR00071,13,4269.95,4.17,23,False
USG00009518,1133-KXCGE,2026-08-26,TWR00001,172,2524.76,2.466,3,True
USG00009519,3946-MHCZW,2026-08-26,TWR00031,143,1424.73,1.391,23,False
USG00009520,7610-TVOPG,2026-08-26,TWR00086,101,1642.48,1.604,16,False
USG00009521,4827-LTQRJ,2026-08-26,TWR00090,140,4194.46,4.096,10,False
USG00009522,8465-SBRXP,2026-08-26,TWR00069,150,3854.25,3.764,20,False
USG00009523,8816-VXNZD,2026-08-26,TWR00006,60,4264.73,4.165,17,False
USG00009524,9058-HRZSV,2026-08-26,TWR00084,38,2297.43,2.244,5,False
USG00009525,5016-LIPDW,2026-08-26,TWR00070,94,3864.29,3.774,23,False
USG00009526,6458-CYIDZ,2026-08-26,TWR00092,145,54.38,0.053,5,False
USG00009527,0436-TWFFZ,2026-08-26,TWR00012,52,1842.67,1.799,6,False
USG00009528,4897-QSUYC,2026-08-26,TWR00044,103,997.91,0.975,15,False
USG00009529,2667-WYLWJ,2026-08-26,TWR00087,85,2966.29,2.897,11,True
USG00009530,0869-PAPRP,2026-08-26,TWR00033,86,106.31,0.104,13,False
USG00009531,9046-DQMTP,2026-08-26,TWR00085,44,3096.64,3.024,11,True
USG00009532,1265-HVPZB,2026-08-26,TWR00075,117,4368.24,4.266,21,False
USG00009533,2235-ZGKPT,2026-08-26,TWR00043,89,403.56,0.394,0,False
USG00009534,8722-PRFDV,2026-08-26,TWR00046,164,723.1,0.706,25,False
USG00009535,0369-ZGOVK,2026-08-26,TWR00028,73,176.85,0.173,17,True
USG00009536,1298-PHBTI,2026-08-26,TWR00019,151,1885.72,1.842,5,False
USG00009537,4877-EVATK,2026-08-26,TWR00042,58,527.53,0.515,12,False
USG00009538,7758-XKCBS,2026-08-26,TWR00007,19,780.52,0.762,4,False
USG00009539,2775-SEFEE,2026-08-26,TWR00064,37,1494.75,1.46,6,True
USG00009540,6013-BHCAW,2026-08-26,TWR00089,150,1702.79,1.663,7,False
USG00009541,2931-SVLTV,2026-08-26,TWR00083,69,1255.14,1.226,0,False
USG00009542,3096-JRDSO,2026-08-26,TWR00068,146,3769.79,3.681,8,False
USG00009543,6563-VNPMN,2026-08-26,TWR00081,69,357.81,0.349,9,False
USG00009544,7293-LSCDV,2026-08-26,TWR00011,62,3104.41,3.032,21,False
USG00009545,2469-DTSGX,2026-08-26,TWR00064,147,1659.02,1.62,19,False
USG00009546,4890-VMUAV,2026-08-26,TWR00017,123,3144.02,3.07,11,False
USG00009547,3137-NYQQI,2026-08-26,TWR00090,7,3958.73,3.866,14,False
USG00009548,8194-PEEBY,2026-08-26,TWR00097,88,801.6,0.783,12,False
USG00009549,2055-BFOCC,2026-08-26,TWR00021,94,1667.51,1.628,25,False
USG00009550,9256-JTBNZ,2026-08-26,TWR00035,91,3722.73,3.635,8,False
USG00009551,1042-HFUCW,2026-08-26,TWR00003,82,968.59,0.946,21,False
USG00009552,2675-DHUTR,2026-08-26,TWR00047,77,3561.41,3.478,4,False
USG00009553,2202-CUYXZ,2026-08-26,TWR00062,31,972.49,0.95,12,False
USG00009554,8849-GYOKR,2026-08-26,TWR00072,67,1647.1,1.608,6,False
USG00009555,5693-PIPCS,2026-08-26,TWR00040,10,2477.54,2.419,1,False
USG00009556,9313-CDOGY,2026-08-26,TWR00087,170,2929.44,2.861,19,False
USG00009557,6519-ZHPXP,2026-08-26,TWR00046,3,579.59,0.566,6,False
USG00009558,9334-GWGOW,2026-08-26,TWR00052,33,669.92,0.654,1,False
USG00009559,2133-TSRRM,2026-08-26,TWR00007,112,3667.69,3.582,23,False
USG00009560,9795-SHUHB,2026-08-26,TWR00019,84,513.63,0.502,1,False
USG00009561,5747-PMBSQ,2026-08-26,TWR00099,122,422.12,0.412,21,False
USG00009562,2024-BASKD,2026-08-26,TWR00032,9,529.21,0.517,8,False
USG00009563,8387-MOJJT,2026-08-26,TWR00058,176,3203.56,3.128,20,False
USG00009564,8749-TZYEC,2026-08-26,TWR00090,83,732.73,0.716,25,False
USG00009565,7595-EUIVN,2026-08-26,TWR00016,59,77.44,0.076,15,True
USG00009566,8915-NNTRC,2026-08-26,TWR00043,122,3875.22,3.784,11,False
USG00009567,5928-QLDHB,2026-08-26,TWR00057,94,137.81,0.135,11,False
USG00009568,1386-ZIKUV,2026-08-26,TWR00060,161,1505.58,1.47,4,False
USG00009569,0670-ANMUU,2026-08-26,TWR00089,92,444.86,0.434,15,False
USG00009570,7892-POOKP,2026-08-26,TWR00029,173,1708.84,1.669,3,False
USG00009571,7516-GMHUV,2026-08-26,TWR00003,66,2251.63,2.199,5,False
USG00009572,9625-QNLUX,2026-08-26,TWR00025,38,1370.53,1.338,5,True
USG00009573,7956-XQWGU,2026-08-26,TWR00004,31,1310.67,1.28,16,False
USG00009574,6097-EQISJ,2026-08-26,TWR00001,73,878.41,0.858,21,False
USG00009575,7740-BTPUX,2026-08-26,TWR00077,140,1564.49,1.528,2,True
USG00009576,8443-WVPSS,2026-08-26,TWR00006,121,1986.22,1.94,7,False
USG00009577,9764-REAFF,2026-08-26,TWR00052,21,1977.97,1.932,5,False
USG00009578,4360-PNRQB,2026-08-26,TWR00020,5,1917.13,1.872,5,False
USG00009579,3948-XHGNA,2026-08-26,TWR00022,13,2348.87,2.294,21,False
USG00009580,9065-ZCPQX,2026-08-26,TWR00058,44,4348.48,4.247,2,False
USG00009581,8350-NYMVI,2026-08-26,TWR00068,165,2354.9,2.3,11,False
USG00009582,5285-MVEHD,2026-08-26,TWR00016,87,4011.93,3.918,22,False
USG00009583,6427-FEFIG,2026-08-26,TWR00079,3,1879.38,1.835,17,False
USG00009584,8205-OTCHB,2026-08-26,TWR00069,109,3675.0,3.589,12,False
USG00009585,0208-BPQEJ,2026-08-26,TWR00084,153,580.87,0.567,23,False
USG00009586,2587-EKXTS,2026-08-26,TWR00040,178,522.12,0.51,18,False
USG00009587,4981-FLTMF,2026-08-26,TWR00018,13,3425.78,3.345,6,False
USG00009588,8809-XKHMD,2026-08-26,TWR00029,49,788.81,0.77,15,False
USG00009589,3544-FBCAS,2026-08-26,TWR00079,100,789.62,0.771,10,False
USG00009590,4854-CIDCF,2026-08-26,TWR00039,164,1379.91,1.348,14,False
USG00009591,4548-SDBKE,2026-08-26,TWR00005,167,3486.89,3.405,10,False
USG00009592,3410-MHHUM,2026-08-26,TWR00080,154,4400.65,4.298,3,False
USG00009593,1383-EZRWL,2026-08-26,TWR00093,99,3381.95,3.303,24,False
USG00009594,2034-GDRCN,2026-08-26,TWR00063,174,396.57,0.387,24,False
USG00009595,9229-RQABD,2026-08-26,TWR00098,179,1447.37,1.413,17,False
USG00009596,9451-LPGOO,2026-08-26,TWR00009,107,3474.13,3.393,1,False
USG00009597,6134-KWTBV,2026-08-26,TWR00015,124,4464.75,4.36,20,False
USG00009598,2025-JKFWI,2026-08-26,TWR00043,28,2063.17,2.015,1,False
USG00009599,5671-RQRLP,2026-08-26,TWR00074,26,1379.01,1.347,9,False
USG00009600,7853-GVUDZ,2026-08-26,TWR00080,137,1445.6,1.412,6,False
USG00009601,3786-WOVKF,2026-08-26,TWR00017,179,654.31,0.639,20,False
USG00009602,0708-SJDIS,2026-08-26,TWR00050,157,1529.23,1.493,5,False
USG00009603,8818-XYFCQ,2026-08-26,TWR00055,138,3824.39,3.735,6,False
USG00009604,6899-PPEEA,2026-08-26,TWR00100,116,73.09,0.071,10,True
USG00009605,6749-UTDVX,2026-08-26,TWR00035,71,381.2,0.372,17,False
USG00009606,1121-QSIVB,2026-08-26,TWR00044,12,2719.31,2.656,19,False
USG00009607,6227-FBDXH,2026-08-26,TWR00001,154,3026.68,2.956,5,False
USG00009608,9250-WYPLL,2026-08-26,TWR00088,104,1769.25,1.728,16,False
USG00009609,0459-SPZHJ,2026-08-26,TWR00048,10,1648.95,1.61,4,False
USG00009610,6029-CSMJE,2026-08-26,TWR00014,165,3216.03,3.141,22,False
USG00009611,6040-CGACY,2026-08-26,TWR00076,14,564.29,0.551,7,False
USG00009612,1335-NTIUC,2026-08-26,TWR00078,138,1854.27,1.811,5,True
USG00009613,5793-YOLJN,2026-08-26,TWR00082,25,2452.49,2.395,23,False
USG00009614,0455-ENTCR,2026-08-26,TWR00016,131,647.25,0.632,11,False
USG00009615,1452-XRSJV,2026-08-26,TWR00071,1,985.94,0.963,5,False
USG00009616,7140-ADSMJ,2026-08-26,TWR00056,64,1135.0,1.108,7,False
USG00009617,8455-HIRAQ,2026-08-26,TWR00040,29,3076.2,3.004,9,False
USG00009618,5980-BDHPY,2026-08-26,TWR00023,36,3843.21,3.753,16,False
USG00009619,1073-XXCZD,2026-08-26,TWR00098,95,644.93,0.63,4,True
USG00009620,1573-LGXBA,2026-08-26,TWR00099,98,526.08,0.514,20,False
USG00009621,3941-XTSKM,2026-08-26,TWR00021,64,2735.78,2.672,13,False
USG00009622,8012-SOUDQ,2026-08-26,TWR00049,111,2661.89,2.6,6,False
USG00009623,0537-QYZZN,2026-08-26,TWR00069,94,4037.26,3.943,18,False
USG00009624,0314-TKOSI,2026-08-26,TWR00080,64,3167.7,3.093,18,False
USG00009625,6168-WFVVF,2026-08-26,TWR00094,155,2972.03,2.902,17,False
USG00009626,2237-ZFSMY,2026-08-26,TWR00033,81,870.9,0.85,1,False
USG00009627,7898-PDWQE,2026-08-26,TWR00085,33,4369.05,4.267,10,False
USG00009628,5129-HHMZC,2026-08-26,TWR00029,107,2906.79,2.839,7,False
USG00009629,4334-HOWRP,2026-08-26,TWR00032,180,1189.62,1.162,11,False
USG00009630,1371-OJCEK,2026-08-26,TWR00018,118,1826.56,1.784,22,False
USG00009631,8414-MYSHR,2026-08-26,TWR00043,137,4043.67,3.949,10,False
USG00009632,5176-LMJXE,2026-08-26,TWR00048,83,1991.58,1.945,12,False
USG00009633,5850-BDWCY,2026-08-26,TWR00099,67,2736.08,2.672,1,False
USG00009634,5150-LJNSR,2026-08-26,TWR00036,166,2733.49,2.669,16,False
USG00009635,6784-XYJAE,2026-08-26,TWR00045,116,4262.75,4.163,18,False
USG00009636,6223-DHJGV,2026-08-26,TWR00023,144,677.8,0.662,6,False
USG00009637,4102-HLENU,2026-08-26,TWR00086,47,2343.91,2.289,6,False
USG00009638,9200-NLNPD,2026-08-26,TWR00003,152,100.33,0.098,25,False
USG00009639,7929-DMBCV,2026-08-26,TWR00078,130,3156.22,3.082,15,False
USG00009640,8316-BBQAY,2026-08-26,TWR00078,84,939.67,0.918,14,False
USG00009641,8327-WKMIE,2026-08-26,TWR00045,91,3508.76,3.427,8,False
USG00009642,4933-BSAIP,2026-08-26,TWR00003,25,1861.02,1.817,24,False
USG00009643,8805-JNRAZ,2026-08-26,TWR00040,6,1979.22,1.933,9,False
USG00009644,2072-ZVJJX,2026-08-26,TWR00071,57,306.98,0.3,12,False
USG00009645,6253-WRFHY,2026-08-26,TWR00083,58,1070.01,1.045,6,False
USG00009646,7562-GSUHK,2026-08-26,TWR00024,131,3490.04,3.408,7,False
USG00009647,6240-EURKS,2026-08-26,TWR00067,85,3265.21,3.189,25,False
USG00009648,7758-UJWYS,2026-08-26,TWR00066,175,148.85,0.145,12,False
USG00009649,0842-IWYCP,2026-08-26,TWR00066,88,984.58,0.962,18,False
USG00009650,5013-SBUIH,2026-08-26,TWR00078,112,3517.5,3.435,13,False
USG00009651,8780-RSYYU,2026-08-26,TWR00006,80,2833.32,2.767,10,False
USG00009652,3466-WAESX,2026-08-26,TWR00078,6,2022.6,1.975,12,False
USG00009653,1460-UZPRJ,2026-08-26,TWR00077,65,4332.23,4.231,4,False
USG00009654,5293-WXJAK,2026-08-26,TWR00054,119,3377.1,3.298,25,False
USG00009655,0148-DCDOS,2026-08-26,TWR00069,69,1226.07,1.197,22,True
USG00009656,4378-BZYFP,2026-08-26,TWR00086,164,817.29,0.798,21,False
USG00009657,9658-WYUFB,2026-08-26,TWR00085,140,3872.87,3.782,13,False
USG00009658,3590-TCXTB,2026-08-26,TWR00090,64,4040.5,3.946,12,False
USG00009659,9755-JHNMN,2026-08-26,TWR00071,62,55.14,0.054,3,False
USG00009660,9136-ALYBR,2026-08-26,TWR00075,115,1893.22,1.849,12,False
USG00009661,7130-YXBRO,2026-08-26,TWR00044,117,617.8,0.603,12,False
USG00009662,8456-QDAVC,2026-08-26,TWR00034,47,1006.85,0.983,2,True
USG00009663,3021-VLNRJ,2026-08-26,TWR00086,74,62.91,0.061,3,False
USG00009664,2325-WINES,2026-08-26,TWR00019,132,2073.3,2.025,3,False
USG00009665,6078-VESFR,2026-08-26,TWR00056,104,2776.42,2.711,21,False
USG00009666,8847-GEOOQ,2026-08-26,TWR00028,122,4137.53,4.041,0,False
USG00009667,8628-MFKAX,2026-08-26,TWR00088,113,1661.87,1.623,22,False
USG00009668,6372-RFVNS,2026-08-26,TWR00057,12,2005.06,1.958,23,False
USG00009669,6549-NNDYT,2026-08-26,TWR00090,2,371.22,0.363,22,False
USG00009670,2259-OUUSZ,2026-08-26,TWR00074,56,1468.31,1.434,23,False
USG00009671,9058-CBREO,2026-08-26,TWR00060,61,3271.58,3.195,23,False
USG00009672,4323-ELYYB,2026-08-26,TWR00012,85,3039.02,2.968,23,False
USG00009673,2979-SXESE,2026-08-26,TWR00041,48,2399.71,2.343,9,False
USG00009674,2138-VFAPZ,2026-08-26,TWR00010,129,3482.53,3.401,4,False
USG00009675,7760-OYPDY,2026-08-26,TWR00036,106,3909.34,3.818,9,False
USG00009676,4254-QPEDE,2026-08-26,TWR00026,130,2339.88,2.285,20,False
USG00009677,8741-LQOBK,2026-08-26,TWR00032,55,2897.45,2.83,22,False
USG00009678,5716-EZXZN,2026-08-26,TWR00037,146,3816.79,3.727,25,True
USG00009679,7786-WBJYI,2026-08-26,TWR00098,102,2877.78,2.81,23,False
USG00009680,7629-WIXZF,2026-08-26,TWR00042,145,1506.31,1.471,20,False
USG00009681,2845-KDHVX,2026-08-26,TWR00094,18,2111.22,2.062,2,False
USG00009682,0623-GDISB,2026-08-26,TWR00018,120,4202.26,4.104,14,False
USG00009683,6663-JOCQO,2026-08-26,TWR00029,171,1238.21,1.209,3,False
USG00009684,6599-RCLCJ,2026-08-26,TWR00034,33,1428.48,1.395,16,False
USG00009685,7251-LJBQN,2026-08-26,TWR00090,90,3661.55,3.576,4,False
USG00009686,4759-TRPLW,2026-08-26,TWR00018,163,1397.67,1.365,22,False
USG00009687,1574-DYCWE,2026-08-26,TWR00083,128,1914.51,1.87,16,False
USG00009688,3178-FESZO,2026-08-26,TWR00044,169,2151.82,2.101,12,False
USG00009689,4118-CEVPF,2026-08-26,TWR00036,85,3174.09,3.1,24,False
USG00009690,1334-FJSVR,2026-08-26,TWR00047,31,2808.71,2.743,8,True
USG00009691,0516-VRYBW,2026-08-26,TWR00088,46,1247.75,1.219,17,False
USG00009692,4817-KEQSP,2026-08-26,TWR00072,51,3826.73,3.737,2,True
USG00009693,0640-YJTPY,2026-08-26,TWR00089,145,4354.81,4.253,20,False
USG00009694,2079-FBMZK,2026-08-26,TWR00024,71,72.14,0.07,23,False
USG00009695,8229-BUJHX,2026-08-26,TWR00080,91,2474.99,2.417,8,False
USG00009696,4178-EGMON,2026-08-26,TWR00060,47,4226.76,4.128,13,False
USG00009697,3440-JPSCL,2026-08-26,TWR00062,61,1519.41,1.484,6,False
USG00009698,1265-BCFEO,2026-08-26,TWR00026,114,168.13,0.164,9,True
USG00009699,7919-ZODZZ,2026-08-26,TWR00050,0,392.32,0.383,25,False
USG00009700,2889-FPWRM,2026-08-26,TWR00092,114,2178.47,2.127,2,False
USG00009701,8910-LEDAG,2026-08-26,TWR00080,152,1653.19,1.614,15,False
USG00009702,8221-EQDGL,2026-08-26,TWR00054,34,3315.48,3.238,2,False
USG00009703,5816-QVHRX,2026-08-26,TWR00072,90,1464.57,1.43,15,False
USG00009704,6015-VVHHE,2026-08-26,TWR00071,16,3989.73,3.896,20,False
USG00009705,8573-JGCZW,2026-08-26,TWR00040,6,3614.14,3.529,23,False
USG00009706,7175-NTIXE,2026-08-26,TWR00016,92,296.83,0.29,7,False
USG00009707,2452-KDRRH,2026-08-26,TWR00043,86,749.01,0.731,13,False
USG00009708,5816-SCGFC,2026-08-26,TWR00066,2,2191.84,2.14,16,False
USG00009709,5976-JCJRH,2026-08-26,TWR00013,174,3649.7,3.564,21,False
USG00009710,4647-MUZON,2026-08-26,TWR00058,116,1517.5,1.482,20,False
USG00009711,2810-FTLEM,2026-08-26,TWR00054,150,3288.3,3.211,5,False
USG00009712,5884-FBCTL,2026-08-26,TWR00065,115,2766.08,2.701,6,False
USG00009713,8338-QIUNR,2026-08-26,TWR00062,138,938.93,0.917,24,True
USG00009714,3577-AMVUX,2026-08-26,TWR00033,36,4075.99,3.98,17,False
USG00009715,4335-BSMJS,2026-08-26,TWR00022,19,717.0,0.7,1,False
USG00009716,9750-BOOHV,2026-08-26,TWR00069,43,935.21,0.913,6,True
USG00009717,6005-OBZPH,2026-08-26,TWR00072,138,603.3,0.589,13,True
USG00009718,0898-XCGTF,2026-08-26,TWR00011,48,899.01,0.878,25,False
USG00009719,4950-BDEUX,2026-08-26,TWR00098,89,1485.69,1.451,20,False
USG00009720,8999-XXGNS,2026-08-26,TWR00093,166,3639.38,3.554,15,False
USG00009721,6341-JVQGF,2026-08-26,TWR00016,78,345.91,0.338,2,False
USG00009722,5370-IIVVL,2026-08-26,TWR00017,24,217.77,0.213,6,False
USG00009723,9725-SCPZG,2026-08-26,TWR00043,11,2382.06,2.326,25,False
USG00009724,4878-BUNFV,2026-08-26,TWR00039,3,3266.27,3.19,10,True
USG00009725,3298-QEICA,2026-08-26,TWR00095,156,2764.85,2.7,17,False
USG00009726,1104-TNLZA,2026-08-26,TWR00005,25,587.36,0.574,0,False
USG00009727,4236-UJPWO,2026-08-26,TWR00058,166,3571.82,3.488,0,False
USG00009728,4114-QMKVN,2026-08-26,TWR00016,30,3648.83,3.563,12,False
USG00009729,6215-NQCPY,2026-08-26,TWR00070,44,2849.76,2.783,25,False
USG00009730,2085-JVGAD,2026-08-26,TWR00099,110,1493.34,1.458,4,False
USG00009731,9874-QLCLH,2026-08-26,TWR00022,108,2503.7,2.445,9,True
USG00009732,2824-DXNKN,2026-08-26,TWR00064,80,2046.43,1.998,1,False
USG00009733,1156-ZFYDO,2026-08-26,TWR00036,107,2316.49,2.262,13,False
USG00009734,3642-BYHDO,2026-08-26,TWR00064,9,1003.99,0.98,20,False
USG00009735,9309-BZGNT,2026-08-26,TWR00080,63,1582.45,1.545,2,False
USG00009736,3113-IWHLC,2026-08-26,TWR00085,109,1745.04,1.704,7,False
USG00009737,2305-MRGLV,2026-08-26,TWR00074,17,1724.67,1.684,23,False
USG00009738,5148-HKFIR,2026-08-26,TWR00020,37,840.9,0.821,2,True
USG00009739,1635-FJFCC,2026-08-26,TWR00004,163,2592.69,2.532,23,False
USG00009740,1051-GEJLJ,2026-08-26,TWR00028,141,775.26,0.757,19,False
USG00009741,8550-XSXUQ,2026-08-26,TWR00027,128,1104.38,1.078,11,False
USG00009742,1784-EZDKJ,2026-08-26,TWR00087,157,1331.11,1.3,2,False
USG00009743,1866-NXPSP,2026-08-26,TWR00041,122,99.69,0.097,20,False
USG00009744,0743-HRVFF,2026-08-26,TWR00084,101,2348.34,2.293,13,False
USG00009745,3428-XZMAZ,2026-08-26,TWR00090,135,3178.71,3.104,13,False
USG00009746,7011-CVEUC,2026-08-26,TWR00051,52,4292.56,4.192,25,False
USG00009747,5605-IYGFG,2026-08-26,TWR00093,93,728.81,0.712,13,False
USG00009748,2959-MJHIC,2026-08-26,TWR00071,140,102.51,0.1,2,False
USG00009749,9862-KJTYK,2026-08-26,TWR00008,175,3171.85,3.098,2,True
USG00009750,4183-WCSEP,2026-08-26,TWR00010,82,4396.32,4.293,5,False
USG00009751,3987-KQDDU,2026-08-26,TWR00092,125,1920.72,1.876,23,False
USG00009752,6199-IPCAO,2026-08-26,TWR00062,179,2071.33,2.023,1,False
USG00009753,4012-YCFAI,2026-08-26,TWR00093,72,2355.36,2.3,5,False
USG00009754,3685-YLCMQ,2026-08-26,TWR00048,0,2175.46,2.124,19,False
USG00009755,8929-KSWIH,2026-08-26,TWR00086,94,2673.28,2.611,16,False
USG00009756,0953-LGOVU,2026-08-26,TWR00047,105,918.4,0.897,21,False
USG00009757,9530-EHPOH,2026-08-26,TWR00071,142,3741.27,3.654,21,False
USG00009758,7128-GGCNO,2026-08-26,TWR00014,32,1798.29,1.756,11,False
USG00009759,1769-GRUIK,2026-08-26,TWR00092,91,147.47,0.144,19,False
USG00009760,8069-RHUXK,2026-08-26,TWR00056,150,577.32,0.564,23,False
USG00009761,1534-OULXE,2026-08-26,TWR00009,109,1345.03,1.314,4,False
USG00009762,7321-KKSDU,2026-08-26,TWR00025,73,3662.44,3.577,3,True
USG00009763,2274-XUATA,2026-08-26,TWR00016,89,1880.38,1.836,9,False
USG00009764,8348-HFYIV,2026-08-26,TWR00047,144,609.47,0.595,1,False
USG00009765,1550-EENBN,2026-08-26,TWR00015,135,755.85,0.738,19,False
USG00009766,9560-BBZXK,2026-08-26,TWR00033,115,1553.82,1.517,19,False
USG00009767,3902-MIVLE,2026-08-26,TWR00061,67,2321.93,2.268,12,False
USG00009768,8010-EZLOU,2026-08-26,TWR00073,72,1955.54,1.91,18,False
USG00009769,6950-TWMYB,2026-08-26,TWR00052,8,1140.12,1.113,23,False
USG00009770,8532-UEFWH,2026-08-26,TWR00038,166,2319.45,2.265,16,False
USG00009771,1335-MXCSE,2026-08-26,TWR00070,120,2028.06,1.981,14,False
USG00009772,0052-DCKON,2026-08-26,TWR00040,108,1993.84,1.947,18,False
USG00009773,7743-EXURX,2026-08-26,TWR00063,31,4186.88,4.089,13,False
USG00009774,2362-IBOOY,2026-08-26,TWR00028,141,230.03,0.225,22,False
USG00009775,7855-DIWPO,2026-08-26,TWR00070,50,2353.43,2.298,7,False
USG00009776,1241-FPMOF,2026-08-26,TWR00052,16,2991.46,2.921,16,False
USG00009777,3043-TYBNO,2026-08-26,TWR00006,119,2946.42,2.877,2,False
USG00009778,5619-XZZKR,2026-08-26,TWR00082,0,237.3,0.232,1,False
USG00009779,7018-WBJNK,2026-08-26,TWR00045,66,1323.49,1.292,15,False
USG00009780,5389-FFVKB,2026-08-26,TWR00079,72,3774.81,3.686,7,False
USG00009781,9405-GPBBG,2026-08-26,TWR00032,34,159.79,0.156,0,False
USG00009782,3058-WQDRE,2026-08-26,TWR00005,53,158.85,0.155,12,False
USG00009783,4616-EWBNJ,2026-08-26,TWR00037,73,1252.74,1.223,4,False
USG00009784,0959-WHOKV,2026-08-26,TWR00095,37,3104.64,3.032,13,False
USG00009785,1431-CYWMH,2026-08-26,TWR00027,107,2581.61,2.521,14,False
USG00009786,1338-CECEE,2026-08-26,TWR00008,64,2536.0,2.477,20,False
USG00009787,4026-SKKHW,2026-08-26,TWR00054,96,3850.32,3.76,25,False
USG00009788,2378-YIZKA,2026-08-26,TWR00020,96,2723.54,2.66,0,False
USG00009789,8620-RJPZN,2026-08-26,TWR00050,173,2447.35,2.39,11,False
USG00009790,3319-DWOEP,2026-08-26,TWR00033,149,1699.9,1.66,4,False
USG00009791,8544-JNBOX,2026-08-26,TWR00003,179,2664.9,2.602,23,False
USG00009792,7020-OZKXZ,2026-08-26,TWR00096,96,1383.33,1.351,3,False
USG00009793,6817-WTYHE,2026-08-26,TWR00029,6,2460.3,2.403,22,True
USG00009794,4065-JJAVA,2026-08-26,TWR00037,73,2078.46,2.03,23,False
USG00009795,8345-MVDYC,2026-08-26,TWR00030,57,2315.37,2.261,11,False
USG00009796,8690-ZVLCL,2026-08-26,TWR00025,160,2252.77,2.2,23,False
USG00009797,0871-URUWO,2026-08-26,TWR00034,117,2557.21,2.497,5,False
USG00009798,8434-PNQZX,2026-08-26,TWR00041,132,2744.21,2.68,19,False
USG00009799,6198-PNNSZ,2026-08-26,TWR00087,71,1673.79,1.635,3,False
USG00009800,0650-BWOZN,2026-08-26,TWR00035,31,4142.53,4.045,24,False
USG00009801,5542-TBBWB,2026-08-26,TWR00072,97,1881.63,1.838,3,False
USG00009802,2725-KXXWT,2026-08-26,TWR00038,154,2075.96,2.027,18,True
USG00009803,3798-EPWRR,2026-08-26,TWR00065,54,2250.47,2.198,0,False
USG00009804,6794-HKIAJ,2026-08-26,TWR00028,161,2652.36,2.59,23,False
USG00009805,2530-ENDWQ,2026-08-26,TWR00014,2,714.57,0.698,12,True
USG00009806,8519-IMDHU,2026-08-26,TWR00085,158,92.69,0.091,5,False
USG00009807,5522-NYKPB,2026-08-26,TWR00082,93,3540.76,3.458,1,True
USG00009808,4607-CHPCA,2026-08-26,TWR00053,8,231.83,0.226,19,False
USG00009809,2159-TURXX,2026-08-26,TWR00059,172,1520.15,1.485,16,False
USG00009810,0536-ESJEP,2026-08-26,TWR00086,173,317.14,0.31,19,False
USG00009811,0057-QBUQH,2026-08-26,TWR00051,161,3044.85,2.973,18,False
USG00009812,6252-DFGTK,2026-08-26,TWR00034,44,2916.52,2.848,7,False
USG00009813,2791-SFVEW,2026-08-26,TWR00096,82,688.97,0.673,10,False
USG00009814,5839-SUYVZ,2026-08-26,TWR00072,17,713.54,0.697,9,False
USG00009815,4195-PNGZS,2026-08-26,TWR00009,71,2088.23,2.039,23,False
USG00009816,7465-ZZRVX,2026-08-26,TWR00050,117,227.2,0.222,5,False
USG00009817,0559-CKHUS,2026-08-26,TWR00035,110,2810.54,2.745,9,False
USG00009818,2676-SSLTO,2026-08-26,TWR00010,144,1455.25,1.421,6,False
USG00009819,6818-WOBHJ,2026-08-26,TWR00005,180,4030.76,3.936,2,False
USG00009820,6087-YPWHO,2026-08-26,TWR00087,97,4129.11,4.032,19,False
USG00009821,1301-LOPVR,2026-08-26,TWR00093,77,3615.59,3.531,6,False
USG00009822,2923-ARZLG,2026-08-26,TWR00058,6,4416.64,4.313,13,False
USG00009823,1051-EQPZR,2026-08-26,TWR00076,136,1522.78,1.487,7,False
USG00009824,7176-WRTNX,2026-08-26,TWR00098,103,4301.1,4.2,9,False
USG00009825,1624-NALOJ,2026-08-26,TWR00012,116,390.8,0.382,6,False
USG00009826,9367-OIUXP,2026-08-26,TWR00007,124,3359.69,3.281,13,False
USG00009827,5593-SUAOO,2026-08-26,TWR00009,31,521.46,0.509,6,False
USG00009828,9092-GDZKO,2026-08-26,TWR00091,72,1049.94,1.025,19,False
USG00009829,9114-VEPUF,2026-08-26,TWR00093,94,922.87,0.901,1,True
USG00009830,9708-HPXWZ,2026-08-26,TWR00011,32,3370.44,3.291,24,False
USG00009831,2351-BKRZW,2026-08-26,TWR00005,73,3309.48,3.232,4,False
USG00009832,2384-OVPSA,2026-08-26,TWR00041,78,4278.73,4.178,17,False
USG00009833,6016-LVTJQ,2026-08-26,TWR00092,180,4384.84,4.282,13,False
USG00009834,9633-DENPU,2026-08-26,TWR00002,166,700.7,0.684,21,False
USG00009835,9814-AOUDH,2026-08-26,TWR00055,160,1234.18,1.205,14,False
USG00009836,7633-MVPUY,2026-08-26,TWR00065,126,3371.81,3.293,21,False
USG00009837,6870-ECSHE,2026-08-26,TWR00039,70,270.48,0.264,9,False
USG00009838,7314-OXENN,2026-08-26,TWR00054,97,1678.94,1.64,3,False
USG00009839,3808-HFKDE,2026-08-26,TWR00057,26,184.89,0.181,17,False
USG00009840,2664-XJZNO,2026-08-26,TWR00002,172,4191.41,4.093,20,False
USG00009841,6242-SGYTS,2026-08-26,TWR00027,148,2720.95,2.657,10,False
USG00009842,2453-SAFNS,2026-08-26,TWR00010,29,2059.58,2.011,13,True
USG00009843,8065-BVEPF,2026-08-26,TWR00037,52,3277.74,3.201,12,True
USG00009844,0058-EVZWM,2026-08-26,TWR00036,9,472.86,0.462,16,False
USG00009845,8035-BUYVG,2026-08-26,TWR00056,66,982.82,0.96,13,False
USG00009846,8981-FJGLA,2026-08-26,TWR00067,84,3001.37,2.931,17,False
USG00009847,2568-BRGYX,2026-08-26,TWR00015,33,2177.26,2.126,11,False
USG00009848,0547-HURJB,2026-08-26,TWR00017,126,1973.79,1.928,12,False
USG00009849,3930-ZGWVE,2026-08-26,TWR00046,122,3074.52,3.002,13,False
USG00009850,1179-INLAT,2026-08-26,TWR00074,122,3805.44,3.716,1,False
USG00009851,8773-HHUOZ,2026-08-26,TWR00078,129,164.76,0.161,10,False
USG00009852,5968-HYJRZ,2026-08-26,TWR00032,138,3467.16,3.386,1,False
USG00009853,6651-AZVTJ,2026-08-26,TWR00039,139,4010.86,3.917,21,False
USG00009854,9639-BUJXT,2026-08-26,TWR00098,105,2652.37,2.59,12,False
USG00009855,1875-QIVME,2026-08-26,TWR00010,112,3586.29,3.502,14,False
USG00009856,0839-QNXME,2026-08-26,TWR00070,159,1630.91,1.593,24,False
USG00009857,2398-YPMUR,2026-08-26,TWR00076,101,918.61,0.897,15,False
USG00009858,8259-NFJTV,2026-08-26,TWR00062,116,3468.96,3.388,22,False
USG00009859,8249-THVEC,2026-08-26,TWR00097,114,836.95,0.817,8,False
USG00009860,2519-ERQOJ,2026-08-26,TWR00028,37,3470.39,3.389,0,False
USG00009861,6981-TDRFT,2026-08-26,TWR00033,71,3883.96,3.793,21,False
USG00009862,5968-VXZLG,2026-08-26,TWR00023,80,3342.47,3.264,6,False
USG00009863,1929-ZCBHE,2026-08-26,TWR00052,170,3990.82,3.897,5,False
USG00009864,1395-WSWXR,2026-08-26,TWR00064,173,2571.11,2.511,0,False
USG00009865,5995-WWKKG,2026-08-26,TWR00047,47,2666.89,2.604,25,False
USG00009866,7841-TZDMQ,2026-08-26,TWR00040,94,543.73,0.531,1,False
USG00009867,1226-IENZN,2026-08-26,TWR00018,51,2280.36,2.227,9,False
USG00009868,1303-SRDOK,2026-08-26,TWR00053,66,3370.63,3.292,23,False
USG00009869,9055-MOJJJ,2026-08-26,TWR00048,127,1561.13,1.525,4,False
USG00009870,5364-EVNIB,2026-08-26,TWR00007,171,3531.72,3.449,20,False
USG00009871,1471-GIQKQ,2026-08-26,TWR00086,83,3399.62,3.32,7,False
USG00009872,1867-TJHTS,2026-08-26,TWR00006,68,1955.28,1.909,14,True
USG00009873,6402-ZFPPI,2026-08-26,TWR00046,24,1268.49,1.239,19,False
USG00009874,3323-CPBWR,2026-08-26,TWR00078,23,979.11,0.956,1,False
USG00009875,9909-IDLEK,2026-08-26,TWR00086,13,2463.27,2.406,0,False
USG00009876,7734-DBOAI,2026-08-26,TWR00036,46,1535.64,1.5,17,False
USG00009877,6641-XRPSU,2026-08-26,TWR00049,173,1121.02,1.095,15,False
USG00009878,3285-UCQVC,2026-08-26,TWR00045,52,3567.0,3.483,2,False
USG00009879,5777-KJIRB,2026-08-26,TWR00054,131,2389.08,2.333,14,False
USG00009880,2165-VOEGB,2026-08-26,TWR00038,81,368.98,0.36,13,False
USG00009881,7245-JMTTQ,2026-08-26,TWR00020,1,4230.8,4.132,25,False
USG00009882,3956-MGXOG,2026-08-26,TWR00017,33,2726.15,2.662,1,False
USG00009883,7363-QTBIW,2026-08-26,TWR00010,89,3804.88,3.716,10,False
USG00009884,3682-YEUWS,2026-08-26,TWR00016,119,1236.1,1.207,18,False
USG00009885,5055-MGMGF,2026-08-26,TWR00100,138,3374.5,3.295,7,False
USG00009886,8938-UMKPI,2026-08-26,TWR00043,87,3333.8,3.256,10,False
USG00009887,0104-PPXDV,2026-08-26,TWR00094,53,939.15,0.917,10,False
USG00009888,9972-VAFJJ,2026-08-26,TWR00064,42,4295.74,4.195,12,False
USG00009889,0616-ATFGB,2026-08-26,TWR00036,176,882.39,0.862,3,False
USG00009890,6705-LXORM,2026-08-26,TWR00033,132,3073.85,3.002,1,False
USG00009891,2058-DCJBE,2026-08-26,TWR00065,37,1069.11,1.044,19,False
USG00009892,5465-BUBFA,2026-08-26,TWR00072,43,2683.58,2.621,19,False
USG00009893,9282-IZGQK,2026-08-26,TWR00091,130,3323.7,3.246,23,False
USG00009894,0743-HNPFG,2026-08-26,TWR00068,84,2250.12,2.197,5,False
USG00009895,9152-AMKAK,2026-08-26,TWR00012,18,1124.21,1.098,24,False
USG00009896,3995-WFCSM,2026-08-26,TWR00066,38,2836.74,2.77,21,False
USG00009897,3795-GWTRD,2026-08-26,TWR00011,120,1643.14,1.605,24,False
USG00009898,0621-JFHOL,2026-08-26,TWR00092,108,3185.63,3.111,18,False
USG00009899,0310-MVLET,2026-08-26,TWR00076,49,768.23,0.75,4,False
USG00009900,1077-HUUJM,2026-08-26,TWR00078,115,1951.76,1.906,18,False
USG00009901,4671-VJLCL,2026-08-26,TWR00074,62,2944.64,2.876,12,False
USG00009902,8735-DCXNF,2026-08-26,TWR00017,87,274.1,0.268,3,True
USG00009903,5296-BFCYD,2026-08-26,TWR00011,76,3625.29,3.54,24,False
USG00009904,8450-UYIBU,2026-08-26,TWR00045,88,2803.92,2.738,5,True
USG00009905,8949-JTMAY,2026-08-26,TWR00100,80,425.83,0.416,8,False
USG00009906,5498-IBWPI,2026-08-26,TWR00074,71,1949.64,1.904,4,True
USG00009907,3550-SAHFP,2026-08-26,TWR00025,113,4317.09,4.216,7,False
USG00009908,6137-MFAJN,2026-08-26,TWR00006,167,2879.29,2.812,11,False
USG00009909,6906-MPARY,2026-08-26,TWR00062,60,4258.28,4.158,12,False
USG00009910,5897-ZYEKH,2026-08-26,TWR00088,75,4473.86,4.369,22,False
USG00009911,1212-GLHMD,2026-08-26,TWR00076,29,2717.65,2.654,18,False
USG00009912,4648-YPBTM,2026-08-26,TWR00082,113,105.87,0.103,15,True
USG00009913,6900-PXRMS,2026-08-26,TWR00090,23,2578.01,2.518,15,True
USG00009914,7858-GTZSP,2026-08-26,TWR00043,41,4102.79,4.007,20,False
USG00009915,3572-UUHRS,2026-08-26,TWR00097,175,3102.72,3.03,2,False
USG00009916,0939-YAPAF,2026-08-26,TWR00052,45,1470.37,1.436,5,False
USG00009917,6169-PPETC,2026-08-26,TWR00094,67,99.3,0.097,0,False
USG00009918,0825-CPPQH,2026-08-26,TWR00071,40,2558.09,2.498,2,False
USG00009919,6258-NGCNG,2026-08-26,TWR00058,83,290.36,0.284,24,True
USG00009920,1084-UQCHV,2026-08-26,TWR00089,121,797.63,0.779,3,False
USG00009921,9708-KFDBY,2026-08-26,TWR00044,36,2678.86,2.616,4,False
USG00009922,2710-WYVXG,2026-08-26,TWR00007,149,2575.8,2.515,24,False
USG00009923,7560-QJAVJ,2026-08-26,TWR00016,24,3596.04,3.512,14,False
USG00009924,7234-FECYN,2026-08-26,TWR00078,167,641.38,0.626,24,False
USG00009925,4702-IOQDC,2026-08-26,TWR00075,170,3097.5,3.025,21,False
USG00009926,8651-ENBZX,2026-08-26,TWR00083,9,4307.54,4.207,9,False
USG00009927,2439-QKJUL,2026-08-26,TWR00003,64,2403.04,2.347,22,False
USG00009928,7196-LIWRH,2026-08-26,TWR00032,160,698.84,0.682,25,False
USG00009929,9364-YKUVW,2026-08-26,TWR00042,178,2292.38,2.239,6,False
USG00009930,3144-KMTWZ,2026-08-26,TWR00091,21,3465.94,3.385,7,False
USG00009931,7055-HNEOJ,2026-08-26,TWR00010,80,4003.0,3.909,1,True
USG00009932,4124-MMETB,2026-08-26,TWR00084,15,327.49,0.32,0,False
USG00009933,3070-DVEYC,2026-08-26,TWR00100,45,4324.94,4.224,22,False
USG00009934,4422-QVIJA,2026-08-26,TWR00033,147,1676.84,1.638,17,False
USG00009935,6827-IEAUQ,2026-08-26,TWR00082,28,3845.19,3.755,0,False
USG00009936,7587-RZNME,2026-08-26,TWR00049,89,4450.14,4.346,9,False
USG00009937,0130-SXOUN,2026-08-26,TWR00049,124,1453.18,1.419,7,False
USG00009938,2498-XLDZR,2026-08-26,TWR00068,23,1137.48,1.111,6,False
USG00009939,1555-DJEQW,2026-08-26,TWR00069,84,524.29,0.512,22,False
USG00009940,4360-QRAVE,2026-08-26,TWR00068,52,456.16,0.445,9,False
USG00009941,3518-FSTWG,2026-08-26,TWR00071,165,4474.21,4.369,7,False
USG00009942,3748-FVMZZ,2026-08-26,TWR00097,146,1145.48,1.119,16,False
USG00009943,6365-HITVU,2026-08-26,TWR00088,11,4236.71,4.137,3,False
USG00009944,1790-NESIO,2026-08-26,TWR00026,97,3756.44,3.668,4,False
USG00009945,6648-INWPS,2026-08-26,TWR00086,144,1590.36,1.553,6,False
USG00009946,8007-YYPWD,2026-08-26,TWR00033,173,3192.98,3.118,22,False
USG00009947,1952-DVVSW,2026-08-26,TWR00001,158,115.51,0.113,6,True
USG00009948,6615-NGGZJ,2026-08-26,TWR00009,46,1593.59,1.556,24,False
USG00009949,9251-AWQGT,2026-08-26,TWR00062,121,1593.34,1.556,22,False
USG00009950,7596-LDUXP,2026-08-26,TWR00068,116,3014.57,2.944,25,False
USG00009951,8999-BOHSE,2026-08-26,TWR00086,69,2825.82,2.76,20,False
USG00009952,5889-LFOLL,2026-08-26,TWR00026,84,2112.26,2.063,7,False
USG00009953,7139-JZFVG,2026-08-26,TWR00028,0,4311.56,4.211,6,False
USG00009954,7571-YXDAD,2026-08-26,TWR00010,15,2459.1,2.401,4,False
USG00009955,4097-YODCF,2026-08-26,TWR00018,113,1391.0,1.358,4,False
USG00009956,8070-AAWZP,2026-08-26,TWR00017,2,3482.9,3.401,23,False
USG00009957,0824-VWDPO,2026-08-26,TWR00008,141,2516.83,2.458,6,False
USG00009958,1094-BKOSX,2026-08-26,TWR00002,177,2974.27,2.905,13,False
USG00009959,3976-HXHCE,2026-08-26,TWR00089,164,105.72,0.103,7,True
USG00009960,2581-VKIRT,2026-08-26,TWR00026,86,1495.94,1.461,13,False
USG00009961,7077-XJMET,2026-08-26,TWR00076,113,886.75,0.866,4,True
USG00009962,0696-UKTOX,2026-08-26,TWR00019,80,2226.2,2.174,2,False
USG00009963,1696-HXOWK,2026-08-26,TWR00035,144,305.53,0.298,9,False
USG00009964,4881-JVQOD,2026-08-26,TWR00100,12,1034.22,1.01,23,False
USG00009965,2479-BRAMR,2026-08-26,TWR00038,20,746.13,0.729,4,False
USG00009966,2263-SFSQZ,2026-08-26,TWR00066,53,1673.5,1.634,7,False
USG00009967,7607-QKKTJ,2026-08-26,TWR00007,175,3023.4,2.953,16,True
USG00009968,5921-NGYRH,2026-08-26,TWR00016,22,3766.51,3.678,3,False
USG00009969,6907-CQGPN,2026-08-26,TWR00052,143,3798.55,3.71,18,False
USG00009970,8200-LGKSR,2026-08-26,TWR00014,164,4345.75,4.244,12,False
USG00009971,8250-ZNGGW,2026-08-26,TWR00045,138,3227.37,3.152,15,False
USG00009972,7351-MHQVU,2026-08-26,TWR00074,5,429.39,0.419,23,False
USG00009973,4937-QPZPO,2026-08-26,TWR00021,92,3546.99,3.464,15,False
USG00009974,8950-MTZNV,2026-08-26,TWR00042,133,1211.92,1.184,17,True
USG00009975,9743-DQKQW,2026-08-26,TWR00061,23,764.69,0.747,14,False
USG00009976,2725-TTRIQ,2026-08-26,TWR00080,65,2527.32,2.468,5,False
USG00009977,2642-MAWLJ,2026-08-26,TWR00069,50,2069.57,2.021,19,False
USG00009978,9386-LDCZR,2026-08-26,TWR00097,102,4317.49,4.216,24,False
USG00009979,7663-CUXZB,2026-08-26,TWR00017,46,1893.48,1.849,21,False
USG00009980,8917-SZTTJ,2026-08-26,TWR00040,94,2825.37,2.759,12,True
USG00009981,5712-PTIWW,2026-08-26,TWR00019,147,3687.09,3.601,2,False
USG00009982,7234-KMNRQ,2026-08-26,TWR00043,115,3412.88,3.333,22,False
USG00009983,7665-VIGUD,2026-08-26,TWR00011,91,1276.5,1.247,5,False
USG00009984,6907-NZZIJ,2026-08-26,TWR00071,148,3557.53,3.474,13,False
USG00009985,7026-YMSBE,2026-08-26,TWR00051,165,3491.76,3.41,14,True
USG00009986,7544-ZVIKX,2026-08-26,TWR00088,26,2682.45,2.62,19,False
USG00009987,1452-KIOVK,2026-08-26,TWR00029,30,401.55,0.392,0,False
USG00009988,2371-JQHZZ,2026-08-26,TWR00091,38,1371.0,1.339,22,False
USG00009989,6116-RFVHN,2026-08-26,TWR00071,29,4108.89,4.013,13,False
USG00009990,0327-WFZSY,2026-08-26,TWR00052,48,1357.87,1.326,20,False
USG00009991,8044-BGWPI,2026-08-26,TWR00059,64,1258.6,1.229,25,False
USG00009992,8118-LSUEL,2026-08-26,TWR00027,175,3058.01,2.986,10,False
USG00009993,6348-SNFUS,2026-08-26,TWR00027,135,4046.79,3.952,22,False
USG00009994,8189-HBVRW,2026-08-26,TWR00049,158,2803.64,2.738,22,False
USG00009995,1202-KKGFU,2026-08-26,TWR00017,107,3612.02,3.527,5,False
USG00009996,9805-FILKB,2026-08-26,TWR00007,89,1621.56,1.584,15,False
USG00009997,9432-VOFYX,2026-08-26,TWR00061,43,4007.11,3.913,19,False
USG00009998,9494-MRNYX,2026-08-26,TWR00096,1,1996.02,1.949,1,False
USG00009999,0096-BXERS,2026-08-26,TWR00095,108,3175.44,3.101,8,False
USG00010000,1304-NECVQ,2026-08-26,TWR00088,133,3102.26,3.03,17,False
USG00010001,1336-EZFZY,2026-08-26,TWR00002,85,3781.03,3.692,11,False
USG00010002,6145-NNPNO,2026-08-26,TWR00095,123,2936.76,2.868,17,False
USG00010003,5196-WPYOW,2026-08-26,TWR00042,80,2061.58,2.013,25,True
USG00010004,1097-FSPVW,2026-08-26,TWR00074,102,3484.74,3.403,12,False
USG00010005,4626-OZDTJ,2026-08-26,TWR00016,23,4228.54,4.129,22,False
USG00010006,1635-HDGFT,2026-08-26,TWR00011,145,1177.28,1.15,18,False
USG00010007,4423-JWZJN,2026-08-26,TWR00095,0,2558.22,2.498,1,False
USG00010008,8197-BFWVU,2026-08-26,TWR00022,6,2761.73,2.697,1,False
USG00010009,0587-DMGBH,2026-08-26,TWR00029,154,747.65,0.73,17,False
USG00010010,8049-WJCLQ,2026-08-26,TWR00087,72,915.3,0.894,6,False
USG00010011,2592-SEIFQ,2026-08-26,TWR00064,97,3710.14,3.623,13,False
USG00010012,3396-DKDEL,2026-08-26,TWR00019,164,2368.42,2.313,20,True
USG00010013,7124-UGSUR,2026-08-26,TWR00008,70,474.6,0.463,6,False
USG00010014,0023-UYUPN,2026-08-26,TWR00051,98,1917.86,1.873,16,False
USG00010015,8945-GRKHX,2026-08-26,TWR00098,80,164.33,0.16,19,False
USG00010016,2077-MPJQO,2026-08-26,TWR00081,177,766.19,0.748,7,False
USG00010017,9681-KYGYB,2026-08-26,TWR00017,12,3038.17,2.967,22,False
USG00010018,3506-LCJDC,2026-08-26,TWR00037,156,121.35,0.119,9,False
USG00010019,2683-JXWQQ,2026-08-26,TWR00084,115,2906.27,2.838,24,False
USG00010020,2659-VXMWZ,2026-08-26,TWR00036,84,2479.39,2.421,8,False
USG00010021,6888-SBYAI,2026-08-26,TWR00065,90,2524.19,2.465,20,False
USG00010022,4704-ERYFC,2026-08-26,TWR00086,94,1962.62,1.917,20,False
USG00010023,1626-ERCMM,2026-08-26,TWR00073,10,2264.75,2.212,14,False
USG00010024,8390-FESFV,2026-08-26,TWR00005,109,3466.58,3.385,12,False
USG00010025,3441-CGZJH,2026-08-26,TWR00078,28,4078.83,3.983,22,True
USG00010026,4355-CVPVS,2026-08-26,TWR00037,79,2780.59,2.715,0,True
USG00010027,4903-UYAVB,2026-08-26,TWR00079,158,3491.45,3.41,10,False
USG00010028,6087-MVHJH,2026-08-26,TWR00072,122,3618.19,3.533,8,False
USG00010029,2812-SFXMJ,2026-08-26,TWR00096,22,862.0,0.842,20,False
USG00010030,8654-DHAOW,2026-08-26,TWR00084,135,571.76,0.558,11,True
USG00010031,6727-IOTLZ,2026-08-26,TWR00084,40,3597.81,3.513,16,True
USG00010032,8821-KVZKQ,2026-08-26,TWR00025,102,2574.36,2.514,6,True
USG00010033,8905-IAZPF,2026-08-26,TWR00055,68,1971.93,1.926,19,True
USG00010034,2403-BCASL,2026-08-26,TWR00034,44,4197.48,4.099,20,False
USG00010035,6599-GZWCM,2026-08-26,TWR00086,40,1930.89,1.886,22,False
USG00010036,5419-JKZNQ,2026-08-26,TWR00048,145,223.0,0.218,17,False
USG00010037,6000-UKLWI,2026-08-26,TWR00062,169,3464.83,3.384,6,False
USG00010038,2832-SCUCO,2026-08-26,TWR00025,93,282.32,0.276,20,False
USG00010039,8485-GJCDN,2026-08-26,TWR00076,176,2120.39,2.071,13,False
USG00010040,9415-DPEWS,2026-08-26,TWR00095,58,949.07,0.927,19,False
USG00010041,3719-TDVQB,2026-08-26,TWR00028,176,2410.27,2.354,13,False
USG00010042,6473-ULUHT,2026-08-26,TWR00075,72,551.31,0.538,11,False
USG00010043,3229-USWAR,2026-08-26,TWR00003,5,3837.52,3.748,8,False
USG00010044,2673-ZALNP,2026-08-26,TWR00044,26,1231.77,1.203,20,False
USG00010045,3424-NMNBO,2026-08-26,TWR00057,82,4479.34,4.374,9,False
USG00010046,9844-FELAJ,2026-08-26,TWR00099,119,1335.87,1.305,22,False
USG00010047,2866-IKBTM,2026-08-26,TWR00049,94,1700.94,1.661,8,False
USG00010048,2480-EJWYP,2026-08-26,TWR00005,11,2526.91,2.468,0,False
USG00010049,6635-CPNUN,2026-08-26,TWR00073,133,2730.71,2.667,12,False
USG00010050,5329-KRDTM,2026-08-26,TWR00030,146,1980.37,1.934,10,False
USG00010051,7244-KXYZN,2026-08-26,TWR00076,114,1203.73,1.176,0,False
USG00010052,6323-AYBRX,2026-08-26,TWR00013,57,1085.78,1.06,12,False
USG00010053,3162-KKZXO,2026-08-26,TWR00089,151,3321.29,3.243,20,False
USG00010054,3704-IEAXF,2026-08-26,TWR00017,119,2000.66,1.954,25,False
USG00010055,1208-DNHLN,2026-08-26,TWR00042,138,1778.84,1.737,6,False
USG00010056,9919-YLNNG,2026-08-26,TWR00026,62,1077.16,1.052,17,False
USG00010057,4115-UMJFQ,2026-08-26,TWR00034,144,1740.92,1.7,17,False
USG00010058,0872-NXJYS,2026-08-26,TWR00087,27,4029.4,3.935,17,False
USG00010059,7295-JOMMD,2026-08-26,TWR00017,170,687.78,0.672,3,False
USG00010060,9066-QRSDU,2026-08-26,TWR00016,26,2263.43,2.21,10,True
USG00010061,6369-MCAKO,2026-08-26,TWR00033,123,4029.55,3.935,2,False
USG00010062,9985-MWVIX,2026-08-26,TWR00074,179,980.4,0.957,1,False
USG00010063,7422-WNBTY,2026-08-26,TWR00034,58,1107.14,1.081,5,False
USG00010064,3420-YJLQT,2026-08-26,TWR00034,85,3079.28,3.007,6,False
USG00010065,9281-PKKZE,2026-08-26,TWR00021,137,1766.19,1.725,21,False
USG00010066,8992-OBVDG,2026-08-26,TWR00001,32,3906.62,3.815,17,False
USG00010067,0129-KPTWJ,2026-08-26,TWR00043,93,3484.51,3.403,7,True
USG00010068,2729-VNVAP,2026-08-26,TWR00021,88,3326.85,3.249,6,True
USG00010069,8347-GDTMP,2026-08-26,TWR00035,0,2071.06,2.023,10,False
USG00010070,5924-IFQTT,2026-08-26,TWR00073,143,3343.19,3.265,4,False
USG00010071,2252-NKNSI,2026-08-26,TWR00054,52,1088.39,1.063,21,False
USG00010072,6497-TILVL,2026-08-26,TWR00038,139,1077.73,1.052,9,False
USG00010073,3932-CMDTD,2026-08-26,TWR00020,75,3944.78,3.852,25,False
USG00010074,9553-DLCLU,2026-08-26,TWR00048,171,1222.83,1.194,23,False
USG00010075,4674-HGNUA,2026-08-26,TWR00049,94,1995.89,1.949,17,False
USG00010076,7503-ZGUZJ,2026-08-26,TWR00082,41,2633.05,2.571,21,False
USG00010077,6599-SFQVE,2026-08-26,TWR00002,128,3191.07,3.116,4,False
USG00010078,8884-ADFVN,2026-08-26,TWR00063,148,528.07,0.516,22,False
USG00010079,6743-HHQPF,2026-08-26,TWR00009,28,1315.79,1.285,6,False
USG00010080,3594-IVHJZ,2026-08-26,TWR00094,40,624.32,0.61,0,False
USG00010081,7590-VHVEG,2026-08-26,TWR00022,105,672.49,0.657,23,False
USG00010082,5676-CFLYY,2026-08-26,TWR00051,22,4197.95,4.1,1,False
USG00010083,7365-BVCJH,2026-08-26,TWR00034,79,2377.5,2.322,6,False
USG00010084,3457-PQBYH,2026-08-26,TWR00059,98,779.05,0.761,6,False
USG00010085,4983-CCWMC,2026-08-26,TWR00056,86,3498.55,3.417,21,True
USG00010086,9614-RMGHA,2026-08-26,TWR00068,93,3938.01,3.846,25,False
USG00010087,8229-MYEJZ,2026-08-26,TWR00029,85,2285.96,2.232,3,False
USG00010088,7632-YUTXB,2026-08-26,TWR00015,20,93.23,0.091,5,False
USG00010089,9779-DPNEJ,2026-08-26,TWR00085,74,1806.84,1.764,11,False
USG00010090,1027-LKKQQ,2026-08-26,TWR00051,22,888.97,0.868,12,True
USG00010091,6891-JPYFF,2026-08-26,TWR00088,38,993.08,0.97,5,False
USG00010092,6135-OZQVA,2026-08-26,TWR00068,169,3319.97,3.242,14,True
USG00010093,9780-FKVVF,2026-08-26,TWR00053,69,2273.12,2.22,21,False
USG00010094,5485-WUYWF,2026-08-26,TWR00099,91,2540.34,2.481,19,True
USG00010095,2955-BJZHG,2026-08-26,TWR00095,115,1329.92,1.299,8,False
USG00010096,3755-JBMNH,2026-08-26,TWR00012,133,1891.07,1.847,19,False
USG00010097,6204-IEUXJ,2026-08-26,TWR00059,140,1489.53,1.455,0,False
USG00010098,5445-UTODQ,2026-08-26,TWR00016,136,4345.24,4.243,10,False
USG00010099,1956-YIFGE,2026-08-26,TWR00048,158,86.77,0.085,14,False
USG00010100,0362-RAOQO,2026-08-26,TWR00069,30,354.16,0.346,24,False
USG00010101,9648-BCHKM,2026-08-26,TWR00019,117,350.55,0.342,4,False
USG00010102,4566-NECEV,2026-08-26,TWR00055,171,1740.8,1.7,22,False
USG00010103,2798-NYLMZ,2026-08-26,TWR00075,74,1671.38,1.632,7,False
USG00010104,6479-OAUSD,2026-08-26,TWR00096,77,113.58,0.111,4,False
USG00010105,2103-ZRXFN,2026-08-26,TWR00008,42,2543.44,2.484,16,False
USG00010106,7517-LDMPS,2026-08-26,TWR00071,165,3360.34,3.282,7,False
USG00010107,1866-RZZQS,2026-08-26,TWR00061,154,2682.63,2.62,16,True
USG00010108,6734-GMPVK,2026-08-26,TWR00080,45,816.6,0.797,13,False
USG00010109,9415-TPKRV,2026-08-26,TWR00060,135,964.16,0.942,2,False
USG00010110,3085-QUOZK,2026-08-26,TWR00034,21,3988.43,3.895,12,False
USG00010111,2911-UREFD,2026-08-26,TWR00076,80,4330.89,4.229,18,False
USG00010112,3129-AAQOU,2026-08-26,TWR00091,73,4048.61,3.954,21,False
USG00010113,9819-FBNSV,2026-08-26,TWR00061,53,1522.66,1.487,13,False
USG00010114,5656-JAMLX,2026-08-26,TWR00086,9,1066.22,1.041,16,True
USG00010115,4530-NDRKU,2026-08-26,TWR00085,21,1175.12,1.148,23,False
USG00010116,0396-HUJBP,2026-08-26,TWR00028,75,2126.12,2.076,11,False
USG00010117,3384-CTMSF,2026-08-26,TWR00081,174,4236.65,4.137,21,True
USG00010118,0248-IPDFW,2026-08-26,TWR00066,6,3640.12,3.555,11,False
USG00010119,5495-GPSRW,2026-08-26,TWR00018,173,765.57,0.748,14,True
USG00010120,2740-TVLFN,2026-08-26,TWR00076,85,590.82,0.577,25,True
USG00010121,2292-XQWSV,2026-08-26,TWR00080,67,1570.24,1.533,21,False
USG00010122,4806-HIPDW,2026-08-26,TWR00029,114,577.46,0.564,6,True
USG00010123,7707-PYBBH,2026-08-26,TWR00015,79,3338.41,3.26,11,False
USG00010124,0484-FFVBJ,2026-08-26,TWR00083,128,4265.68,4.166,10,False
USG00010125,0727-BMPLR,2026-08-26,TWR00032,163,1006.33,0.983,17,False
USG00010126,6457-GIRWB,2026-08-26,TWR00015,85,3578.03,3.494,22,False
USG00010127,4701-MLJPN,2026-08-26,TWR00069,68,968.37,0.946,15,False
USG00010128,1518-VOWAV,2026-08-26,TWR00011,105,3281.94,3.205,5,False
USG00010129,9667-EQRXU,2026-08-26,TWR00092,57,1836.72,1.794,8,False
USG00010130,7398-LXGYX,2026-08-26,TWR00018,151,369.84,0.361,3,False
USG00010131,0897-FEGMU,2026-08-26,TWR00091,58,3340.22,3.262,14,False
USG00010132,9030-QGZNL,2026-08-26,TWR00008,118,1261.54,1.232,6,False
USG00010133,8208-EUMTE,2026-08-26,TWR00087,100,813.09,0.794,3,False
USG00010134,1273-MTETI,2026-08-26,TWR00026,123,1093.99,1.068,25,False
USG00010135,1591-MQJTP,2026-08-26,TWR00041,146,2948.79,2.88,9,False
USG00010136,3696-XRIEN,2026-08-26,TWR00074,43,2767.92,2.703,8,False
USG00010137,4625-XMOYM,2026-08-26,TWR00010,56,516.43,0.504,7,True
USG00010138,4636-TVXVG,2026-08-26,TWR00036,122,484.59,0.473,12,False
USG00010139,2595-KIWPV,2026-08-26,TWR00024,36,2039.69,1.992,4,False
USG00010140,7439-DKZTW,2026-08-26,TWR00035,4,1694.06,1.654,0,False
USG00010141,6982-UQZLY,2026-08-26,TWR00028,126,2981.68,2.912,21,False
USG00010142,1728-BQDMA,2026-08-26,TWR00011,144,4468.18,4.363,12,False
USG00010143,5575-GNVDE,2026-08-26,TWR00011,77,1080.25,1.055,20,False
USG00010144,0519-XUZJU,2026-08-26,TWR00084,64,1433.8,1.4,2,False
USG00010145,2621-UDNLU,2026-08-26,TWR00012,161,3978.05,3.885,14,False
USG00010146,4658-HCOHW,2026-08-26,TWR00049,105,4384.92,4.282,17,False
USG00010147,5569-KGJHX,2026-08-26,TWR00060,165,4091.48,3.996,14,False
USG00010148,5687-DKDTV,2026-08-26,TWR00039,90,2360.19,2.305,14,False
USG00010149,9820-RMCQV,2026-08-26,TWR00038,123,3304.29,3.227,0,True
USG00010150,9356-AXGMP,2026-08-26,TWR00048,17,2702.02,2.639,18,False
USG00010151,5788-YPOEG,2026-08-26,TWR00048,24,1641.0,1.603,16,False
USG00010152,2650-GYRYL,2026-08-26,TWR00032,64,128.39,0.125,6,False
USG00010153,5473-KHBPS,2026-08-26,TWR00030,9,947.65,0.925,5,False
USG00010154,3996-ZNWYK,2026-08-26,TWR00033,103,1305.26,1.275,5,False
USG00010155,2239-CFOUJ,2026-08-26,TWR00091,67,2148.62,2.098,0,False
USG00010156,9933-QRGTX,2026-08-26,TWR00053,115,1969.7,1.924,25,False
USG00010157,8395-ETZKQ,2026-08-26,TWR00067,42,3498.74,3.417,16,False
USG00010158,5043-TRZWM,2026-08-26,TWR00038,11,3406.7,3.327,19,False
USG00010159,1104-FEJAM,2026-08-26,TWR00061,23,4061.31,3.966,14,False
USG00010160,5240-IJOQT,2026-08-26,TWR00095,155,3957.24,3.864,0,False
USG00010161,1025-FALIX,2026-08-26,TWR00010,38,1600.57,1.563,16,True
USG00010162,8564-LDKFL,2026-08-26,TWR00080,145,4441.98,4.338,15,False
USG00010163,0386-CWRGM,2026-08-26,TWR00048,89,2743.67,2.679,14,False
USG00010164,5366-IJEQJ,2026-08-26,TWR00093,137,174.96,0.171,18,False
USG00010165,0799-DDIHE,2026-08-26,TWR00069,6,1594.09,1.557,2,False
USG00010166,2931-VUVJN,2026-08-26,TWR00057,60,588.67,0.575,16,False
USG00010167,8331-ZXFOE,2026-08-26,TWR00100,26,793.74,0.775,8,False
USG00010168,9286-DOJGF,2026-08-26,TWR00090,136,2617.89,2.557,18,False
USG00010169,8591-NXRCV,2026-08-26,TWR00095,155,2332.42,2.278,0,False
USG00010170,4304-TSPVK,2026-08-26,TWR00016,34,2687.16,2.624,21,True
USG00010171,2320-JRSDE,2026-08-26,TWR00100,27,3793.57,3.705,17,False
USG00010172,8999-EXMNO,2026-08-26,TWR00053,77,237.22,0.232,6,True
USG00010173,1989-PRJHP,2026-08-26,TWR00065,52,1592.36,1.555,8,False
USG00010174,3521-SYVOR,2026-08-26,TWR00070,107,2979.68,2.91,19,False
USG00010175,3170-GWYKC,2026-08-26,TWR00095,29,4083.39,3.988,21,False
USG00010176,7173-TETGO,2026-08-26,TWR00070,70,617.02,0.603,8,False
USG00010177,0318-QUUOB,2026-08-26,TWR00024,147,2602.38,2.541,17,True
USG00010178,7459-RRWQZ,2026-08-26,TWR00037,154,328.91,0.321,2,False
USG00010179,6655-LHBYW,2026-08-26,TWR00046,164,3209.71,3.134,22,False
USG00010180,8023-QHAIO,2026-08-26,TWR00033,61,444.65,0.434,1,False
USG00010181,4855-SNKMY,2026-08-26,TWR00035,51,2263.66,2.211,3,False
USG00010182,1587-FKLZB,2026-08-26,TWR00063,74,3707.91,3.621,12,False
USG00010183,2672-TGEFF,2026-08-26,TWR00035,42,3110.94,3.038,0,False
USG00010184,0181-RITDD,2026-08-26,TWR00070,18,425.38,0.415,3,False
USG00010185,7665-NKLAV,2026-08-26,TWR00063,94,2127.59,2.078,3,False
USG00010186,4547-FZJWE,2026-08-26,TWR00042,39,3892.84,3.802,11,False
USG00010187,7162-WPHPM,2026-08-26,TWR00005,75,1476.13,1.442,21,False
USG00010188,3312-ZWLGF,2026-08-26,TWR00010,1,3392.38,3.313,5,False
USG00010189,9880-TDQAC,2026-08-26,TWR00041,58,2374.9,2.319,22,False
USG00010190,8563-OYMQY,2026-08-26,TWR00033,17,1528.29,1.492,19,False
USG00010191,7349-ALMUX,2026-08-26,TWR00026,58,3225.63,3.15,11,False
USG00010192,0739-UUAJR,2026-08-26,TWR00055,169,332.04,0.324,14,False
USG00010193,6689-VRRTK,2026-08-26,TWR00082,84,381.61,0.373,4,True
USG00010194,7661-CPURM,2026-08-26,TWR00007,180,403.86,0.394,15,False
USG00010195,9225-BZLNZ,2026-08-26,TWR00019,10,1279.34,1.249,14,False
USG00010196,0581-BXBUB,2026-08-26,TWR00035,63,4286.77,4.186,5,False
USG00010197,0835-JKADZ,2026-08-26,TWR00036,77,1390.87,1.358,3,False
USG00010198,6297-NOOPG,2026-08-26,TWR00011,145,542.17,0.529,8,False
USG00010199,7808-DVWEP,2026-08-26,TWR00083,152,4288.1,4.188,2,False
USG00010200,3247-MHJKM,2026-08-26,TWR00047,98,1437.17,1.403,20,False
USG00010201,7016-NVRIC,2026-08-26,TWR00100,91,839.7,0.82,8,False
USG00010202,9845-PEEKO,2026-08-26,TWR00091,125,641.5,0.626,21,False
USG00010203,1535-VTJOQ,2026-08-26,TWR00071,42,695.46,0.679,9,False
USG00010204,8040-MNRTF,2026-08-26,TWR00085,108,3827.61,3.738,0,False
USG00010205,6425-YQLLO,2026-08-26,TWR00080,84,4003.46,3.91,4,False
USG00010206,3646-ITDGM,2026-08-26,TWR00038,44,817.7,0.799,12,False
USG00010207,8058-INTPH,2026-08-26,TWR00006,73,1449.33,1.415,2,False
USG00010208,7789-CRUVC,2026-08-26,TWR00043,1,1982.32,1.936,25,False
USG00010209,5504-WSIUR,2026-08-26,TWR00035,48,2966.55,2.897,10,False
USG00010210,4686-GEFRM,2026-08-26,TWR00006,42,771.67,0.754,4,False
USG00010211,2568-OIADY,2026-08-26,TWR00041,16,1043.7,1.019,17,False
USG00010212,6331-EWIEB,2026-08-26,TWR00042,119,3578.18,3.494,6,False
USG00010213,2692-PFYTJ,2026-08-26,TWR00012,107,852.25,0.832,4,True
USG00010214,2545-EBUPK,2026-08-26,TWR00072,120,2595.64,2.535,0,False
USG00010215,3088-FVYWK,2026-08-26,TWR00047,174,1715.91,1.676,25,False
USG00010216,3097-PYWXL,2026-08-26,TWR00096,110,3481.22,3.4,25,False
USG00010217,1970-KKFWL,2026-08-26,TWR00098,122,324.4,0.317,20,False
USG00010218,8015-IHCGW,2026-08-26,TWR00004,150,1957.17,1.911,3,False
USG00010219,3272-VUHPV,2026-08-26,TWR00069,92,2167.32,2.117,9,False
USG00010220,2378-HTWFW,2026-08-26,TWR00077,180,1887.6,1.843,14,False
USG00010221,6849-WLEYG,2026-08-26,TWR00088,77,479.39,0.468,7,False
USG00010222,3720-DBRWL,2026-08-26,TWR00036,63,2463.84,2.406,5,False
USG00010223,5337-IIWKZ,2026-08-26,TWR00064,77,2184.55,2.133,19,False
USG00010224,7219-TLZHO,2026-08-26,TWR00059,98,4412.93,4.31,12,False
USG00010225,0014-BMAQU,2026-08-26,TWR00006,171,2842.11,2.775,17,False
USG00010226,4988-IQIGL,2026-08-26,TWR00054,112,1390.16,1.358,13,False
USG00010227,3838-OZURD,2026-08-26,TWR00098,88,1334.4,1.303,18,True
USG00010228,7322-OCWHC,2026-08-26,TWR00037,143,3406.61,3.327,24,False
USG00010229,5949-HGVJL,2026-08-25,TWR00005,97,4130.87,4.034,0,False
USG00010230,2522-AHJXR,2026-08-25,TWR00023,74,2808.54,2.743,0,False
USG00010231,3689-MOZGR,2026-08-25,TWR00018,133,3198.22,3.123,10,False
USG00010232,0580-PIQHM,2026-08-25,TWR00072,180,3961.93,3.869,24,True
USG00010233,8717-VCTXJ,2026-08-25,TWR00072,89,1242.21,1.213,20,False
USG00010234,6872-HXFNF,2026-08-25,TWR00090,70,1132.11,1.106,5,False
USG00010235,4906-ZHGPK,2026-08-25,TWR00001,100,1830.43,1.788,7,False
USG00010236,8409-WQJUX,2026-08-25,TWR00049,44,275.73,0.269,8,False
USG00010237,9762-YAQAA,2026-08-25,TWR00013,177,1006.86,0.983,12,False
USG00010238,1173-XZPYF,2026-08-25,TWR00074,68,1962.81,1.917,10,False
USG00010239,8681-ICONS,2026-08-25,TWR00083,81,3914.18,3.822,7,False
USG00010240,2608-BHKFN,2026-08-25,TWR00098,95,3364.96,3.286,11,False
USG00010241,6016-NXBNJ,2026-08-25,TWR00051,10,1905.52,1.861,4,False
USG00010242,8272-ONJLV,2026-08-25,TWR00062,95,603.83,0.59,0,False
USG00010243,5915-DGNVC,2026-08-25,TWR00087,74,2761.84,2.697,12,False
USG00010244,4933-IKULF,2026-08-25,TWR00089,1,1237.19,1.208,3,False
USG00010245,8731-WBBMB,2026-08-25,TWR00094,146,1572.91,1.536,12,False
USG00010246,9067-SQTNS,2026-08-25,TWR00096,156,774.03,0.756,21,False
USG00010247,0810-BDHAW,2026-08-25,TWR00022,160,3819.58,3.73,1,True
USG00010248,7746-AWNQW,2026-08-25,TWR00067,123,3536.95,3.454,0,False
USG00010249,5076-YVXCM,2026-08-25,TWR00043,90,1359.34,1.327,6,False
USG00010250,1139-WUOAH,2026-08-25,TWR00074,50,2123.37,2.074,12,False
USG00010251,9261-WDCAF,2026-08-25,TWR00036,63,3272.53,3.196,11,False
USG00010252,3969-JQABI,2026-08-25,TWR00035,151,2018.23,1.971,25,False
USG00010253,9916-AYHTC,2026-08-25,TWR00081,97,847.3,0.827,10,False
USG00010254,5022-JNQEQ,2026-08-25,TWR00037,143,1279.33,1.249,1,False
USG00010255,2361-FJWNO,2026-08-25,TWR00036,123,3651.22,3.566,5,False
USG00010256,8565-HBFNN,2026-08-25,TWR00065,110,2766.44,2.702,21,True
USG00010257,9643-AVVWI,2026-08-25,TWR00076,155,1993.87,1.947,0,False
USG00010258,9278-VZKCD,2026-08-25,TWR00100,157,2331.62,2.277,18,False
USG00010259,3209-ZPKFI,2026-08-25,TWR00054,113,4216.27,4.117,24,False
USG00010260,5996-NRVXR,2026-08-25,TWR00068,143,4378.25,4.276,17,False
USG00010261,7587-AOVVU,2026-08-25,TWR00006,106,835.2,0.816,23,False
USG00010262,0188-GWFLE,2026-08-25,TWR00088,12,1080.33,1.055,18,False
USG00010263,8984-EYLLL,2026-08-25,TWR00002,129,2425.67,2.369,25,False
USG00010264,8894-JVDCV,2026-08-25,TWR00042,8,1128.37,1.102,1,False
USG00010265,6904-JLBGY,2026-08-25,TWR00015,122,2433.73,2.377,1,False
USG00010266,3569-JFODW,2026-08-25,TWR00064,87,953.29,0.931,24,False
USG00010267,6537-OTKMY,2026-08-25,TWR00070,60,2372.7,2.317,0,False
USG00010268,1663-MHLHE,2026-08-25,TWR00075,177,671.12,0.655,9,False
USG00010269,0409-WTMPL,2026-08-25,TWR00040,39,4478.53,4.374,23,False
USG00010270,7113-HIPFI,2026-08-25,TWR00021,57,4050.51,3.956,1,False
USG00010271,5214-NLTIT,2026-08-25,TWR00073,104,2240.32,2.188,24,True
USG00010272,7268-WNTCP,2026-08-25,TWR00057,16,3243.99,3.168,16,True
USG00010273,3345-PBBFH,2026-08-25,TWR00034,66,314.71,0.307,13,False
USG00010274,7795-CFOCW,2026-08-25,TWR00032,129,3000.31,2.93,6,False
USG00010275,4525-VZCZG,2026-08-25,TWR00003,30,3718.72,3.632,18,False
USG00010276,8224-UAXBZ,2026-08-25,TWR00096,150,4327.35,4.226,16,False
USG00010277,3612-YVGSJ,2026-08-25,TWR00039,16,4137.41,4.04,24,False
USG00010278,9715-SBVSU,2026-08-25,TWR00098,170,910.5,0.889,16,False
USG00010279,6654-QGBZZ,2026-08-25,TWR00067,27,2695.13,2.632,13,False
USG00010280,3373-YZZYM,2026-08-25,TWR00021,58,2109.68,2.06,23,False
USG00010281,1205-WNWPJ,2026-08-25,TWR00078,128,863.98,0.844,4,False
USG00010282,3655-SNQYZ,2026-08-25,TWR00056,28,1474.29,1.44,10,False
USG00010283,7716-YTYHG,2026-08-25,TWR00020,174,4197.89,4.1,0,False
USG00010284,7025-IWFHT,2026-08-25,TWR00036,30,1102.12,1.076,7,False
USG00010285,6728-CZFEI,2026-08-25,TWR00040,171,1436.74,1.403,25,True
USG00010286,3943-KDREE,2026-08-25,TWR00031,19,4101.53,4.005,6,False
USG00010287,4194-WHFCB,2026-08-25,TWR00053,61,3522.66,3.44,22,True
USG00010288,6680-WKXRZ,2026-08-25,TWR00079,20,4061.68,3.966,0,False
USG00010289,6725-TPKJO,2026-08-25,TWR00085,19,4320.34,4.219,12,False
USG00010290,6941-KXRRV,2026-08-25,TWR00049,162,3156.64,3.083,15,False
USG00010291,4393-RYCRE,2026-08-25,TWR00035,167,2689.2,2.626,15,False
USG00010292,0599-XNYDO,2026-08-25,TWR00046,46,1162.6,1.135,0,False
USG00010293,6265-SXWBU,2026-08-25,TWR00001,138,1308.9,1.278,3,False
USG00010294,0971-QIFJK,2026-08-25,TWR00006,61,3926.15,3.834,12,False
USG00010295,1468-DEFNC,2026-08-25,TWR00004,50,4236.01,4.137,4,True
USG00010296,5161-XEUVX,2026-08-25,TWR00098,167,4199.26,4.101,6,False
USG00010297,7399-QHBJS,2026-08-25,TWR00091,6,2993.71,2.924,19,True
USG00010298,2634-HCZGT,2026-08-25,TWR00042,61,336.48,0.329,17,False
USG00010299,4415-WNGVR,2026-08-25,TWR00096,105,2434.09,2.377,4,False
USG00010300,5868-YTYKS,2026-08-25,TWR00064,27,369.27,0.361,17,True
USG00010301,7480-QNVZJ,2026-08-25,TWR00026,151,1458.0,1.424,0,False
USG00010302,4636-QRJKY,2026-08-25,TWR00095,111,193.93,0.189,1,False
USG00010303,5882-CMAZQ,2026-08-25,TWR00055,138,2943.26,2.874,4,False
USG00010304,9069-LGEUL,2026-08-25,TWR00036,66,3914.28,3.823,22,False
USG00010305,3985-HOYPM,2026-08-25,TWR00020,121,1377.95,1.346,3,False
USG00010306,4851-BQDNX,2026-08-25,TWR00018,88,1406.7,1.374,23,False
USG00010307,0822-GAVAP,2026-08-25,TWR00004,84,4264.15,4.164,16,False
USG00010308,3211-AAPKX,2026-08-25,TWR00051,44,4299.64,4.199,17,False
USG00010309,4450-MDZFX,2026-08-25,TWR00011,8,3978.72,3.885,24,False
USG00010310,4472-LVYGI,2026-08-25,TWR00001,64,1733.3,1.693,22,False
USG00010311,0709-TVGUR,2026-08-25,TWR00073,5,2102.21,2.053,13,False
USG00010312,8242-SOQUO,2026-08-25,TWR00008,79,2423.09,2.366,23,False
USG00010313,4514-GFCFI,2026-08-25,TWR00075,91,3133.19,3.06,17,False
USG00010314,7191-ADRGF,2026-08-25,TWR00097,90,1455.03,1.421,1,False
USG00010315,5349-IECLD,2026-08-25,TWR00079,170,293.63,0.287,23,True
USG00010316,4568-TTZRT,2026-08-25,TWR00045,178,3295.02,3.218,6,False
USG00010317,5392-AKEMH,2026-08-25,TWR00071,139,2294.36,2.241,20,False
USG00010318,5966-EMAZU,2026-08-25,TWR00026,64,2416.14,2.36,21,False
USG00010319,2522-WLNSF,2026-08-25,TWR00007,10,534.33,0.522,21,False
USG00010320,4635-EJYPD,2026-08-25,TWR00096,11,2899.62,2.832,7,False
USG00010321,0196-JTUQI,2026-08-25,TWR00012,101,1825.97,1.783,21,True
USG00010322,0442-TDYUO,2026-08-25,TWR00017,142,1641.43,1.603,21,False
USG00010323,0280-XJGEX,2026-08-25,TWR00042,24,2661.45,2.599,18,False
USG00010324,4273-MBHYA,2026-08-25,TWR00053,46,1701.03,1.661,25,False
USG00010325,1792-UXAFY,2026-08-25,TWR00056,176,1451.11,1.417,13,False
USG00010326,8985-OOPOS,2026-08-25,TWR00079,173,1603.63,1.566,9,True
USG00010327,0872-JCPIB,2026-08-25,TWR00081,104,3080.25,3.008,23,True
USG00010328,5692-FPTAH,2026-08-25,TWR00043,137,937.42,0.915,17,False
USG00010329,9919-FZDED,2026-08-25,TWR00082,166,739.48,0.722,17,False
USG00010330,6522-YRBXD,2026-08-25,TWR00076,150,1463.23,1.429,0,False
USG00010331,1905-OEILC,2026-08-25,TWR00024,137,3467.98,3.387,0,False
USG00010332,6583-KQJLK,2026-08-25,TWR00076,157,3988.52,3.895,8,False
USG00010333,9833-TGFHX,2026-08-25,TWR00050,125,4404.04,4.301,8,False
USG00010334,5397-TUPSH,2026-08-25,TWR00082,108,1951.41,1.906,12,True
USG00010335,6156-UZDLF,2026-08-25,TWR00026,19,582.35,0.569,3,True
USG00010336,2720-FVBQP,2026-08-25,TWR00052,24,3863.82,3.773,11,False
USG00010337,5186-SAMNZ,2026-08-25,TWR00090,27,2949.15,2.88,14,False
USG00010338,9919-KNPOO,2026-08-25,TWR00036,61,4222.78,4.124,6,False
USG00010339,1977-STDKI,2026-08-25,TWR00041,79,2704.33,2.641,3,False
USG00010340,9927-DSWDF,2026-08-25,TWR00100,70,3367.49,3.289,21,True
USG00010341,9979-RGMZT,2026-08-25,TWR00039,51,2831.99,2.766,16,False
USG00010342,5696-QURRL,2026-08-25,TWR00056,54,3833.47,3.744,6,False
USG00010343,1915-IOFGU,2026-08-25,TWR00022,86,3234.26,3.158,2,False
USG00010344,1459-QNFQT,2026-08-25,TWR00059,129,818.27,0.799,17,False
USG00010345,4013-TLDHQ,2026-08-25,TWR00085,174,520.73,0.509,6,False
USG00010346,4578-PHJYZ,2026-08-25,TWR00043,140,1692.04,1.652,5,False
USG00010347,4634-JLRJT,2026-08-25,TWR00096,15,3828.33,3.739,0,False
USG00010348,8943-URTMR,2026-08-25,TWR00099,19,2715.44,2.652,21,False
USG00010349,8898-KASCD,2026-08-25,TWR00047,150,1558.49,1.522,7,False
USG00010350,2176-OSJUV,2026-08-25,TWR00059,17,3589.75,3.506,23,False
USG00010351,9227-LUNBG,2026-08-25,TWR00076,4,3478.26,3.397,11,False
USG00010352,5093-FEGLU,2026-08-25,TWR00008,37,3649.0,3.563,2,True
USG00010353,5071-FBJFS,2026-08-25,TWR00075,154,3475.7,3.394,11,True
USG00010354,6996-KNSML,2026-08-25,TWR00100,171,3594.63,3.51,7,False
USG00010355,0363-SVHYR,2026-08-25,TWR00070,123,2965.19,2.896,15,False
USG00010356,4512-ZUIYL,2026-08-25,TWR00029,107,434.22,0.424,25,False
USG00010357,9572-WUKSB,2026-08-25,TWR00055,3,68.95,0.067,12,False
USG00010358,2990-IAJSV,2026-08-25,TWR00091,75,2230.27,2.178,16,False
USG00010359,5931-FLJJF,2026-08-25,TWR00063,12,1702.8,1.663,11,False
USG00010360,7998-WNZEM,2026-08-25,TWR00087,123,585.81,0.572,5,False
USG00010361,6388-TABGU,2026-08-25,TWR00034,175,515.52,0.503,13,False
USG00010362,8806-EAGWC,2026-08-25,TWR00080,106,1215.67,1.187,12,True
USG00010363,5095-AESKG,2026-08-25,TWR00028,16,2700.99,2.638,20,False
USG00010364,7361-YPXFS,2026-08-25,TWR00031,111,364.57,0.356,3,False
USG00010365,4612-THJBS,2026-08-25,TWR00056,89,3565.32,3.482,5,False
USG00010366,1564-NTYXF,2026-08-25,TWR00080,81,2031.77,1.984,2,False
USG00010367,7740-KKCXF,2026-08-25,TWR00043,146,1343.99,1.312,11,False
USG00010368,2207-OBZNX,2026-08-25,TWR00086,92,4392.52,4.29,25,False
USG00010369,5944-UGLLK,2026-08-25,TWR00086,6,1876.11,1.832,25,False
USG00010370,8963-MQVYN,2026-08-25,TWR00057,36,3810.22,3.721,25,False
USG00010371,4912-PIGUY,2026-08-25,TWR00096,4,4418.97,4.315,1,True
USG00010372,6259-WJQLC,2026-08-25,TWR00096,153,518.01,0.506,2,False
USG00010373,2724-FJDYW,2026-08-25,TWR00082,129,3389.08,3.31,12,False
USG00010374,8884-MRNSU,2026-08-25,TWR00090,101,2521.25,2.462,1,False
USG00010375,2180-DXNEG,2026-08-25,TWR00099,70,3103.85,3.031,11,False
USG00010376,1324-NLTJE,2026-08-25,TWR00017,12,4347.39,4.245,18,False
USG00010377,3039-MJSLN,2026-08-25,TWR00038,84,2013.79,1.967,6,True
USG00010378,2270-CHBFN,2026-08-25,TWR00051,41,3478.33,3.397,11,False
USG00010379,5832-XKAES,2026-08-25,TWR00002,63,2495.88,2.437,24,True
USG00010380,3859-CVCET,2026-08-25,TWR00050,21,821.38,0.802,8,True
USG00010381,5049-GLYVG,2026-08-25,TWR00051,14,671.84,0.656,13,False
USG00010382,2120-SMPEX,2026-08-25,TWR00075,48,348.85,0.341,11,True
USG00010383,0475-RIJEP,2026-08-25,TWR00062,165,4455.21,4.351,5,False
USG00010384,0237-YFUTL,2026-08-25,TWR00067,117,361.19,0.353,7,False
USG00010385,5067-XJQFU,2026-08-25,TWR00003,56,2024.74,1.977,1,False
USG00010386,2480-SQIOB,2026-08-25,TWR00079,168,1166.9,1.14,0,False
USG00010387,2737-WFVYW,2026-08-25,TWR00092,45,2804.62,2.739,0,False
USG00010388,2332-TODQS,2026-08-25,TWR00042,87,2475.63,2.418,17,False
USG00010389,6726-WEXXK,2026-08-25,TWR00052,58,612.47,0.598,19,True
USG00010390,4999-IEZLT,2026-08-25,TWR00013,70,2699.35,2.636,21,False
USG00010391,8565-CLBZW,2026-08-25,TWR00036,171,2405.73,2.349,14,False
USG00010392,5707-ORNDZ,2026-08-25,TWR00024,49,1462.54,1.428,5,False
USG00010393,5708-EVONK,2026-08-25,TWR00003,53,115.87,0.113,20,True
USG00010394,3569-EDBPQ,2026-08-25,TWR00042,143,2611.81,2.551,14,False
USG00010395,5245-VDBUR,2026-08-25,TWR00092,39,2542.08,2.482,9,False
USG00010396,0848-ZGQIJ,2026-08-25,TWR00064,72,1553.77,1.517,14,False
USG00010397,4706-AXVKM,2026-08-25,TWR00031,51,867.16,0.847,24,False
USG00010398,1453-RZFON,2026-08-25,TWR00070,25,1094.41,1.069,4,False
USG00010399,7396-VJUZB,2026-08-25,TWR00024,97,777.05,0.759,6,True
USG00010400,9578-VRMNM,2026-08-25,TWR00002,73,1305.34,1.275,5,True
USG00010401,8229-TNIQA,2026-08-25,TWR00013,33,1843.61,1.8,9,False
USG00010402,0187-WZNAB,2026-08-25,TWR00010,122,282.39,0.276,11,False
USG00010403,9415-ZNBSX,2026-08-25,TWR00047,76,1427.87,1.394,25,False
USG00010404,7249-WBIYX,2026-08-25,TWR00044,37,646.08,0.631,15,False
USG00010405,3621-CHYVB,2026-08-25,TWR00042,44,1805.0,1.763,17,False
USG00010406,0936-NQLJU,2026-08-25,TWR00011,55,3421.77,3.342,1,False
USG00010407,7112-OPOTK,2026-08-25,TWR00068,133,1386.31,1.354,6,False
USG00010408,4213-HKBJO,2026-08-25,TWR00003,127,204.16,0.199,14,False
USG00010409,2082-CEFLT,2026-08-25,TWR00066,23,847.81,0.828,18,False
USG00010410,3904-UKFRE,2026-08-25,TWR00094,15,3498.61,3.417,3,False
USG00010411,3842-IYKUE,2026-08-25,TWR00054,133,1410.87,1.378,0,False
USG00010412,6959-UWKHF,2026-08-25,TWR00094,73,1820.51,1.778,6,False
USG00010413,3258-ZKPAI,2026-08-25,TWR00062,85,571.48,0.558,21,False
USG00010414,4056-QHXHZ,2026-08-25,TWR00020,80,428.69,0.419,7,True
USG00010415,3186-BAXNB,2026-08-25,TWR00068,32,2663.77,2.601,11,False
USG00010416,0687-ZVTHB,2026-08-25,TWR00021,58,4397.71,4.295,10,True
USG00010417,0376-OIWME,2026-08-25,TWR00083,72,4125.24,4.029,4,False
USG00010418,0212-ISBBF,2026-08-25,TWR00092,62,1929.67,1.884,5,False
USG00010419,6479-VDGRK,2026-08-25,TWR00068,32,4209.24,4.111,11,False
USG00010420,8098-LLAZX,2026-08-25,TWR00073,125,3335.07,3.257,17,False
USG00010421,8464-EETCQ,2026-08-25,TWR00051,126,989.22,0.966,1,False
USG00010422,2675-OTVVJ,2026-08-25,TWR00093,118,2478.01,2.42,20,False
USG00010423,9575-IWCAZ,2026-08-25,TWR00016,131,3828.52,3.739,6,False
USG00010424,9373-WSLOY,2026-08-25,TWR00088,151,1273.77,1.244,8,True
USG00010425,0516-WJVXC,2026-08-25,TWR00090,65,1198.04,1.17,22,True
USG00010426,2081-VEYEH,2026-08-25,TWR00038,66,2404.02,2.348,0,False
USG00010427,4908-XAXAY,2026-08-25,TWR00087,83,769.97,0.752,24,False
USG00010428,7208-PSIHR,2026-08-25,TWR00034,153,351.66,0.343,13,False
USG00010429,6559-PDZLR,2026-08-25,TWR00064,116,1887.02,1.843,9,False
USG00010430,6108-OQZDQ,2026-08-25,TWR00040,81,472.17,0.461,10,True
USG00010431,5073-RZGBK,2026-08-25,TWR00032,137,2303.8,2.25,5,False
USG00010432,3407-QGWLG,2026-08-25,TWR00023,48,2716.42,2.653,0,False
USG00010433,0508-SQWPL,2026-08-25,TWR00070,175,2883.66,2.816,14,False
USG00010434,5549-ZGHFB,2026-08-25,TWR00028,170,1737.93,1.697,4,False
USG00010435,0872-CASZJ,2026-08-25,TWR00065,82,401.55,0.392,15,True
USG00010436,3452-FLHYD,2026-08-25,TWR00006,175,1027.34,1.003,15,False
USG00010437,7064-JHXCE,2026-08-25,TWR00084,142,1119.98,1.094,14,False
USG00010438,5063-IUOKK,2026-08-25,TWR00031,146,4163.82,4.066,11,False
USG00010439,9793-WECQC,2026-08-25,TWR00061,89,2070.17,2.022,8,False
USG00010440,0220-EBGCE,2026-08-25,TWR00065,94,3018.73,2.948,11,True
USG00010441,3090-HAWSU,2026-08-25,TWR00075,85,3392.1,3.313,21,True
USG00010442,0230-WEQUW,2026-08-25,TWR00099,163,2265.32,2.212,10,False
USG00010443,9488-FYQAU,2026-08-25,TWR00090,66,1146.06,1.119,10,True
USG00010444,7252-NTGSS,2026-08-25,TWR00008,41,187.3,0.183,19,False
USG00010445,1047-NNCBF,2026-08-25,TWR00086,16,1122.04,1.096,13,False
USG00010446,1557-EMYVT,2026-08-25,TWR00024,120,2093.76,2.045,15,False
USG00010447,6374-AFWOX,2026-08-25,TWR00016,19,546.38,0.534,9,False
USG00010448,0282-NVSJS,2026-08-25,TWR00022,100,1601.85,1.564,14,False
USG00010449,4959-JOSRX,2026-08-25,TWR00084,179,2680.15,2.617,5,False
USG00010450,9067-YGSCA,2026-08-25,TWR00019,10,3659.54,3.574,11,False
USG00010451,6575-SUVOI,2026-08-25,TWR00026,177,4229.2,4.13,11,False
USG00010452,7291-CDTMJ,2026-08-25,TWR00096,126,2410.81,2.354,2,False
USG00010453,6143-JQKEA,2026-08-25,TWR00013,138,3941.76,3.849,8,False
USG00010454,3372-KWFBM,2026-08-25,TWR00068,134,3353.16,3.275,23,False
USG00010455,3144-AUDBS,2026-08-25,TWR00097,157,962.11,0.94,4,False
USG00010456,5222-IMUKT,2026-08-25,TWR00053,29,4487.27,4.382,1,False
USG00010457,6688-UZPWD,2026-08-25,TWR00084,23,3947.97,3.855,24,False
USG00010458,8138-EALND,2026-08-25,TWR00078,130,3064.11,2.992,2,False
USG00010459,2220-IAHLS,2026-08-25,TWR00065,104,1228.65,1.2,3,True
USG00010460,5229-DTFYB,2026-08-25,TWR00089,77,2138.34,2.088,1,False
USG00010461,8563-IIOXK,2026-08-25,TWR00070,126,4279.44,4.179,21,False
USG00010462,9481-IEBZY,2026-08-25,TWR00070,67,81.13,0.079,20,True
USG00010463,6166-ILMNY,2026-08-25,TWR00080,32,852.07,0.832,16,False
USG00010464,3509-GWQGF,2026-08-25,TWR00026,48,1550.28,1.514,4,False
USG00010465,3276-HDUEG,2026-08-25,TWR00063,94,870.32,0.85,14,False
USG00010466,5117-ZSMHQ,2026-08-25,TWR00002,97,1009.18,0.986,14,False
USG00010467,2282-YGNOR,2026-08-25,TWR00064,19,1121.04,1.095,11,False
USG00010468,2928-HLDBA,2026-08-25,TWR00018,57,4495.76,4.39,25,True
USG00010469,8903-XEBGX,2026-08-25,TWR00078,123,3395.18,3.316,15,False
USG00010470,5480-XTFFL,2026-08-25,TWR00063,90,4467.15,4.362,11,False
USG00010471,8265-HKSOW,2026-08-25,TWR00075,42,212.3,0.207,25,False
USG00010472,9389-ACWBI,2026-08-25,TWR00074,168,1263.12,1.234,5,False
USG00010473,3647-GMGDH,2026-08-25,TWR00084,169,4349.41,4.247,21,True
USG00010474,7495-OOKFY,2026-08-25,TWR00048,180,2751.67,2.687,23,False
USG00010475,3726-TBHQT,2026-08-25,TWR00076,129,1761.65,1.72,23,False
USG00010476,8404-VLQFB,2026-08-25,TWR00003,140,1413.16,1.38,2,False
USG00010477,0603-TPMIB,2026-08-25,TWR00042,147,361.71,0.353,6,False
USG00010478,4090-KPJIP,2026-08-25,TWR00042,59,1543.64,1.507,6,False
USG00010479,0137-OCGAB,2026-08-25,TWR00010,96,320.84,0.313,10,False
USG00010480,4228-ZGYUW,2026-08-25,TWR00099,105,4389.51,4.287,16,False
USG00010481,7047-FWEYA,2026-08-25,TWR00088,107,1190.59,1.163,14,False
USG00010482,5442-UTCVD,2026-08-25,TWR00097,111,2863.97,2.797,2,False
USG00010483,7908-QCBCA,2026-08-25,TWR00026,93,581.65,0.568,5,False
USG00010484,7274-RTAPZ,2026-08-25,TWR00048,144,1026.46,1.002,17,False
USG00010485,4804-NCPET,2026-08-25,TWR00042,25,2371.86,2.316,19,False
USG00010486,2636-SJDOU,2026-08-25,TWR00078,67,3470.81,3.389,14,True
USG00010487,6718-BDGHG,2026-08-25,TWR00042,81,4025.19,3.931,16,False
USG00010488,6510-UPNKS,2026-08-25,TWR00064,75,562.06,0.549,23,True
USG00010489,5275-PMFUT,2026-08-25,TWR00013,122,908.68,0.887,3,True
USG00010490,6231-WFGFH,2026-08-25,TWR00041,170,3992.96,3.899,17,False
USG00010491,1930-BZLHI,2026-08-25,TWR00049,29,2455.3,2.398,3,False
USG00010492,5014-GSOUQ,2026-08-25,TWR00091,13,2308.1,2.254,22,False
USG00010493,6319-QSUSR,2026-08-25,TWR00098,165,3626.83,3.542,20,False
USG00010494,3198-VELRD,2026-08-25,TWR00032,155,1744.99,1.704,17,True
USG00010495,1764-VUUMT,2026-08-25,TWR00099,39,294.61,0.288,25,True
USG00010496,1763-WQFUK,2026-08-25,TWR00047,38,1165.49,1.138,14,False
USG00010497,1090-PYKCI,2026-08-25,TWR00069,78,3700.32,3.614,5,False
USG00010498,4285-GYRQC,2026-08-25,TWR00045,77,3075.92,3.004,8,True
USG00010499,8996-ZROXE,2026-08-25,TWR00063,152,2932.58,2.864,23,False
USG00010500,4986-MXSFP,2026-08-25,TWR00053,99,1179.52,1.152,25,False
USG00010501,4778-IZARL,2026-08-25,TWR00060,95,1211.95,1.184,16,False
USG00010502,4749-VFKVB,2026-08-25,TWR00002,88,3983.07,3.89,7,False
USG00010503,7133-VBDCG,2026-08-25,TWR00017,88,3517.94,3.435,15,True
USG00010504,4868-AADLV,2026-08-25,TWR00082,33,3745.04,3.657,22,False
USG00010505,3847-BAERP,2026-08-25,TWR00040,142,3830.07,3.74,6,False
USG00010506,2897-DOVND,2026-08-25,TWR00069,29,1923.14,1.878,6,False
USG00010507,3235-ETOOB,2026-08-25,TWR00021,74,2938.73,2.87,12,False
USG00010508,3804-RVTGV,2026-08-25,TWR00085,24,3333.25,3.255,12,False
USG00010509,9546-KDTRB,2026-08-25,TWR00094,56,2723.52,2.66,24,False
USG00010510,0617-FHSGK,2026-08-25,TWR00022,99,926.25,0.905,4,False
USG00010511,1038-ZAGBI,2026-08-25,TWR00100,178,2268.37,2.215,1,False
USG00010512,2858-MOFSQ,2026-08-25,TWR00048,132,1534.46,1.498,16,False
USG00010513,5155-AZQPB,2026-08-25,TWR00036,176,1198.47,1.17,4,False
USG00010514,3620-EHIMZ,2026-08-25,TWR00040,68,2137.0,2.087,18,False
USG00010515,9504-DSHWM,2026-08-25,TWR00017,16,1218.17,1.19,5,False
USG00010516,8106-GWQOK,2026-08-25,TWR00046,103,4371.81,4.269,10,False
USG00010517,9124-LHCJQ,2026-08-25,TWR00100,7,3249.57,3.173,6,False
USG00010518,9972-NKTFD,2026-08-25,TWR00008,44,504.37,0.493,12,False
USG00010519,8189-XRIKE,2026-08-25,TWR00050,166,1162.68,1.135,12,False
USG00010520,1941-HOSAM,2026-08-25,TWR00067,1,4229.22,4.13,19,False
USG00010521,5294-IMHHT,2026-08-25,TWR00081,159,4315.77,4.215,19,False
USG00010522,1035-IPQPU,2026-08-25,TWR00012,38,2055.02,2.007,14,False
USG00010523,8757-TFHHJ,2026-08-25,TWR00044,34,3851.62,3.761,10,False
USG00010524,1934-MKPXS,2026-08-25,TWR00025,0,1673.7,1.634,1,False
USG00010525,2523-EWWZL,2026-08-25,TWR00020,92,910.67,0.889,9,False
USG00010526,0164-APGRB,2026-08-25,TWR00041,70,4220.24,4.121,12,False
USG00010527,2369-FEVNO,2026-08-25,TWR00085,161,488.2,0.477,18,False
USG00010528,1024-GUALD,2026-08-25,TWR00072,53,1246.68,1.217,20,False
USG00010529,5231-FIQPA,2026-08-25,TWR00050,31,4303.62,4.203,24,False
USG00010530,5092-STPKP,2026-08-25,TWR00028,30,596.84,0.583,1,False
USG00010531,2228-BZDEE,2026-08-25,TWR00089,62,174.72,0.171,18,False
USG00010532,3452-ABWRL,2026-08-25,TWR00063,102,89.74,0.088,19,False
USG00010533,2632-IVXVF,2026-08-25,TWR00055,103,3605.91,3.521,3,False
USG00010534,6656-JWRQX,2026-08-25,TWR00021,36,431.92,0.422,18,False
USG00010535,1725-IQNIY,2026-08-25,TWR00096,49,612.08,0.598,4,True
USG00010536,8735-NBLWT,2026-08-25,TWR00019,24,2680.42,2.618,8,False
USG00010537,6376-GAHQE,2026-08-25,TWR00035,116,786.25,0.768,22,False
USG00010538,6923-JHPMP,2026-08-25,TWR00065,170,2505.33,2.447,7,False
USG00010539,5889-JTMUL,2026-08-25,TWR00097,120,3335.09,3.257,20,False
USG00010540,9445-ZUEQE,2026-08-25,TWR00098,160,2333.46,2.279,24,False
USG00010541,2823-LKABH,2026-08-25,TWR00087,37,1370.25,1.338,6,False
USG00010542,8364-TRMMK,2026-08-25,TWR00071,121,1630.2,1.592,23,False
USG00010543,6942-LBFDP,2026-08-25,TWR00050,137,3283.01,3.206,22,False
USG00010544,7586-ZATGZ,2026-08-25,TWR00020,122,763.36,0.745,3,False
USG00010545,7479-NITWS,2026-08-25,TWR00083,43,2086.43,2.038,14,False
USG00010546,3863-QSTYI,2026-08-25,TWR00020,164,1294.68,1.264,13,False
USG00010547,0260-ZDLGK,2026-08-25,TWR00048,113,1172.57,1.145,5,False
USG00010548,2049-BAFNW,2026-08-25,TWR00091,118,2074.82,2.026,7,False
USG00010549,8111-BKVDS,2026-08-25,TWR00081,127,701.56,0.685,17,False
USG00010550,2227-JRSJX,2026-08-25,TWR00073,90,1177.45,1.15,1,False
USG00010551,3926-YZVVX,2026-08-25,TWR00067,175,3630.07,3.545,14,True
USG00010552,9412-GHEEC,2026-08-25,TWR00062,107,394.02,0.385,10,False
USG00010553,0975-UYDTX,2026-08-25,TWR00019,8,2522.92,2.464,8,True
USG00010554,9357-UJRUN,2026-08-25,TWR00047,69,858.0,0.838,2,False
USG00010555,5899-MQZZL,2026-08-25,TWR00066,128,1479.37,1.445,10,False
USG00010556,6112-KTHFQ,2026-08-25,TWR00025,128,810.49,0.791,4,False
USG00010557,5954-BDFSG,2026-08-25,TWR00044,102,4491.88,4.387,16,False
USG00010558,2826-UWHIS,2026-08-25,TWR00014,44,3585.29,3.501,15,True
USG00010559,2927-CVULT,2026-08-25,TWR00005,52,535.89,0.523,1,False
USG00010560,8149-AIQCG,2026-08-25,TWR00039,26,293.06,0.286,24,False
USG00010561,0378-NHQXU,2026-08-25,TWR00078,10,3177.81,3.103,14,False
USG00010562,9638-JIQYA,2026-08-25,TWR00094,15,258.87,0.253,23,True
USG00010563,1329-VHWNP,2026-08-25,TWR00091,132,1834.35,1.791,11,False
USG00010564,5627-TVBPP,2026-08-25,TWR00061,93,2437.15,2.38,22,False
USG00010565,5743-KHMNA,2026-08-25,TWR00090,46,52.71,0.051,16,True
USG00010566,4572-DVCGN,2026-08-25,TWR00100,120,3306.09,3.229,8,False
USG00010567,3957-LXOLK,2026-08-25,TWR00018,6,3247.56,3.171,3,False
USG00010568,7714-YXSMB,2026-08-25,TWR00010,105,1360.63,1.329,17,False
USG00010569,0442-ZXKVS,2026-08-25,TWR00052,136,494.43,0.483,5,False
USG00010570,7129-CAKJW,2026-08-25,TWR00010,110,363.53,0.355,12,True
USG00010571,6754-LZUKA,2026-08-25,TWR00022,99,3095.14,3.023,16,False
USG00010572,7341-LXCAF,2026-08-25,TWR00002,81,517.11,0.505,2,False
USG00010573,0601-WZHJF,2026-08-25,TWR00054,102,4055.19,3.96,7,False
USG00010574,5346-BZCHP,2026-08-25,TWR00035,172,564.32,0.551,24,False
USG00010575,6804-GDMOI,2026-08-25,TWR00060,153,791.22,0.773,21,False
USG00010576,2097-YVPKN,2026-08-25,TWR00032,96,1561.45,1.525,0,False
USG00010577,7542-CYDDM,2026-08-25,TWR00012,96,4051.41,3.956,20,False
USG00010578,6549-YMFAW,2026-08-25,TWR00055,69,4315.5,4.214,11,False
USG00010579,4188-FRABG,2026-08-25,TWR00078,115,1382.48,1.35,13,False
USG00010580,2507-QZPQS,2026-08-25,TWR00026,41,4480.96,4.376,23,False
USG00010581,9947-OTFQU,2026-08-25,TWR00073,173,2899.19,2.831,10,False
USG00010582,2481-SBOYW,2026-08-25,TWR00025,49,123.21,0.12,6,False
USG00010583,2770-NSVDG,2026-08-25,TWR00096,68,3905.72,3.814,13,True
USG00010584,8053-WWDRO,2026-08-25,TWR00025,47,4238.33,4.139,15,False
USG00010585,6695-AMZUF,2026-08-25,TWR00068,64,591.19,0.577,20,False
USG00010586,2324-EFHVG,2026-08-25,TWR00030,173,1001.4,0.978,11,False
USG00010587,8514-VZHEB,2026-08-25,TWR00083,43,1786.02,1.744,8,False
USG00010588,3318-NMQXL,2026-08-25,TWR00086,56,2617.41,2.556,14,False
USG00010589,7056-IMHCC,2026-08-25,TWR00086,57,1528.98,1.493,9,False
USG00010590,3923-CSIHK,2026-08-25,TWR00066,151,2034.7,1.987,11,False
USG00010591,5837-LXSDN,2026-08-25,TWR00040,129,4325.77,4.224,16,False
USG00010592,1741-WTPON,2026-08-25,TWR00072,79,2896.02,2.828,7,True
USG00010593,3078-ZKNTS,2026-08-25,TWR00074,175,2192.94,2.142,10,False
USG00010594,8690-UPCZI,2026-08-25,TWR00028,93,634.95,0.62,14,False
USG00010595,5177-RVZNU,2026-08-25,TWR00019,180,4181.51,4.084,23,False
USG00010596,6650-BWFRT,2026-08-25,TWR00084,25,381.92,0.373,14,False
USG00010597,0585-EGDDA,2026-08-25,TWR00065,22,3221.79,3.146,14,False
USG00010598,0481-SUMCB,2026-08-25,TWR00078,162,3198.79,3.124,10,False
USG00010599,8120-JDCAM,2026-08-25,TWR00028,61,4101.71,4.006,18,False
USG00010600,2929-QNSRW,2026-08-25,TWR00003,92,547.03,0.534,21,False
USG00010601,9391-YZEJW,2026-08-25,TWR00023,133,4383.63,4.281,12,False
USG00010602,3482-ABPKK,2026-08-25,TWR00092,7,3047.71,2.976,23,False
USG00010603,7353-YOWFP,2026-08-25,TWR00027,171,2825.59,2.759,13,False
USG00010604,2884-GBPFB,2026-08-25,TWR00070,98,4035.47,3.941,3,False
USG00010605,2626-URJFX,2026-08-25,TWR00025,44,2533.83,2.474,14,False
USG00010606,8993-IZEUX,2026-08-25,TWR00070,45,1936.85,1.891,24,False
USG00010607,1555-HAPSU,2026-08-25,TWR00095,166,432.59,0.422,1,False
USG00010608,9451-WLYRI,2026-08-25,TWR00030,114,3836.93,3.747,11,False
USG00010609,9940-HPQPG,2026-08-25,TWR00026,79,271.9,0.266,21,False
USG00010610,0003-MKNFE,2026-08-25,TWR00042,172,2028.36,1.981,13,False
USG00010611,8922-NPKBJ,2026-08-25,TWR00058,45,2956.07,2.887,14,False
USG00010612,6313-GIDIT,2026-08-25,TWR00035,115,1798.87,1.757,10,False
USG00010613,6504-VBLFL,2026-08-25,TWR00064,145,2598.47,2.538,9,False
USG00010614,2903-YYTBW,2026-08-25,TWR00061,164,3690.36,3.604,10,True
USG00010615,5318-IXUZF,2026-08-25,TWR00068,72,2798.42,2.733,9,False
USG00010616,6322-PJJDJ,2026-08-25,TWR00049,139,3305.31,3.228,24,False
USG00010617,6599-CEBNN,2026-08-25,TWR00018,84,3081.31,3.009,10,False
USG00010618,5339-TJFEK,2026-08-25,TWR00060,41,1813.15,1.771,20,False
USG00010619,3606-SBKRY,2026-08-25,TWR00097,71,1912.49,1.868,17,False
USG00010620,6586-MYGKD,2026-08-25,TWR00005,173,3165.57,3.091,1,False
USG00010621,2460-NGXBJ,2026-08-25,TWR00060,80,999.64,0.976,19,False
USG00010622,4067-HLYQI,2026-08-25,TWR00013,95,391.1,0.382,16,False
USG00010623,4523-WXCEF,2026-08-25,TWR00077,88,4017.99,3.924,20,False
USG00010624,3331-HQDTW,2026-08-25,TWR00057,169,2692.81,2.63,2,False
USG00010625,0259-GBZSH,2026-08-25,TWR00019,32,1980.6,1.934,18,False
USG00010626,0835-DUUIQ,2026-08-25,TWR00027,66,2955.34,2.886,12,False
USG00010627,6484-LATFU,2026-08-25,TWR00018,75,136.25,0.133,0,False
USG00010628,6551-GNYDG,2026-08-25,TWR00027,39,896.9,0.876,18,False
USG00010629,0345-XMMUG,2026-08-25,TWR00041,93,2605.51,2.544,18,False
USG00010630,9053-JZFKV,2026-08-25,TWR00005,160,3475.81,3.394,5,False
USG00010631,8984-HPEMB,2026-08-25,TWR00095,158,3581.94,3.498,19,False
USG00010632,4950-HKQTE,2026-08-25,TWR00032,161,4163.3,4.066,5,False
USG00010633,1814-WFGVS,2026-08-25,TWR00013,34,2097.67,2.049,13,False
USG00010634,2284-VFLKH,2026-08-25,TWR00093,2,2237.49,2.185,7,False
USG00010635,2404-JIBFC,2026-08-25,TWR00064,66,4489.64,4.384,17,False
USG00010636,4747-LCAQL,2026-08-25,TWR00043,94,1975.21,1.929,10,False
USG00010637,1852-QSWCD,2026-08-25,TWR00023,87,3868.53,3.778,7,False
USG00010638,3027-YNWZU,2026-08-25,TWR00083,114,3153.71,3.08,14,False
USG00010639,2774-LVQUS,2026-08-25,TWR00093,160,3620.03,3.535,3,False
USG00010640,9253-QXKBE,2026-08-25,TWR00061,55,3475.88,3.394,2,False
USG00010641,7940-UQQUG,2026-08-25,TWR00057,144,1802.28,1.76,8,True
USG00010642,6869-FGJJC,2026-08-25,TWR00067,65,2287.19,2.234,14,False
USG00010643,9938-TKDGL,2026-08-25,TWR00092,10,4474.78,4.37,1,False
USG00010644,3398-FSHON,2026-08-25,TWR00087,49,2123.37,2.074,8,False
USG00010645,7188-CBBBA,2026-08-25,TWR00014,151,4238.01,4.139,4,False
USG00010646,5702-KVQRD,2026-08-25,TWR00026,16,1367.37,1.335,11,False
USG00010647,1813-JLKWR,2026-08-25,TWR00042,116,2932.92,2.864,17,False
USG00010648,6857-TKDJV,2026-08-25,TWR00016,84,3612.75,3.528,12,False
USG00010649,3370-GQEAL,2026-08-25,TWR00067,127,3780.61,3.692,10,False
USG00010650,5204-HMGYF,2026-08-25,TWR00056,24,564.22,0.551,2,False
USG00010651,5995-LFTLE,2026-08-25,TWR00079,31,3275.8,3.199,21,False
USG00010652,3824-RHKVR,2026-08-25,TWR00008,173,248.98,0.243,21,False
USG00010653,7868-BGSZA,2026-08-25,TWR00022,83,2210.61,2.159,7,False
USG00010654,2907-ILJBN,2026-08-25,TWR00049,112,3002.76,2.932,9,False
USG00010655,9926-PJHDQ,2026-08-25,TWR00023,3,728.9,0.712,2,True
USG00010656,3003-CMDUU,2026-08-25,TWR00056,8,3876.92,3.786,9,False
USG00010657,0731-EBJQB,2026-08-25,TWR00031,153,4365.48,4.263,25,False
USG00010658,4195-SMMNX,2026-08-25,TWR00068,52,1717.54,1.677,1,True
USG00010659,3199-NPKCN,2026-08-25,TWR00010,132,2466.19,2.408,19,False
USG00010660,9975-SKRNR,2026-08-25,TWR00079,109,2975.06,2.905,8,False
USG00010661,0786-VSSUD,2026-08-25,TWR00035,82,1807.0,1.765,11,False
USG00010662,3756-VNWDH,2026-08-25,TWR00024,174,490.85,0.479,16,False
USG00010663,5605-XNWEN,2026-08-25,TWR00012,171,1493.93,1.459,17,True
USG00010664,5349-AZPEW,2026-08-25,TWR00076,54,407.68,0.398,2,False
USG00010665,0308-IVGOK,2026-08-25,TWR00091,152,3762.25,3.674,17,True
USG00010666,2890-WFBHU,2026-08-25,TWR00066,174,3387.93,3.309,0,False
USG00010667,6729-FZWSY,2026-08-25,TWR00015,170,3676.8,3.591,5,False
USG00010668,6072-NUQCB,2026-08-25,TWR00007,36,1740.84,1.7,25,False
USG00010669,2037-XJFUP,2026-08-25,TWR00037,28,700.9,0.684,18,False
USG00010670,6968-GMKPR,2026-08-25,TWR00078,51,4423.04,4.319,7,False
USG00010671,3884-UEBXB,2026-08-25,TWR00016,40,924.85,0.903,5,False
USG00010672,1910-FMXJM,2026-08-25,TWR00014,45,854.46,0.834,7,True
USG00010673,0841-NULXI,2026-08-25,TWR00065,109,1183.55,1.156,10,False
USG00010674,4825-FUREZ,2026-08-25,TWR00018,17,1035.99,1.012,7,False
USG00010675,2804-ETQDK,2026-08-25,TWR00059,102,1151.06,1.124,20,False
USG00010676,1518-OMDIK,2026-08-25,TWR00061,37,2268.61,2.215,2,False
USG00010677,5825-XJOCM,2026-08-25,TWR00009,144,2030.97,1.983,13,False
USG00010678,4631-OACRM,2026-08-25,TWR00031,120,2720.2,2.656,20,False
USG00010679,8317-BVKSO,2026-08-25,TWR00015,160,3994.24,3.901,12,False
USG00010680,4760-XOHVN,2026-08-25,TWR00078,177,3200.62,3.126,5,False
USG00010681,3845-JHAMY,2026-08-25,TWR00081,178,2182.71,2.132,6,False
USG00010682,5650-YLIBA,2026-08-25,TWR00018,71,2207.33,2.156,17,False
USG00010683,5201-FRKKS,2026-08-25,TWR00067,98,521.5,0.509,25,True
USG00010684,0305-SQECB,2026-08-25,TWR00096,23,3781.99,3.693,20,False
USG00010685,2320-SLKMB,2026-08-25,TWR00068,157,153.89,0.15,9,False
USG00010686,8640-SDGKB,2026-08-25,TWR00017,42,53.41,0.052,19,False
USG00010687,1932-UEDCX,2026-08-25,TWR00090,135,1485.02,1.45,11,False
USG00010688,7317-GGVPB,2026-08-25,TWR00098,38,633.37,0.619,10,False
USG00010689,4686-UXDML,2026-08-25,TWR00037,66,2500.77,2.442,21,False
USG00010690,4817-VYYWS,2026-08-25,TWR00038,10,538.38,0.526,8,False
USG00010691,2055-SIFSS,2026-08-25,TWR00039,18,2647.98,2.586,24,False
USG00010692,9398-MMQTO,2026-08-25,TWR00072,141,1926.3,1.881,10,False
USG00010693,3584-WKTTW,2026-08-25,TWR00044,2,2463.9,2.406,20,False
USG00010694,6402-EJMWF,2026-08-25,TWR00029,135,1607.72,1.57,19,False
USG00010695,6351-SCJKT,2026-08-25,TWR00061,112,183.15,0.179,19,False
USG00010696,9747-DDZOS,2026-08-25,TWR00017,58,3165.61,3.091,19,False
USG00010697,2990-HWIML,2026-08-25,TWR00018,120,501.9,0.49,6,False
USG00010698,5955-ERIHD,2026-08-25,TWR00077,20,2452.73,2.395,11,True
USG00010699,4188-PCPIG,2026-08-25,TWR00074,72,3189.09,3.114,16,False
USG00010700,6122-EFVKN,2026-08-25,TWR00065,133,688.16,0.672,6,False
USG00010701,7567-ECMCM,2026-08-25,TWR00096,66,2013.83,1.967,10,False
USG00010702,1474-JUWSM,2026-08-25,TWR00021,68,3904.11,3.813,4,False
USG00010703,4818-DRBQT,2026-08-25,TWR00009,138,1345.47,1.314,15,False
USG00010704,3334-CTHOL,2026-08-25,TWR00039,103,1064.51,1.04,14,False
USG00010705,3197-NNYNB,2026-08-25,TWR00055,39,2700.58,2.637,14,False
USG00010706,2452-SNHFZ,2026-08-25,TWR00067,168,4085.34,3.99,0,False
USG00010707,2873-ZLIWT,2026-08-25,TWR00083,95,3761.73,3.674,1,False
USG00010708,4821-SJHJV,2026-08-25,TWR00038,160,1857.3,1.814,25,True
USG00010709,4589-IUAJB,2026-08-25,TWR00098,167,1670.7,1.632,13,False
USG00010710,6861-OKBCE,2026-08-25,TWR00006,73,4225.23,4.126,13,False
USG00010711,3518-PZXZQ,2026-08-25,TWR00014,156,1773.47,1.732,24,True
USG00010712,8727-JQFHV,2026-08-25,TWR00050,86,3451.58,3.371,19,False
USG00010713,8857-CUPFQ,2026-08-25,TWR00044,87,287.81,0.281,22,False
USG00010714,8992-JQYUN,2026-08-25,TWR00046,5,774.39,0.756,23,False
USG00010715,2466-FCCPT,2026-08-25,TWR00081,89,2130.36,2.08,15,False
USG00010716,8573-CGOCC,2026-08-25,TWR00068,57,1670.25,1.631,24,False
USG00010717,1093-YSWCA,2026-08-25,TWR00088,108,4241.05,4.142,21,False
USG00010718,4283-FUTGF,2026-08-25,TWR00036,44,2177.41,2.126,16,False
USG00010719,3174-RKMOW,2026-08-25,TWR00044,77,1772.0,1.73,4,False
USG00010720,9761-XUJWD,2026-08-25,TWR00027,141,1103.24,1.077,15,True
USG00010721,6959-GQEGV,2026-08-25,TWR00009,161,1433.58,1.4,24,False
USG00010722,3454-JFUBC,2026-08-25,TWR00017,121,784.87,0.766,20,False
USG00010723,3351-NGXYI,2026-08-25,TWR00016,108,2880.42,2.813,0,True
USG00010724,8739-XNIKG,2026-08-25,TWR00021,114,2518.32,2.459,7,False
USG00010725,3308-JSGML,2026-08-25,TWR00048,177,3816.89,3.727,5,False
USG00010726,5442-XSDCW,2026-08-25,TWR00091,97,219.41,0.214,22,False
USG00010727,2645-QTLMB,2026-08-25,TWR00042,12,3132.99,3.06,25,False
USG00010728,5602-BVFMK,2026-08-25,TWR00095,82,1429.73,1.396,24,False
USG00010729,1502-XFCVR,2026-08-25,TWR00093,0,1846.26,1.803,23,False
USG00010730,8246-SHFGA,2026-08-25,TWR00092,1,1293.5,1.263,18,False
USG00010731,0011-IGKFF,2026-08-25,TWR00081,26,3198.17,3.123,11,False
USG00010732,6905-NIQIN,2026-08-25,TWR00006,77,898.5,0.877,8,False
USG00010733,9332-GYWLO,2026-08-25,TWR00076,25,2049.1,2.001,5,False
USG00010734,8584-KMVXD,2026-08-25,TWR00092,88,1932.05,1.887,7,False
USG00010735,2073-QBVBI,2026-08-25,TWR00012,152,3214.11,3.139,15,False
USG00010736,0862-PRCBS,2026-08-25,TWR00006,6,463.3,0.452,4,False
USG00010737,8763-KIAFH,2026-08-25,TWR00034,132,1955.41,1.91,5,False
USG00010738,3496-LFSZU,2026-08-25,TWR00097,14,316.87,0.309,5,False
USG00010739,4706-DGAHW,2026-08-25,TWR00031,149,3984.17,3.891,17,True
USG00010740,4776-XSKYQ,2026-08-25,TWR00070,125,66.54,0.065,17,False
USG00010741,5118-MUEYH,2026-08-25,TWR00025,92,535.53,0.523,14,False
USG00010742,9931-KGHOA,2026-08-25,TWR00099,101,2583.95,2.523,15,False
USG00010743,9885-CSMWE,2026-08-25,TWR00011,83,672.39,0.657,21,False
USG00010744,6664-FPDAC,2026-08-25,TWR00030,94,520.13,0.508,3,False
USG00010745,0516-UXRMT,2026-08-25,TWR00082,18,4139.12,4.042,17,True
USG00010746,7856-GANIL,2026-08-25,TWR00082,13,1739.93,1.699,9,False
USG00010747,0520-FDVVT,2026-08-25,TWR00029,77,2677.21,2.614,14,False
USG00010748,5730-RIITO,2026-08-25,TWR00082,166,2263.55,2.21,9,True
USG00010749,4123-FCVCB,2026-08-25,TWR00012,119,3971.59,3.879,20,True
USG00010750,4623-ZKHLY,2026-08-25,TWR00044,59,3285.75,3.209,19,False
USG00010751,3374-TTZTK,2026-08-25,TWR00022,161,2253.61,2.201,1,False
USG00010752,0103-CSITQ,2026-08-25,TWR00042,79,3471.3,3.39,1,False
USG00010753,4412-YLTKF,2026-08-25,TWR00009,36,3013.88,2.943,0,False
USG00010754,8164-OCKUJ,2026-08-25,TWR00005,16,786.29,0.768,1,False
USG00010755,1325-USMEC,2026-08-25,TWR00033,136,431.05,0.421,14,False
USG00010756,5748-RNCJT,2026-08-25,TWR00055,59,1942.93,1.897,21,True
USG00010757,9812-GHVRI,2026-08-25,TWR00065,52,3622.01,3.537,14,False
USG00010758,1074-WVEVG,2026-08-25,TWR00013,169,1955.04,1.909,5,False
USG00010759,6463-HHXJR,2026-08-25,TWR00011,123,621.63,0.607,25,False
USG00010760,3415-TAILE,2026-08-25,TWR00033,136,714.66,0.698,24,False
USG00010761,3279-DYZQM,2026-08-25,TWR00094,63,401.93,0.393,25,False
USG00010762,3752-CQSJI,2026-08-25,TWR00027,24,3463.22,3.382,0,False
USG00010763,5396-IZEPB,2026-08-25,TWR00037,156,823.61,0.804,7,False
USG00010764,8111-SLLHI,2026-08-25,TWR00015,17,1576.07,1.539,6,False
USG00010765,6164-HAQTX,2026-08-25,TWR00084,146,2857.74,2.791,19,False
USG00010766,6285-FTQBF,2026-08-25,TWR00098,177,1026.02,1.002,0,False
USG00010767,1754-GKYPY,2026-08-25,TWR00087,40,3155.22,3.081,2,False
USG00010768,8835-VSDSE,2026-08-25,TWR00040,18,1933.04,1.888,23,False
USG00010769,2181-TIDSV,2026-08-25,TWR00075,67,2912.81,2.845,10,False
USG00010770,3423-HHXAO,2026-08-25,TWR00044,108,4487.74,4.383,21,False
USG00010771,5832-EXGTT,2026-08-25,TWR00066,97,1419.38,1.386,20,False
USG00010772,2709-UQGNP,2026-08-25,TWR00052,37,562.75,0.55,23,False
USG00010773,3227-WLKLI,2026-08-25,TWR00016,130,2704.52,2.641,6,True
USG00010774,7392-YYPYJ,2026-08-25,TWR00086,85,1704.01,1.664,24,False
USG00010775,5519-TEEUH,2026-08-25,TWR00060,17,1376.18,1.344,24,False
USG00010776,7483-IQWIB,2026-08-25,TWR00087,77,1335.36,1.304,13,False
USG00010777,1086-LXKFY,2026-08-25,TWR00081,105,1908.72,1.864,21,False
USG00010778,4226-KKDON,2026-08-25,TWR00051,100,3370.08,3.291,20,False
USG00010779,2773-OVBPK,2026-08-25,TWR00040,150,480.38,0.469,25,False
USG00010780,6344-SFJVH,2026-08-25,TWR00041,36,1604.79,1.567,14,False
USG00010781,4615-PIVVU,2026-08-25,TWR00006,22,3764.25,3.676,24,False
USG00010782,9489-DEDVP,2026-08-25,TWR00091,136,536.36,0.524,16,False
USG00010783,9505-SQFSW,2026-08-25,TWR00037,163,4333.43,4.232,13,False
USG00010784,5879-SESNB,2026-08-25,TWR00056,165,2496.98,2.438,12,False
USG00010785,6892-BOGQE,2026-08-25,TWR00029,108,1474.22,1.44,22,False
USG00010786,4670-TABXH,2026-08-25,TWR00040,55,3504.26,3.422,22,False
USG00010787,0206-TBWLC,2026-08-25,TWR00036,174,3695.8,3.609,6,False
USG00010788,6778-JFCMK,2026-08-25,TWR00083,165,3192.49,3.118,16,False
USG00010789,7108-DGVUU,2026-08-25,TWR00025,15,420.99,0.411,13,False
USG00010790,4500-HKANN,2026-08-25,TWR00036,46,4405.58,4.302,1,True
USG00010791,6322-HRPFA,2026-08-25,TWR00089,41,1244.04,1.215,21,False
USG00010792,5499-ECUTN,2026-08-25,TWR00031,114,1022.45,0.998,14,False
USG00010793,0661-KQHNK,2026-08-25,TWR00094,30,4151.41,4.054,19,False
USG00010794,6851-WEFYX,2026-08-25,TWR00032,94,267.04,0.261,16,True
USG00010795,8980-WQFWL,2026-08-25,TWR00066,91,1122.36,1.096,15,False
USG00010796,8111-RKSPX,2026-08-25,TWR00043,176,4256.49,4.157,11,False
USG00010797,8329-IBCTI,2026-08-25,TWR00072,40,4334.05,4.232,13,False
USG00010798,5174-ITUMV,2026-08-25,TWR00014,103,3954.89,3.862,8,False
USG00010799,2696-ECXKC,2026-08-25,TWR00059,34,2062.06,2.014,2,False
USG00010800,8000-REIQB,2026-08-25,TWR00037,134,623.26,0.609,16,True
USG00010801,1032-MAELW,2026-08-25,TWR00011,157,2681.56,2.619,12,False
USG00010802,2302-ANTDP,2026-08-25,TWR00054,166,1352.62,1.321,24,False
USG00010803,0301-KOBTQ,2026-08-25,TWR00045,163,2038.31,1.991,3,False
USG00010804,8150-QUDFX,2026-08-25,TWR00076,9,3830.75,3.741,7,False
USG00010805,5981-ITEMU,2026-08-25,TWR00096,73,1606.76,1.569,17,True
USG00010806,6719-FGEDO,2026-08-25,TWR00015,22,2204.74,2.153,20,False
USG00010807,0135-NMXAP,2026-08-25,TWR00030,142,522.87,0.511,19,False
USG00010808,2933-XEUJM,2026-08-25,TWR00009,121,1576.76,1.54,3,False
USG00010809,6133-OZILE,2026-08-25,TWR00057,127,3814.27,3.725,24,True
USG00010810,8393-JMVMB,2026-08-25,TWR00096,10,515.34,0.503,23,False
USG00010811,9591-YVTEB,2026-08-25,TWR00083,65,3842.28,3.752,4,False
USG00010812,4860-YZGZM,2026-08-25,TWR00051,99,3480.02,3.398,15,False
USG00010813,9788-HNGUT,2026-08-25,TWR00014,81,1881.83,1.838,12,False
USG00010814,0983-TATYJ,2026-08-25,TWR00069,16,1248.91,1.22,3,False
USG00010815,5686-CMAWK,2026-08-25,TWR00021,9,690.66,0.674,24,False
USG00010816,4580-TMHJU,2026-08-25,TWR00092,33,4407.72,4.304,19,False
USG00010817,0201-MIBOL,2026-08-25,TWR00051,37,1111.82,1.086,20,False
USG00010818,1266-NZYUI,2026-08-25,TWR00043,25,937.26,0.915,22,True
USG00010819,6289-CPNLD,2026-08-25,TWR00015,67,3053.54,2.982,16,False
USG00010820,9146-JRIOX,2026-08-25,TWR00018,104,1895.3,1.851,21,False
USG00010821,4710-NKCAW,2026-08-25,TWR00059,11,476.56,0.465,22,False
USG00010822,4322-RCYMT,2026-08-25,TWR00082,55,1652.39,1.614,16,True
USG00010823,1485-YDHMM,2026-08-25,TWR00001,37,3513.22,3.431,6,False
USG00010824,0674-DGMAQ,2026-08-25,TWR00079,58,3049.46,2.978,4,False
USG00010825,3807-BPOMJ,2026-08-25,TWR00090,143,3114.09,3.041,25,False
USG00010826,2408-PSJVE,2026-08-25,TWR00082,104,3738.27,3.651,9,False
USG00010827,7435-ZNUYY,2026-08-25,TWR00075,168,1190.01,1.162,7,False
USG00010828,2080-SRCDE,2026-08-25,TWR00100,168,2241.81,2.189,5,False
USG00010829,3034-ZBEQN,2026-08-25,TWR00007,98,3719.72,3.633,19,False
USG00010830,1544-JJMYL,2026-08-25,TWR00045,84,2528.54,2.469,15,False
USG00010831,4430-UZIPO,2026-08-25,TWR00089,82,3698.77,3.612,22,False
USG00010832,3724-BSCVH,2026-08-25,TWR00055,172,3581.21,3.497,21,False
USG00010833,7410-KTVFV,2026-08-25,TWR00029,63,4171.13,4.073,3,False
USG00010834,5960-MVTUK,2026-08-25,TWR00035,61,3765.64,3.677,21,False
USG00010835,3071-VBYPO,2026-08-25,TWR00009,10,4253.5,4.154,22,False
USG00010836,5117-IFGPS,2026-08-25,TWR00049,38,2082.8,2.034,16,False
USG00010837,9717-QEBGU,2026-08-25,TWR00047,116,4474.27,4.369,4,False
USG00010838,0831-JNISG,2026-08-25,TWR00009,133,156.11,0.152,15,False
USG00010839,8060-HIWJJ,2026-08-25,TWR00100,53,1454.19,1.42,5,False
USG00010840,9970-QBCDA,2026-08-25,TWR00014,106,3096.35,3.024,17,False
USG00010841,6174-NRBTZ,2026-08-25,TWR00017,152,3163.18,3.089,19,False
USG00010842,4597-ELFTS,2026-08-25,TWR00084,45,2882.16,2.815,14,False
USG00010843,1608-GMEWB,2026-08-25,TWR00027,90,2128.86,2.079,11,False
USG00010844,4343-EJVQB,2026-08-25,TWR00027,136,3140.82,3.067,14,False
USG00010845,8050-DVOJX,2026-08-25,TWR00083,121,4217.64,4.119,6,False
USG00010846,9766-HGEDE,2026-08-25,TWR00079,66,3023.01,2.952,3,False
USG00010847,9508-ILZDG,2026-08-25,TWR00079,34,2190.62,2.139,18,False
USG00010848,3920-HIHMQ,2026-08-25,TWR00071,15,2517.68,2.459,3,False
USG00010849,3744-ZRRDZ,2026-08-25,TWR00047,51,1503.46,1.468,18,False
USG00010850,7410-YTJIK,2026-08-25,TWR00085,78,4284.3,4.184,16,False
USG00010851,2921-XWDJH,2026-08-25,TWR00011,47,3034.65,2.964,7,False
USG00010852,7684-XSZIY,2026-08-25,TWR00032,163,3693.26,3.607,14,False
USG00010853,3878-AVSOQ,2026-08-25,TWR00009,120,3302.54,3.225,24,False
USG00010854,9661-JALZV,2026-08-25,TWR00044,152,1643.12,1.605,23,False
USG00010855,9739-JLPQJ,2026-08-25,TWR00005,133,1119.44,1.093,18,False
USG00010856,7752-XUSCI,2026-08-25,TWR00064,147,1137.5,1.111,1,False
USG00010857,5902-WBLSE,2026-08-25,TWR00039,54,3079.92,3.008,10,False
USG00010858,5010-IPEAQ,2026-08-25,TWR00078,147,3091.82,3.019,4,True
USG00010859,4872-VXRIL,2026-08-25,TWR00020,40,2345.11,2.29,16,False
USG00010860,7205-BAIAD,2026-08-25,TWR00016,145,2241.71,2.189,22,False
USG00010861,4361-JEIVL,2026-08-25,TWR00092,53,3110.23,3.037,13,False
USG00010862,7065-YUNRY,2026-08-25,TWR00019,90,3989.81,3.896,23,False
USG00010863,6437-UDQJM,2026-08-25,TWR00019,176,633.57,0.619,17,False
USG00010864,4837-QUSFT,2026-08-25,TWR00018,54,2876.69,2.809,24,False
USG00010865,4883-QICIH,2026-08-25,TWR00079,42,1403.18,1.37,2,False
USG00010866,0557-ASKVU,2026-08-25,TWR00009,37,253.22,0.247,0,False
USG00010867,1926-QUZNN,2026-08-25,TWR00055,19,1990.67,1.944,0,False
USG00010868,9853-JFZDU,2026-08-25,TWR00074,87,996.39,0.973,9,False
USG00010869,2039-JONDJ,2026-08-25,TWR00002,95,592.23,0.578,20,False
USG00010870,2034-CGRHZ,2026-08-25,TWR00029,49,1212.43,1.184,20,False
USG00010871,7854-FOKSF,2026-08-25,TWR00014,89,683.72,0.668,5,False
USG00010872,1135-LMECX,2026-08-25,TWR00097,105,1114.02,1.088,9,False
USG00010873,1996-DBMUS,2026-08-25,TWR00024,82,191.4,0.187,6,False
USG00010874,6691-CCIHA,2026-08-25,TWR00047,14,3229.27,3.154,7,False
USG00010875,8318-LCNBW,2026-08-25,TWR00012,13,3618.5,3.534,22,False
USG00010876,4847-QNOKA,2026-08-25,TWR00032,163,3290.94,3.214,8,False
USG00010877,5774-QPLTF,2026-08-25,TWR00023,52,2982.31,2.912,13,False
USG00010878,6418-HNFED,2026-08-25,TWR00027,128,1774.8,1.733,1,False
USG00010879,1707-HABPF,2026-08-25,TWR00069,139,3859.71,3.769,5,False
USG00010880,5108-ADXWO,2026-08-25,TWR00047,59,317.32,0.31,18,True
USG00010881,6244-BESBM,2026-08-25,TWR00065,22,3699.74,3.613,22,False
USG00010882,8404-GFGCZ,2026-08-25,TWR00097,88,3185.26,3.111,14,True
USG00010883,5724-BIDBU,2026-08-25,TWR00044,124,789.38,0.771,5,False
USG00010884,8663-UPDGF,2026-08-25,TWR00091,25,4489.98,4.385,10,False
USG00010885,3192-LNKRK,2026-08-25,TWR00041,60,199.88,0.195,18,False
USG00010886,7576-OYWBN,2026-08-25,TWR00040,30,285.63,0.279,8,False
USG00010887,3902-FOIGH,2026-08-25,TWR00039,84,2351.5,2.296,12,False
USG00010888,2087-QAREY,2026-08-25,TWR00003,68,721.03,0.704,19,False
USG00010889,4010-YLMVT,2026-08-25,TWR00007,162,186.83,0.182,5,False
USG00010890,2782-LFZVW,2026-08-25,TWR00094,59,2153.76,2.103,12,False
USG00010891,7576-JMYWV,2026-08-25,TWR00031,45,3174.55,3.1,0,False
USG00010892,0504-HHAPI,2026-08-25,TWR00097,134,3640.46,3.555,14,False
USG00010893,2789-CZANW,2026-08-25,TWR00093,87,1892.85,1.848,18,False
USG00010894,5734-EJKXG,2026-08-25,TWR00080,74,3109.59,3.037,0,False
USG00010895,1017-FBQMM,2026-08-25,TWR00049,141,89.95,0.088,0,False
USG00010896,4808-YNLEU,2026-08-25,TWR00100,160,1582.84,1.546,22,False
USG00010897,0975-VOOVL,2026-08-25,TWR00096,91,306.3,0.299,4,False
USG00010898,7225-IILWY,2026-08-25,TWR00007,179,412.27,0.403,17,False
USG00010899,2632-UCGVD,2026-08-25,TWR00087,5,3287.95,3.211,25,False
USG00010900,2750-BJLSB,2026-08-25,TWR00075,77,3891.51,3.8,2,False
USG00010901,0064-YIJGF,2026-08-25,TWR00063,94,3580.05,3.496,20,False
USG00010902,5553-AOINX,2026-08-25,TWR00064,115,4207.13,4.109,2,False
USG00010903,5652-MSDEY,2026-08-25,TWR00020,125,2273.63,2.22,18,False
USG00010904,5624-BQSSA,2026-08-25,TWR00003,14,3697.61,3.611,14,False
USG00010905,2882-DDZPG,2026-08-25,TWR00095,94,3452.06,3.371,19,False
USG00010906,3635-QQRQD,2026-08-25,TWR00032,44,688.8,0.673,0,False
USG00010907,6745-JEFZB,2026-08-25,TWR00098,146,4103.87,4.008,4,False
USG00010908,0572-ZJKLT,2026-08-25,TWR00078,49,2268.77,2.216,2,True
USG00010909,9360-OMDZZ,2026-08-25,TWR00071,142,4042.61,3.948,4,False
USG00010910,8775-ERLNB,2026-08-25,TWR00039,148,941.31,0.919,4,False
USG00010911,2694-CIUMO,2026-08-25,TWR00025,123,4422.28,4.319,19,False
USG00010912,3537-HPKQT,2026-08-25,TWR00057,15,2844.21,2.778,18,False
USG00010913,3347-YJZZE,2026-08-25,TWR00045,96,269.41,0.263,1,False
USG00010914,7860-UXCRM,2026-08-25,TWR00046,89,4158.08,4.061,20,True
USG00010915,0289-IVARM,2026-08-25,TWR00094,89,259.76,0.254,19,False
USG00010916,6961-VCPMC,2026-08-25,TWR00044,148,4126.04,4.029,23,False
USG00010917,0742-MOABM,2026-08-25,TWR00004,125,514.53,0.502,20,True
USG00010918,6551-VLJMV,2026-08-25,TWR00065,98,3490.9,3.409,13,False
USG00010919,0263-FJTQO,2026-08-25,TWR00082,49,3258.05,3.182,11,False
USG00010920,1241-EZFMJ,2026-08-25,TWR00004,6,1193.73,1.166,25,False
USG00010921,0142-GVYSN,2026-08-25,TWR00027,165,1887.51,1.843,0,False
USG00010922,5762-TJXGK,2026-08-25,TWR00038,156,2035.95,1.988,22,False
USG00010923,4049-ZPALD,2026-08-25,TWR00048,24,1592.66,1.555,8,False
USG00010924,5405-ZMYXQ,2026-08-25,TWR00003,32,148.17,0.145,15,False
USG00010925,3845-FXCYS,2026-08-25,TWR00100,101,219.64,0.214,15,False
USG00010926,0235-KGSLC,2026-08-25,TWR00060,118,2266.58,2.213,6,False
USG00010927,0374-AACSZ,2026-08-25,TWR00026,139,1017.85,0.994,9,False
USG00010928,0899-LIIBW,2026-08-25,TWR00028,56,3240.47,3.165,3,False
USG00010929,6890-PFRQX,2026-08-25,TWR00030,158,1499.92,1.465,11,False
USG00010930,3722-WPXTK,2026-08-25,TWR00089,141,3750.2,3.662,0,False
USG00010931,6646-QVXLR,2026-08-25,TWR00050,175,170.47,0.166,4,False
USG00010932,2831-EBWRN,2026-08-25,TWR00053,19,59.82,0.058,4,True
USG00010933,4451-RWASJ,2026-08-25,TWR00069,15,946.89,0.925,19,False
USG00010934,4636-OLWOE,2026-08-25,TWR00014,178,1869.61,1.826,0,False
USG00010935,7255-SSFBC,2026-08-25,TWR00011,154,542.12,0.529,12,False
USG00010936,6198-ZFIOJ,2026-08-25,TWR00071,134,3541.13,3.458,3,False
USG00010937,6496-SLWHQ,2026-08-25,TWR00081,146,3979.27,3.886,25,False
USG00010938,1602-IJQQE,2026-08-25,TWR00072,46,4072.51,3.977,17,False
USG00010939,3620-MWJNE,2026-08-25,TWR00050,41,3981.0,3.888,3,False
USG00010940,2446-PLQVO,2026-08-25,TWR00002,95,3604.85,3.52,17,True
USG00010941,5567-GZKQY,2026-08-25,TWR00020,95,4178.22,4.08,23,False
USG00010942,7851-WZEKY,2026-08-25,TWR00041,161,4226.48,4.127,2,False
USG00010943,3645-DEYGF,2026-08-25,TWR00029,38,803.7,0.785,8,False
USG00010944,8029-XYPWT,2026-08-25,TWR00055,61,2791.43,2.726,0,False
USG00010945,7625-XCQRH,2026-08-25,TWR00026,41,2849.67,2.783,21,False
USG00010946,4973-RLZVI,2026-08-25,TWR00043,125,3670.3,3.584,7,True
USG00010947,8201-AAXCB,2026-08-25,TWR00024,139,3456.96,3.376,14,False
USG00010948,2038-LLMLM,2026-08-25,TWR00039,7,2373.34,2.318,4,True
USG00010949,7250-EQKIY,2026-08-25,TWR00001,76,886.3,0.866,5,True
USG00010950,7089-RKVSZ,2026-08-25,TWR00060,88,2505.6,2.447,3,False
USG00010951,0345-HKJVM,2026-08-25,TWR00099,83,3702.52,3.616,10,False
USG00010952,3038-PQIUY,2026-08-25,TWR00036,30,1040.94,1.017,6,False
USG00010953,5811-IWXYM,2026-08-25,TWR00011,122,495.42,0.484,10,False
USG00010954,1561-BWHIN,2026-08-25,TWR00100,101,3845.81,3.756,10,False
USG00010955,0082-LDZUE,2026-08-25,TWR00027,176,2823.59,2.757,21,True
USG00010956,7088-FBAWU,2026-08-25,TWR00055,79,1140.28,1.114,17,True
USG00010957,5099-BAILX,2026-08-25,TWR00025,144,561.46,0.548,20,False
USG00010958,1816-FLZDK,2026-08-25,TWR00004,67,2290.21,2.237,9,False
USG00010959,4074-SJFFA,2026-08-25,TWR00086,8,641.76,0.627,0,False
USG00010960,8406-LNMHF,2026-08-25,TWR00002,163,4032.77,3.938,12,False
USG00010961,6408-OTUBZ,2026-08-25,TWR00046,169,3898.56,3.807,23,False
USG00010962,4137-JOPHL,2026-08-25,TWR00063,62,3801.17,3.712,6,False
USG00010963,8344-WFMFH,2026-08-25,TWR00099,47,3427.5,3.347,0,False
USG00010964,9220-CXRSC,2026-08-25,TWR00052,157,1259.22,1.23,10,False
USG00010965,0684-AOSIH,2026-08-25,TWR00003,146,317.83,0.31,20,False
USG00010966,5820-PTRYM,2026-08-25,TWR00008,18,3552.55,3.469,8,False
USG00010967,9150-KPBJQ,2026-08-25,TWR00077,143,409.82,0.4,23,False
USG00010968,4660-IRIBM,2026-08-25,TWR00052,5,2613.49,2.552,24,False
USG00010969,3823-KYNQY,2026-08-25,TWR00034,70,1173.71,1.146,24,False
USG00010970,7688-AWMDX,2026-08-25,TWR00070,69,1340.45,1.309,12,False
USG00010971,2260-USTRB,2026-08-25,TWR00099,31,3638.7,3.553,16,False
USG00010972,5141-ZUVBH,2026-08-25,TWR00065,67,2124.29,2.075,13,False
USG00010973,0221-NAUXK,2026-08-25,TWR00010,19,2479.04,2.421,16,False
USG00010974,5701-GUXDC,2026-08-25,TWR00061,44,3003.03,2.933,21,False
USG00010975,7169-YWAMK,2026-08-25,TWR00051,93,460.98,0.45,20,False
USG00010976,2225-ZRGSG,2026-08-25,TWR00070,84,3111.68,3.039,5,False
USG00010977,6521-YYTYI,2026-08-25,TWR00030,178,797.06,0.778,25,False
USG00010978,8792-AOROI,2026-08-25,TWR00057,8,1817.2,1.775,14,False
USG00010979,5916-QEWPT,2026-08-25,TWR00097,103,2707.72,2.644,3,True
USG00010980,3115-JPJDD,2026-08-25,TWR00052,120,1712.28,1.672,0,False
USG00010981,0036-IHMOT,2026-08-25,TWR00075,146,1925.84,1.881,20,False
USG00010982,2400-FEQME,2026-08-25,TWR00018,96,1755.84,1.715,18,False
USG00010983,0201-OAMXR,2026-08-25,TWR00090,1,3214.25,3.139,21,False
USG00010984,7469-LKBCI,2026-08-25,TWR00029,136,398.09,0.389,16,False
USG00010985,8660-BUETV,2026-08-25,TWR00036,118,3961.53,3.869,14,True
USG00010986,5474-LAMUQ,2026-08-25,TWR00043,122,4100.73,4.005,8,False
USG00010987,3672-YITQD,2026-08-25,TWR00007,44,2686.89,2.624,12,False
USG00010988,0634-SZPQA,2026-08-25,TWR00030,139,1506.39,1.471,12,False
USG00010989,4741-WWJQZ,2026-08-25,TWR00074,139,3848.37,3.758,2,True
USG00010990,1965-DDBWU,2026-08-25,TWR00058,147,2303.41,2.249,7,False
USG00010991,5199-FPUSP,2026-08-25,TWR00013,168,1866.36,1.823,19,False
USG00010992,0812-WUPTB,2026-08-25,TWR00009,15,460.19,0.449,7,False
USG00010993,8067-NIOYM,2026-08-25,TWR00038,50,1119.3,1.093,12,False
USG00010994,4628-WQCQQ,2026-08-25,TWR00035,3,4409.63,4.306,13,False
USG00010995,6993-OHLXR,2026-08-25,TWR00051,167,3400.24,3.321,11,False
USG00010996,9619-GSATL,2026-08-25,TWR00073,126,2639.87,2.578,15,True
USG00010997,3307-TLCUD,2026-08-25,TWR00045,145,200.27,0.196,15,False
USG00010998,6114-TCFID,2026-08-25,TWR00019,6,3123.68,3.05,3,False
USG00010999,5135-GRQJV,2026-08-25,TWR00084,147,742.62,0.725,11,True
USG00011000,8606-CIQUL,2026-08-25,TWR00040,33,3319.58,3.242,3,False
USG00011001,3745-HRPHI,2026-08-25,TWR00026,102,625.02,0.61,21,True
USG00011002,1761-AEZZR,2026-08-25,TWR00096,66,2275.51,2.222,9,False
USG00011003,3318-OSATS,2026-08-25,TWR00001,169,3630.54,3.545,6,False
USG00011004,9070-BCKQP,2026-08-25,TWR00085,56,2813.09,2.747,2,True
USG00011005,8668-KNZTI,2026-08-25,TWR00074,123,2376.38,2.321,16,False
USG00011006,4770-UEZOX,2026-08-25,TWR00019,140,2807.09,2.741,3,True
USG00011007,7883-ROJOC,2026-08-25,TWR00045,104,471.23,0.46,15,False
USG00011008,1930-QPBVZ,2026-08-25,TWR00019,107,3928.52,3.836,8,False
USG00011009,0266-GMEAO,2026-08-25,TWR00025,144,1523.43,1.488,5,True
USG00011010,3665-JATSN,2026-08-25,TWR00007,30,4264.47,4.165,8,True
USG00011011,8144-DGHXP,2026-08-25,TWR00003,96,689.52,0.673,15,False
USG00011012,8286-AFUYI,2026-08-25,TWR00026,29,2462.11,2.404,7,False
USG00011013,1465-LNTLJ,2026-08-25,TWR00015,159,251.72,0.246,18,False
USG00011014,9173-IVZVP,2026-08-25,TWR00069,118,3603.81,3.519,9,False
USG00011015,7253-UVNDW,2026-08-25,TWR00058,62,3452.71,3.372,20,False
USG00011016,4816-OKWNX,2026-08-25,TWR00001,12,3721.62,3.634,11,False
USG00011017,3030-YZADT,2026-08-25,TWR00010,69,2845.99,2.779,8,False
USG00011018,9430-NKQLY,2026-08-25,TWR00069,121,982.32,0.959,24,False
USG00011019,0480-BIXDE,2026-08-25,TWR00071,56,3251.97,3.176,10,False
USG00011020,1850-AKQEP,2026-08-25,TWR00065,82,3758.35,3.67,21,False
USG00011021,5133-VRSAB,2026-08-25,TWR00070,130,1415.78,1.383,12,False
USG00011022,0374-FIUCA,2026-08-25,TWR00016,13,966.55,0.944,3,False
USG00011023,9741-YLNTD,2026-08-25,TWR00015,23,2538.28,2.479,14,False
USG00011024,1057-FOGLZ,2026-08-25,TWR00087,160,1630.44,1.592,18,False
USG00011025,4791-QRGMF,2026-08-25,TWR00018,44,2517.19,2.458,5,False
USG00011026,7013-PSXHK,2026-08-25,TWR00053,22,1202.19,1.174,8,False
USG00011027,8261-GWDBQ,2026-08-25,TWR00093,60,1769.99,1.729,24,False
USG00011028,2606-RMDHZ,2026-08-25,TWR00100,174,1855.08,1.812,4,False
USG00011029,4815-TUMEQ,2026-08-25,TWR00030,113,1152.94,1.126,25,False
USG00011030,2233-TXSIU,2026-08-25,TWR00049,152,3023.58,2.953,24,False
USG00011031,9424-CMPOG,2026-08-25,TWR00027,73,1052.03,1.027,21,False
USG00011032,5622-UEJFI,2026-08-25,TWR00058,84,1109.55,1.084,22,False
USG00011033,6048-UWKAL,2026-08-25,TWR00001,16,2381.96,2.326,20,False
USG00011034,3132-TVFDZ,2026-08-25,TWR00088,65,866.74,0.846,14,False
USG00011035,1415-YFWLT,2026-08-25,TWR00017,117,3224.01,3.148,16,False
USG00011036,9593-CVZKR,2026-08-25,TWR00007,98,3571.25,3.488,21,False
USG00011037,5307-DZCVC,2026-08-25,TWR00094,69,1417.85,1.385,13,False
USG00011038,5846-ABOBJ,2026-08-25,TWR00057,35,3511.98,3.43,21,False
USG00011039,3967-VQOGC,2026-08-25,TWR00041,106,386.91,0.378,13,False
USG00011040,8073-IJDCM,2026-08-25,TWR00036,16,170.83,0.167,6,False
USG00011041,1728-CXQBE,2026-08-25,TWR00012,87,2956.47,2.887,23,False
USG00011042,7101-HRBLJ,2026-08-25,TWR00100,87,210.5,0.206,11,False
USG00011043,2382-BCKQJ,2026-08-25,TWR00012,133,2722.05,2.658,14,False
USG00011044,8125-QPFJD,2026-08-25,TWR00017,88,1546.68,1.51,9,False
USG00011045,4373-MAVJG,2026-08-25,TWR00070,100,894.43,0.873,14,False
USG00011046,6253-GNHWH,2026-08-25,TWR00039,145,3997.32,3.904,8,True
USG00011047,1448-CYWKC,2026-08-25,TWR00056,85,1270.3,1.241,9,False
USG00011048,5044-XDPYX,2026-08-25,TWR00008,20,1311.78,1.281,8,True
USG00011049,7964-VEXDG,2026-08-25,TWR00033,69,2192.86,2.141,6,False
USG00011050,2357-COQEK,2026-08-25,TWR00062,153,388.16,0.379,24,False
USG00011051,3714-NTNFO,2026-08-25,TWR00023,124,2376.08,2.32,8,False
USG00011052,1153-GNOLC,2026-08-25,TWR00021,2,3361.47,3.283,17,True
USG00011053,3936-QQFLL,2026-08-25,TWR00063,81,1870.13,1.826,20,False
USG00011054,8652-YHIYU,2026-08-25,TWR00089,95,1131.75,1.105,4,False
USG00011055,9052-DHNKM,2026-08-25,TWR00029,31,1815.89,1.773,2,True
USG00011056,7577-SWIFR,2026-08-25,TWR00041,147,4341.67,4.24,10,False
USG00011057,0804-YGEQV,2026-08-25,TWR00050,125,104.45,0.102,1,False
USG00011058,7969-AULMZ,2026-08-25,TWR00029,138,4497.82,4.392,3,False
USG00011059,1257-SXUXQ,2026-08-25,TWR00054,156,3482.0,3.4,1,False
USG00011060,1839-UMACK,2026-08-25,TWR00088,165,1766.68,1.725,24,False
USG00011061,4020-KIUDI,2026-08-25,TWR00039,58,2091.35,2.042,15,False
USG00011062,1455-HFBXA,2026-08-25,TWR00084,35,1599.36,1.562,6,True
USG00011063,0722-SVSFK,2026-08-25,TWR00016,170,2435.63,2.379,12,False
USG00011064,4641-FROLU,2026-08-25,TWR00096,57,4322.97,4.222,21,False
USG00011065,4080-IIARD,2026-08-25,TWR00059,83,154.4,0.151,7,False
USG00011066,2359-QWQUL,2026-08-25,TWR00097,60,182.03,0.178,16,False
USG00011067,2075-RMJIK,2026-08-25,TWR00100,159,3121.38,3.048,20,False
USG00011068,9734-YWGEX,2026-08-25,TWR00061,31,3649.31,3.564,16,True
USG00011069,9938-PRCVK,2026-08-25,TWR00052,171,218.09,0.213,9,False
USG00011070,3400-ESFUW,2026-08-25,TWR00084,135,1487.1,1.452,24,True
USG00011071,8048-DSDFQ,2026-08-25,TWR00060,69,1231.49,1.203,15,False
USG00011072,9174-FKWZE,2026-08-25,TWR00070,9,2716.9,2.653,3,False
USG00011073,0968-GSIKN,2026-08-25,TWR00089,51,1333.29,1.302,23,False
USG00011074,9917-KWRBE,2026-08-25,TWR00005,70,4200.84,4.102,20,False
USG00011075,6017-PPLPX,2026-08-25,TWR00078,107,2246.63,2.194,17,False
USG00011076,0218-QNVAS,2026-08-25,TWR00099,14,1005.53,0.982,18,False
USG00011077,5356-RHIPP,2026-08-25,TWR00073,2,86.5,0.084,15,False
USG00011078,3865-QBWSJ,2026-08-25,TWR00004,136,1177.7,1.15,16,False
USG00011079,6618-RYATB,2026-08-25,TWR00048,91,1964.29,1.918,12,True
USG00011080,4390-KYULV,2026-08-25,TWR00037,89,1759.88,1.719,4,False
USG00011081,5127-BZENZ,2026-08-25,TWR00041,142,4323.13,4.222,14,False
USG00011082,3841-NFECX,2026-08-25,TWR00017,133,989.43,0.966,12,False
USG00011083,3750-RNQKR,2026-08-25,TWR00098,88,1455.81,1.422,15,False
USG00011084,6873-UDNLD,2026-08-25,TWR00020,111,4482.27,4.377,21,True
USG00011085,9297-FVVDH,2026-08-25,TWR00079,34,385.25,0.376,20,False
USG00011086,6579-JPICP,2026-08-25,TWR00039,102,3699.35,3.613,19,False
USG00011087,5857-TYBCJ,2026-08-25,TWR00033,3,2252.9,2.2,1,False
USG00011088,1328-EUZHC,2026-08-25,TWR00098,57,2280.3,2.227,20,False
USG00011089,8108-UXRQN,2026-08-25,TWR00031,51,1980.77,1.934,8,False
USG00011090,3274-NSDWE,2026-08-25,TWR00076,104,1035.92,1.012,23,False
USG00011091,6481-ESCNL,2026-08-25,TWR00041,128,3121.81,3.049,17,False
USG00011092,1347-KTTTA,2026-08-25,TWR00033,89,150.33,0.147,8,False
USG00011093,7925-PNRGI,2026-08-25,TWR00088,53,945.94,0.924,18,False
USG00011094,9362-MWODR,2026-08-25,TWR00041,143,4332.25,4.231,16,False
USG00011095,3545-CNWRG,2026-08-25,TWR00045,116,683.24,0.667,19,False
USG00011096,1925-TIBLE,2026-08-25,TWR00091,90,2288.74,2.235,10,False
USG00011097,3810-DVDQQ,2026-08-25,TWR00065,2,3937.31,3.845,1,False
USG00011098,1600-DILPE,2026-08-25,TWR00070,115,2794.81,2.729,4,True
USG00011099,3648-GZPHF,2026-08-25,TWR00016,127,2704.22,2.641,8,False
USG00011100,0733-VUNUW,2026-08-25,TWR00034,13,800.0,0.781,17,False
USG00011101,8597-CTXVJ,2026-08-25,TWR00017,107,1974.17,1.928,22,False
USG00011102,6317-YPKDH,2026-08-25,TWR00042,74,1870.05,1.826,4,False
USG00011103,9746-MDMBK,2026-08-25,TWR00031,78,2433.16,2.376,10,False
USG00011104,3891-NLXJB,2026-08-25,TWR00047,155,2390.15,2.334,13,False
USG00011105,4079-VTGLK,2026-08-25,TWR00014,143,1626.57,1.588,14,False
USG00011106,5018-HEKFO,2026-08-25,TWR00027,85,1630.08,1.592,1,False
USG00011107,6993-YCOBK,2026-08-25,TWR00001,7,3843.01,3.753,22,False
USG00011108,4781-ZXYGU,2026-08-25,TWR00014,63,4339.72,4.238,24,False
USG00011109,8631-XVRZL,2026-08-25,TWR00001,179,3934.04,3.842,7,False
USG00011110,3458-IDMFK,2026-08-25,TWR00080,40,1375.42,1.343,17,False
USG00011111,5565-FILXA,2026-08-25,TWR00003,155,1052.36,1.028,7,False
USG00011112,8087-LGYHQ,2026-08-25,TWR00090,81,2808.31,2.742,17,False
USG00011113,2348-KCJLT,2026-08-25,TWR00076,62,1724.54,1.684,4,True
USG00011114,7426-WEIJX,2026-08-25,TWR00031,134,444.36,0.434,21,False
USG00011115,5527-ACHSO,2026-08-25,TWR00095,111,878.44,0.858,16,False
USG00011116,7876-DNYAP,2026-08-25,TWR00021,85,2731.39,2.667,25,False
USG00011117,9504-YAZWB,2026-08-25,TWR00060,68,1260.44,1.231,3,False
USG00011118,5084-OOVCJ,2026-08-25,TWR00026,36,556.4,0.543,17,False
USG00011119,8705-DWKTI,2026-08-25,TWR00093,146,1711.9,1.672,18,False
USG00011120,5649-TJHOV,2026-08-25,TWR00030,35,1713.14,1.673,18,False
USG00011121,7994-XIRTR,2026-08-25,TWR00021,9,456.85,0.446,25,True
USG00011122,8570-KLJYJ,2026-08-25,TWR00022,109,1399.93,1.367,12,False
USG00011123,6746-WAUWT,2026-08-25,TWR00084,179,3742.54,3.655,2,False
USG00011124,5550-VFRLC,2026-08-25,TWR00044,166,1515.4,1.48,22,True
USG00011125,0820-FNRNX,2026-08-25,TWR00080,118,3886.46,3.795,17,False
USG00011126,7621-VPNET,2026-08-25,TWR00078,15,779.92,0.762,21,False
USG00011127,3259-QMXUN,2026-08-25,TWR00015,83,51.52,0.05,25,True
USG00011128,4682-BLBUC,2026-08-25,TWR00034,155,484.96,0.474,9,False
USG00011129,9611-CTWIH,2026-08-25,TWR00068,171,2238.14,2.186,18,False
USG00011130,4547-KQRTM,2026-08-25,TWR00099,111,1886.36,1.842,17,False
USG00011131,2996-XAUVF,2026-08-25,TWR00079,159,1999.52,1.953,2,False
USG00011132,4588-YBNIB,2026-08-25,TWR00026,85,2374.8,2.319,12,False
USG00011133,2977-CEBSX,2026-08-25,TWR00090,178,144.94,0.142,4,False
USG00011134,0376-YMCJC,2026-08-25,TWR00037,12,1874.53,1.831,8,False
USG00011135,4654-DLAMQ,2026-08-25,TWR00079,31,1323.4,1.292,23,False
USG00011136,0772-GYEQQ,2026-08-25,TWR00055,153,1568.16,1.531,6,False
USG00011137,6202-JVYEU,2026-08-25,TWR00074,39,1098.44,1.073,12,True
USG00011138,8562-GHPPI,2026-08-25,TWR00062,167,2266.59,2.213,8,False
USG00011139,0685-MLYYM,2026-08-25,TWR00081,63,3425.53,3.345,0,False
USG00011140,2946-KIQSP,2026-08-25,TWR00064,6,1628.23,1.59,25,False
USG00011141,8696-JKZNU,2026-08-25,TWR00094,60,631.66,0.617,23,True
USG00011142,1621-YNCJH,2026-08-25,TWR00056,127,1150.03,1.123,23,False
USG00011143,3329-WDIOK,2026-08-25,TWR00044,99,2925.9,2.857,20,False
USG00011144,9018-PCIOK,2026-08-25,TWR00023,121,1956.01,1.91,13,False
USG00011145,4566-GOLUK,2026-08-25,TWR00005,24,1259.66,1.23,25,False
USG00011146,0871-OPBXW,2026-08-25,TWR00040,139,2100.13,2.051,6,False
USG00011147,9435-JMLSX,2026-08-25,TWR00042,171,883.49,0.863,6,False
USG00011148,6368-TZZDT,2026-08-25,TWR00067,6,2425.34,2.368,2,False
USG00011149,2969-WGHQO,2026-08-25,TWR00025,49,1442.36,1.409,24,False
USG00011150,0107-YHINA,2026-08-25,TWR00090,170,1695.14,1.655,5,False
USG00011151,8262-COGGB,2026-08-25,TWR00074,28,2182.34,2.131,2,False
USG00011152,6952-OMNWB,2026-08-25,TWR00015,128,2377.41,2.322,18,False
USG00011153,8421-WZOOW,2026-08-25,TWR00001,150,2954.98,2.886,25,False
USG00011154,3134-DSHVC,2026-08-25,TWR00095,36,3322.78,3.245,11,False
USG00011155,1346-PJWTK,2026-08-25,TWR00055,99,4355.28,4.253,15,False
USG00011156,1195-OIYEJ,2026-08-25,TWR00028,32,200.58,0.196,10,False
USG00011157,4909-JOUPP,2026-08-25,TWR00012,15,184.83,0.18,0,False
USG00011158,7794-JASDG,2026-08-25,TWR00014,98,932.7,0.911,16,False
USG00011159,2254-DLXRI,2026-08-25,TWR00019,105,2417.25,2.361,8,False
USG00011160,3717-OFRTN,2026-08-25,TWR00037,159,911.95,0.891,6,False
USG00011161,0895-UADGO,2026-08-25,TWR00002,103,297.23,0.29,20,False
USG00011162,2908-ZTPNF,2026-08-25,TWR00068,16,1992.99,1.946,6,False
USG00011163,5261-QSHQM,2026-08-25,TWR00038,153,499.28,0.488,3,True
USG00011164,5515-AKOAJ,2026-08-25,TWR00013,2,2877.1,2.81,1,False
USG00011165,3162-ZJZFU,2026-08-25,TWR00040,151,379.77,0.371,16,False
USG00011166,3768-NLUBH,2026-08-25,TWR00047,151,1797.2,1.755,23,False
USG00011167,8896-RAZCR,2026-08-25,TWR00033,52,2775.16,2.71,9,False
USG00011168,3627-FCRDW,2026-08-25,TWR00036,71,465.21,0.454,4,False
USG00011169,7596-ZYWBB,2026-08-25,TWR00004,63,259.04,0.253,23,False
USG00011170,9467-ROOLM,2026-08-25,TWR00089,17,2870.11,2.803,12,False
USG00011171,7369-TRPFD,2026-08-25,TWR00086,161,2094.57,2.045,22,False
USG00011172,9640-ZSLDC,2026-08-25,TWR00011,21,352.89,0.345,14,False
USG00011173,7821-DPRQE,2026-08-25,TWR00004,129,1114.91,1.089,8,False
USG00011174,7083-MIOPC,2026-08-25,TWR00071,130,1943.8,1.898,20,False
USG00011175,5671-UUNXD,2026-08-25,TWR00063,104,1251.64,1.222,17,False
USG00011176,6960-HVYXR,2026-08-25,TWR00035,159,4148.67,4.051,6,False
USG00011177,1237-WIYYZ,2026-08-25,TWR00091,95,2646.72,2.585,0,False
USG00011178,4795-WRNVT,2026-08-25,TWR00052,122,357.57,0.349,2,False
USG00011179,4139-JPIAM,2026-08-25,TWR00100,97,604.45,0.59,25,False
USG00011180,7599-FKVXZ,2026-08-25,TWR00083,149,516.81,0.505,13,False
USG00011181,1830-IPXVJ,2026-08-25,TWR00032,133,1560.19,1.524,8,False
USG00011182,7980-MHFLQ,2026-08-25,TWR00019,16,2265.61,2.213,7,False
USG00011183,7550-WIQVA,2026-08-25,TWR00032,91,1035.14,1.011,6,True
USG00011184,2868-SNELZ,2026-08-25,TWR00085,51,1994.37,1.948,12,False
USG00011185,1915-OAKWD,2026-08-25,TWR00071,143,146.08,0.143,22,False
USG00011186,4905-JEFDW,2026-08-25,TWR00080,116,406.16,0.397,10,False
USG00011187,3557-HTYWR,2026-08-25,TWR00014,82,4193.85,4.096,5,False
USG00011188,2232-DMLXU,2026-08-25,TWR00067,64,906.97,0.886,5,True
USG00011189,9818-XQCUV,2026-08-25,TWR00018,101,212.19,0.207,4,False
USG00011190,3429-IFLEM,2026-08-25,TWR00083,168,2398.82,2.343,11,False
USG00011191,3814-MLAXC,2026-08-25,TWR00057,96,2768.17,2.703,20,False
USG00011192,1622-HSHSF,2026-08-25,TWR00091,39,3281.67,3.205,4,False
USG00011193,6261-LHRTG,2026-08-25,TWR00011,153,2847.84,2.781,11,False
USG00011194,2773-MADBQ,2026-08-25,TWR00052,149,130.13,0.127,15,False
USG00011195,7614-QVWQL,2026-08-25,TWR00048,10,340.22,0.332,4,False
USG00011196,4707-YNOQA,2026-08-25,TWR00075,21,920.13,0.899,10,False
USG00011197,6598-RFFVI,2026-08-25,TWR00057,15,4450.69,4.346,24,False
USG00011198,8327-LZKAS,2026-08-25,TWR00030,158,3752.0,3.664,10,False
USG00011199,2369-UAPKZ,2026-08-25,TWR00067,3,1413.06,1.38,24,False
USG00011200,6248-TKCQV,2026-08-25,TWR00011,126,161.96,0.158,11,False
USG00011201,3714-XPXBW,2026-08-25,TWR00021,49,2978.33,2.909,7,False
USG00011202,0440-MOGPM,2026-08-25,TWR00046,25,2426.93,2.37,3,False
USG00011203,7109-CQYUZ,2026-08-25,TWR00086,99,3409.49,3.33,10,False
USG00011204,2364-UFROM,2026-08-25,TWR00005,124,2920.33,2.852,3,False
USG00011205,5940-AHUHD,2026-08-25,TWR00007,18,3330.55,3.252,17,False
USG00011206,3030-ZKIWL,2026-08-25,TWR00047,11,2314.95,2.261,22,False
USG00011207,9992-UJOEL,2026-08-25,TWR00040,136,3022.93,2.952,5,False
USG00011208,0397-GZBBC,2026-08-25,TWR00033,10,491.59,0.48,6,False
USG00011209,2235-DWLJU,2026-08-25,TWR00072,3,3729.38,3.642,0,False
USG00011210,9170-ARBTB,2026-08-25,TWR00045,158,2739.43,2.675,18,True
USG00011211,6603-QWSPR,2026-08-25,TWR00095,136,2027.35,1.98,21,False
USG00011212,9861-PDSZP,2026-08-25,TWR00017,34,2702.01,2.639,18,True
USG00011213,6286-ZHAOK,2026-08-25,TWR00050,50,4284.78,4.184,15,True
USG00011214,5804-LEPIM,2026-08-25,TWR00021,40,4273.48,4.173,19,False
USG00011215,7312-XSBAT,2026-08-25,TWR00085,95,2999.97,2.93,2,False
USG00011216,7277-OZCGZ,2026-08-25,TWR00020,26,1416.93,1.384,7,False
USG00011217,4011-ARPHK,2026-08-25,TWR00041,50,2983.35,2.913,3,False
USG00011218,7601-DHFWZ,2026-08-25,TWR00075,158,699.28,0.683,2,False
USG00011219,0396-YCHWO,2026-08-25,TWR00013,21,553.98,0.541,14,False
USG00011220,0244-LGNFY,2026-08-25,TWR00052,172,4477.82,4.373,5,False
USG00011221,1133-KXCGE,2026-08-25,TWR00079,64,4300.29,4.2,22,False
USG00011222,7610-TVOPG,2026-08-25,TWR00094,118,399.14,0.39,6,False
USG00011223,4827-LTQRJ,2026-08-25,TWR00040,41,1761.92,1.721,12,False
USG00011224,8465-SBRXP,2026-08-25,TWR00059,85,1034.4,1.01,2,True
USG00011225,9058-HRZSV,2026-08-25,TWR00008,3,3995.54,3.902,12,False
USG00011226,5016-LIPDW,2026-08-25,TWR00077,179,4071.67,3.976,25,False
USG00011227,6458-CYIDZ,2026-08-25,TWR00071,155,1611.88,1.574,12,False
USG00011228,7129-ACFOG,2026-08-25,TWR00002,82,2895.99,2.828,14,False
USG00011229,0436-TWFFZ,2026-08-25,TWR00067,40,70.3,0.069,15,False
USG00011230,3011-WQKSZ,2026-08-25,TWR00038,171,3334.74,3.257,8,False
USG00011231,8840-DQLGN,2026-08-25,TWR00087,1,3221.78,3.146,1,False
USG00011232,2667-WYLWJ,2026-08-25,TWR00072,33,3789.29,3.7,10,False
USG00011233,9046-DQMTP,2026-08-25,TWR00076,109,902.3,0.881,25,False
USG00011234,1265-HVPZB,2026-08-25,TWR00085,145,2913.96,2.846,8,False
USG00011235,2235-ZGKPT,2026-08-25,TWR00036,161,3126.84,3.054,17,False
USG00011236,4145-UQXUQ,2026-08-25,TWR00087,65,223.69,0.218,16,False
USG00011237,8722-PRFDV,2026-08-25,TWR00024,84,3297.69,3.22,0,False
USG00011238,0369-ZGOVK,2026-08-25,TWR00060,117,3018.98,2.948,2,True
USG00011239,1298-PHBTI,2026-08-25,TWR00059,93,4369.26,4.267,7,False
USG00011240,4877-EVATK,2026-08-25,TWR00072,134,4425.65,4.322,23,False
USG00011241,7758-XKCBS,2026-08-25,TWR00069,174,2665.08,2.603,7,False
USG00011242,2775-SEFEE,2026-08-25,TWR00045,52,3392.49,3.313,14,False
USG00011243,4250-ZBWLV,2026-08-25,TWR00048,73,1361.78,1.33,2,False
USG00011244,6013-BHCAW,2026-08-25,TWR00097,139,2668.05,2.606,3,False
USG00011245,2931-SVLTV,2026-08-25,TWR00029,39,1702.44,1.663,8,False
USG00011246,3096-JRDSO,2026-08-25,TWR00064,146,1682.18,1.643,1,False
USG00011247,6563-VNPMN,2026-08-25,TWR00029,155,1495.15,1.46,21,False
USG00011248,7293-LSCDV,2026-08-25,TWR00084,159,2660.29,2.598,8,False
USG00011249,2460-FPSYH,2026-08-25,TWR00026,6,2476.75,2.419,21,True
USG00011250,2716-GFZOR,2026-08-25,TWR00036,138,1579.66,1.543,11,False
USG00011251,2469-DTSGX,2026-08-25,TWR00049,62,867.87,0.848,17,False
USG00011252,4890-VMUAV,2026-08-25,TWR00038,81,3046.04,2.975,9,False
USG00011253,3137-NYQQI,2026-08-25,TWR00062,168,744.14,0.727,22,False
USG00011254,8194-PEEBY,2026-08-25,TWR00003,164,1410.03,1.377,1,False
USG00011255,2055-BFOCC,2026-08-25,TWR00002,123,3105.58,3.033,24,False
USG00011256,9526-BIHHD,2026-08-25,TWR00043,49,1678.01,1.639,6,False
USG00011257,9256-JTBNZ,2026-08-25,TWR00015,13,735.82,0.719,9,False
USG00011258,2675-DHUTR,2026-08-25,TWR00069,6,1723.75,1.683,6,False
USG00011259,2202-CUYXZ,2026-08-25,TWR00071,157,3094.37,3.022,9,False
USG00011260,5693-PIPCS,2026-08-25,TWR00059,152,502.16,0.49,19,False
USG00011261,9313-CDOGY,2026-08-25,TWR00022,135,2034.88,1.987,6,False
USG00011262,9334-GWGOW,2026-08-25,TWR00002,86,2639.78,2.578,12,False
USG00011263,1950-KSVVJ,2026-08-25,TWR00081,41,1764.68,1.723,9,False
USG00011264,2133-TSRRM,2026-08-25,TWR00060,124,3521.97,3.439,1,False
USG00011265,9795-SHUHB,2026-08-25,TWR00045,8,2260.23,2.207,18,False
USG00011266,5747-PMBSQ,2026-08-25,TWR00078,54,1619.42,1.581,16,False
USG00011267,1945-XISKS,2026-08-25,TWR00058,134,2690.61,2.628,5,False
USG00011268,8387-MOJJT,2026-08-25,TWR00098,151,2295.41,2.242,9,False
USG00011269,5248-KWLAR,2026-08-25,TWR00099,106,1873.08,1.829,11,False
USG00011270,8749-TZYEC,2026-08-25,TWR00017,80,3248.89,3.173,0,False
USG00011271,7595-EUIVN,2026-08-25,TWR00061,130,1465.81,1.431,15,False
USG00011272,8915-NNTRC,2026-08-25,TWR00096,100,1204.99,1.177,23,False
USG00011273,5928-QLDHB,2026-08-25,TWR00059,117,2387.05,2.331,8,False
USG00011274,1386-ZIKUV,2026-08-25,TWR00005,82,3735.71,3.648,14,False
USG00011275,0670-ANMUU,2026-08-25,TWR00081,13,1904.71,1.86,2,False
USG00011276,7892-POOKP,2026-08-25,TWR00061,180,2173.62,2.123,19,False
USG00011277,7516-GMHUV,2026-08-25,TWR00041,89,3522.04,3.439,4,False
USG00011278,9625-QNLUX,2026-08-25,TWR00029,143,3891.26,3.8,12,False
USG00011279,7956-XQWGU,2026-08-25,TWR00010,166,2775.54,2.71,12,False
USG00011280,6097-EQISJ,2026-08-25,TWR00003,105,503.53,0.492,25,False
USG00011281,8443-WVPSS,2026-08-25,TWR00088,73,4172.41,4.075,17,False
USG00011282,2740-JFBOK,2026-08-25,TWR00073,123,3400.28,3.321,5,False
USG00011283,4360-PNRQB,2026-08-25,TWR00025,104,947.82,0.926,11,False
USG00011284,3948-XHGNA,2026-08-25,TWR00092,110,696.56,0.68,8,False
USG00011285,9065-ZCPQX,2026-08-25,TWR00100,47,2186.55,2.135,1,False
USG00011286,8350-NYMVI,2026-08-25,TWR00053,179,2963.97,2.895,20,False
USG00011287,5285-MVEHD,2026-08-25,TWR00001,179,1748.28,1.707,0,False
USG00011288,6427-FEFIG,2026-08-25,TWR00028,121,3590.15,3.506,13,False
USG00011289,8205-OTCHB,2026-08-25,TWR00006,63,3300.13,3.223,16,False
USG00011290,0208-BPQEJ,2026-08-25,TWR00054,47,3617.34,3.533,7,False
USG00011291,2587-EKXTS,2026-08-25,TWR00032,56,4336.6,4.235,9,False
USG00011292,4981-FLTMF,2026-08-25,TWR00008,73,3783.84,3.695,21,True
USG00011293,8809-XKHMD,2026-08-25,TWR00058,100,3647.41,3.562,18,True
USG00011294,3544-FBCAS,2026-08-25,TWR00054,177,4082.62,3.987,14,False
USG00011295,4854-CIDCF,2026-08-25,TWR00042,136,3312.7,3.235,0,False
USG00011296,4548-SDBKE,2026-08-25,TWR00019,151,2889.75,2.822,0,False
USG00011297,0784-ZQJZX,2026-08-25,TWR00084,59,1833.52,1.791,14,False
USG00011298,3410-MHHUM,2026-08-25,TWR00100,164,2756.53,2.692,15,False
USG00011299,1383-EZRWL,2026-08-25,TWR00053,44,4146.67,4.049,5,False
USG00011300,2034-GDRCN,2026-08-25,TWR00029,170,1020.96,0.997,5,True
USG00011301,9229-RQABD,2026-08-25,TWR00061,100,2555.11,2.495,11,False
USG00011302,9451-LPGOO,2026-08-25,TWR00051,89,2165.26,2.115,1,True
USG00011303,6134-KWTBV,2026-08-25,TWR00038,86,3320.89,3.243,6,False
USG00011304,2025-JKFWI,2026-08-25,TWR00070,0,318.85,0.311,3,False
USG00011305,5671-RQRLP,2026-08-25,TWR00006,89,2462.61,2.405,16,True
USG00011306,7853-GVUDZ,2026-08-25,TWR00013,130,879.58,0.859,6,False
USG00011307,3786-WOVKF,2026-08-25,TWR00067,107,2382.77,2.327,1,False
USG00011308,8818-XYFCQ,2026-08-25,TWR00013,62,3703.73,3.617,22,False
USG00011309,0383-CLDDA,2026-08-25,TWR00039,26,1981.47,1.935,19,False
USG00011310,6899-PPEEA,2026-08-25,TWR00005,90,1555.85,1.519,24,False
USG00011311,6749-UTDVX,2026-08-25,TWR00082,110,3811.25,3.722,11,False
USG00011312,1121-QSIVB,2026-08-25,TWR00088,123,2453.46,2.396,15,False
USG00011313,6227-FBDXH,2026-08-25,TWR00018,119,3769.18,3.681,24,False
USG00011314,9250-WYPLL,2026-08-25,TWR00096,143,3515.1,3.433,4,False
USG00011315,0114-RSRRW,2026-08-25,TWR00059,11,482.62,0.471,14,False
USG00011316,0459-SPZHJ,2026-08-25,TWR00081,9,2709.39,2.646,11,False
USG00011317,6040-CGACY,2026-08-25,TWR00100,111,2321.5,2.267,20,False
USG00011318,1335-NTIUC,2026-08-25,TWR00057,53,2724.79,2.661,21,True
USG00011319,5793-YOLJN,2026-08-25,TWR00090,142,129.02,0.126,16,False
USG00011320,4952-YSOGZ,2026-08-25,TWR00031,3,852.34,0.832,0,False
USG00011321,0455-ENTCR,2026-08-25,TWR00052,101,1220.89,1.192,12,False
USG00011322,1452-XRSJV,2026-08-25,TWR00055,107,4413.95,4.31,14,False
USG00011323,7140-ADSMJ,2026-08-25,TWR00033,17,3938.45,3.846,25,False
USG00011324,8455-HIRAQ,2026-08-25,TWR00066,79,766.13,0.748,13,False
USG00011325,6465-GSRCL,2026-08-25,TWR00065,103,4374.6,4.272,20,False
USG00011326,3570-YUEKJ,2026-08-25,TWR00100,34,3582.52,3.499,0,False
USG00011327,5980-BDHPY,2026-08-25,TWR00020,72,2069.42,2.021,1,False
USG00011328,1073-XXCZD,2026-08-25,TWR00082,48,3591.79,3.508,8,False
USG00011329,1573-LGXBA,2026-08-25,TWR00004,66,1043.43,1.019,21,False
USG00011330,3941-XTSKM,2026-08-25,TWR00008,148,826.24,0.807,22,False
USG00011331,0106-UGRDO,2026-08-25,TWR00040,157,1494.17,1.459,11,False
USG00011332,8012-SOUDQ,2026-08-25,TWR00050,116,2392.03,2.336,18,False
USG00011333,0537-QYZZN,2026-08-25,TWR00062,136,3929.32,3.837,2,False
USG00011334,0314-TKOSI,2026-08-25,TWR00039,113,54.46,0.053,11,False
USG00011335,6168-WFVVF,2026-08-25,TWR00088,58,4305.86,4.205,13,False
USG00011336,2237-ZFSMY,2026-08-25,TWR00030,129,2819.28,2.753,25,False
USG00011337,5129-HHMZC,2026-08-25,TWR00091,106,1361.03,1.329,9,True
USG00011338,4334-HOWRP,2026-08-25,TWR00096,76,2060.9,2.013,0,False
USG00011339,1371-OJCEK,2026-08-25,TWR00099,117,277.0,0.271,22,False
USG00011340,5176-LMJXE,2026-08-25,TWR00052,64,4359.61,4.257,0,False
USG00011341,9995-HOTOH,2026-08-25,TWR00065,79,934.42,0.913,5,True
USG00011342,2703-AMTUL,2026-08-25,TWR00039,61,2640.75,2.579,16,True
USG00011343,0746-JTRFU,2026-08-25,TWR00068,57,4279.75,4.179,0,False
USG00011344,5850-BDWCY,2026-08-25,TWR00005,17,903.87,0.883,22,True
USG00011345,5150-LJNSR,2026-08-25,TWR00091,68,4485.47,4.38,5,True
USG00011346,8679-JOEVF,2026-08-25,TWR00094,10,3077.8,3.006,13,False
USG00011347,6784-XYJAE,2026-08-25,TWR00049,162,4130.28,4.033,7,False
USG00011348,4102-HLENU,2026-08-25,TWR00019,127,4180.04,4.082,1,False
USG00011349,9200-NLNPD,2026-08-25,TWR00068,97,3531.23,3.448,15,False
USG00011350,8316-BBQAY,2026-08-25,TWR00018,86,2001.18,1.954,18,True
USG00011351,8327-WKMIE,2026-08-25,TWR00033,29,2358.86,2.304,12,False
USG00011352,4933-BSAIP,2026-08-25,TWR00078,82,4235.85,4.137,14,False
USG00011353,2072-ZVJJX,2026-08-25,TWR00070,77,808.9,0.79,24,False
USG00011354,6253-WRFHY,2026-08-25,TWR00024,98,2693.62,2.63,2,False
USG00011355,7562-GSUHK,2026-08-25,TWR00054,122,4184.34,4.086,17,False
USG00011356,6240-EURKS,2026-08-25,TWR00072,6,446.81,0.436,23,False
USG00011357,7758-UJWYS,2026-08-25,TWR00032,56,2037.06,1.989,2,False
USG00011358,0842-IWYCP,2026-08-25,TWR00007,179,3094.81,3.022,1,False
USG00011359,5013-SBUIH,2026-08-25,TWR00020,59,2472.64,2.415,3,False
USG00011360,8780-RSYYU,2026-08-25,TWR00026,57,2444.75,2.387,18,False
USG00011361,3466-WAESX,2026-08-25,TWR00094,65,2979.18,2.909,21,False
USG00011362,1460-UZPRJ,2026-08-25,TWR00009,63,1725.42,1.685,17,True
USG00011363,5293-WXJAK,2026-08-25,TWR00093,83,1213.35,1.185,8,False
USG00011364,0148-DCDOS,2026-08-25,TWR00076,166,2435.6,2.379,12,False
USG00011365,4378-BZYFP,2026-08-25,TWR00053,160,1581.6,1.545,21,False
USG00011366,3590-TCXTB,2026-08-25,TWR00066,177,3914.41,3.823,22,False
USG00011367,9755-JHNMN,2026-08-25,TWR00072,61,2840.47,2.774,8,False
USG00011368,1084-MNSMJ,2026-08-25,TWR00086,132,4259.73,4.16,10,False
USG00011369,9136-ALYBR,2026-08-25,TWR00099,162,2581.94,2.521,12,False
USG00011370,7130-YXBRO,2026-08-25,TWR00040,165,1947.53,1.902,6,False
USG00011371,8456-QDAVC,2026-08-25,TWR00014,39,3270.09,3.193,4,False
USG00011372,6036-TTFYU,2026-08-25,TWR00099,150,758.48,0.741,15,False
USG00011373,3021-VLNRJ,2026-08-25,TWR00052,72,267.98,0.262,18,False
USG00011374,2325-WINES,2026-08-25,TWR00051,159,1125.73,1.099,14,True
USG00011375,8847-GEOOQ,2026-08-25,TWR00008,130,2716.57,2.653,25,True
USG00011376,8628-MFKAX,2026-08-25,TWR00061,64,1187.2,1.159,23,True
USG00011377,6549-NNDYT,2026-08-25,TWR00070,110,3452.45,3.372,18,False
USG00011378,8097-VBQTZ,2026-08-25,TWR00014,68,1715.05,1.675,3,False
USG00011379,9058-CBREO,2026-08-25,TWR00065,39,1275.36,1.245,6,False
USG00011380,4323-ELYYB,2026-08-25,TWR00062,38,593.34,0.579,6,True
USG00011381,2979-SXESE,2026-08-25,TWR00073,114,2540.77,2.481,25,False
USG00011382,2138-VFAPZ,2026-08-25,TWR00021,29,2649.65,2.588,1,False
USG00011383,7760-OYPDY,2026-08-25,TWR00054,64,2085.97,2.037,24,False
USG00011384,4254-QPEDE,2026-08-25,TWR00057,61,3549.94,3.467,1,False
USG00011385,5716-EZXZN,2026-08-25,TWR00017,86,1229.14,1.2,5,False
USG00011386,7786-WBJYI,2026-08-25,TWR00080,172,421.36,0.411,19,False
USG00011387,2691-NZETQ,2026-08-25,TWR00014,31,267.91,0.262,23,False
USG00011388,7629-WIXZF,2026-08-25,TWR00043,117,1917.0,1.872,0,False
USG00011389,2845-KDHVX,2026-08-25,TWR00006,95,2320.26,2.266,25,True
USG00011390,0623-GDISB,2026-08-25,TWR00015,69,2689.82,2.627,21,False
USG00011391,6599-RCLCJ,2026-08-25,TWR00099,44,799.76,0.781,24,True
USG00011392,7251-LJBQN,2026-08-25,TWR00100,43,2331.09,2.276,3,True
USG00011393,4759-TRPLW,2026-08-25,TWR00021,56,208.21,0.203,14,False
USG00011394,1574-DYCWE,2026-08-25,TWR00045,33,1953.31,1.908,4,False
USG00011395,3178-FESZO,2026-08-25,TWR00027,39,2246.26,2.194,3,False
USG00011396,4118-CEVPF,2026-08-25,TWR00080,32,2923.77,2.855,7,True
USG00011397,1334-FJSVR,2026-08-25,TWR00036,143,875.92,0.855,20,False
USG00011398,0516-VRYBW,2026-08-25,TWR00060,105,3559.31,3.476,6,False
USG00011399,4817-KEQSP,2026-08-25,TWR00081,161,205.59,0.201,19,False
USG00011400,0640-YJTPY,2026-08-25,TWR00025,112,4045.53,3.951,0,False
USG00011401,2079-FBMZK,2026-08-25,TWR00060,92,3113.01,3.04,17,False
USG00011402,5919-VCZYM,2026-08-25,TWR00094,82,2987.18,2.917,7,False
USG00011403,8229-BUJHX,2026-08-25,TWR00001,139,3020.84,2.95,8,False
USG00011404,1265-BCFEO,2026-08-25,TWR00041,23,1443.22,1.409,5,False
USG00011405,8727-XDPUD,2026-08-25,TWR00013,57,4492.81,4.388,16,False
USG00011406,3751-KTZEL,2026-08-25,TWR00096,5,3929.96,3.838,0,False
USG00011407,7919-ZODZZ,2026-08-25,TWR00064,63,3143.55,3.07,25,False
USG00011408,8063-RJYNF,2026-08-25,TWR00001,80,2361.66,2.306,6,False
USG00011409,8910-LEDAG,2026-08-25,TWR00002,118,1328.84,1.298,20,False
USG00011410,5027-QPKTE,2026-08-25,TWR00054,100,2300.16,2.246,17,False
USG00011411,8221-EQDGL,2026-08-25,TWR00092,166,2241.06,2.189,7,False
USG00011412,8242-PDSGJ,2026-08-25,TWR00080,21,552.57,0.54,17,False
USG00011413,8573-JGCZW,2026-08-25,TWR00035,169,1469.67,1.435,7,False
USG00011414,7175-NTIXE,2026-08-25,TWR00082,121,2504.7,2.446,2,False
USG00011415,5868-YWPDW,2026-08-25,TWR00039,32,2070.64,2.022,3,False
USG00011416,2452-KDRRH,2026-08-25,TWR00046,114,280.84,0.274,7,False
USG00011417,5816-SCGFC,2026-08-25,TWR00002,37,392.97,0.384,19,False
USG00011418,5976-JCJRH,2026-08-25,TWR00059,117,3487.73,3.406,16,False
USG00011419,4647-MUZON,2026-08-25,TWR00087,1,975.26,0.952,14,False
USG00011420,2810-FTLEM,2026-08-25,TWR00025,12,871.05,0.851,25,False
USG00011421,7706-YLMQA,2026-08-25,TWR00005,24,2450.19,2.393,8,False
USG00011422,5884-FBCTL,2026-08-25,TWR00038,61,3995.55,3.902,21,False
USG00011423,8338-QIUNR,2026-08-25,TWR00051,93,233.86,0.228,18,False
USG00011424,3577-AMVUX,2026-08-25,TWR00076,107,931.74,0.91,12,False
USG00011425,9750-BOOHV,2026-08-25,TWR00059,167,3243.76,3.168,10,False
USG00011426,0898-XCGTF,2026-08-25,TWR00043,18,3164.05,3.09,15,False
USG00011427,4950-BDEUX,2026-08-25,TWR00011,171,403.48,0.394,20,False
USG00011428,6341-JVQGF,2026-08-25,TWR00095,123,4108.77,4.012,22,False
USG00011429,5370-IIVVL,2026-08-25,TWR00022,19,966.13,0.943,2,False
USG00011430,9725-SCPZG,2026-08-25,TWR00012,76,420.21,0.41,19,False
USG00011431,6034-YMTOB,2026-08-25,TWR00027,47,2530.26,2.471,15,False
USG00011432,4878-BUNFV,2026-08-25,TWR00079,115,2666.46,2.604,16,False
USG00011433,3298-QEICA,2026-08-25,TWR00060,51,493.19,0.482,5,False
USG00011434,1104-TNLZA,2026-08-25,TWR00006,172,257.48,0.251,12,False
USG00011435,4236-UJPWO,2026-08-25,TWR00020,0,2963.91,2.894,2,False
USG00011436,4114-QMKVN,2026-08-25,TWR00050,97,2037.66,1.99,5,False
USG00011437,3196-NVXLZ,2026-08-25,TWR00023,71,1540.73,1.505,0,False
USG00011438,2085-JVGAD,2026-08-25,TWR00018,77,2519.37,2.46,21,False
USG00011439,9874-QLCLH,2026-08-25,TWR00073,41,517.42,0.505,1,True
USG00011440,1156-ZFYDO,2026-08-25,TWR00035,176,3546.23,3.463,21,False
USG00011441,3642-BYHDO,2026-08-25,TWR00020,69,4313.79,4.213,4,False
USG00011442,9309-BZGNT,2026-08-25,TWR00023,104,3863.73,3.773,10,False
USG00011443,3113-IWHLC,2026-08-25,TWR00061,88,164.9,0.161,14,False
USG00011444,2305-MRGLV,2026-08-25,TWR00038,152,1696.18,1.656,23,False
USG00011445,5148-HKFIR,2026-08-25,TWR00049,142,1340.97,1.31,13,False
USG00011446,1635-FJFCC,2026-08-25,TWR00066,55,1534.06,1.498,3,False
USG00011447,4895-TMWIR,2026-08-25,TWR00093,96,2636.04,2.574,10,False
USG00011448,1051-GEJLJ,2026-08-25,TWR00063,37,2178.7,2.128,10,True
USG00011449,8550-XSXUQ,2026-08-25,TWR00063,87,2667.05,2.605,5,False
USG00011450,1784-EZDKJ,2026-08-25,TWR00031,23,745.53,0.728,16,False
USG00011451,9863-JZAIC,2026-08-25,TWR00099,54,3364.36,3.286,4,False
USG00011452,1866-NXPSP,2026-08-25,TWR00042,41,1148.28,1.121,18,False
USG00011453,3428-XZMAZ,2026-08-25,TWR00045,45,1630.04,1.592,13,False
USG00011454,7011-CVEUC,2026-08-25,TWR00080,25,1325.44,1.294,7,False
USG00011455,2959-MJHIC,2026-08-25,TWR00051,63,912.79,0.891,20,False
USG00011456,9862-KJTYK,2026-08-25,TWR00074,168,2273.66,2.22,17,False
USG00011457,4183-WCSEP,2026-08-25,TWR00078,103,1576.19,1.539,0,False
USG00011458,3987-KQDDU,2026-08-25,TWR00063,127,2768.52,2.704,10,False
USG00011459,6199-IPCAO,2026-08-25,TWR00077,97,947.86,0.926,6,False
USG00011460,4012-YCFAI,2026-08-25,TWR00007,67,3444.32,3.364,4,False
USG00011461,3685-YLCMQ,2026-08-25,TWR00074,117,3806.49,3.717,5,False
USG00011462,0953-LGOVU,2026-08-25,TWR00089,37,2741.96,2.678,6,False
USG00011463,9530-EHPOH,2026-08-25,TWR00073,2,4400.67,4.298,17,False
USG00011464,7128-GGCNO,2026-08-25,TWR00018,17,3319.16,3.241,25,False
USG00011465,1769-GRUIK,2026-08-25,TWR00086,140,2141.28,2.091,24,False
USG00011466,8069-RHUXK,2026-08-25,TWR00081,11,3637.34,3.552,23,False
USG00011467,5295-PCJOO,2026-08-25,TWR00020,157,2888.26,2.821,2,False
USG00011468,1534-OULXE,2026-08-25,TWR00050,82,3473.34,3.392,7,False
USG00011469,7321-KKSDU,2026-08-25,TWR00081,6,3802.37,3.713,21,False
USG00011470,2274-XUATA,2026-08-25,TWR00094,32,3856.32,3.766,10,True
USG00011471,8348-HFYIV,2026-08-25,TWR00083,161,3164.2,3.09,9,False
USG00011472,1550-EENBN,2026-08-25,TWR00041,124,3443.05,3.362,6,False
USG00011473,9560-BBZXK,2026-08-25,TWR00033,93,1246.64,1.217,10,False
USG00011474,3902-MIVLE,2026-08-25,TWR00080,172,283.61,0.277,11,False
USG00011475,8010-EZLOU,2026-08-25,TWR00028,157,1978.99,1.933,23,False
USG00011476,8532-UEFWH,2026-08-25,TWR00044,21,1890.9,1.847,16,False
USG00011477,0052-DCKON,2026-08-25,TWR00097,14,2097.86,2.049,1,True
USG00011478,7743-EXURX,2026-08-25,TWR00070,132,3829.78,3.74,22,True
USG00011479,7855-DIWPO,2026-08-25,TWR00049,161,4205.37,4.107,14,False
USG00011480,3043-TYBNO,2026-08-25,TWR00063,158,1154.41,1.127,16,False
USG00011481,5619-XZZKR,2026-08-25,TWR00083,76,3096.71,3.024,19,False
USG00011482,7018-WBJNK,2026-08-25,TWR00022,41,2860.5,2.793,14,False
USG00011483,5389-FFVKB,2026-08-25,TWR00097,67,1762.0,1.721,3,False
USG00011484,9405-GPBBG,2026-08-25,TWR00023,24,1059.07,1.034,2,False
USG00011485,3058-WQDRE,2026-08-25,TWR00091,162,2029.86,1.982,2,False
USG00011486,1980-KXVPM,2026-08-25,TWR00090,33,2797.24,2.732,10,False
USG00011487,0959-WHOKV,2026-08-25,TWR00096,147,277.36,0.271,16,True
USG00011488,1431-CYWMH,2026-08-25,TWR00074,128,2798.28,2.733,23,True
USG00011489,1338-CECEE,2026-08-25,TWR00023,23,1260.3,1.231,6,False
USG00011490,4026-SKKHW,2026-08-25,TWR00073,76,1487.59,1.453,22,False
USG00011491,1552-AAGRX,2026-08-25,TWR00084,175,2664.03,2.602,8,False
USG00011492,2378-YIZKA,2026-08-25,TWR00021,153,3598.78,3.514,15,False
USG00011493,8620-RJPZN,2026-08-25,TWR00092,20,1583.04,1.546,15,False
USG00011494,3319-DWOEP,2026-08-25,TWR00033,2,1135.64,1.109,2,False
USG00011495,8544-JNBOX,2026-08-25,TWR00090,107,2955.77,2.886,4,False
USG00011496,7020-OZKXZ,2026-08-25,TWR00076,174,2821.43,2.755,18,False
USG00011497,6817-WTYHE,2026-08-25,TWR00093,148,2018.27,1.971,24,False
USG00011498,8345-MVDYC,2026-08-25,TWR00009,109,309.81,0.303,8,False
USG00011499,8690-ZVLCL,2026-08-25,TWR00021,121,3079.13,3.007,21,False
USG00011500,0871-URUWO,2026-08-25,TWR00020,18,4175.03,4.077,18,False
USG00011501,6198-PNNSZ,2026-08-25,TWR00006,85,2851.79,2.785,25,False
USG00011502,0650-BWOZN,2026-08-25,TWR00036,81,2937.31,2.868,4,False
USG00011503,2725-KXXWT,2026-08-25,TWR00036,65,2581.32,2.521,19,False
USG00011504,3798-EPWRR,2026-08-25,TWR00076,162,2143.53,2.093,4,False
USG00011505,6794-HKIAJ,2026-08-25,TWR00028,3,1258.71,1.229,21,False
USG00011506,9447-YPTBX,2026-08-25,TWR00004,157,465.79,0.455,0,False
USG00011507,8519-IMDHU,2026-08-25,TWR00065,68,4159.09,4.062,21,False
USG00011508,5522-NYKPB,2026-08-25,TWR00041,158,2736.79,2.673,16,False
USG00011509,0536-ESJEP,2026-08-25,TWR00055,105,368.61,0.36,13,False
USG00011510,0057-QBUQH,2026-08-25,TWR00082,130,483.27,0.472,16,False
USG00011511,6252-DFGTK,2026-08-25,TWR00059,147,3813.61,3.724,20,False
USG00011512,2791-SFVEW,2026-08-25,TWR00093,105,593.6,0.58,17,False
USG00011513,5839-SUYVZ,2026-08-25,TWR00071,39,3169.25,3.095,5,False
USG00011514,3221-CJMSG,2026-08-25,TWR00058,61,447.28,0.437,10,True
USG00011515,0913-XWSCN,2026-08-25,TWR00067,33,428.9,0.419,15,False
USG00011516,2434-EEVDB,2026-08-25,TWR00100,172,2101.43,2.052,20,True
USG00011517,0178-SZBHO,2026-08-25,TWR00003,122,3597.04,3.513,12,False
USG00011518,4195-PNGZS,2026-08-25,TWR00059,121,4486.48,4.381,12,False
USG00011519,7465-ZZRVX,2026-08-25,TWR00060,13,1191.72,1.164,22,False
USG00011520,0559-CKHUS,2026-08-25,TWR00028,167,2794.95,2.729,20,False
USG00011521,2676-SSLTO,2026-08-25,TWR00007,27,674.1,0.658,2,False
USG00011522,6818-WOBHJ,2026-08-25,TWR00015,92,2088.38,2.039,11,False
USG00011523,6087-YPWHO,2026-08-25,TWR00009,138,944.91,0.923,11,False
USG00011524,1301-LOPVR,2026-08-25,TWR00036,26,1491.15,1.456,20,True
USG00011525,2923-ARZLG,2026-08-25,TWR00026,40,300.29,0.293,19,False
USG00011526,1051-EQPZR,2026-08-25,TWR00040,124,4367.4,4.265,21,False
USG00011527,7176-WRTNX,2026-08-25,TWR00002,57,1740.34,1.7,23,False
USG00011528,1363-TXLSL,2026-08-25,TWR00063,4,2419.43,2.363,14,True
USG00011529,1624-NALOJ,2026-08-25,TWR00080,147,350.41,0.342,0,False
USG00011530,5593-SUAOO,2026-08-25,TWR00063,69,1963.24,1.917,14,False
USG00011531,9114-VEPUF,2026-08-25,TWR00036,98,2807.87,2.742,15,False
USG00011532,2351-BKRZW,2026-08-25,TWR00006,41,3873.79,3.783,15,False
USG00011533,2384-OVPSA,2026-08-25,TWR00063,170,2732.07,2.668,13,False
USG00011534,7486-KSRVI,2026-08-25,TWR00044,36,2115.65,2.066,25,False
USG00011535,6016-LVTJQ,2026-08-25,TWR00003,100,1063.33,1.038,10,False
USG00011536,9633-DENPU,2026-08-25,TWR00083,82,2213.8,2.162,2,False
USG00011537,9814-AOUDH,2026-08-25,TWR00088,0,4472.27,4.367,24,True
USG00011538,6870-ECSHE,2026-08-25,TWR00069,4,981.36,0.958,19,True
USG00011539,7314-OXENN,2026-08-25,TWR00090,35,3381.99,3.303,25,False
USG00011540,3808-HFKDE,2026-08-25,TWR00062,103,752.71,0.735,18,False
USG00011541,2664-XJZNO,2026-08-25,TWR00005,86,2553.0,2.493,9,False
USG00011542,6242-SGYTS,2026-08-25,TWR00023,116,3006.7,2.936,9,False
USG00011543,3090-LETTY,2026-08-25,TWR00006,145,3735.79,3.648,21,False
USG00011544,2453-SAFNS,2026-08-25,TWR00039,145,3475.12,3.394,9,False
USG00011545,0058-EVZWM,2026-08-25,TWR00086,8,2934.55,2.866,11,False
USG00011546,8035-BUYVG,2026-08-25,TWR00012,82,4069.71,3.974,19,False
USG00011547,2568-BRGYX,2026-08-25,TWR00008,175,586.04,0.572,21,False
USG00011548,0547-HURJB,2026-08-25,TWR00079,26,1088.47,1.063,11,False
USG00011549,3930-ZGWVE,2026-08-25,TWR00078,162,1793.53,1.751,23,True
USG00011550,1179-INLAT,2026-08-25,TWR00004,175,4086.69,3.991,0,False
USG00011551,8773-HHUOZ,2026-08-25,TWR00093,37,1999.61,1.953,6,False
USG00011552,5968-HYJRZ,2026-08-25,TWR00064,140,2860.55,2.794,8,False
USG00011553,4751-ERMAN,2026-08-25,TWR00084,123,3927.09,3.835,7,False
USG00011554,9639-BUJXT,2026-08-25,TWR00093,58,2390.2,2.334,1,False
USG00011555,6416-JNVRK,2026-08-25,TWR00098,83,2876.24,2.809,11,False
USG00011556,0708-LGSMF,2026-08-25,TWR00009,120,1494.11,1.459,6,False
USG00011557,0839-QNXME,2026-08-25,TWR00011,170,756.26,0.739,0,False
USG00011558,2398-YPMUR,2026-08-25,TWR00065,81,404.86,0.395,6,False
USG00011559,8259-NFJTV,2026-08-25,TWR00014,134,179.96,0.176,14,False
USG00011560,2519-ERQOJ,2026-08-25,TWR00001,147,4257.55,4.158,19,False
USG00011561,6981-TDRFT,2026-08-25,TWR00092,41,3163.61,3.089,18,False
USG00011562,5968-VXZLG,2026-08-25,TWR00093,44,3398.47,3.319,17,False
USG00011563,1929-ZCBHE,2026-08-25,TWR00074,6,465.86,0.455,18,False
USG00011564,1395-WSWXR,2026-08-25,TWR00007,142,2411.1,2.355,6,False
USG00011565,5995-WWKKG,2026-08-25,TWR00019,134,1680.95,1.642,4,False
USG00011566,7841-TZDMQ,2026-08-25,TWR00082,54,2032.34,1.985,22,False
USG00011567,1226-IENZN,2026-08-25,TWR00021,61,2195.38,2.144,17,True
USG00011568,1303-SRDOK,2026-08-25,TWR00059,25,3713.49,3.626,23,False
USG00011569,9055-MOJJJ,2026-08-25,TWR00050,50,4034.69,3.94,21,False
USG00011570,1471-GIQKQ,2026-08-25,TWR00058,139,458.39,0.448,13,False
USG00011571,9495-REDIY,2026-08-25,TWR00044,30,2582.28,2.522,2,False
USG00011572,1867-TJHTS,2026-08-25,TWR00099,66,2704.47,2.641,10,False
USG00011573,6402-ZFPPI,2026-08-25,TWR00015,30,94.02,0.092,2,False
USG00011574,2040-LDIWQ,2026-08-25,TWR00086,148,2237.44,2.185,20,True
USG00011575,3323-CPBWR,2026-08-25,TWR00020,97,1739.45,1.699,19,False
USG00011576,9909-IDLEK,2026-08-25,TWR00075,103,715.82,0.699,20,False
USG00011577,7734-DBOAI,2026-08-25,TWR00050,48,1709.4,1.669,8,False
USG00011578,6641-XRPSU,2026-08-25,TWR00053,55,1763.68,1.722,8,False
USG00011579,2969-QWUBZ,2026-08-25,TWR00088,1,2703.11,2.64,6,False
USG00011580,5777-KJIRB,2026-08-25,TWR00035,167,1829.27,1.786,18,False
USG00011581,2165-VOEGB,2026-08-25,TWR00020,91,90.93,0.089,4,False
USG00011582,3956-MGXOG,2026-08-25,TWR00083,33,2400.17,2.344,7,False
USG00011583,7363-QTBIW,2026-08-25,TWR00061,109,3306.18,3.229,20,False
USG00011584,3682-YEUWS,2026-08-25,TWR00043,158,3426.31,3.346,8,True
USG00011585,5055-MGMGF,2026-08-25,TWR00012,14,4177.71,4.08,22,False
USG00011586,7432-FFVAR,2026-08-25,TWR00013,141,2700.58,2.637,21,True
USG00011587,0104-PPXDV,2026-08-25,TWR00082,81,1530.44,1.495,2,False
USG00011588,9972-VAFJJ,2026-08-25,TWR00099,69,1699.7,1.66,9,False
USG00011589,0616-ATFGB,2026-08-25,TWR00008,114,1232.5,1.204,1,False
USG00011590,6705-LXORM,2026-08-25,TWR00016,136,701.43,0.685,3,False
USG00011591,2058-DCJBE,2026-08-25,TWR00073,79,351.37,0.343,10,False
USG00011592,5320-BRKGK,2026-08-25,TWR00095,57,753.05,0.735,11,False
USG00011593,5465-BUBFA,2026-08-25,TWR00043,38,4302.79,4.202,16,True
USG00011594,9282-IZGQK,2026-08-25,TWR00018,93,2501.52,2.443,4,False
USG00011595,8775-CEBBJ,2026-08-25,TWR00014,72,678.96,0.663,17,False
USG00011596,0743-HNPFG,2026-08-25,TWR00043,34,2749.04,2.685,0,False
USG00011597,9152-AMKAK,2026-08-25,TWR00016,90,1206.57,1.178,7,False
USG00011598,3995-WFCSM,2026-08-25,TWR00092,168,2155.3,2.105,1,False
USG00011599,3795-GWTRD,2026-08-25,TWR00076,110,2840.98,2.774,21,False
USG00011600,0621-JFHOL,2026-08-25,TWR00042,65,3465.92,3.385,6,False
USG00011601,0310-MVLET,2026-08-25,TWR00059,100,1599.73,1.562,16,False
USG00011602,1077-HUUJM,2026-08-25,TWR00072,176,2529.05,2.47,25,True
USG00011603,4671-VJLCL,2026-08-25,TWR00075,121,2215.69,2.164,22,True
USG00011604,5296-BFCYD,2026-08-25,TWR00032,9,2094.48,2.045,12,False
USG00011605,8450-UYIBU,2026-08-25,TWR00070,33,3096.59,3.024,13,False
USG00011606,5498-IBWPI,2026-08-25,TWR00002,124,734.85,0.718,14,False
USG00011607,3550-SAHFP,2026-08-25,TWR00042,22,1814.35,1.772,3,False
USG00011608,1766-GKNMI,2026-08-25,TWR00032,39,3335.98,3.258,14,False
USG00011609,6137-MFAJN,2026-08-25,TWR00010,160,2115.35,2.066,14,False
USG00011610,6906-MPARY,2026-08-25,TWR00036,22,1786.87,1.745,1,False
USG00011611,5897-ZYEKH,2026-08-25,TWR00100,22,595.48,0.582,12,False
USG00011612,1212-GLHMD,2026-08-25,TWR00041,80,121.73,0.119,1,False
USG00011613,4648-YPBTM,2026-08-25,TWR00020,79,1346.71,1.315,13,False
USG00011614,6900-PXRMS,2026-08-25,TWR00068,151,377.51,0.369,0,False
USG00011615,7858-GTZSP,2026-08-25,TWR00020,119,2376.7,2.321,9,False
USG00011616,0939-YAPAF,2026-08-25,TWR00056,15,1617.96,1.58,4,False
USG00011617,6974-DAFLI,2026-08-25,TWR00060,117,3339.17,3.261,0,False
USG00011618,6169-PPETC,2026-08-25,TWR00056,35,2014.61,1.967,4,False
USG00011619,0825-CPPQH,2026-08-25,TWR00100,67,3973.53,3.88,15,False
USG00011620,6258-NGCNG,2026-08-25,TWR00089,63,175.08,0.171,17,False
USG00011621,1084-UQCHV,2026-08-25,TWR00025,144,1440.0,1.406,21,False
USG00011622,2710-WYVXG,2026-08-25,TWR00006,50,1260.07,1.231,6,False
USG00011623,7560-QJAVJ,2026-08-25,TWR00070,169,2976.08,2.906,24,False
USG00011624,7234-FECYN,2026-08-25,TWR00092,156,1606.05,1.568,25,False
USG00011625,4702-IOQDC,2026-08-25,TWR00023,161,2249.23,2.197,19,False
USG00011626,8651-ENBZX,2026-08-25,TWR00023,8,3948.82,3.856,6,False
USG00011627,2439-QKJUL,2026-08-25,TWR00038,92,3650.66,3.565,6,False
USG00011628,7196-LIWRH,2026-08-25,TWR00061,81,337.06,0.329,8,False
USG00011629,9364-YKUVW,2026-08-25,TWR00086,55,3043.88,2.973,10,False
USG00011630,3144-KMTWZ,2026-08-25,TWR00050,10,651.64,0.636,9,False
USG00011631,7055-HNEOJ,2026-08-25,TWR00060,119,3985.94,3.893,20,False
USG00011632,4124-MMETB,2026-08-25,TWR00064,159,2800.44,2.735,2,False
USG00011633,3070-DVEYC,2026-08-25,TWR00086,43,3658.86,3.573,7,False
USG00011634,7008-LZVOZ,2026-08-25,TWR00060,60,3862.29,3.772,25,False
USG00011635,4422-QVIJA,2026-08-25,TWR00020,60,1344.55,1.313,22,False
USG00011636,6827-IEAUQ,2026-08-25,TWR00014,144,4279.56,4.179,7,False
USG00011637,7587-RZNME,2026-08-25,TWR00030,46,1136.17,1.11,23,True
USG00011638,0130-SXOUN,2026-08-25,TWR00010,74,2874.48,2.807,18,False
USG00011639,2498-XLDZR,2026-08-25,TWR00003,128,1923.99,1.879,20,False
USG00011640,1555-DJEQW,2026-08-25,TWR00029,67,228.33,0.223,9,False
USG00011641,3518-FSTWG,2026-08-25,TWR00072,149,2486.22,2.428,25,False
USG00011642,3748-FVMZZ,2026-08-25,TWR00013,100,855.95,0.836,2,False
USG00011643,6365-HITVU,2026-08-25,TWR00038,160,1216.8,1.188,10,False
USG00011644,1790-NESIO,2026-08-25,TWR00053,118,1092.71,1.067,16,False
USG00011645,6648-INWPS,2026-08-25,TWR00019,26,4149.26,4.052,2,False
USG00011646,8007-YYPWD,2026-08-25,TWR00096,41,2292.66,2.239,17,False
USG00011647,1952-DVVSW,2026-08-25,TWR00076,62,4030.57,3.936,11,False
USG00011648,6615-NGGZJ,2026-08-25,TWR00081,136,3969.99,3.877,2,False
USG00011649,9251-AWQGT,2026-08-25,TWR00022,72,2334.88,2.28,10,True
USG00011650,7596-LDUXP,2026-08-25,TWR00059,135,1705.7,1.666,25,False
USG00011651,8999-BOHSE,2026-08-25,TWR00085,49,2567.67,2.507,20,False
USG00011652,5889-LFOLL,2026-08-25,TWR00098,100,179.78,0.176,24,False
USG00011653,7571-YXDAD,2026-08-25,TWR00026,68,3738.48,3.651,11,False
USG00011654,4097-YODCF,2026-08-25,TWR00023,85,3714.69,3.628,11,False
USG00011655,8070-AAWZP,2026-08-25,TWR00069,99,2603.92,2.543,16,False
USG00011656,2203-GHNWN,2026-08-25,TWR00049,61,1041.89,1.017,14,False
USG00011657,0824-VWDPO,2026-08-25,TWR00078,180,3352.27,3.274,23,True
USG00011658,1094-BKOSX,2026-08-25,TWR00077,18,3196.61,3.122,25,False
USG00011659,3976-HXHCE,2026-08-25,TWR00067,117,2273.95,2.221,1,False
USG00011660,8245-UMPYT,2026-08-25,TWR00095,65,1756.7,1.716,12,False
USG00011661,8205-VSLRB,2026-08-25,TWR00079,21,1732.96,1.692,16,False
USG00011662,7077-XJMET,2026-08-25,TWR00031,101,145.67,0.142,7,True
USG00011663,6516-NKQBO,2026-08-25,TWR00047,1,401.63,0.392,21,True
USG00011664,0696-UKTOX,2026-08-25,TWR00047,74,319.78,0.312,2,False
USG00011665,8224-KDLKN,2026-08-25,TWR00083,140,272.7,0.266,15,False
USG00011666,1696-HXOWK,2026-08-25,TWR00062,137,647.9,0.633,2,True
USG00011667,4881-JVQOD,2026-08-25,TWR00032,123,2986.57,2.917,14,False
USG00011668,2479-BRAMR,2026-08-25,TWR00098,121,1258.46,1.229,9,False
USG00011669,2263-SFSQZ,2026-08-25,TWR00056,171,738.32,0.721,9,False
USG00011670,7607-QKKTJ,2026-08-25,TWR00049,40,2182.18,2.131,20,False
USG00011671,5921-NGYRH,2026-08-25,TWR00072,121,2317.7,2.263,2,False
USG00011672,6907-CQGPN,2026-08-25,TWR00041,113,1533.84,1.498,15,False
USG00011673,8200-LGKSR,2026-08-25,TWR00042,92,980.7,0.958,4,False
USG00011674,8250-ZNGGW,2026-08-25,TWR00031,116,2583.27,2.523,8,False
USG00011675,7351-MHQVU,2026-08-25,TWR00082,174,4202.18,4.104,21,False
USG00011676,8950-MTZNV,2026-08-25,TWR00091,130,4190.65,4.092,5,False
USG00011677,9743-DQKQW,2026-08-25,TWR00011,97,3213.67,3.138,11,False
USG00011678,2725-TTRIQ,2026-08-25,TWR00058,96,1369.81,1.338,16,True
USG00011679,2642-MAWLJ,2026-08-25,TWR00038,64,918.65,0.897,22,True
USG00011680,9386-LDCZR,2026-08-25,TWR00045,94,903.18,0.882,0,False
USG00011681,5542-DHSXL,2026-08-25,TWR00047,5,4012.67,3.919,5,False
USG00011682,7663-CUXZB,2026-08-25,TWR00085,13,1591.65,1.554,20,True
USG00011683,8917-SZTTJ,2026-08-25,TWR00039,44,2036.24,1.989,9,False
USG00011684,5712-PTIWW,2026-08-25,TWR00041,111,1241.41,1.212,1,False
USG00011685,7234-KMNRQ,2026-08-25,TWR00083,159,1227.8,1.199,24,False
USG00011686,7665-VIGUD,2026-08-25,TWR00079,47,2643.04,2.581,5,False
USG00011687,6907-NZZIJ,2026-08-25,TWR00017,87,1659.86,1.621,1,False
USG00011688,7026-YMSBE,2026-08-25,TWR00022,177,3561.23,3.478,9,False
USG00011689,7544-ZVIKX,2026-08-25,TWR00026,138,83.49,0.082,22,False
USG00011690,1452-KIOVK,2026-08-25,TWR00033,134,588.89,0.575,17,True
USG00011691,2371-JQHZZ,2026-08-25,TWR00077,133,3121.14,3.048,11,False
USG00011692,6116-RFVHN,2026-08-25,TWR00087,109,2127.89,2.078,19,False
USG00011693,0327-WFZSY,2026-08-25,TWR00060,120,859.57,0.839,10,False
USG00011694,8044-BGWPI,2026-08-25,TWR00041,56,918.4,0.897,20,True
USG00011695,8118-LSUEL,2026-08-25,TWR00010,77,2032.46,1.985,20,False
USG00011696,6348-SNFUS,2026-08-25,TWR00094,127,1538.44,1.502,5,True
USG00011697,8189-HBVRW,2026-08-25,TWR00027,80,2866.48,2.799,8,True
USG00011698,1202-KKGFU,2026-08-25,TWR00047,35,4179.61,4.082,22,False
USG00011699,9805-FILKB,2026-08-25,TWR00065,168,4138.94,4.042,17,False
USG00011700,9432-VOFYX,2026-08-25,TWR00037,133,3959.44,3.867,18,False
USG00011701,9494-MRNYX,2026-08-25,TWR00032,41,521.14,0.509,1,False
USG00011702,0096-BXERS,2026-08-25,TWR00015,39,2943.3,2.874,17,False
USG00011703,3801-HMYNL,2026-08-25,TWR00015,11,1251.35,1.222,23,True
USG00011704,1336-EZFZY,2026-08-25,TWR00001,178,2996.26,2.926,17,False
USG00011705,6145-NNPNO,2026-08-25,TWR00086,76,2718.32,2.655,19,False
USG00011706,5196-WPYOW,2026-08-25,TWR00009,160,1435.63,1.402,20,False
USG00011707,6035-RIIOM,2026-08-25,TWR00003,58,4073.73,3.978,10,False
USG00011708,1097-FSPVW,2026-08-25,TWR00055,57,3908.42,3.817,20,False
USG00011709,4626-OZDTJ,2026-08-25,TWR00029,23,3747.73,3.66,1,False
USG00011710,1635-HDGFT,2026-08-25,TWR00091,101,4448.21,4.344,0,False
USG00011711,4423-JWZJN,2026-08-25,TWR00010,123,2423.93,2.367,21,False
USG00011712,0587-DMGBH,2026-08-25,TWR00057,11,3943.9,3.851,17,False
USG00011713,8049-WJCLQ,2026-08-25,TWR00082,41,3890.96,3.8,25,False
USG00011714,2592-SEIFQ,2026-08-25,TWR00026,15,2532.58,2.473,13,False
USG00011715,8869-TORSS,2026-08-25,TWR00078,62,1328.01,1.297,25,False
USG00011716,3396-DKDEL,2026-08-25,TWR00043,108,2358.41,2.303,2,False
USG00011717,0023-UYUPN,2026-08-25,TWR00046,100,4248.56,4.149,25,False
USG00011718,8945-GRKHX,2026-08-25,TWR00050,168,3388.08,3.309,19,False
USG00011719,2077-MPJQO,2026-08-25,TWR00008,72,96.04,0.094,15,False
USG00011720,9681-KYGYB,2026-08-25,TWR00045,109,915.01,0.894,23,False
USG00011721,3506-LCJDC,2026-08-25,TWR00046,174,3777.31,3.689,9,False
USG00011722,2683-JXWQQ,2026-08-25,TWR00015,97,3544.76,3.462,14,False
USG00011723,2659-VXMWZ,2026-08-25,TWR00017,155,2103.43,2.054,17,False
USG00011724,4704-ERYFC,2026-08-25,TWR00046,128,1012.88,0.989,0,False
USG00011725,1626-ERCMM,2026-08-25,TWR00074,114,1826.53,1.784,11,False
USG00011726,3472-OAOOR,2026-08-25,TWR00086,55,1424.12,1.391,6,False
USG00011727,3551-GAEGL,2026-08-25,TWR00078,64,717.01,0.7,7,False
USG00011728,8390-FESFV,2026-08-25,TWR00009,176,2549.93,2.49,2,False
USG00011729,3441-CGZJH,2026-08-25,TWR00097,166,363.19,0.355,7,False
USG00011730,4355-CVPVS,2026-08-25,TWR00022,109,1246.32,1.217,3,False
USG00011731,6087-MVHJH,2026-08-25,TWR00031,46,237.06,0.232,20,False
USG00011732,2812-SFXMJ,2026-08-25,TWR00007,77,2652.81,2.591,12,False
USG00011733,8654-DHAOW,2026-08-25,TWR00084,6,4030.91,3.936,24,False
USG00011734,6727-IOTLZ,2026-08-25,TWR00043,162,2121.31,2.072,24,False
USG00011735,8821-KVZKQ,2026-08-25,TWR00084,10,3475.95,3.394,5,False
USG00011736,7137-NAXML,2026-08-25,TWR00059,58,2895.49,2.828,11,False
USG00011737,8905-IAZPF,2026-08-25,TWR00044,16,1623.13,1.585,21,False
USG00011738,2403-BCASL,2026-08-25,TWR00094,64,780.52,0.762,10,False
USG00011739,6599-GZWCM,2026-08-25,TWR00060,153,4099.14,4.003,7,False
USG00011740,5419-JKZNQ,2026-08-25,TWR00090,110,3505.12,3.423,25,False
USG00011741,6000-UKLWI,2026-08-25,TWR00065,175,2474.7,2.417,2,False
USG00011742,6022-KOUQO,2026-08-25,TWR00006,2,1863.28,1.82,23,False
USG00011743,2832-SCUCO,2026-08-25,TWR00089,19,3632.78,3.548,5,False
USG00011744,8485-GJCDN,2026-08-25,TWR00046,150,2561.27,2.501,19,True
USG00011745,9415-DPEWS,2026-08-25,TWR00076,87,931.31,0.909,1,False
USG00011746,3719-TDVQB,2026-08-25,TWR00060,103,3813.0,3.724,4,True
USG00011747,5020-ZSTTY,2026-08-25,TWR00021,23,2773.72,2.709,12,False
USG00011748,6473-ULUHT,2026-08-25,TWR00096,104,1632.32,1.594,7,False
USG00011749,3229-USWAR,2026-08-25,TWR00028,20,4021.3,3.927,22,False
USG00011750,2673-ZALNP,2026-08-25,TWR00064,29,1314.42,1.284,9,False
USG00011751,9844-FELAJ,2026-08-25,TWR00087,59,4015.64,3.922,25,False
USG00011752,2866-IKBTM,2026-08-25,TWR00073,19,519.21,0.507,6,False
USG00011753,2480-EJWYP,2026-08-25,TWR00090,90,568.18,0.555,2,False
USG00011754,6635-CPNUN,2026-08-25,TWR00061,25,2667.31,2.605,16,False
USG00011755,5329-KRDTM,2026-08-25,TWR00050,165,3080.78,3.009,15,False
USG00011756,6323-AYBRX,2026-08-25,TWR00055,27,2012.16,1.965,8,False
USG00011757,3162-KKZXO,2026-08-25,TWR00071,52,787.22,0.769,8,False
USG00011758,3704-IEAXF,2026-08-25,TWR00055,25,1131.69,1.105,1,True
USG00011759,8837-VVWLQ,2026-08-25,TWR00078,96,917.69,0.896,7,False
USG00011760,1208-DNHLN,2026-08-25,TWR00046,49,75.82,0.074,7,False
USG00011761,4115-UMJFQ,2026-08-25,TWR00045,3,570.3,0.557,11,False
USG00011762,7295-JOMMD,2026-08-25,TWR00067,48,3769.42,3.681,2,False
USG00011763,9066-QRSDU,2026-08-25,TWR00003,38,1534.11,1.498,13,True
USG00011764,6369-MCAKO,2026-08-25,TWR00036,36,4348.33,4.246,4,False
USG00011765,9985-MWVIX,2026-08-25,TWR00045,132,1322.83,1.292,0,False
USG00011766,7422-WNBTY,2026-08-25,TWR00013,10,3699.9,3.613,0,False
USG00011767,3420-YJLQT,2026-08-25,TWR00064,122,3401.09,3.321,9,True
USG00011768,9281-PKKZE,2026-08-25,TWR00035,51,1977.03,1.931,14,False
USG00011769,8992-OBVDG,2026-08-25,TWR00040,35,3109.88,3.037,18,False
USG00011770,0129-KPTWJ,2026-08-25,TWR00084,1,1908.05,1.863,1,False
USG00011771,8347-GDTMP,2026-08-25,TWR00040,61,2824.14,2.758,8,False
USG00011772,5924-IFQTT,2026-08-25,TWR00045,27,1127.02,1.101,5,False
USG00011773,2252-NKNSI,2026-08-25,TWR00081,112,2753.68,2.689,20,False
USG00011774,3932-CMDTD,2026-08-25,TWR00099,40,2412.57,2.356,5,True
USG00011775,9553-DLCLU,2026-08-25,TWR00036,66,1709.91,1.67,4,False
USG00011776,4674-HGNUA,2026-08-25,TWR00078,46,3440.28,3.36,15,False
USG00011777,7503-ZGUZJ,2026-08-25,TWR00100,73,3657.6,3.572,3,False
USG00011778,6599-SFQVE,2026-08-25,TWR00012,98,3603.5,3.519,11,False
USG00011779,8884-ADFVN,2026-08-25,TWR00076,38,1931.89,1.887,6,True
USG00011780,6743-HHQPF,2026-08-25,TWR00079,99,1061.81,1.037,2,False
USG00011781,3594-IVHJZ,2026-08-25,TWR00072,125,4038.54,3.944,5,False
USG00011782,7590-VHVEG,2026-08-25,TWR00035,39,611.99,0.598,24,True
USG00011783,5676-CFLYY,2026-08-25,TWR00017,107,1338.18,1.307,3,True
USG00011784,2683-BPJSO,2026-08-25,TWR00015,91,3466.14,3.385,6,False
USG00011785,7365-BVCJH,2026-08-25,TWR00024,73,1167.39,1.14,21,False
USG00011786,3457-PQBYH,2026-08-25,TWR00088,11,3520.25,3.438,24,False
USG00011787,4983-CCWMC,2026-08-25,TWR00080,32,3434.78,3.354,3,False
USG00011788,0923-PNFUB,2026-08-25,TWR00083,131,2767.41,2.703,4,False
USG00011789,9614-RMGHA,2026-08-25,TWR00035,65,4433.45,4.33,3,False
USG00011790,8229-MYEJZ,2026-08-25,TWR00073,30,261.91,0.256,0,False
USG00011791,7632-YUTXB,2026-08-25,TWR00021,40,2201.63,2.15,23,False
USG00011792,0730-BGQGF,2026-08-25,TWR00025,117,2549.24,2.489,12,False
USG00011793,9779-DPNEJ,2026-08-25,TWR00017,178,1992.32,1.946,13,False
USG00011794,1027-LKKQQ,2026-08-25,TWR00036,46,2290.56,2.237,23,False
USG00011795,6891-JPYFF,2026-08-25,TWR00079,34,3946.01,3.854,25,False
USG00011796,6135-OZQVA,2026-08-25,TWR00053,173,1488.49,1.454,19,True
USG00011797,9780-FKVVF,2026-08-25,TWR00063,18,2279.56,2.226,2,False
USG00011798,5485-WUYWF,2026-08-25,TWR00092,62,3096.66,3.024,17,False
USG00011799,2955-BJZHG,2026-08-25,TWR00099,49,4281.23,4.181,12,False
USG00011800,5913-INRQV,2026-08-25,TWR00042,76,145.51,0.142,3,False
USG00011801,3755-JBMNH,2026-08-25,TWR00018,132,4370.44,4.268,8,False
USG00011802,6204-IEUXJ,2026-08-25,TWR00036,55,434.09,0.424,7,False
USG00011803,5445-UTODQ,2026-08-25,TWR00002,71,2615.56,2.554,19,False
USG00011804,0362-RAOQO,2026-08-25,TWR00026,52,3058.97,2.987,21,False
USG00011805,9648-BCHKM,2026-08-25,TWR00013,67,3727.65,3.64,22,False
USG00011806,3865-ZFZIB,2026-08-25,TWR00030,57,873.7,0.853,25,False
USG00011807,4566-NECEV,2026-08-25,TWR00043,41,2181.9,2.131,13,False
USG00011808,6479-OAUSD,2026-08-25,TWR00047,12,4355.04,4.253,2,False
USG00011809,2103-ZRXFN,2026-08-25,TWR00028,25,108.93,0.106,23,False
USG00011810,7517-LDMPS,2026-08-25,TWR00014,131,3566.07,3.482,24,False
USG00011811,8204-TIFGJ,2026-08-25,TWR00082,127,497.1,0.485,15,False
USG00011812,6734-GMPVK,2026-08-25,TWR00025,11,4121.04,4.024,18,False
USG00011813,9415-TPKRV,2026-08-25,TWR00024,79,4347.45,4.246,24,False
USG00011814,3085-QUOZK,2026-08-25,TWR00043,103,2500.23,2.442,9,False
USG00011815,2911-UREFD,2026-08-25,TWR00011,83,1169.4,1.142,22,False
USG00011816,3129-AAQOU,2026-08-25,TWR00062,171,1590.4,1.553,9,False
USG00011817,9819-FBNSV,2026-08-25,TWR00025,21,2790.45,2.725,4,False
USG00011818,4759-PXTAN,2026-08-25,TWR00061,53,3284.0,3.207,10,False
USG00011819,5656-JAMLX,2026-08-25,TWR00095,148,3753.8,3.666,7,False
USG00011820,4530-NDRKU,2026-08-25,TWR00091,99,2161.25,2.111,22,False
USG00011821,0396-HUJBP,2026-08-25,TWR00002,68,564.91,0.552,2,False
USG00011822,3384-CTMSF,2026-08-25,TWR00058,105,3531.46,3.449,14,True
USG00011823,0248-IPDFW,2026-08-25,TWR00014,75,637.66,0.623,11,False
USG00011824,5495-GPSRW,2026-08-25,TWR00002,70,750.43,0.733,25,False
USG00011825,2292-XQWSV,2026-08-25,TWR00039,141,4155.93,4.059,2,False
USG00011826,4806-HIPDW,2026-08-25,TWR00092,159,2138.34,2.088,12,False
USG00011827,7707-PYBBH,2026-08-25,TWR00085,42,1971.3,1.925,2,False
USG00011828,0727-BMPLR,2026-08-25,TWR00049,50,2096.61,2.047,17,False
USG00011829,6457-GIRWB,2026-08-25,TWR00018,145,1404.49,1.372,9,True
USG00011830,4701-MLJPN,2026-08-25,TWR00009,65,2293.45,2.24,4,False
USG00011831,1518-VOWAV,2026-08-25,TWR00062,7,2053.59,2.005,15,True
USG00011832,7398-LXGYX,2026-08-25,TWR00096,76,3072.09,3.0,18,False
USG00011833,0897-FEGMU,2026-08-25,TWR00001,136,2928.21,2.86,24,False
USG00011834,9030-QGZNL,2026-08-25,TWR00014,168,2146.63,2.096,22,False
USG00011835,8208-EUMTE,2026-08-25,TWR00004,161,1457.76,1.424,21,False
USG00011836,8849-PRIQJ,2026-08-25,TWR00055,179,710.07,0.693,11,False
USG00011837,1591-MQJTP,2026-08-25,TWR00039,11,3804.35,3.715,23,False
USG00011838,3696-XRIEN,2026-08-25,TWR00045,150,610.73,0.596,11,False
USG00011839,4625-XMOYM,2026-08-25,TWR00037,42,121.75,0.119,2,False
USG00011840,4636-TVXVG,2026-08-25,TWR00033,39,1429.7,1.396,6,False
USG00011841,2595-KIWPV,2026-08-25,TWR00063,54,1758.4,1.717,11,False
USG00011842,7439-DKZTW,2026-08-25,TWR00080,133,1577.2,1.54,2,True
USG00011843,6982-UQZLY,2026-08-25,TWR00098,17,2594.85,2.534,3,False
USG00011844,1728-BQDMA,2026-08-25,TWR00049,21,2875.85,2.808,23,False
USG00011845,5575-GNVDE,2026-08-25,TWR00054,30,927.6,0.906,22,False
USG00011846,2167-FQSTQ,2026-08-25,TWR00062,128,3148.43,3.075,1,False
USG00011847,0519-XUZJU,2026-08-25,TWR00023,121,3033.26,2.962,24,False
USG00011848,2621-UDNLU,2026-08-25,TWR00020,132,3256.89,3.181,0,True
USG00011849,4658-HCOHW,2026-08-25,TWR00047,127,3986.92,3.893,4,False
USG00011850,6211-WWLTF,2026-08-25,TWR00093,142,2531.85,2.473,11,False
USG00011851,5569-KGJHX,2026-08-25,TWR00041,177,1329.58,1.298,1,False
USG00011852,5687-DKDTV,2026-08-25,TWR00071,127,83.35,0.081,22,False
USG00011853,9820-RMCQV,2026-08-25,TWR00100,32,1053.27,1.029,21,False
USG00011854,9356-AXGMP,2026-08-25,TWR00049,87,4147.51,4.05,16,False
USG00011855,5788-YPOEG,2026-08-25,TWR00017,61,2221.56,2.169,9,False
USG00011856,2650-GYRYL,2026-08-25,TWR00084,55,944.27,0.922,20,False
USG00011857,5473-KHBPS,2026-08-25,TWR00030,87,1395.87,1.363,16,False
USG00011858,2239-CFOUJ,2026-08-25,TWR00100,31,1748.59,1.708,11,False
USG00011859,9933-QRGTX,2026-08-25,TWR00001,67,1481.47,1.447,17,False
USG00011860,8395-ETZKQ,2026-08-25,TWR00012,154,4063.01,3.968,2,False
USG00011861,1104-FEJAM,2026-08-25,TWR00028,17,3734.2,3.647,21,False
USG00011862,5240-IJOQT,2026-08-25,TWR00062,55,2136.7,2.087,4,False
USG00011863,1025-FALIX,2026-08-25,TWR00010,142,1441.2,1.407,24,False
USG00011864,8564-LDKFL,2026-08-25,TWR00086,47,413.34,0.404,7,False
USG00011865,0386-CWRGM,2026-08-25,TWR00096,117,1753.47,1.712,10,False
USG00011866,4902-OHLSK,2026-08-25,TWR00065,112,2052.6,2.004,1,False
USG00011867,5366-IJEQJ,2026-08-25,TWR00076,159,609.46,0.595,14,False
USG00011868,0799-DDIHE,2026-08-25,TWR00061,167,3126.17,3.053,7,False
USG00011869,2931-VUVJN,2026-08-25,TWR00075,169,3160.0,3.086,15,False
USG00011870,9286-DOJGF,2026-08-25,TWR00048,172,2983.89,2.914,16,True
USG00011871,8591-NXRCV,2026-08-25,TWR00033,81,967.41,0.945,22,True
USG00011872,4304-TSPVK,2026-08-25,TWR00034,24,1526.1,1.49,25,False
USG00011873,3086-RUCRN,2026-08-25,TWR00014,81,1562.1,1.525,6,False
USG00011874,2320-JRSDE,2026-08-25,TWR00023,61,1088.64,1.063,0,False
USG00011875,8999-EXMNO,2026-08-25,TWR00024,163,1055.56,1.031,14,False
USG00011876,7503-EPSZW,2026-08-25,TWR00084,98,3295.69,3.218,18,False
USG00011877,2266-FUBDZ,2026-08-25,TWR00044,2,1697.29,1.658,19,True
USG00011878,1989-PRJHP,2026-08-25,TWR00013,90,2171.85,2.121,21,False
USG00011879,3521-SYVOR,2026-08-25,TWR00016,63,2127.35,2.077,19,False
USG00011880,3170-GWYKC,2026-08-25,TWR00017,79,726.57,0.71,7,False
USG00011881,7173-TETGO,2026-08-25,TWR00060,64,4414.98,4.312,0,False
USG00011882,0318-QUUOB,2026-08-25,TWR00086,65,3450.33,3.369,15,False
USG00011883,2123-AGEEN,2026-08-25,TWR00055,35,1166.52,1.139,20,True
USG00011884,7459-RRWQZ,2026-08-25,TWR00019,4,1093.24,1.068,19,False
USG00011885,6655-LHBYW,2026-08-25,TWR00093,59,2854.4,2.788,13,False
USG00011886,8023-QHAIO,2026-08-25,TWR00047,168,735.88,0.719,4,True
USG00011887,4855-SNKMY,2026-08-25,TWR00046,140,1015.43,0.992,19,False
USG00011888,1587-FKLZB,2026-08-25,TWR00092,137,4042.19,3.947,24,False
USG00011889,2672-TGEFF,2026-08-25,TWR00064,108,2253.82,2.201,8,False
USG00011890,0181-RITDD,2026-08-25,TWR00064,60,1224.69,1.196,7,False
USG00011891,1016-DJTSV,2026-08-25,TWR00084,29,1789.76,1.748,3,True
USG00011892,4547-FZJWE,2026-08-25,TWR00029,93,2408.2,2.352,13,False
USG00011893,7162-WPHPM,2026-08-25,TWR00042,79,2674.4,2.612,10,False
USG00011894,3312-ZWLGF,2026-08-25,TWR00002,66,443.77,0.433,6,False
USG00011895,9880-TDQAC,2026-08-25,TWR00005,9,3165.71,3.092,0,False
USG00011896,8563-OYMQY,2026-08-25,TWR00046,174,1239.88,1.211,16,False
USG00011897,0739-UUAJR,2026-08-25,TWR00075,3,1166.99,1.14,24,False
USG00011898,6689-VRRTK,2026-08-25,TWR00082,20,489.77,0.478,7,False
USG00011899,7661-CPURM,2026-08-25,TWR00014,133,756.57,0.739,7,False
USG00011900,3219-JQRSL,2026-08-25,TWR00079,167,546.16,0.533,9,False
USG00011901,0581-BXBUB,2026-08-25,TWR00060,94,1293.28,1.263,4,False
USG00011902,0835-JKADZ,2026-08-25,TWR00025,77,3936.89,3.845,10,True
USG00011903,3324-OIRTO,2026-08-25,TWR00050,27,3080.81,3.009,15,False
USG00011904,7808-DVWEP,2026-08-25,TWR00027,160,1213.53,1.185,9,False
USG00011905,8966-KZXXA,2026-08-25,TWR00066,152,1879.89,1.836,0,False
USG00011906,3247-MHJKM,2026-08-25,TWR00039,180,2740.36,2.676,15,False
USG00011907,7016-NVRIC,2026-08-25,TWR00072,165,1952.77,1.907,24,False
USG00011908,9845-PEEKO,2026-08-25,TWR00027,35,693.97,0.678,9,False
USG00011909,8040-MNRTF,2026-08-25,TWR00012,109,3041.8,2.971,14,False
USG00011910,6425-YQLLO,2026-08-25,TWR00075,123,1144.43,1.118,8,False
USG00011911,3646-ITDGM,2026-08-25,TWR00008,2,1044.76,1.02,0,True
USG00011912,3569-VLDHH,2026-08-25,TWR00012,78,279.75,0.273,15,False
USG00011913,8058-INTPH,2026-08-25,TWR00074,165,845.71,0.826,15,False
USG00011914,7789-CRUVC,2026-08-25,TWR00069,87,2417.51,2.361,20,False
USG00011915,5504-WSIUR,2026-08-25,TWR00035,156,3344.0,3.266,4,False
USG00011916,2894-QOJRX,2026-08-25,TWR00074,2,155.35,0.152,11,False
USG00011917,4686-GEFRM,2026-08-25,TWR00070,126,3534.09,3.451,8,True
USG00011918,2568-OIADY,2026-08-25,TWR00018,93,1589.36,1.552,19,False
USG00011919,2408-TZMJL,2026-08-25,TWR00017,127,199.7,0.195,4,False
USG00011920,6331-EWIEB,2026-08-25,TWR00069,79,1482.85,1.448,24,False
USG00011921,2692-PFYTJ,2026-08-25,TWR00067,123,1522.33,1.487,0,False
USG00011922,2545-EBUPK,2026-08-25,TWR00092,16,3554.87,3.472,24,False
USG00011923,3088-FVYWK,2026-08-25,TWR00036,146,929.26,0.907,11,False
USG00011924,3097-PYWXL,2026-08-25,TWR00090,11,1949.74,1.904,19,True
USG00011925,8015-IHCGW,2026-08-25,TWR00094,128,1125.77,1.099,1,False
USG00011926,3272-VUHPV,2026-08-25,TWR00021,24,1078.1,1.053,25,True
USG00011927,2378-HTWFW,2026-08-25,TWR00064,52,955.06,0.933,14,False
USG00011928,6849-WLEYG,2026-08-25,TWR00048,94,2909.67,2.841,13,False
USG00011929,5337-IIWKZ,2026-08-25,TWR00037,104,1498.03,1.463,4,False
USG00011930,7219-TLZHO,2026-08-25,TWR00048,56,188.64,0.184,9,False
USG00011931,0014-BMAQU,2026-08-25,TWR00060,26,3211.0,3.136,10,True
USG00011932,4832-VRBMR,2026-08-25,TWR00059,98,2003.54,1.957,6,False
USG00011933,5160-UXJED,2026-08-25,TWR00004,97,2927.97,2.859,20,False
USG00011934,4988-IQIGL,2026-08-25,TWR00053,163,434.47,0.424,2,False
USG00011935,3838-OZURD,2026-08-25,TWR00009,53,2957.95,2.889,1,False
USG00011936,7322-OCWHC,2026-08-25,TWR00098,41,556.46,0.543,8,False
