ticket_id,customer_id,category,priority,channel,created_at,resolved_at,resolution_time_hours,status,satisfaction_score
TKT000001,6857-VWJDT,Billing Dispute,Critical,Retail Store,2026-01-13 13:16:00,,,In Progress,
TKT000002,1078-TDCRN,Billing Dispute,Low,Call Center,2026-07-23 23:26:00,,,Escalated,
TKT000003,0885-HMGPY,SIM Issue,High,Retail Store,2026-08-14 20:28:00,2026-08-17 08:10:00,59.7,Closed,3.0
TKT000004,6112-KTHFQ,Call Drops,Medium,Call Center,2026-03-28 14:13:00,2026-03-29 05:55:00,15.7,Closed,2.0
TKT000005,5419-JPRRN,Roaming Issue,Medium,Web Portal,2026-03-25 18:54:00,2026-03-28 00:18:00,53.4,Resolved,1.0
TKT000006,8910-ICHIU,SIM Issue,Critical,Call Center,2026-02-11 10:31:00,2026-02-14 03:49:00,65.3,Closed,3.0
TKT000007,7787-BNTZM,Billing Dispute,High,Retail Store,2026-03-07 12:16:00,,,Escalated,
TKT000008,5003-XZWWO,SIM Issue,High,Mobile App,2026-04-10 22:36:00,2026-04-12 23:00:00,48.4,Closed,5.0
TKT000009,1984-FCOWB,Call Drops,High,Web Portal,2026-05-16 23:53:00,2026-05-17 17:53:00,18.0,Resolved,2.0
TKT000010,2446-BEGGB,SIM Issue,High,Web Portal,2026-03-06 10:24:00,,,Escalated,
TKT000011,0685-MLYYM,Billing Dispute,Critical,Chatbot,2026-07-10 08:27:00,,,In Progress,
TKT000012,1565-RHDJD,Roaming Issue,Low,Call Center,2026-01-11 19:56:00,2026-01-12 08:56:00,13.0,Closed,2.0
TKT000013,7459-RRWQZ,Billing Dispute,Medium,Web Portal,2026-06-15 10:05:00,2026-06-17 04:47:00,42.7,Resolved,2.0
TKT000014,7629-WFGLW,Broadband Outage,Critical,Retail Store,2026-08-08 09:44:00,,,Escalated,
TKT000015,0621-TWIEM,Call Drops,Low,Chatbot,2026-05-20 21:07:00,2026-05-21 16:55:00,19.8,Closed,3.0
TKT000016,3005-NFMTA,SIM Issue,Low,Mobile App,2026-06-03 22:15:00,,,Escalated,
TKT000017,6103-BOCOU,Broadband Outage,Medium,Mobile App,2026-06-20 12:13:00,2026-06-22 22:37:00,58.4,Closed,4.0
TKT000018,1216-JWVUX,Roaming Issue,Critical,Call Center,2026-04-18 10:45:00,,,Escalated,
TKT000019,4918-QLLIW,Broadband Outage,High,Call Center,2026-01-10 22:45:00,2026-01-11 06:57:00,8.2,Closed,3.0
TKT000020,4697-LUPSU,Billing Dispute,High,Web Portal,2026-07-11 09:20:00,2026-07-12 14:50:00,29.5,Closed,4.0
TKT000021,7707-PYBBH,Roaming Issue,Medium,Retail Store,2026-08-03 07:30:00,,,In Progress,
TKT000022,5533-RJFTJ,Plan Modification,Low,Call Center,2026-06-18 17:20:00,,,Escalated,
TKT000023,5159-YFPKQ,Network Slowdown,Medium,Retail Store,2026-06-03 16:58:00,,,In Progress,
TKT000024,3678-MNGZX,Broadband Outage,Low,Retail Store,2026-05-26 12:12:00,2026-05-26 14:00:00,1.8,Closed,4.0
TKT000025,5533-RJFTJ,Broadband Outage,Medium,Web Portal,2026-05-04 07:22:00,,,Escalated,
TKT000026,2277-VWCNI,Network Slowdown,Low,Web Portal,2026-01-05 20:31:00,2026-01-07 23:55:00,51.4,Closed,3.0
TKT000027,2956-GGUCQ,Broadband Outage,Medium,Chatbot,2026-03-29 14:16:00,2026-03-30 22:16:00,32.0,Closed,3.0
TKT000028,6368-NWMCE,Roaming Issue,Critical,Web Portal,2026-05-23 14:50:00,,,Escalated,
TKT000029,3399-BMLVW,Plan Modification,Medium,Chatbot,2026-07-19 08:00:00,,,In Progress,
TKT000030,6849-WLEYG,Broadband Outage,High,Web Portal,2026-07-21 21:10:00,2026-07-24 13:52:00,64.7,Closed,3.0
TKT000031,8065-YKXKD,Billing Dispute,Low,Mobile App,2026-07-14 12:40:00,,,Escalated,
TKT000032,7996-MHXLW,Network Slowdown,Medium,Mobile App,2026-06-13 07:09:00,2026-06-13 15:15:00,8.1,Resolved,2.0
TKT000033,5161-XEUVX,Roaming Issue,High,Retail Store,2026-04-30 21:51:00,2026-05-02 22:03:00,48.2,Resolved,5.0
TKT000034,3845-JHAMY,SIM Issue,Low,Mobile App,2026-08-24 16:36:00,2026-08-24 20:48:00,4.2,Closed,3.0
TKT000035,7054-LGEQW,SIM Issue,Low,Web Portal,2026-01-06 18:25:00,,,Escalated,
TKT000036,1447-PJGGA,Broadband Outage,High,Web Portal,2026-03-20 23:19:00,2026-03-23 17:37:00,66.3,Closed,1.0
TKT000037,9586-JGQKH,SIM Issue,Critical,Retail Store,2026-06-14 16:37:00,2026-06-15 15:25:00,22.8,Closed,3.0
TKT000038,0225-ZORZP,SIM Issue,Medium,Mobile App,2026-08-07 22:11:00,,,In Progress,
TKT000039,7074-IEVOJ,Plan Modification,Critical,Chatbot,2026-04-22 22:05:00,2026-04-23 12:17:00,14.2,Closed,3.0
TKT000040,3658-KIBGF,Roaming Issue,Low,Call Center,2026-03-19 10:52:00,2026-03-20 16:16:00,29.4,Resolved,1.0
TKT000041,4976-LNFVV,Billing Dispute,Low,Call Center,2026-07-15 19:13:00,2026-07-17 01:19:00,30.1,Closed,3.0
TKT000042,6211-WWLTF,Roaming Issue,High,Chatbot,2026-01-14 15:57:00,2026-01-16 04:27:00,36.5,Closed,4.0
TKT000043,3606-TWKGI,Roaming Issue,Low,Mobile App,2026-04-24 11:42:00,2026-04-27 03:30:00,63.8,Resolved,3.0
TKT000044,7126-RBHSD,Billing Dispute,Critical,Web Portal,2026-06-13 16:48:00,2026-06-15 09:48:00,41.0,Closed,5.0
TKT000045,1977-STDKI,Plan Modification,Low,Web Portal,2026-05-10 21:03:00,2026-05-12 18:15:00,45.2,Closed,2.0
TKT000046,2234-XADUH,Plan Modification,Low,Call Center,2026-07-05 20:34:00,2026-07-06 18:46:00,22.2,Closed,4.0
TKT000047,8044-BGWPI,Call Drops,High,Call Center,2026-02-27 20:41:00,2026-03-02 03:35:00,54.9,Resolved,5.0
TKT000048,0620-XEFWH,Billing Dispute,Medium,Retail Store,2026-06-03 09:16:00,2026-06-03 14:28:00,5.2,Resolved,4.0
TKT000049,2792-VPPET,Billing Dispute,Medium,Retail Store,2026-03-27 17:11:00,,,Escalated,
TKT000050,6892-EZDTG,Call Drops,Low,Chatbot,2026-05-15 12:26:00,,,In Progress,
TKT000051,8313-AFGBW,SIM Issue,Medium,Web Portal,2026-04-09 09:43:00,2026-04-10 20:43:00,35.0,Resolved,4.0
TKT000052,1343-EHPYB,Billing Dispute,Low,Web Portal,2026-05-17 16:09:00,2026-05-18 19:51:00,27.7,Closed,3.0
TKT000053,8999-YPYBV,Billing Dispute,High,Call Center,2026-01-18 21:05:00,,,In Progress,
TKT000054,1602-IJQQE,Billing Dispute,Critical,Chatbot,2026-06-27 17:50:00,2026-06-29 01:38:00,31.8,Resolved,2.0
TKT000055,5451-MHQOF,Call Drops,Critical,Chatbot,2026-08-16 13:14:00,2026-08-18 19:44:00,54.5,Resolved,3.0
TKT000056,0831-JNISG,Billing Dispute,Critical,Call Center,2026-05-03 08:20:00,,,Escalated,
TKT000057,0404-SWRVG,Billing Dispute,Low,Mobile App,2026-01-10 13:15:00,,,In Progress,
TKT000058,6997-UVGOX,Broadband Outage,Critical,Web Portal,2026-02-27 22:04:00,,,In Progress,
TKT000059,2657-VPXTA,Plan Modification,Low,Mobile App,2026-06-04 08:01:00,2026-06-05 09:55:00,25.9,Closed,4.0
TKT000060,8819-WFGGJ,Call Drops,High,Call Center,2026-03-26 14:51:00,,,In Progress,
TKT000061,0114-IGABW,Plan Modification,Medium,Web Portal,2026-06-23 22:36:00,2026-06-24 02:18:00,3.7,Closed,4.0
TKT000062,6650-BWFRT,Billing Dispute,High,Retail Store,2026-08-01 23:44:00,,,In Progress,
TKT000063,3096-JRDSO,Roaming Issue,High,Call Center,2026-01-05 07:07:00,,,Escalated,
TKT000064,6230-BSUXY,Network Slowdown,High,Mobile App,2026-07-05 10:01:00,2026-07-06 01:43:00,15.7,Closed,2.0
TKT000065,1907-YLNYW,Network Slowdown,Medium,Mobile App,2026-04-30 20:54:00,2026-05-03 07:24:00,58.5,Closed,1.0
TKT000066,2761-OCIAX,Billing Dispute,Low,Call Center,2026-02-24 21:43:00,2026-02-27 06:01:00,56.3,Closed,3.0
TKT000067,1465-VINDH,Roaming Issue,Medium,Call Center,2026-08-31 12:56:00,,,Escalated,
TKT000068,8034-RYTVV,Roaming Issue,Low,Retail Store,2026-08-27 22:18:00,,,Escalated,
TKT000069,4415-IJZTP,SIM Issue,High,Call Center,2026-08-21 23:23:00,2026-08-24 16:53:00,65.5,Closed,2.0
TKT000070,4446-BZKHU,Billing Dispute,High,Web Portal,2026-08-05 23:34:00,,,In Progress,
TKT000071,7515-LODFU,Roaming Issue,Medium,Web Portal,2026-03-10 18:18:00,,,In Progress,
TKT000072,4510-PYUSH,Network Slowdown,Medium,Web Portal,2026-03-15 21:07:00,2026-03-16 04:25:00,7.3,Closed,1.0
TKT000073,1579-KLYDT,Billing Dispute,High,Mobile App,2026-07-11 23:48:00,2026-07-14 14:42:00,62.9,Resolved,2.0
TKT000074,0067-DKWBL,Roaming Issue,Critical,Mobile App,2026-07-16 19:31:00,2026-07-19 10:19:00,62.8,Closed,3.0
TKT000075,0533-BNWKF,Network Slowdown,High,Retail Store,2026-06-08 17:07:00,2026-06-09 06:13:00,13.1,Resolved,3.0
TKT000076,0731-EBJQB,Broadband Outage,Critical,Web Portal,2026-01-04 10:55:00,2026-01-04 11:49:00,0.9,Closed,5.0
TKT000077,4548-SDBKE,Broadband Outage,High,Mobile App,2026-08-25 21:52:00,,,In Progress,
TKT000078,1240-KNSEZ,Roaming Issue,Critical,Web Portal,2026-03-17 18:20:00,2026-03-18 01:50:00,7.5,Resolved,1.0
TKT000079,6595-COKXZ,Network Slowdown,Low,Retail Store,2026-01-28 09:49:00,2026-01-30 05:55:00,44.1,Closed,1.0
TKT000080,2696-NARTR,Plan Modification,Low,Retail Store,2026-01-19 21:43:00,2026-01-22 11:01:00,61.3,Closed,1.0
TKT000081,8166-ORCHU,Roaming Issue,Medium,Chatbot,2026-05-15 16:15:00,,,Escalated,
TKT000082,6038-GCYEC,Broadband Outage,Medium,Retail Store,2026-05-14 14:44:00,2026-05-15 00:02:00,9.3,Closed,2.0
TKT000083,6479-OAUSD,SIM Issue,Critical,Call Center,2026-01-18 22:15:00,,,Escalated,
TKT000084,2845-KDHVX,Billing Dispute,Low,Chatbot,2026-08-14 20:24:00,2026-08-15 04:06:00,7.7,Closed,3.0
TKT000085,0641-EVBOJ,Network Slowdown,Low,Call Center,2026-02-15 20:27:00,2026-02-16 03:39:00,7.2,Closed,4.0
TKT000086,3363-EWLGO,SIM Issue,Critical,Web Portal,2026-08-21 23:04:00,2026-08-22 18:28:00,19.4,Closed,5.0
TKT000087,1731-TVIUK,Broadband Outage,Low,Web Portal,2026-01-11 19:42:00,2026-01-13 05:12:00,33.5,Resolved,1.0
TKT000088,0193-ESZXP,Call Drops,Critical,Web Portal,2026-01-10 16:00:00,2026-01-11 21:54:00,29.9,Closed,3.0
TKT000089,2469-DTSGX,Billing Dispute,High,Mobile App,2026-05-30 22:56:00,2026-06-01 04:26:00,29.5,Closed,3.0
TKT000090,3859-CVCET,Billing Dispute,Critical,Call Center,2026-07-24 20:59:00,,,In Progress,
TKT000091,3669-WHAFY,Billing Dispute,Medium,Chatbot,2026-08-08 16:25:00,2026-08-08 17:07:00,0.7,Closed,4.0
TKT000092,2075-RMJIK,Plan Modification,Medium,Mobile App,2026-05-14 15:27:00,,,In Progress,
TKT000093,0611-DFXKO,Network Slowdown,Critical,Retail Store,2026-06-05 15:04:00,,,Escalated,
TKT000094,3082-WQRVY,Broadband Outage,High,Web Portal,2026-07-21 15:29:00,2026-07-23 12:53:00,45.4,Closed,3.0
TKT000095,3454-JFUBC,Call Drops,High,Mobile App,2026-07-26 20:36:00,2026-07-29 10:54:00,62.3,Closed,4.0
TKT000096,5322-ZSMZY,Plan Modification,Medium,Web Portal,2026-06-23 21:06:00,,,Escalated,
TKT000097,2181-TIDSV,Call Drops,Critical,Chatbot,2026-06-24 23:54:00,,,Escalated,
TKT000098,5989-PGKJB,Plan Modification,Medium,Retail Store,2026-06-30 09:10:00,,,Escalated,
TKT000099,1069-XAIEM,Roaming Issue,Critical,Mobile App,2026-08-02 18:39:00,,,Escalated,
TKT000100,3404-JNXAX,Plan Modification,Critical,Chatbot,2026-01-21 20:44:00,2026-01-22 16:44:00,20.0,Closed,5.0
TKT000101,5196-SGOAK,Billing Dispute,Low,Retail Store,2026-05-24 15:24:00,2026-05-27 15:24:00,72.0,Closed,3.0
TKT000102,0022-TCJCI,Call Drops,Medium,Retail Store,2026-05-02 21:33:00,,,In Progress,
TKT000103,2108-XWMPY,SIM Issue,Medium,Call Center,2026-04-06 14:48:00,2026-04-09 13:24:00,70.6,Resolved,3.0
TKT000104,1741-WTPON,Broadband Outage,Critical,Retail Store,2026-02-27 07:04:00,2026-02-27 08:16:00,1.2,Resolved,3.0
TKT000105,2840-XANRC,SIM Issue,Medium,Retail Store,2026-06-25 15:29:00,2026-06-28 13:41:00,70.2,Resolved,3.0
TKT000106,3638-WEABW,SIM Issue,Medium,Call Center,2026-06-05 15:05:00,2026-06-07 05:23:00,38.3,Closed,5.0
TKT000107,1285-OKIPP,Plan Modification,Medium,Web Portal,2026-01-07 19:08:00,2026-01-09 23:08:00,52.0,Resolved,3.0
TKT000108,4597-ELFTS,Broadband Outage,Low,Retail Store,2026-07-09 15:04:00,2026-07-12 01:04:00,58.0,Closed,1.0
TKT000109,1935-IMVBB,SIM Issue,High,Call Center,2026-04-29 21:46:00,,,Escalated,
TKT000110,0754-UKWQP,Broadband Outage,Medium,Mobile App,2026-08-25 21:12:00,2026-08-26 04:30:00,7.3,Closed,1.0
TKT000111,0902-RFHOF,Billing Dispute,Medium,Call Center,2026-02-11 13:59:00,,,In Progress,
TKT000112,1063-DHQJF,Network Slowdown,Critical,Web Portal,2026-06-24 11:12:00,,,In Progress,
TKT000113,4962-CHQPW,Broadband Outage,Medium,Mobile App,2026-08-25 20:49:00,,,Escalated,
TKT000114,0390-DCFDQ,Call Drops,High,Chatbot,2026-07-11 14:50:00,2026-07-14 07:08:00,64.3,Closed,3.0
TKT000115,0643-OKLRP,SIM Issue,Critical,Web Portal,2026-02-25 07:29:00,2026-02-25 08:29:00,1.0,Closed,3.0
TKT000116,9117-SHLZX,Network Slowdown,Low,Chatbot,2026-05-23 23:35:00,2026-05-24 22:47:00,23.2,Resolved,3.0
TKT000117,6567-HOOPW,Call Drops,Medium,Call Center,2026-08-10 13:43:00,2026-08-12 03:19:00,37.6,Closed,2.0
TKT000118,0515-YPMCW,Network Slowdown,Low,Call Center,2026-03-04 14:28:00,2026-03-06 07:58:00,41.5,Closed,1.0
TKT000119,6352-TWCAU,Plan Modification,Medium,Mobile App,2026-02-14 10:25:00,,,In Progress,
TKT000120,7821-DPRQE,Roaming Issue,Medium,Retail Store,2026-06-20 17:42:00,2026-06-22 03:42:00,34.0,Resolved,3.0
TKT000121,2541-YGPKE,Network Slowdown,Low,Mobile App,2026-03-11 23:57:00,2026-03-12 06:09:00,6.2,Closed,5.0
TKT000122,7247-XOZPB,Billing Dispute,Medium,Web Portal,2026-06-28 17:49:00,,,Escalated,
TKT000123,4226-KKDON,Billing Dispute,Low,Retail Store,2026-01-09 08:14:00,2026-01-11 16:14:00,56.0,Closed,3.0
TKT000124,2359-KMGLI,Roaming Issue,Critical,Chatbot,2026-04-12 17:21:00,2026-04-14 14:45:00,45.4,Resolved,2.0
TKT000125,0750-EKNGL,SIM Issue,Medium,Retail Store,2026-03-09 23:13:00,,,In Progress,
TKT000126,4720-VSTSI,Billing Dispute,High,Retail Store,2026-06-11 21:47:00,,,Escalated,
TKT000127,4325-NFSKC,SIM Issue,Medium,Web Portal,2026-08-15 10:26:00,2026-08-16 22:20:00,35.9,Closed,1.0
TKT000128,4846-WHAFZ,Roaming Issue,High,Retail Store,2026-04-21 09:10:00,,,Escalated,
TKT000129,6424-ELEYH,Billing Dispute,Low,Web Portal,2026-06-30 09:21:00,2026-07-01 19:27:00,34.1,Closed,3.0
TKT000130,9058-CBREO,Broadband Outage,Low,Chatbot,2026-07-10 23:14:00,2026-07-11 05:14:00,6.0,Closed,3.0
TKT000131,2607-DHDAK,Roaming Issue,Medium,Web Portal,2026-05-29 15:13:00,2026-05-31 01:19:00,34.1,Closed,4.0
TKT000132,9274-CNFMO,Call Drops,High,Web Portal,2026-02-05 23:19:00,2026-02-08 01:43:00,50.4,Closed,2.0
TKT000133,2439-QKJUL,Roaming Issue,Critical,Call Center,2026-04-29 21:53:00,2026-05-01 08:47:00,34.9,Closed,3.0
TKT000134,6366-XIVKZ,SIM Issue,High,Retail Store,2026-03-09 08:23:00,,,In Progress,
TKT000135,3308-JSGML,Network Slowdown,Critical,Mobile App,2026-06-29 14:33:00,2026-06-30 07:21:00,16.8,Resolved,5.0
TKT000136,4210-QFJMF,Plan Modification,Medium,Retail Store,2026-04-10 20:08:00,2026-04-12 03:20:00,31.2,Closed,2.0
TKT000137,4381-MHQDC,Roaming Issue,Critical,Retail Store,2026-04-22 08:04:00,,,In Progress,
TKT000138,3186-BAXNB,SIM Issue,High,Web Portal,2026-04-19 12:10:00,,,In Progress,
TKT000139,3688-FTHLT,Plan Modification,High,Retail Store,2026-02-08 07:06:00,2026-02-10 00:48:00,41.7,Resolved,1.0
TKT000140,5311-IHLEI,Call Drops,High,Web Portal,2026-08-02 21:41:00,2026-08-03 12:41:00,15.0,Resolved,3.0
TKT000141,3190-XFANI,Plan Modification,Medium,Retail Store,2026-08-19 14:06:00,2026-08-21 01:42:00,35.6,Closed,1.0
TKT000142,5461-QKNTN,Call Drops,Medium,Retail Store,2026-02-16 15:08:00,,,Escalated,
TKT000143,5220-AGAAX,SIM Issue,High,Retail Store,2026-06-30 23:05:00,2026-07-01 16:23:00,17.3,Resolved,4.0
TKT000144,7739-LAXOG,Billing Dispute,Low,Retail Store,2026-03-29 11:50:00,2026-04-01 02:20:00,62.5,Resolved,1.0
TKT000145,8329-GWVPJ,Call Drops,Critical,Web Portal,2026-04-18 22:00:00,2026-04-20 05:00:00,31.0,Closed,4.0
TKT000146,4342-HENTK,Roaming Issue,High,Call Center,2026-03-05 08:59:00,,,In Progress,
TKT000147,1236-WFCDV,Call Drops,High,Chatbot,2026-08-15 21:03:00,,,Escalated,
TKT000148,5229-PRWKT,Network Slowdown,Critical,Retail Store,2026-02-19 22:49:00,,,Escalated,
TKT000149,1133-KXCGE,Broadband Outage,Medium,Mobile App,2026-03-31 12:28:00,2026-04-02 15:28:00,51.0,Closed,4.0
TKT000150,9530-EHPOH,Billing Dispute,Low,Mobile App,2026-01-11 19:42:00,,,In Progress,
TKT000151,3334-CTHOL,SIM Issue,Critical,Web Portal,2026-02-17 11:37:00,,,Escalated,
TKT000152,6762-NSODU,Network Slowdown,High,Chatbot,2026-05-07 16:35:00,,,In Progress,
TKT000153,4940-KHCWD,Billing Dispute,Low,Web Portal,2026-04-01 18:33:00,,,Escalated,
TKT000154,5649-TJHOV,Call Drops,Medium,Chatbot,2026-07-10 14:06:00,2026-07-13 11:24:00,69.3,Closed,3.0
TKT000155,5906-CVLHP,Billing Dispute,Low,Call Center,2026-05-06 15:26:00,,,Escalated,
TKT000156,1981-INRFU,Roaming Issue,Low,Web Portal,2026-01-17 19:32:00,2026-01-19 13:32:00,42.0,Resolved,3.0
TKT000157,0704-VCUMB,Plan Modification,Medium,Chatbot,2026-02-18 08:13:00,,,In Progress,
TKT000158,3955-JBZZM,Broadband Outage,Low,Chatbot,2026-08-13 15:51:00,2026-08-15 02:21:00,34.5,Resolved,5.0
TKT000159,9928-BZVLZ,Network Slowdown,Low,Web Portal,2026-07-13 19:52:00,,,In Progress,
TKT000160,0640-YJTPY,Roaming Issue,Critical,Web Portal,2026-04-27 20:19:00,2026-04-28 17:49:00,21.5,Closed,3.0
TKT000161,2541-YGPKE,SIM Issue,Medium,Web Portal,2026-02-22 15:30:00,,,In Progress,
TKT000162,3363-DTIVD,Call Drops,High,Call Center,2026-06-25 11:47:00,2026-06-25 20:41:00,8.9,Closed,1.0
TKT000163,9490-DFPMD,Plan Modification,Critical,Call Center,2026-04-24 07:15:00,2026-04-26 01:45:00,42.5,Resolved,3.0
TKT000164,6022-UGGSO,Broadband Outage,Medium,Web Portal,2026-01-11 17:45:00,,,Escalated,
TKT000165,8086-OVPWV,Roaming Issue,Medium,Retail Store,2026-08-02 15:03:00,2026-08-04 08:39:00,41.6,Resolved,2.0
TKT000166,8849-GYOKR,Broadband Outage,High,Call Center,2026-05-21 15:33:00,2026-05-22 17:33:00,26.0,Closed,1.0
TKT000167,5940-NFXKV,SIM Issue,Medium,Call Center,2026-08-26 12:51:00,2026-08-28 19:45:00,54.9,Closed,2.0
TKT000168,7198-GLXTC,Network Slowdown,Medium,Call Center,2026-05-18 23:38:00,2026-05-21 08:14:00,56.6,Resolved,3.0
TKT000169,1323-OOEPC,Network Slowdown,Low,Mobile App,2026-04-27 11:37:00,2026-04-27 23:31:00,11.9,Resolved,3.0
TKT000170,3130-ICDUP,Roaming Issue,High,Web Portal,2026-07-17 09:00:00,2026-07-18 11:18:00,26.3,Resolved,4.0
TKT000171,1624-NALOJ,Call Drops,Low,Call Center,2026-04-25 15:30:00,2026-04-25 21:24:00,5.9,Closed,2.0
TKT000172,6217-TOWGS,Billing Dispute,Low,Mobile App,2026-05-25 20:47:00,,,Escalated,
TKT000173,3373-DIUUN,Broadband Outage,Critical,Chatbot,2026-04-20 15:08:00,2026-04-23 04:08:00,61.0,Resolved,5.0
TKT000174,1935-IMVBB,Billing Dispute,Low,Chatbot,2026-04-19 09:16:00,,,Escalated,
TKT000175,0013-EXCHZ,Call Drops,High,Call Center,2026-07-14 08:21:00,,,Escalated,
TKT000176,1029-QFBEN,Plan Modification,High,Retail Store,2026-05-26 07:30:00,2026-05-26 15:00:00,7.5,Closed,3.0
TKT000177,8654-DHAOW,SIM Issue,Low,Retail Store,2026-03-18 15:32:00,2026-03-19 10:38:00,19.1,Closed,3.0
TKT000178,4707-MAXGU,SIM Issue,Critical,Web Portal,2026-08-24 19:57:00,2026-08-25 00:09:00,4.2,Resolved,3.0
TKT000179,5780-INQIK,Roaming Issue,Medium,Mobile App,2026-07-21 14:26:00,,,Escalated,
TKT000180,2789-CZANW,Call Drops,Low,Web Portal,2026-05-26 09:08:00,,,Escalated,
TKT000181,0404-SWRVG,Billing Dispute,Low,Web Portal,2026-08-29 23:13:00,2026-08-30 06:31:00,7.3,Closed,3.0
TKT000182,6086-ESGRL,Plan Modification,Critical,Retail Store,2026-06-19 22:05:00,2026-06-20 04:53:00,6.8,Closed,1.0
TKT000183,1534-OULXE,Call Drops,High,Retail Store,2026-01-13 18:27:00,,,Escalated,
TKT000184,6990-YNRIO,SIM Issue,Medium,Retail Store,2026-06-12 18:41:00,2026-06-14 05:47:00,35.1,Resolved,1.0
TKT000185,5208-HFSBT,Billing Dispute,High,Web Portal,2026-06-20 10:56:00,2026-06-22 21:26:00,58.5,Closed,2.0
TKT000186,2135-RXIHG,Roaming Issue,Low,Chatbot,2026-02-06 18:59:00,2026-02-09 06:47:00,59.8,Closed,3.0
TKT000187,9137-NOQKA,Plan Modification,Critical,Call Center,2026-05-28 22:30:00,2026-05-31 15:36:00,65.1,Closed,4.0
TKT000188,2845-HSJCY,Broadband Outage,Critical,Retail Store,2026-06-03 15:07:00,2026-06-05 09:19:00,42.2,Resolved,2.0
TKT000189,1750-CSKKM,Plan Modification,Critical,Call Center,2026-01-28 11:43:00,,,In Progress,
TKT000190,2929-ERCFZ,Roaming Issue,Critical,Retail Store,2026-04-07 17:30:00,2026-04-10 00:24:00,54.9,Resolved,1.0
TKT000191,8750-QWZAJ,SIM Issue,Low,Call Center,2026-08-26 14:32:00,2026-08-29 00:56:00,58.4,Closed,1.0
TKT000192,7641-EUYET,Plan Modification,Medium,Chatbot,2026-06-13 17:43:00,2026-06-16 04:19:00,58.6,Closed,1.0
TKT000193,0788-DXBFY,Network Slowdown,Medium,Web Portal,2026-07-02 08:06:00,,,Escalated,
TKT000194,4415-IJZTP,Call Drops,Critical,Chatbot,2026-06-30 08:02:00,2026-07-01 14:38:00,30.6,Closed,1.0
TKT000195,5515-AKOAJ,Plan Modification,Medium,Call Center,2026-03-16 20:01:00,2026-03-18 07:55:00,35.9,Closed,3.0
TKT000196,0867-MKZVY,Billing Dispute,Medium,Mobile App,2026-02-13 08:31:00,2026-02-15 21:55:00,61.4,Closed,2.0
TKT000197,8201-AAXCB,SIM Issue,High,Mobile App,2026-07-02 20:26:00,2026-07-04 11:56:00,39.5,Resolved,4.0
TKT000198,0004-TLHLJ,Billing Dispute,Critical,Call Center,2026-05-15 22:39:00,,,In Progress,
TKT000199,6685-GBWJZ,Network Slowdown,Critical,Chatbot,2026-08-19 20:20:00,,,In Progress,
TKT000200,4425-OWHWB,Broadband Outage,Medium,Retail Store,2026-02-10 10:15:00,,,In Progress,
TKT000201,2403-BCASL,Broadband Outage,Medium,Retail Store,2026-07-14 13:53:00,2026-07-16 06:59:00,41.1,Closed,3.0
TKT000202,4906-ZHGPK,SIM Issue,Low,Web Portal,2026-08-12 13:19:00,,,In Progress,
TKT000203,2968-SSGAA,Roaming Issue,Medium,Retail Store,2026-06-06 09:00:00,2026-06-06 15:12:00,6.2,Resolved,1.0
TKT000204,8584-KMVXD,Network Slowdown,High,Chatbot,2026-08-29 16:56:00,,,Escalated,
TKT000205,8058-JMEQO,Roaming Issue,Low,Mobile App,2026-01-14 17:11:00,,,In Progress,
TKT000206,6551-VLJMV,Broadband Outage,Medium,Retail Store,2026-06-20 19:48:00,2026-06-20 21:48:00,2.0,Closed,5.0
TKT000207,0727-IWKVK,Call Drops,Critical,Web Portal,2026-08-22 21:03:00,,,Escalated,
TKT000208,7156-MHUGY,SIM Issue,Critical,Mobile App,2026-08-27 14:54:00,,,Escalated,
TKT000209,7064-FRRSW,Network Slowdown,Medium,Chatbot,2026-08-21 18:44:00,2026-08-22 15:20:00,20.6,Closed,3.0
TKT000210,2634-HCZGT,Billing Dispute,Low,Call Center,2026-03-03 22:51:00,2026-03-05 08:45:00,33.9,Closed,3.0
TKT000211,7876-AEHIG,SIM Issue,Critical,Chatbot,2026-01-01 08:58:00,,,In Progress,
TKT000212,9639-BUJXT,Roaming Issue,Medium,Chatbot,2026-04-10 17:34:00,2026-04-13 02:34:00,57.0,Resolved,4.0
TKT000213,1833-VGRUM,Billing Dispute,High,Web Portal,2026-08-25 17:43:00,2026-08-26 06:13:00,12.5,Resolved,2.0
TKT000214,7663-RGWBC,Network Slowdown,Critical,Mobile App,2026-01-29 07:02:00,2026-01-31 18:02:00,59.0,Closed,1.0
TKT000215,3096-JRDSO,Network Slowdown,Medium,Mobile App,2026-02-27 12:02:00,,,In Progress,
TKT000216,2072-ZVJJX,Roaming Issue,High,Web Portal,2026-01-29 22:00:00,2026-01-30 16:54:00,18.9,Closed,5.0
TKT000217,4285-GYRQC,Plan Modification,Low,Call Center,2026-02-11 09:20:00,,,Escalated,
TKT000218,7817-OMJNA,SIM Issue,Medium,Chatbot,2026-06-03 11:20:00,,,Escalated,
TKT000219,2027-CWDNU,Network Slowdown,Critical,Call Center,2026-08-10 18:06:00,2026-08-12 15:30:00,45.4,Closed,4.0
TKT000220,3059-NGMXB,Broadband Outage,Medium,Call Center,2026-04-30 07:07:00,2026-05-01 04:19:00,21.2,Closed,4.0
TKT000221,9258-CNWAC,Plan Modification,Medium,Chatbot,2026-07-13 07:46:00,2026-07-13 09:58:00,2.2,Closed,4.0
TKT000222,7593-JNWRU,SIM Issue,Medium,Retail Store,2026-06-06 13:39:00,2026-06-09 01:45:00,60.1,Closed,1.0
TKT000223,4690-LLKUA,Plan Modification,Low,Call Center,2026-03-13 09:28:00,,,In Progress,
TKT000224,2120-SMPEX,Plan Modification,Critical,Chatbot,2026-01-17 21:16:00,2026-01-19 07:58:00,34.7,Closed,1.0
TKT000225,9286-BHDQG,Network Slowdown,Medium,Retail Store,2026-08-09 14:04:00,2026-08-10 09:34:00,19.5,Closed,3.0
TKT000226,9898-KZQDZ,Roaming Issue,High,Chatbot,2026-01-27 07:10:00,2026-01-27 11:46:00,4.6,Closed,2.0
TKT000227,8982-NHAVY,Broadband Outage,Medium,Chatbot,2026-08-15 07:19:00,2026-08-16 06:07:00,22.8,Closed,3.0
TKT000228,8224-IVVPA,Plan Modification,Medium,Web Portal,2026-02-05 14:49:00,2026-02-08 03:13:00,60.4,Closed,5.0
TKT000229,3793-MMFUH,Network Slowdown,High,Mobile App,2026-04-08 20:12:00,2026-04-09 07:24:00,11.2,Resolved,2.0
TKT000230,6016-LVTJQ,SIM Issue,Medium,Mobile App,2026-03-25 08:05:00,2026-03-26 12:53:00,28.8,Closed,3.0
TKT000231,2692-BUCFV,Broadband Outage,Critical,Chatbot,2026-05-04 13:06:00,2026-05-07 05:42:00,64.6,Closed,5.0
TKT000232,0164-XAIRP,Broadband Outage,High,Mobile App,2026-05-21 14:55:00,2026-05-23 09:19:00,42.4,Resolved,2.0
TKT000233,3068-OMWZA,SIM Issue,Critical,Mobile App,2026-02-21 23:06:00,,,In Progress,
TKT000234,3410-YOQBQ,Call Drops,Critical,Mobile App,2026-01-09 13:11:00,2026-01-10 06:11:00,17.0,Closed,4.0
TKT000235,1135-LMECX,SIM Issue,Low,Retail Store,2026-04-12 19:25:00,2026-04-14 11:25:00,40.0,Resolved,4.0
TKT000236,6215-NQCPY,Billing Dispute,Medium,Retail Store,2026-05-21 09:35:00,,,Escalated,
TKT000237,0137-OCGAB,Roaming Issue,Critical,Call Center,2026-05-15 13:48:00,2026-05-15 16:48:00,3.0,Resolved,1.0
TKT000238,5196-SGOAK,Call Drops,Critical,Chatbot,2026-08-01 23:09:00,2026-08-03 20:27:00,45.3,Closed,2.0
TKT000239,0823-HSCDJ,Roaming Issue,Critical,Retail Store,2026-02-09 20:38:00,,,In Progress,
TKT000240,7666-WKRON,SIM Issue,Low,Chatbot,2026-07-27 10:07:00,2026-07-28 19:19:00,33.2,Closed,2.0
TKT000241,9206-GVPEQ,Billing Dispute,High,Retail Store,2026-04-26 09:30:00,,,In Progress,
TKT000242,3621-CEOVK,SIM Issue,Low,Web Portal,2026-03-08 23:15:00,,,Escalated,
TKT000243,7351-MHQVU,Plan Modification,Low,Retail Store,2026-04-13 08:35:00,,,Escalated,
TKT000244,6581-NQCBA,Broadband Outage,Medium,Mobile App,2026-08-12 13:13:00,,,Escalated,
TKT000245,7486-KSRVI,SIM Issue,Critical,Call Center,2026-02-02 10:29:00,2026-02-03 11:53:00,25.4,Resolved,2.0
TKT000246,1396-QWFBJ,SIM Issue,Medium,Call Center,2026-07-21 19:27:00,2026-07-23 21:57:00,50.5,Closed,2.0
TKT000247,6429-SHBCB,Call Drops,Low,Web Portal,2026-08-16 13:13:00,2026-08-17 14:55:00,25.7,Resolved,3.0
TKT000248,7808-DVWEP,SIM Issue,Low,Chatbot,2026-06-21 18:02:00,2026-06-23 22:50:00,52.8,Closed,3.0
TKT000249,8972-HJWNV,Network Slowdown,Medium,Call Center,2026-02-25 11:11:00,2026-02-26 17:23:00,30.2,Closed,3.0
TKT000250,2886-KEFUM,Network Slowdown,Critical,Call Center,2026-01-27 13:44:00,,,Escalated,
TKT000251,0940-OUQEC,Billing Dispute,Low,Mobile App,2026-04-15 20:16:00,2026-04-17 16:10:00,43.9,Closed,3.0
TKT000252,5260-UMPWX,Network Slowdown,Medium,Mobile App,2026-07-16 07:59:00,2026-07-16 17:47:00,9.8,Resolved,5.0
TKT000253,2398-YPMUR,SIM Issue,High,Mobile App,2026-06-10 15:12:00,,,In Progress,
TKT000254,7450-NWRTR,Network Slowdown,Low,Web Portal,2026-07-02 12:15:00,,,Escalated,
TKT000255,0235-KGSLC,Broadband Outage,Critical,Chatbot,2026-08-06 19:15:00,,,Escalated,
TKT000256,2040-XBAVJ,Plan Modification,Critical,Web Portal,2026-04-07 07:31:00,2026-04-08 20:01:00,36.5,Closed,3.0
TKT000257,9931-KGHOA,Billing Dispute,High,Web Portal,2026-04-26 08:44:00,2026-04-27 19:32:00,34.8,Resolved,1.0
TKT000258,6804-GDMOI,Plan Modification,High,Web Portal,2026-05-09 15:25:00,2026-05-12 01:43:00,58.3,Closed,3.0
TKT000259,6773-LQTVT,SIM Issue,High,Call Center,2026-07-28 18:54:00,2026-07-28 23:30:00,4.6,Resolved,4.0
TKT000260,7765-LWVVH,Call Drops,Low,Mobile App,2026-08-24 10:31:00,2026-08-25 21:25:00,34.9,Closed,1.0
TKT000261,9546-CQJSU,Network Slowdown,Low,Retail Store,2026-02-14 14:08:00,2026-02-15 13:14:00,23.1,Closed,3.0
TKT000262,1689-MRZQR,Plan Modification,High,Call Center,2026-02-08 13:56:00,,,Escalated,
TKT000263,2077-DDHJK,Roaming Issue,Low,Retail Store,2026-06-07 07:04:00,2026-06-10 00:22:00,65.3,Resolved,5.0
TKT000264,8784-CGILN,Plan Modification,Low,Mobile App,2026-04-20 23:05:00,,,In Progress,
TKT000265,0402-OAMEN,Call Drops,Critical,Web Portal,2026-05-06 07:13:00,2026-05-09 00:37:00,65.4,Closed,2.0
TKT000266,7156-MHUGY,Billing Dispute,Critical,Call Center,2026-07-09 22:54:00,2026-07-10 22:30:00,23.6,Resolved,1.0
TKT000267,5364-EVNIB,Call Drops,High,Chatbot,2026-08-06 11:29:00,2026-08-09 06:11:00,66.7,Closed,2.0
TKT000268,2433-KMEAS,Network Slowdown,High,Mobile App,2026-07-22 12:55:00,,,Escalated,
TKT000269,3727-RJMEO,Billing Dispute,Critical,Web Portal,2026-01-14 20:32:00,2026-01-17 17:26:00,68.9,Closed,2.0
TKT000270,5673-FSSMF,Broadband Outage,High,Mobile App,2026-01-06 12:08:00,2026-01-08 15:02:00,50.9,Closed,3.0
TKT000271,5671-RQRLP,Call Drops,High,Retail Store,2026-04-01 12:33:00,2026-04-04 08:27:00,67.9,Closed,4.0
TKT000272,0486-HECZI,SIM Issue,High,Retail Store,2026-04-03 15:43:00,,,In Progress,
TKT000273,4115-UMJFQ,Call Drops,High,Chatbot,2026-08-23 08:19:00,2026-08-23 10:55:00,2.6,Closed,3.0
TKT000274,9254-RBFON,Roaming Issue,Low,Retail Store,2026-04-29 16:29:00,2026-04-30 19:23:00,26.9,Closed,3.0
TKT000275,8332-OSJDW,Network Slowdown,High,Web Portal,2026-05-17 15:10:00,2026-05-17 19:34:00,4.4,Closed,3.0
TKT000276,5651-YLPRD,Call Drops,High,Call Center,2026-03-09 18:28:00,,,Escalated,
TKT000277,3198-VELRD,Call Drops,Critical,Retail Store,2026-06-07 13:49:00,,,Escalated,
TKT000278,5650-VDUDS,Broadband Outage,Critical,Call Center,2026-01-28 19:15:00,,,In Progress,
TKT000279,8486-AYEQH,Roaming Issue,Critical,Retail Store,2026-08-18 18:48:00,2026-08-18 21:36:00,2.8,Closed,3.0
TKT000280,1751-NCDLI,Broadband Outage,Critical,Call Center,2026-02-17 13:28:00,,,In Progress,
TKT000281,7625-XCQRH,Plan Modification,Low,Mobile App,2026-01-23 18:54:00,2026-01-26 12:24:00,65.5,Closed,3.0
TKT000282,7339-POGZN,Billing Dispute,Medium,Call Center,2026-07-06 20:39:00,,,In Progress,
TKT000283,5712-VBOXD,Network Slowdown,Low,Retail Store,2026-05-07 12:20:00,2026-05-09 22:02:00,57.7,Closed,4.0
TKT000284,7133-VBDCG,Broadband Outage,High,Retail Store,2026-08-15 13:53:00,,,Escalated,
TKT000285,1113-IUJYX,Network Slowdown,High,Mobile App,2026-06-22 18:23:00,,,Escalated,
TKT000286,2408-TZMJL,Roaming Issue,High,Retail Store,2026-04-16 07:46:00,,,In Progress,
TKT000287,8020-BWHYL,Call Drops,Medium,Web Portal,2026-06-09 13:50:00,,,Escalated,
TKT000288,3540-RZJYU,Plan Modification,Low,Chatbot,2026-01-27 17:51:00,2026-01-29 20:03:00,50.2,Resolved,1.0
TKT000289,4228-ZGYUW,Roaming Issue,High,Call Center,2026-08-30 17:50:00,2026-09-01 08:26:00,38.6,Resolved,2.0
TKT000290,2575-GFSOE,SIM Issue,Low,Mobile App,2026-04-04 14:15:00,2026-04-06 14:51:00,48.6,Closed,3.0
TKT000291,2245-ADZFJ,Roaming Issue,Critical,Chatbot,2026-07-14 08:30:00,,,Escalated,
TKT000292,0080-EMYVY,Call Drops,High,Call Center,2026-05-19 18:57:00,2026-05-22 11:51:00,64.9,Closed,3.0
TKT000293,3092-IGHWF,Roaming Issue,Medium,Retail Store,2026-05-08 20:38:00,2026-05-09 01:14:00,4.6,Resolved,1.0
TKT000294,3410-YOQBQ,Call Drops,Low,Retail Store,2026-02-26 20:23:00,2026-02-27 06:17:00,9.9,Closed,3.0
TKT000295,5696-CEIQJ,Roaming Issue,Medium,Retail Store,2026-06-15 23:20:00,,,In Progress,
TKT000296,0623-EJQEG,Call Drops,Critical,Call Center,2026-08-05 23:52:00,2026-08-06 14:58:00,15.1,Closed,3.0
TKT000297,4484-CGXFK,Plan Modification,High,Retail Store,2026-07-09 13:13:00,2026-07-11 02:13:00,37.0,Closed,3.0
TKT000298,7182-OVLBJ,Broadband Outage,High,Mobile App,2026-05-29 17:46:00,,,In Progress,
TKT000299,7801-CEDNV,SIM Issue,Low,Mobile App,2026-03-27 19:28:00,,,Escalated,
TKT000300,6005-OBZPH,Billing Dispute,Critical,Web Portal,2026-04-27 11:15:00,2026-04-27 21:21:00,10.1,Closed,2.0
TKT000301,3096-JRDSO,Call Drops,High,Web Portal,2026-08-01 18:56:00,2026-08-03 13:02:00,42.1,Closed,3.0
TKT000302,8191-XWSZG,Broadband Outage,Medium,Retail Store,2026-02-03 19:20:00,2026-02-03 21:14:00,1.9,Resolved,3.0
TKT000303,3705-PSNGL,Roaming Issue,High,Call Center,2026-03-10 21:12:00,,,In Progress,
TKT000304,0887-HJGAR,Call Drops,Critical,Web Portal,2026-04-27 22:09:00,,,In Progress,
TKT000305,3276-HDUEG,Broadband Outage,Medium,Retail Store,2026-01-26 17:05:00,,,Escalated,
TKT000306,7932-WPTDS,Broadband Outage,Medium,Retail Store,2026-02-20 15:38:00,2026-02-21 13:50:00,22.2,Closed,3.0
TKT000307,0023-UYUPN,Network Slowdown,High,Web Portal,2026-06-02 22:05:00,2026-06-05 09:59:00,59.9,Closed,3.0
TKT000308,4187-CINZD,Billing Dispute,Low,Call Center,2026-08-25 20:48:00,2026-08-28 15:18:00,66.5,Closed,1.0
TKT000309,6166-ILMNY,Billing Dispute,High,Web Portal,2026-02-24 16:58:00,2026-02-25 01:10:00,8.2,Closed,1.0
TKT000310,9850-OWRHQ,Broadband Outage,Medium,Call Center,2026-03-28 13:24:00,2026-03-29 14:12:00,24.8,Closed,1.0
TKT000311,4818-QIUFN,Plan Modification,High,Web Portal,2026-04-23 16:30:00,,,Escalated,
TKT000312,8808-ELEHO,Plan Modification,Critical,Call Center,2026-01-11 17:12:00,2026-01-14 13:54:00,68.7,Closed,3.0
TKT000313,9921-ZVRHG,Billing Dispute,Critical,Retail Store,2026-01-01 19:48:00,2026-01-04 02:48:00,55.0,Resolved,1.0
TKT000314,2372-HWUHI,Plan Modification,Low,Chatbot,2026-06-16 13:57:00,,,Escalated,
TKT000315,4322-RCYMT,Broadband Outage,High,Call Center,2026-07-26 20:19:00,2026-07-28 16:49:00,44.5,Resolved,3.0
TKT000316,2402-TAIRZ,SIM Issue,Low,Chatbot,2026-07-25 07:03:00,,,In Progress,
TKT000317,3580-HYCSP,Broadband Outage,High,Web Portal,2026-08-12 13:45:00,,,In Progress,
TKT000318,5419-KLXBN,SIM Issue,High,Mobile App,2026-03-11 22:55:00,,,Escalated,
TKT000319,6386-SZZKH,Plan Modification,Critical,Retail Store,2026-03-16 07:15:00,,,Escalated,
TKT000320,8552-OBVRU,Plan Modification,Medium,Web Portal,2026-08-12 12:23:00,,,Escalated,
TKT000321,9985-MWVIX,Broadband Outage,High,Mobile App,2026-06-06 14:04:00,2026-06-06 22:46:00,8.7,Resolved,3.0
TKT000322,4791-QRGMF,Broadband Outage,Critical,Chatbot,2026-04-12 15:15:00,2026-04-14 23:57:00,56.7,Closed,1.0
TKT000323,7394-FKDNK,Billing Dispute,Low,Web Portal,2026-06-22 20:55:00,2026-06-25 07:07:00,58.2,Resolved,1.0
TKT000324,1371-OJCEK,SIM Issue,Medium,Web Portal,2026-05-15 15:16:00,2026-05-16 15:28:00,24.2,Closed,3.0
TKT000325,6101-IMRMM,Plan Modification,Medium,Chatbot,2026-05-06 15:37:00,2026-05-07 18:55:00,27.3,Closed,2.0
TKT000326,9369-XFEHK,Plan Modification,Critical,Chatbot,2026-03-06 09:38:00,,,In Progress,
TKT000327,1349-WXNGG,Plan Modification,Medium,Mobile App,2026-08-25 12:18:00,2026-08-27 18:42:00,54.4,Resolved,2.0
TKT000328,7137-NAXML,Billing Dispute,Medium,Web Portal,2026-07-26 10:47:00,,,In Progress,
TKT000329,0654-PQKDW,Broadband Outage,Critical,Mobile App,2026-02-06 23:37:00,2026-02-08 01:25:00,25.8,Resolved,5.0
TKT000330,7568-PODML,Broadband Outage,Medium,Chatbot,2026-01-16 15:59:00,2026-01-17 11:53:00,19.9,Closed,3.0
TKT000331,0096-BXERS,SIM Issue,Critical,Retail Store,2026-02-18 16:38:00,,,In Progress,
TKT000332,2654-VBVPB,Billing Dispute,Low,Web Portal,2026-06-11 08:56:00,2026-06-12 09:56:00,25.0,Closed,4.0
TKT000333,8016-ZMGMO,Broadband Outage,Critical,Retail Store,2026-03-12 19:32:00,,,In Progress,
TKT000334,8610-WFCJF,Broadband Outage,Critical,Call Center,2026-06-14 12:17:00,2026-06-14 19:23:00,7.1,Resolved,2.0
TKT000335,2154-KVJFF,Roaming Issue,High,Mobile App,2026-08-01 08:05:00,2026-08-02 14:29:00,30.4,Closed,2.0
TKT000336,6804-GDMOI,Broadband Outage,Critical,Retail Store,2026-04-23 19:43:00,2026-04-24 05:25:00,9.7,Closed,1.0
TKT000337,2672-TGEFF,Roaming Issue,Low,Web Portal,2026-03-03 15:43:00,,,Escalated,
TKT000338,5159-YFPKQ,Roaming Issue,Medium,Web Portal,2026-02-17 10:15:00,2026-02-17 11:51:00,1.6,Resolved,1.0
TKT000339,2873-ZLIWT,Billing Dispute,Medium,Chatbot,2026-02-13 17:50:00,,,In Progress,
TKT000340,8665-UTDHZ,Network Slowdown,High,Mobile App,2026-07-09 22:10:00,,,In Progress,
TKT000341,8070-AAWZP,Roaming Issue,Medium,Mobile App,2026-08-05 15:29:00,2026-08-07 06:59:00,39.5,Resolved,3.0
TKT000342,2775-SEFEE,Plan Modification,Medium,Mobile App,2026-07-17 22:54:00,,,In Progress,
TKT000343,2256-YLYLP,Broadband Outage,Critical,Call Center,2026-08-01 14:28:00,2026-08-02 10:10:00,19.7,Closed,3.0
TKT000344,0388-EOPEX,Broadband Outage,Medium,Retail Store,2026-03-09 12:52:00,2026-03-12 07:28:00,66.6,Closed,1.0
TKT000345,8414-MYSHR,Roaming Issue,Critical,Call Center,2026-03-01 22:31:00,,,Escalated,
TKT000346,8357-EQXFO,Roaming Issue,Low,Retail Store,2026-07-07 15:01:00,2026-07-09 01:55:00,34.9,Closed,3.0
TKT000347,0397-GZBBC,Billing Dispute,High,Retail Store,2026-04-30 08:21:00,,,Escalated,
TKT000348,6463-HHXJR,Network Slowdown,High,Web Portal,2026-04-15 13:52:00,,,In Progress,
TKT000349,9548-LERKT,Billing Dispute,Medium,Chatbot,2026-07-01 13:50:00,2026-07-03 04:50:00,39.0,Resolved,3.0
TKT000350,3541-ZNUHK,Roaming Issue,Critical,Retail Store,2026-05-05 13:03:00,2026-05-07 07:33:00,42.5,Closed,3.0
TKT000351,8414-OOEEL,Plan Modification,Medium,Chatbot,2026-08-31 14:15:00,,,Escalated,
TKT000352,0872-NXJYS,Network Slowdown,High,Retail Store,2026-07-07 17:36:00,2026-07-08 10:12:00,16.6,Closed,2.0
TKT000353,7614-QVWQL,Broadband Outage,Critical,Web Portal,2026-05-18 10:15:00,,,In Progress,
TKT000354,4883-KCPZJ,Roaming Issue,Low,Call Center,2026-04-26 21:36:00,2026-04-27 15:30:00,17.9,Resolved,4.0
TKT000355,1084-UQCHV,Network Slowdown,Critical,Chatbot,2026-05-18 15:43:00,2026-05-20 20:07:00,52.4,Resolved,2.0
TKT000356,5103-MHMHY,Call Drops,Low,Chatbot,2026-08-27 21:58:00,,,Escalated,
TKT000357,6408-WHTEF,Roaming Issue,Low,Chatbot,2026-04-16 10:44:00,2026-04-19 02:44:00,64.0,Closed,4.0
TKT000358,6877-LGWXO,Billing Dispute,High,Web Portal,2026-04-30 15:14:00,2026-05-02 18:26:00,51.2,Closed,3.0
TKT000359,9576-ANLXO,Broadband Outage,Medium,Chatbot,2026-07-14 17:26:00,2026-07-17 08:56:00,63.5,Closed,2.0
TKT000360,1902-XBTFB,Roaming Issue,Critical,Mobile App,2026-02-25 22:02:00,2026-02-26 11:26:00,13.4,Resolved,1.0
TKT000361,1930-BZLHI,Billing Dispute,Medium,Mobile App,2026-05-05 15:58:00,2026-05-06 02:40:00,10.7,Resolved,4.0
TKT000362,5868-CZJDR,Roaming Issue,Critical,Call Center,2026-01-29 19:49:00,,,Escalated,
TKT000363,4860-YZGZM,Call Drops,Medium,Web Portal,2026-05-16 23:23:00,,,Escalated,
TKT000364,6100-QQHEB,Billing Dispute,High,Web Portal,2026-07-09 16:55:00,,,In Progress,
TKT000365,9367-WXLCH,Roaming Issue,Critical,Call Center,2026-06-29 08:24:00,2026-07-01 19:24:00,59.0,Closed,1.0
TKT000366,3224-DFQNQ,SIM Issue,Low,Mobile App,2026-02-06 12:17:00,2026-02-09 08:11:00,67.9,Closed,5.0
TKT000367,2740-TVLFN,SIM Issue,Medium,Chatbot,2026-02-22 12:10:00,2026-02-24 05:28:00,41.3,Resolved,1.0
TKT000368,8017-LXHFA,Billing Dispute,High,Chatbot,2026-01-25 09:16:00,,,Escalated,
TKT000369,4102-OQUPX,Plan Modification,Low,Chatbot,2026-04-19 14:10:00,2026-04-21 02:34:00,36.4,Resolved,3.0
TKT000370,9526-JAWYF,Billing Dispute,Critical,Mobile App,2026-05-29 22:24:00,,,Escalated,
TKT000371,4139-SUGLD,SIM Issue,Medium,Retail Store,2026-07-10 11:49:00,2026-07-12 12:13:00,48.4,Closed,1.0
TKT000372,7432-FFVAR,Plan Modification,Medium,Mobile App,2026-01-11 16:41:00,2026-01-14 10:23:00,65.7,Resolved,2.0
TKT000373,6972-SNKKW,Billing Dispute,High,Chatbot,2026-08-17 08:57:00,2026-08-19 22:09:00,61.2,Resolved,5.0
TKT000374,7504-UWHNB,Billing Dispute,Low,Call Center,2026-06-29 20:47:00,,,Escalated,
TKT000375,2982-VPSGI,Broadband Outage,High,Web Portal,2026-01-19 14:26:00,,,In Progress,
TKT000376,3896-RCYYE,Roaming Issue,High,Chatbot,2026-08-09 16:44:00,2026-08-11 10:32:00,41.8,Closed,2.0
TKT000377,2019-HDCZY,Plan Modification,Critical,Retail Store,2026-03-02 18:27:00,,,In Progress,
TKT000378,2794-XIMMO,Billing Dispute,High,Web Portal,2026-05-02 12:27:00,,,In Progress,
TKT000379,5380-WJKOV,Network Slowdown,High,Web Portal,2026-07-27 18:08:00,,,Escalated,
TKT000380,1559-DTODC,Broadband Outage,Critical,Chatbot,2026-01-05 11:01:00,,,Escalated,
TKT000381,8285-ABVLB,Billing Dispute,Critical,Retail Store,2026-08-13 08:26:00,2026-08-14 13:56:00,29.5,Closed,3.0
TKT000382,1184-PJVDB,Roaming Issue,High,Web Portal,2026-03-04 11:02:00,,,Escalated,
TKT000383,6141-OOXUQ,Network Slowdown,Critical,Web Portal,2026-08-25 13:52:00,2026-08-26 03:40:00,13.8,Closed,3.0
TKT000384,4445-ZJNMU,Billing Dispute,Critical,Mobile App,2026-03-29 11:08:00,2026-03-31 03:20:00,40.2,Resolved,5.0
TKT000385,2884-GBPFB,Call Drops,Critical,Mobile App,2026-05-11 10:33:00,,,Escalated,
TKT000386,0420-BWTPW,Broadband Outage,Medium,Chatbot,2026-02-23 08:02:00,2026-02-25 07:50:00,47.8,Resolved,3.0
TKT000387,1771-OADNZ,Call Drops,High,Retail Store,2026-08-11 13:54:00,2026-08-12 08:36:00,18.7,Closed,3.0
TKT000388,2665-NPTGL,Network Slowdown,Critical,Web Portal,2026-08-22 10:22:00,2026-08-22 20:52:00,10.5,Closed,3.0
TKT000389,7774-OJSXI,Billing Dispute,Critical,Web Portal,2026-01-16 13:17:00,2026-01-19 05:23:00,64.1,Closed,1.0
TKT000390,4523-WXCEF,Call Drops,Medium,Retail Store,2026-08-05 14:54:00,,,In Progress,
TKT000391,3941-XTSKM,Billing Dispute,Critical,Retail Store,2026-02-19 17:53:00,2026-02-21 12:53:00,43.0,Resolved,3.0
TKT000392,7016-BPGEU,Roaming Issue,Critical,Web Portal,2026-06-11 12:07:00,2026-06-13 04:13:00,40.1,Closed,2.0
TKT000393,5248-YGIJN,SIM Issue,Low,Web Portal,2026-05-10 08:40:00,2026-05-10 14:52:00,6.2,Closed,3.0
TKT000394,2560-PPCHE,Plan Modification,Low,Chatbot,2026-06-18 21:19:00,,,In Progress,
TKT000395,7581-EBBOU,Broadband Outage,Critical,Retail Store,2026-08-13 15:31:00,,,Escalated,
TKT000396,1442-OKRJE,Call Drops,Low,Call Center,2026-06-17 17:16:00,2026-06-18 10:52:00,17.6,Closed,5.0
TKT000397,9725-SCPZG,Plan Modification,Critical,Chatbot,2026-02-26 17:33:00,2026-02-28 00:45:00,31.2,Closed,1.0
TKT000398,7480-QNVZJ,Roaming Issue,Low,Retail Store,2026-06-24 23:13:00,,,Escalated,
TKT000399,4685-ERGHK,Call Drops,High,Web Portal,2026-06-12 16:37:00,2026-06-14 18:07:00,49.5,Resolved,3.0
TKT000400,2667-WYLWJ,SIM Issue,Medium,Web Portal,2026-05-10 08:07:00,,,Escalated,
TKT000401,6379-RXJRQ,Call Drops,Medium,Mobile App,2026-08-29 08:05:00,,,In Progress,
TKT000402,1550-LOAHA,Call Drops,Critical,Call Center,2026-07-31 10:21:00,2026-08-02 17:33:00,55.2,Closed,2.0
TKT000403,6942-LBFDP,Broadband Outage,Low,Retail Store,2026-08-18 13:38:00,2026-08-20 02:50:00,37.2,Closed,3.0
TKT000404,0186-CAERR,SIM Issue,High,Mobile App,2026-07-22 13:57:00,2026-07-23 21:57:00,32.0,Closed,4.0
TKT000405,0268-QKIWO,Network Slowdown,Critical,Retail Store,2026-05-04 16:07:00,,,Escalated,
TKT000406,0701-TJSEF,Network Slowdown,Critical,Mobile App,2026-07-21 19:56:00,2026-07-24 06:08:00,58.2,Resolved,4.0
TKT000407,4514-GFCFI,SIM Issue,Medium,Mobile App,2026-03-19 10:58:00,2026-03-20 13:46:00,26.8,Closed,3.0
TKT000408,8260-NGFNY,Billing Dispute,Low,Call Center,2026-08-31 09:59:00,2026-09-02 11:29:00,49.5,Resolved,3.0
TKT000409,8399-YNDCH,Network Slowdown,Low,Chatbot,2026-02-13 13:34:00,2026-02-14 02:52:00,13.3,Resolved,1.0
TKT000410,6413-XKKPU,Billing Dispute,Critical,Call Center,2026-05-26 19:10:00,2026-05-27 07:28:00,12.3,Closed,3.0
TKT000411,4566-GOLUK,SIM Issue,Critical,Chatbot,2026-03-31 07:16:00,2026-04-02 01:46:00,42.5,Closed,3.0
TKT000412,6457-USBER,Network Slowdown,High,Web Portal,2026-08-05 15:17:00,2026-08-08 02:53:00,59.6,Closed,3.0
TKT000413,9824-BEMCV,Call Drops,Low,Call Center,2026-08-31 22:42:00,,,In Progress,
TKT000414,4439-JMPMT,Broadband Outage,Medium,Chatbot,2026-03-28 07:15:00,,,In Progress,
TKT000415,5130-IEKQT,Network Slowdown,Low,Call Center,2026-02-15 17:27:00,2026-02-17 09:51:00,40.4,Closed,3.0
TKT000416,6032-KRXXO,Roaming Issue,Low,Web Portal,2026-08-24 18:16:00,,,Escalated,
TKT000417,0032-PGELS,Plan Modification,High,Mobile App,2026-03-24 23:37:00,2026-03-26 17:07:00,41.5,Closed,2.0
TKT000418,8292-ITGYJ,Billing Dispute,High,Mobile App,2026-01-12 17:05:00,,,In Progress,
TKT000419,1345-GKDZZ,Network Slowdown,Medium,Web Portal,2026-03-12 14:38:00,,,In Progress,
TKT000420,4737-HOBAX,Roaming Issue,Low,Chatbot,2026-08-19 14:10:00,2026-08-22 01:58:00,59.8,Closed,3.0
TKT000421,1153-GNOLC,Plan Modification,Low,Mobile App,2026-04-25 15:09:00,,,Escalated,
TKT000422,8173-RXAYP,Call Drops,Medium,Mobile App,2026-03-24 13:09:00,,,Escalated,
TKT000423,4647-XXZAM,Call Drops,High,Web Portal,2026-04-22 19:17:00,2026-04-24 22:47:00,51.5,Closed,3.0
TKT000424,1013-QCWAM,Billing Dispute,Critical,Call Center,2026-08-06 21:33:00,2026-08-07 17:45:00,20.2,Resolved,2.0
TKT000425,3672-YITQD,Broadband Outage,Critical,Web Portal,2026-08-26 07:26:00,2026-08-26 09:50:00,2.4,Closed,2.0
TKT000426,8808-ELEHO,Plan Modification,Low,Call Center,2026-02-24 10:31:00,2026-02-27 01:37:00,63.1,Closed,1.0
TKT000427,5261-QSHQM,Plan Modification,High,Chatbot,2026-06-04 23:54:00,2026-06-07 14:06:00,62.2,Resolved,2.0
TKT000428,1984-FCOWB,SIM Issue,Low,Mobile App,2026-06-15 14:09:00,,,In Progress,
TKT000429,7267-FRMJW,Billing Dispute,Low,Mobile App,2026-01-22 07:18:00,,,Escalated,
TKT000430,8079-XRJRS,Billing Dispute,High,Retail Store,2026-04-21 18:59:00,2026-04-24 09:05:00,62.1,Resolved,1.0
TKT000431,0533-BNWKF,Billing Dispute,Medium,Call Center,2026-03-02 21:59:00,,,Escalated,
TKT000432,9680-NIAUV,Roaming Issue,High,Chatbot,2026-04-10 08:41:00,2026-04-13 01:53:00,65.2,Closed,4.0
TKT000433,3280-NMUVX,Roaming Issue,Medium,Retail Store,2026-07-17 17:31:00,,,Escalated,
TKT000434,0114-PEGZZ,Call Drops,Critical,Mobile App,2026-04-15 23:34:00,2026-04-16 11:16:00,11.7,Closed,2.0
TKT000435,4587-VVTOX,Network Slowdown,Low,Retail Store,2026-08-05 14:06:00,2026-08-08 00:00:00,57.9,Closed,2.0
TKT000436,7515-LODFU,SIM Issue,High,Web Portal,2026-07-05 20:21:00,,,In Progress,
TKT000437,8714-EUHJO,Billing Dispute,High,Mobile App,2026-04-26 07:28:00,,,Escalated,
TKT000438,5376-DEQCP,SIM Issue,Medium,Web Portal,2026-03-27 11:48:00,,,Escalated,
TKT000439,9600-NAXZN,Broadband Outage,High,Mobile App,2026-03-24 19:07:00,,,In Progress,
TKT000440,3275-RHRNE,SIM Issue,Critical,Chatbot,2026-06-09 13:53:00,,,Escalated,
TKT000441,3034-ZBEQN,Call Drops,High,Chatbot,2026-08-03 09:40:00,2026-08-04 11:16:00,25.6,Resolved,3.0
TKT000442,1501-SGHBW,Billing Dispute,Critical,Chatbot,2026-08-02 22:51:00,,,Escalated,
TKT000443,2108-XWMPY,Call Drops,High,Retail Store,2026-03-21 12:11:00,2026-03-23 17:59:00,53.8,Closed,3.0
TKT000444,4826-TZEVA,Network Slowdown,Critical,Retail Store,2026-08-09 17:28:00,2026-08-09 18:28:00,1.0,Closed,3.0
TKT000445,2111-DWYHN,Broadband Outage,Low,Web Portal,2026-02-10 09:55:00,,,Escalated,
TKT000446,2495-INZWQ,Network Slowdown,Low,Chatbot,2026-04-13 21:28:00,2026-04-16 14:16:00,64.8,Resolved,3.0
TKT000447,6350-XFYGW,Roaming Issue,Critical,Call Center,2026-01-23 21:10:00,2026-01-26 15:04:00,65.9,Resolved,3.0
TKT000448,4361-JEIVL,Billing Dispute,Low,Mobile App,2026-05-20 17:27:00,2026-05-21 02:03:00,8.6,Closed,2.0
TKT000449,1452-UZOSF,Billing Dispute,High,Chatbot,2026-07-15 10:04:00,,,Escalated,
TKT000450,2957-LOLHO,Broadband Outage,Medium,Web Portal,2026-05-19 21:38:00,2026-05-20 14:32:00,16.9,Closed,3.0
TKT000451,9574-RKJIF,Broadband Outage,Medium,Web Portal,2026-06-05 20:00:00,,,In Progress,
TKT000452,4946-EDSEW,Plan Modification,Critical,Call Center,2026-07-24 10:30:00,,,Escalated,
TKT000453,2055-PDADH,Broadband Outage,High,Call Center,2026-04-22 07:28:00,2026-04-24 20:10:00,60.7,Resolved,2.0
TKT000454,7872-RDDLZ,SIM Issue,High,Mobile App,2026-05-20 23:14:00,2026-05-21 05:50:00,6.6,Closed,3.0
TKT000455,9019-QVLZD,Billing Dispute,Low,Retail Store,2026-06-28 22:17:00,,,In Progress,
TKT000456,7627-JKIAZ,Plan Modification,Critical,Retail Store,2026-08-27 19:16:00,,,Escalated,
TKT000457,4816-JBHOV,Network Slowdown,Medium,Mobile App,2026-02-15 21:58:00,2026-02-17 11:34:00,37.6,Closed,1.0
TKT000458,4730-AWNAU,Billing Dispute,Critical,Retail Store,2026-06-25 07:24:00,,,Escalated,
TKT000459,6064-PUPMC,Plan Modification,High,Mobile App,2026-08-08 16:50:00,2026-08-10 19:14:00,50.4,Closed,1.0
TKT000460,2311-QYMUQ,Call Drops,Critical,Chatbot,2026-08-22 23:15:00,,,Escalated,
TKT000461,1522-VVDMG,Broadband Outage,Low,Web Portal,2026-02-03 09:20:00,2026-02-04 12:56:00,27.6,Resolved,1.0
TKT000462,6296-DDOOR,Broadband Outage,Critical,Call Center,2026-05-17 15:54:00,2026-05-19 23:24:00,55.5,Resolved,1.0
TKT000463,0812-WUPTB,Broadband Outage,Critical,Retail Store,2026-06-15 11:35:00,2026-06-15 13:47:00,2.2,Resolved,2.0
TKT000464,0345-HKJVM,Call Drops,Low,Retail Store,2026-06-02 21:28:00,,,Escalated,
TKT000465,4003-OCTMP,Billing Dispute,Low,Retail Store,2026-02-12 17:20:00,,,In Progress,
TKT000466,2150-WLKUW,Plan Modification,High,Mobile App,2026-03-19 15:58:00,2026-03-21 12:28:00,44.5,Closed,1.0
TKT000467,0114-PEGZZ,Broadband Outage,Critical,Call Center,2026-07-19 15:48:00,,,In Progress,
TKT000468,6522-OIQSX,Network Slowdown,Low,Web Portal,2026-02-04 22:41:00,2026-02-05 19:29:00,20.8,Resolved,4.0
TKT000469,6834-NXDCA,Billing Dispute,Low,Retail Store,2026-03-17 10:58:00,2026-03-19 12:16:00,49.3,Closed,3.0
TKT000470,0322-YINQP,Call Drops,Medium,Chatbot,2026-05-02 21:47:00,,,Escalated,
TKT000471,6038-GCYEC,SIM Issue,High,Chatbot,2026-04-02 17:43:00,2026-04-04 06:55:00,37.2,Closed,3.0
TKT000472,2988-GBIVW,Call Drops,Medium,Call Center,2026-04-10 08:57:00,,,Escalated,
TKT000473,5949-EBSQK,Call Drops,High,Web Portal,2026-03-12 22:55:00,2026-03-13 19:07:00,20.2,Resolved,2.0
TKT000474,8861-HGGKB,Network Slowdown,High,Web Portal,2026-01-26 16:54:00,,,Escalated,
TKT000475,7005-CCBKV,Broadband Outage,Low,Web Portal,2026-06-03 17:04:00,2026-06-04 12:34:00,19.5,Closed,1.0
TKT000476,9398-MMQTO,SIM Issue,Medium,Chatbot,2026-03-23 23:09:00,,,Escalated,
TKT000477,4195-NZGTA,Roaming Issue,Medium,Chatbot,2026-03-17 09:37:00,2026-03-18 09:25:00,23.8,Closed,3.0
TKT000478,6311-UEUME,Roaming Issue,Critical,Mobile App,2026-06-14 12:53:00,,,Escalated,
TKT000479,4283-FUTGF,Plan Modification,Critical,Call Center,2026-05-05 13:16:00,2026-05-06 22:58:00,33.7,Closed,3.0
TKT000480,9689-PTNPG,Roaming Issue,Medium,Call Center,2026-02-08 10:30:00,,,Escalated,
TKT000481,3424-NMNBO,Network Slowdown,Low,Retail Store,2026-03-28 10:55:00,2026-03-31 00:01:00,61.1,Closed,1.0
TKT000482,9950-MTGYX,Call Drops,Low,Web Portal,2026-08-09 21:35:00,,,In Progress,
TKT000483,2386-OWURY,Broadband Outage,Low,Mobile App,2026-03-12 13:37:00,2026-03-15 04:01:00,62.4,Closed,4.0
TKT000484,8058-INTPH,Call Drops,Low,Call Center,2026-06-14 11:07:00,,,In Progress,
TKT000485,5016-ETTFF,SIM Issue,High,Mobile App,2026-05-28 15:43:00,,,In Progress,
TKT000486,7993-PYKOF,Network Slowdown,Critical,Call Center,2026-02-26 07:12:00,,,In Progress,
TKT000487,9066-QRSDU,SIM Issue,Medium,Mobile App,2026-07-24 23:39:00,,,Escalated,
TKT000488,3034-ZBEQN,Network Slowdown,Low,Retail Store,2026-04-24 10:22:00,2026-04-25 21:52:00,35.5,Closed,3.0
TKT000489,0461-CVKMU,Plan Modification,Low,Retail Store,2026-01-12 12:05:00,2026-01-14 08:23:00,44.3,Resolved,1.0
TKT000490,3415-TAILE,Broadband Outage,High,Retail Store,2026-03-03 17:04:00,2026-03-04 03:04:00,10.0,Resolved,3.0
TKT000491,2300-RQGOI,Plan Modification,Medium,Retail Store,2026-04-10 16:57:00,2026-04-12 22:33:00,53.6,Closed,3.0
TKT000492,4476-OSWTN,SIM Issue,Low,Retail Store,2026-07-14 20:28:00,,,In Progress,
TKT000493,5180-UCIIQ,Roaming Issue,Medium,Web Portal,2026-02-23 23:44:00,,,Escalated,
TKT000494,1925-GMVBW,Broadband Outage,High,Web Portal,2026-05-04 10:40:00,2026-05-04 21:40:00,11.0,Closed,3.0
TKT000495,5510-BOIUJ,Call Drops,Critical,Call Center,2026-02-03 15:54:00,2026-02-04 20:48:00,28.9,Closed,3.0
TKT000496,2424-WVHPL,Broadband Outage,Medium,Chatbot,2026-01-13 17:27:00,2026-01-13 20:51:00,3.4,Closed,3.0
TKT000497,1761-AEZZR,SIM Issue,Low,Retail Store,2026-08-29 22:52:00,2026-09-01 02:58:00,52.1,Closed,1.0
TKT000498,4075-JFPGR,Network Slowdown,Critical,Chatbot,2026-01-09 21:32:00,,,Escalated,
TKT000499,8167-GJLRN,Broadband Outage,Critical,Web Portal,2026-06-18 16:38:00,2026-06-21 14:08:00,69.5,Closed,5.0
TKT000500,0378-TOVMS,Broadband Outage,Low,Call Center,2026-06-17 13:28:00,2026-06-18 18:58:00,29.5,Closed,2.0
TKT000501,6023-YEBUP,SIM Issue,Medium,Chatbot,2026-07-20 15:22:00,,,In Progress,
TKT000502,2661-GKBTK,Roaming Issue,Critical,Chatbot,2026-06-17 10:12:00,2026-06-19 23:36:00,61.4,Closed,3.0
TKT000503,6082-OQFBA,Broadband Outage,High,Web Portal,2026-02-02 22:29:00,,,In Progress,
TKT000504,9060-HJJRW,Plan Modification,High,Call Center,2026-05-03 19:39:00,,,In Progress,
TKT000505,1142-IHLOO,Billing Dispute,Low,Mobile App,2026-06-16 14:10:00,,,In Progress,
TKT000506,5445-PZWGX,Broadband Outage,Medium,Mobile App,2026-08-07 09:02:00,,,In Progress,
TKT000507,1658-BYGOY,Roaming Issue,High,Mobile App,2026-08-04 07:19:00,,,Escalated,
TKT000508,8450-LUGUK,Roaming Issue,Medium,Retail Store,2026-06-25 11:07:00,,,Escalated,
TKT000509,7963-GQRMY,Call Drops,Medium,Web Portal,2026-03-31 23:02:00,2026-04-01 23:38:00,24.6,Resolved,3.0
TKT000510,8399-YNDCH,SIM Issue,High,Web Portal,2026-07-19 21:41:00,2026-07-20 12:53:00,15.2,Closed,2.0
TKT000511,3597-MVHJT,SIM Issue,Medium,Chatbot,2026-02-05 21:33:00,2026-02-08 09:21:00,59.8,Resolved,4.0
TKT000512,4531-AUZNK,Network Slowdown,Critical,Chatbot,2026-03-01 13:17:00,2026-03-04 07:35:00,66.3,Resolved,2.0
TKT000513,7774-OJSXI,SIM Issue,Critical,Mobile App,2026-06-29 23:47:00,,,Escalated,
TKT000514,8286-AFUYI,Network Slowdown,Low,Web Portal,2026-03-22 23:57:00,,,Escalated,
TKT000515,7486-KSRVI,Roaming Issue,Low,Mobile App,2026-02-03 22:51:00,2026-02-04 13:33:00,14.7,Resolved,3.0
TKT000516,1196-AMORA,Network Slowdown,Critical,Chatbot,2026-05-02 13:27:00,2026-05-03 19:39:00,30.2,Closed,3.0
TKT000517,7493-TPUWZ,Plan Modification,Medium,Call Center,2026-01-30 18:04:00,2026-02-01 17:04:00,47.0,Resolved,3.0
TKT000518,3536-IQCTX,Network Slowdown,Low,Call Center,2026-08-01 21:30:00,,,Escalated,
TKT000519,2894-QOJRX,Billing Dispute,Critical,Chatbot,2026-04-20 13:57:00,2026-04-23 05:57:00,64.0,Resolved,1.0
TKT000520,1177-XZBJL,Broadband Outage,Medium,Mobile App,2026-07-15 23:53:00,2026-07-18 04:47:00,52.9,Closed,3.0
TKT000521,6368-TZZDT,Broadband Outage,High,Mobile App,2026-03-04 09:41:00,2026-03-04 14:53:00,5.2,Resolved,4.0
TKT000522,7901-TBKJX,Network Slowdown,High,Web Portal,2026-07-20 17:47:00,2026-07-21 13:23:00,19.6,Closed,5.0
TKT000523,0925-VYDLG,Call Drops,Medium,Chatbot,2026-05-31 21:01:00,2026-06-01 11:31:00,14.5,Closed,1.0
TKT000524,6258-NGCNG,Network Slowdown,Low,Chatbot,2026-02-20 08:16:00,,,In Progress,
TKT000525,5180-UCIIQ,Plan Modification,Low,Call Center,2026-01-02 13:31:00,,,Escalated,
TKT000526,5294-CDGWY,Plan Modification,Critical,Chatbot,2026-04-13 22:02:00,2026-04-16 16:20:00,66.3,Closed,3.0
TKT000527,8837-VVWLQ,Billing Dispute,High,Mobile App,2026-05-03 09:06:00,2026-05-03 22:42:00,13.6,Resolved,1.0
TKT000528,9894-QMIMJ,Network Slowdown,Medium,Web Portal,2026-06-19 23:45:00,2026-06-20 15:27:00,15.7,Resolved,2.0
TKT000529,1689-MRZQR,Broadband Outage,Low,Web Portal,2026-08-19 20:05:00,,,Escalated,
TKT000530,2225-ZRGSG,SIM Issue,High,Call Center,2026-02-10 22:54:00,2026-02-11 14:42:00,15.8,Resolved,3.0
TKT000531,5687-DKDTV,Billing Dispute,High,Web Portal,2026-02-08 15:37:00,2026-02-09 20:01:00,28.4,Resolved,3.0
TKT000532,3005-NFMTA,SIM Issue,Low,Chatbot,2026-05-03 10:10:00,2026-05-04 02:16:00,16.1,Closed,3.0
TKT000533,2382-BCKQJ,Call Drops,Medium,Chatbot,2026-08-24 23:26:00,,,In Progress,
TKT000534,1285-OKIPP,Plan Modification,Critical,Retail Store,2026-03-13 13:55:00,2026-03-15 23:19:00,57.4,Closed,1.0
TKT000535,3541-ZNUHK,SIM Issue,High,Web Portal,2026-05-09 08:19:00,2026-05-10 03:49:00,19.5,Closed,4.0
TKT000536,4116-IQRFR,SIM Issue,Medium,Call Center,2026-03-30 20:09:00,2026-04-01 15:45:00,43.6,Closed,1.0
TKT000537,7660-HDPJV,Call Drops,Low,Call Center,2026-01-18 18:18:00,2026-01-21 16:48:00,70.5,Closed,2.0
TKT000538,2775-SEFEE,SIM Issue,Critical,Retail Store,2026-01-26 14:14:00,2026-01-28 08:26:00,42.2,Resolved,3.0
TKT000539,3200-MNQTF,Network Slowdown,High,Web Portal,2026-06-25 21:55:00,,,In Progress,
TKT000540,5940-AHUHD,Call Drops,Medium,Call Center,2026-03-13 07:48:00,,,In Progress,
TKT000541,0886-QGENL,Call Drops,Critical,Web Portal,2026-04-18 10:45:00,,,Escalated,
TKT000542,1915-OAKWD,Call Drops,High,Retail Store,2026-02-26 11:30:00,2026-02-27 15:06:00,27.6,Resolved,5.0
TKT000543,6777-TGHTM,Call Drops,Low,Web Portal,2026-06-15 20:08:00,2026-06-18 17:08:00,69.0,Resolved,3.0
TKT000544,1226-UDFZR,Roaming Issue,Critical,Web Portal,2026-05-30 08:12:00,2026-05-30 23:06:00,14.9,Closed,2.0
TKT000545,3312-ZWLGF,Call Drops,Low,Chatbot,2026-02-28 10:09:00,2026-02-28 22:27:00,12.3,Closed,5.0
TKT000546,7748-UMTRK,Call Drops,Critical,Retail Store,2026-06-23 13:25:00,,,In Progress,
TKT000547,7501-IWUNG,SIM Issue,Low,Mobile App,2026-05-16 15:48:00,2026-05-17 03:12:00,11.4,Closed,5.0
TKT000548,3387-PLKUI,Network Slowdown,Medium,Mobile App,2026-05-25 11:56:00,,,In Progress,
TKT000549,4160-AMJTL,Call Drops,Medium,Web Portal,2026-08-25 18:32:00,,,Escalated,
TKT000550,0135-NMXAP,Roaming Issue,Low,Retail Store,2026-05-03 13:33:00,2026-05-05 15:09:00,49.6,Closed,1.0
TKT000551,3208-YPIOE,Broadband Outage,High,Retail Store,2026-07-25 23:26:00,2026-07-27 18:02:00,42.6,Closed,2.0
TKT000552,3521-HTQTV,Roaming Issue,Critical,Call Center,2026-04-02 12:15:00,2026-04-03 13:57:00,25.7,Closed,3.0
TKT000553,6776-TLWOI,Plan Modification,Medium,Web Portal,2026-05-03 11:08:00,,,In Progress,
TKT000554,2642-MAWLJ,SIM Issue,Critical,Web Portal,2026-04-13 07:35:00,,,In Progress,
TKT000555,1428-GTBJJ,SIM Issue,Medium,Web Portal,2026-01-30 22:15:00,2026-02-01 01:03:00,26.8,Closed,3.0
TKT000556,3308-DGHKL,Broadband Outage,Critical,Call Center,2026-04-05 20:12:00,2026-04-06 07:30:00,11.3,Resolved,5.0
TKT000557,9625-QSTYE,Network Slowdown,Medium,Retail Store,2026-07-24 19:46:00,2026-07-25 08:04:00,12.3,Closed,2.0
TKT000558,3404-JNXAX,Roaming Issue,High,Mobile App,2026-03-04 12:02:00,2026-03-06 01:08:00,37.1,Closed,3.0
TKT000559,3597-YASZG,SIM Issue,Medium,Call Center,2026-04-28 20:05:00,2026-04-30 06:23:00,34.3,Closed,3.0
TKT000560,8413-VONUO,Billing Dispute,Critical,Retail Store,2026-04-07 20:50:00,,,In Progress,
TKT000561,7634-HLQJR,Network Slowdown,High,Call Center,2026-08-27 10:38:00,2026-08-29 18:14:00,55.6,Closed,4.0
TKT000562,0565-IYCGT,Billing Dispute,Medium,Mobile App,2026-08-10 22:02:00,2026-08-13 17:44:00,67.7,Resolved,1.0
TKT000563,1450-SKCVI,SIM Issue,Critical,Web Portal,2026-06-25 16:46:00,2026-06-27 13:34:00,44.8,Closed,2.0
TKT000564,9350-VLHMB,SIM Issue,Critical,Call Center,2026-07-20 10:11:00,2026-07-20 14:47:00,4.6,Resolved,2.0
TKT000565,7503-QQRVF,Billing Dispute,Critical,Web Portal,2026-07-15 09:42:00,2026-07-17 12:48:00,51.1,Closed,1.0
TKT000566,7783-YKGDV,Call Drops,Medium,Web Portal,2026-01-03 13:01:00,2026-01-04 03:37:00,14.6,Resolved,2.0
TKT000567,0702-PGIBZ,Billing Dispute,Low,Web Portal,2026-08-14 14:18:00,2026-08-15 07:00:00,16.7,Closed,2.0
TKT000568,9850-OWRHQ,Plan Modification,High,Call Center,2026-02-15 13:31:00,2026-02-16 17:55:00,28.4,Closed,3.0
TKT000569,5442-UTCVD,Plan Modification,High,Retail Store,2026-01-25 20:37:00,2026-01-28 16:01:00,67.4,Resolved,1.0
TKT000570,5277-ZLOOR,Plan Modification,Low,Retail Store,2026-02-17 13:55:00,,,Escalated,
TKT000571,9057-MSWCO,Plan Modification,High,Retail Store,2026-02-14 21:40:00,,,In Progress,
TKT000572,2528-HFYZX,Call Drops,Low,Web Portal,2026-02-16 17:45:00,,,In Progress,
TKT000573,7521-YXVZY,Roaming Issue,Low,Retail Store,2026-06-28 23:44:00,,,In Progress,
TKT000574,0917-EZOLA,SIM Issue,Low,Chatbot,2026-07-23 12:26:00,2026-07-24 02:20:00,13.9,Resolved,2.0
TKT000575,6691-CCIHA,Plan Modification,Low,Call Center,2026-02-23 12:15:00,2026-02-25 06:51:00,42.6,Closed,4.0
TKT000576,4441-NIHPT,Roaming Issue,Low,Call Center,2026-02-02 17:25:00,,,Escalated,
TKT000577,2234-EOFPT,Call Drops,Medium,Chatbot,2026-07-20 20:17:00,,,Escalated,
TKT000578,7632-YUTXB,SIM Issue,Medium,Chatbot,2026-07-02 13:04:00,2026-07-02 23:04:00,10.0,Closed,3.0
TKT000579,0868-VJRDR,Broadband Outage,Critical,Mobile App,2026-01-30 16:57:00,2026-01-31 10:39:00,17.7,Resolved,1.0
TKT000580,5590-BYNII,Roaming Issue,High,Web Portal,2026-02-02 22:17:00,2026-02-04 11:47:00,37.5,Closed,3.0
TKT000581,9497-QCMMS,SIM Issue,Medium,Web Portal,2026-01-17 22:07:00,,,Escalated,
TKT000582,8740-CRYFY,SIM Issue,Critical,Call Center,2026-02-15 18:01:00,2026-02-17 20:19:00,50.3,Closed,3.0
TKT000583,4815-GBTCD,Billing Dispute,Medium,Web Portal,2026-04-18 16:13:00,,,Escalated,
TKT000584,9734-UYXQI,Billing Dispute,Low,Web Portal,2026-05-21 12:14:00,,,Escalated,
TKT000585,5876-HZVZM,Broadband Outage,Critical,Web Portal,2026-08-08 15:06:00,,,Escalated,
TKT000586,1436-ZMJAN,Call Drops,Medium,Call Center,2026-01-08 17:35:00,,,Escalated,
TKT000587,0952-KMEEH,Plan Modification,Medium,Mobile App,2026-04-11 07:09:00,,,Escalated,
TKT000588,1167-OYZJF,SIM Issue,Critical,Web Portal,2026-05-31 13:28:00,,,Escalated,
TKT000589,2475-MROZF,Billing Dispute,Low,Mobile App,2026-01-25 18:58:00,,,Escalated,
TKT000590,0329-GTIAJ,Broadband Outage,Low,Chatbot,2026-06-08 18:11:00,,,Escalated,
TKT000591,0689-NKYLF,Roaming Issue,Critical,Web Portal,2026-05-11 11:57:00,2026-05-13 08:45:00,44.8,Closed,3.0
TKT000592,3696-XRIEN,Broadband Outage,Critical,Retail Store,2026-06-16 15:44:00,,,Escalated,
TKT000593,3223-WZWJM,Broadband Outage,Critical,Retail Store,2026-02-13 13:33:00,2026-02-15 15:27:00,49.9,Closed,2.0
TKT000594,2568-OIADY,Billing Dispute,Low,Chatbot,2026-01-04 10:15:00,2026-01-05 11:57:00,25.7,Closed,1.0
TKT000595,7486-KSRVI,Network Slowdown,Low,Retail Store,2026-04-18 10:13:00,,,In Progress,
TKT000596,9451-LPGOO,Call Drops,Low,Web Portal,2026-04-11 16:59:00,,,Escalated,
TKT000597,6772-KSATR,Roaming Issue,Low,Web Portal,2026-05-07 15:07:00,2026-05-08 04:31:00,13.4,Resolved,3.0
TKT000598,3398-ZOUAA,Roaming Issue,High,Web Portal,2026-01-01 13:49:00,,,In Progress,
TKT000599,8404-VLQFB,Call Drops,High,Retail Store,2026-02-09 21:21:00,,,Escalated,
TKT000600,5192-EBGOV,Billing Dispute,High,Chatbot,2026-02-18 20:18:00,2026-02-19 13:42:00,17.4,Closed,2.0
TKT000601,3761-FLYZI,SIM Issue,Medium,Mobile App,2026-03-19 19:44:00,2026-03-22 08:26:00,60.7,Resolved,3.0
TKT000602,5520-FVEWJ,Network Slowdown,Critical,Retail Store,2026-07-17 14:49:00,2026-07-18 17:19:00,26.5,Resolved,2.0
TKT000603,9282-IZGQK,Network Slowdown,High,Mobile App,2026-08-10 17:27:00,2026-08-13 04:21:00,58.9,Resolved,1.0
TKT000604,5568-DMXZS,Network Slowdown,Low,Mobile App,2026-08-25 17:32:00,,,Escalated,
TKT000605,4007-NHVHI,Plan Modification,High,Retail Store,2026-05-14 10:08:00,,,Escalated,
TKT000606,2873-ZLIWT,Network Slowdown,Low,Chatbot,2026-01-20 09:49:00,,,Escalated,
TKT000607,4484-CGXFK,SIM Issue,Medium,Mobile App,2026-03-19 16:21:00,2026-03-20 18:51:00,26.5,Closed,1.0
TKT000608,8327-LZKAS,Billing Dispute,Low,Mobile App,2026-07-31 21:41:00,,,In Progress,
TKT000609,3585-ISXZP,Roaming Issue,Medium,Mobile App,2026-06-05 08:10:00,2026-06-07 19:22:00,59.2,Resolved,2.0
TKT000610,5949-EBSQK,Call Drops,High,Call Center,2026-07-04 19:02:00,2026-07-07 04:38:00,57.6,Closed,3.0
TKT000611,2533-QVMSK,Call Drops,Critical,Call Center,2026-08-21 15:45:00,2026-08-24 15:21:00,71.6,Resolved,2.0
TKT000612,6034-ZRYCV,SIM Issue,High,Web Portal,2026-04-05 21:09:00,,,Escalated,
TKT000613,5404-GGUKR,Roaming Issue,Critical,Call Center,2026-01-14 10:44:00,,,In Progress,
TKT000614,3208-YPIOE,Roaming Issue,Critical,Call Center,2026-08-07 14:45:00,,,In Progress,
TKT000615,6016-LVTJQ,Plan Modification,Medium,Web Portal,2026-03-10 21:51:00,2026-03-11 21:39:00,23.8,Closed,3.0
TKT000616,6867-ACCZI,Plan Modification,Medium,Web Portal,2026-03-31 14:51:00,2026-04-01 13:51:00,23.0,Closed,3.0
TKT000617,6317-YPKDH,Billing Dispute,High,Call Center,2026-01-04 15:01:00,2026-01-05 09:19:00,18.3,Closed,2.0
TKT000618,4680-KUTAJ,Roaming Issue,Critical,Mobile App,2026-02-17 11:05:00,2026-02-18 20:59:00,33.9,Resolved,3.0
TKT000619,6946-LMSQS,Billing Dispute,Low,Web Portal,2026-05-26 18:42:00,2026-05-28 10:36:00,39.9,Closed,3.0
TKT000620,7977-HXJKU,Call Drops,Critical,Web Portal,2026-02-11 09:08:00,2026-02-12 10:38:00,25.5,Resolved,3.0
TKT000621,1568-LJSZU,SIM Issue,Low,Retail Store,2026-07-24 11:41:00,2026-07-25 09:29:00,21.8,Resolved,5.0
TKT000622,6326-MTTXK,Plan Modification,High,Web Portal,2026-05-29 07:07:00,,,Escalated,
TKT000623,9518-XXBXE,Call Drops,Low,Chatbot,2026-04-04 11:51:00,,,In Progress,
TKT000624,8837-VVWLQ,Billing Dispute,Medium,Chatbot,2026-03-07 08:22:00,2026-03-09 16:04:00,55.7,Closed,1.0
TKT000625,8725-JEDFD,Roaming Issue,Medium,Call Center,2026-05-04 08:39:00,2026-05-05 01:09:00,16.5,Closed,3.0
TKT000626,2068-WWXQZ,Roaming Issue,Medium,Chatbot,2026-06-13 09:09:00,,,Escalated,
TKT000627,4735-ASGMA,Plan Modification,Medium,Mobile App,2026-04-03 13:46:00,2026-04-06 11:22:00,69.6,Closed,2.0
TKT000628,0325-XBFAC,Roaming Issue,Medium,Mobile App,2026-02-17 10:04:00,,,In Progress,
TKT000629,4433-JCGCG,Billing Dispute,Critical,Web Portal,2026-03-26 11:49:00,2026-03-27 07:55:00,20.1,Closed,1.0
TKT000630,3588-WSTTJ,Roaming Issue,Low,Mobile App,2026-06-22 09:32:00,,,Escalated,
TKT000631,5240-IJOQT,Network Slowdown,Low,Call Center,2026-03-12 10:08:00,2026-03-14 22:20:00,60.2,Resolved,1.0
TKT000632,1550-LOAHA,Plan Modification,Low,Mobile App,2026-08-22 13:52:00,2026-08-24 23:58:00,58.1,Closed,3.0
TKT000633,5373-SFODM,Billing Dispute,Critical,Call Center,2026-06-23 14:32:00,,,In Progress,
TKT000634,3893-JRNFS,Plan Modification,Medium,Mobile App,2026-04-28 14:26:00,,,Escalated,
TKT000635,5397-TUPSH,SIM Issue,Critical,Mobile App,2026-03-10 18:34:00,2026-03-13 02:34:00,56.0,Closed,3.0
TKT000636,5906-CVLHP,Network Slowdown,High,Retail Store,2026-03-09 16:34:00,2026-03-12 06:34:00,62.0,Resolved,2.0
TKT000637,3751-KTZEL,Call Drops,Medium,Chatbot,2026-03-31 23:06:00,,,In Progress,
TKT000638,7895-VONWT,Plan Modification,Medium,Mobile App,2026-08-13 16:13:00,,,In Progress,
TKT000639,6161-UUUTA,SIM Issue,Medium,Chatbot,2026-02-12 14:23:00,2026-02-15 01:11:00,58.8,Closed,1.0
TKT000640,3351-NQLDI,SIM Issue,Low,Chatbot,2026-08-30 21:03:00,2026-08-31 10:27:00,13.4,Closed,3.0
TKT000641,5271-DBYSJ,Plan Modification,Critical,Mobile App,2026-07-23 14:50:00,,,In Progress,
TKT000642,5260-UMPWX,Billing Dispute,Critical,Web Portal,2026-03-25 23:33:00,,,Escalated,
TKT000643,5202-IVJNU,Billing Dispute,Medium,Web Portal,2026-02-12 13:15:00,2026-02-15 02:21:00,61.1,Closed,1.0
TKT000644,3259-FDWOY,Network Slowdown,High,Web Portal,2026-04-12 19:49:00,,,Escalated,
TKT000645,7029-RPUAV,SIM Issue,Critical,Retail Store,2026-01-17 07:04:00,2026-01-18 15:28:00,32.4,Closed,3.0
TKT000646,4484-GLZOU,Plan Modification,Critical,Mobile App,2026-08-20 21:22:00,,,In Progress,
TKT000647,4598-XLKNJ,Roaming Issue,Medium,Chatbot,2026-02-14 08:25:00,2026-02-15 06:01:00,21.6,Closed,1.0
TKT000648,3588-WSTTJ,Billing Dispute,Low,Web Portal,2026-03-28 09:55:00,2026-03-29 06:13:00,20.3,Closed,4.0
TKT000649,5577-OTWWW,Network Slowdown,High,Retail Store,2026-06-07 17:10:00,,,In Progress,
TKT000650,3097-PYWXL,Broadband Outage,Critical,Mobile App,2026-07-29 09:38:00,2026-07-30 13:02:00,27.4,Closed,3.0
TKT000651,3012-VFFMN,Plan Modification,Critical,Chatbot,2026-05-25 10:15:00,,,In Progress,
TKT000652,5565-FILXA,Roaming Issue,Medium,Web Portal,2026-07-27 13:47:00,2026-07-29 08:29:00,42.7,Resolved,1.0
TKT000653,7924-GJZFI,Network Slowdown,Low,Retail Store,2026-07-15 15:46:00,,,In Progress,
TKT000654,8183-ONMXC,SIM Issue,High,Retail Store,2026-05-04 07:43:00,2026-05-04 15:07:00,7.4,Closed,2.0
TKT000655,3066-RRJIO,Network Slowdown,Low,Retail Store,2026-01-09 23:24:00,2026-01-12 23:06:00,71.7,Closed,2.0
TKT000656,0337-CNPZE,Billing Dispute,High,Retail Store,2026-06-14 21:31:00,2026-06-16 11:55:00,38.4,Closed,1.0
TKT000657,4335-UPJSI,Roaming Issue,High,Call Center,2026-08-28 09:00:00,2026-08-29 21:36:00,36.6,Resolved,4.0
TKT000658,6172-FECYY,Broadband Outage,Low,Web Portal,2026-08-06 20:24:00,,,Escalated,
TKT000659,3647-GMGDH,Plan Modification,High,Retail Store,2026-08-22 16:59:00,2026-08-23 13:35:00,20.6,Resolved,1.0
TKT000660,6469-QJKZW,Roaming Issue,Critical,Call Center,2026-01-01 11:28:00,2026-01-04 03:40:00,64.2,Closed,3.0
TKT000661,4992-LTJNE,Broadband Outage,Critical,Mobile App,2026-04-04 11:50:00,,,Escalated,
TKT000662,4195-SMMNX,Billing Dispute,Critical,Call Center,2026-01-16 08:14:00,,,Escalated,
TKT000663,1833-VGRUM,Broadband Outage,Low,Retail Store,2026-01-11 12:45:00,2026-01-14 03:57:00,63.2,Closed,3.0
TKT000664,2359-QWQUL,Plan Modification,High,Mobile App,2026-04-15 07:45:00,2026-04-16 11:45:00,28.0,Resolved,1.0
TKT000665,9415-TPKRV,Plan Modification,Critical,Mobile App,2026-01-15 10:35:00,,,In Progress,
TKT000666,2111-DWYHN,Network Slowdown,Low,Chatbot,2026-08-22 07:42:00,,,In Progress,
TKT000667,6166-ILMNY,Network Slowdown,High,Web Portal,2026-01-18 09:58:00,2026-01-18 21:16:00,11.3,Closed,1.0
TKT000668,8901-HJXTF,Plan Modification,Low,Call Center,2026-01-12 11:23:00,2026-01-13 14:05:00,26.7,Resolved,3.0
TKT000669,8205-OTCHB,Network Slowdown,Low,Call Center,2026-01-29 09:39:00,2026-01-31 09:27:00,47.8,Closed,2.0
TKT000670,5349-AZPEW,Call Drops,Low,Mobile App,2026-07-10 09:57:00,,,In Progress,
TKT000671,9274-CNFMO,Roaming Issue,Low,Chatbot,2026-07-31 14:29:00,2026-08-02 02:17:00,35.8,Resolved,2.0
TKT000672,2839-RFSQE,Network Slowdown,High,Web Portal,2026-02-04 19:32:00,2026-02-07 19:26:00,71.9,Closed,3.0
TKT000673,0014-BMAQU,Network Slowdown,Critical,Call Center,2026-08-20 18:00:00,2026-08-22 14:06:00,44.1,Resolved,4.0
TKT000674,3143-JQEGI,Call Drops,Critical,Web Portal,2026-05-09 13:59:00,2026-05-10 13:59:00,24.0,Resolved,1.0
TKT000675,6845-RGTYS,Plan Modification,High,Chatbot,2026-01-02 18:51:00,2026-01-04 19:57:00,49.1,Resolved,3.0
TKT000676,7379-POKDZ,Billing Dispute,Critical,Web Portal,2026-06-15 21:58:00,,,In Progress,
TKT000677,9274-CNFMO,Plan Modification,Medium,Mobile App,2026-07-23 13:53:00,2026-07-26 08:47:00,66.9,Closed,2.0
TKT000678,8519-QJGJD,SIM Issue,Critical,Call Center,2026-07-23 10:03:00,,,Escalated,
TKT000679,1262-OPMFY,Network Slowdown,High,Call Center,2026-08-13 14:40:00,,,Escalated,
TKT000680,7375-WMVMT,Roaming Issue,Low,Retail Store,2026-06-08 19:08:00,2026-06-11 15:08:00,68.0,Closed,3.0
TKT000681,1471-GIQKQ,Broadband Outage,Low,Web Portal,2026-03-03 15:41:00,,,Escalated,
TKT000682,0880-TKATG,Broadband Outage,Medium,Chatbot,2026-01-11 21:13:00,2026-01-14 11:01:00,61.8,Closed,2.0
TKT000683,9554-DFKIC,Roaming Issue,High,Web Portal,2026-06-26 20:07:00,2026-06-28 02:43:00,30.6,Closed,3.0
TKT000684,0923-PNFUB,Call Drops,Critical,Web Portal,2026-03-05 16:46:00,,,Escalated,
TKT000685,2129-ALKBS,Plan Modification,Medium,Mobile App,2026-03-22 14:16:00,,,Escalated,
TKT000686,8020-BWHYL,Roaming Issue,Critical,Call Center,2026-03-13 08:38:00,2026-03-15 08:32:00,47.9,Closed,3.0
TKT000687,2789-HQBOU,SIM Issue,High,Retail Store,2026-01-21 20:49:00,,,In Progress,
TKT000688,5052-PNLOS,Broadband Outage,Low,Web Portal,2026-01-27 17:26:00,2026-01-28 03:50:00,10.4,Resolved,3.0
TKT000689,7483-IQWIB,SIM Issue,Critical,Retail Store,2026-03-12 13:45:00,,,Escalated,
TKT000690,7916-VCCPB,Plan Modification,High,Retail Store,2026-01-14 21:20:00,,,In Progress,
TKT000691,7064-JHXCE,SIM Issue,High,Retail Store,2026-08-02 13:25:00,2026-08-04 07:19:00,41.9,Closed,3.0
TKT000692,8937-RDTHP,Call Drops,Medium,Web Portal,2026-01-21 10:01:00,2026-01-21 12:19:00,2.3,Resolved,2.0
TKT000693,8450-LUGUK,Broadband Outage,Critical,Retail Store,2026-06-23 12:32:00,,,In Progress,
TKT000694,3077-RSNTJ,Billing Dispute,High,Web Portal,2026-06-29 20:37:00,,,Escalated,
TKT000695,8614-VGMMV,Roaming Issue,Low,Chatbot,2026-06-27 14:23:00,2026-06-30 02:23:00,60.0,Resolved,2.0
TKT000696,0148-DCDOS,Billing Dispute,Low,Retail Store,2026-01-03 17:18:00,2026-01-03 19:18:00,2.0,Resolved,2.0
TKT000697,1548-FEHVL,Billing Dispute,High,Mobile App,2026-04-01 18:39:00,,,In Progress,
TKT000698,6128-DAFVY,Broadband Outage,High,Mobile App,2026-03-11 19:35:00,2026-03-11 20:53:00,1.3,Resolved,4.0
TKT000699,0947-MUGVO,Call Drops,Critical,Call Center,2026-02-25 09:35:00,,,In Progress,
TKT000700,4897-QSUYC,Plan Modification,Low,Web Portal,2026-03-17 16:56:00,2026-03-19 19:14:00,50.3,Resolved,3.0
TKT000701,0237-YFUTL,Roaming Issue,High,Retail Store,2026-08-09 07:44:00,,,In Progress,
TKT000702,9355-NPPFS,Broadband Outage,Medium,Call Center,2026-01-03 18:10:00,,,In Progress,
TKT000703,3976-NLDEZ,Network Slowdown,Medium,Web Portal,2026-07-27 19:16:00,2026-07-27 22:04:00,2.8,Resolved,2.0
TKT000704,8972-HJWNV,Plan Modification,Medium,Mobile App,2026-01-21 11:40:00,2026-01-22 22:22:00,34.7,Closed,2.0
TKT000705,1447-PJGGA,Call Drops,High,Chatbot,2026-05-02 23:36:00,2026-05-05 19:36:00,68.0,Closed,3.0
TKT000706,7526-BEZQB,Network Slowdown,Low,Retail Store,2026-05-17 21:33:00,2026-05-19 13:15:00,39.7,Closed,1.0
TKT000707,5173-WXOQV,Call Drops,Critical,Chatbot,2026-03-15 23:41:00,2026-03-18 04:05:00,52.4,Closed,3.0
TKT000708,8390-FESFV,Roaming Issue,High,Call Center,2026-04-22 11:41:00,2026-04-24 19:53:00,56.2,Closed,5.0
TKT000709,1092-GANHU,Plan Modification,Low,Web Portal,2026-04-29 09:54:00,,,Escalated,
TKT000710,1725-MIMXW,SIM Issue,Critical,Retail Store,2026-01-25 11:08:00,,,In Progress,
TKT000711,5919-TMRGD,Network Slowdown,Critical,Retail Store,2026-01-12 16:49:00,2026-01-13 20:25:00,27.6,Resolved,2.0
TKT000712,9112-WSNPU,Plan Modification,Medium,Chatbot,2026-07-09 14:03:00,2026-07-12 02:51:00,60.8,Closed,3.0
TKT000713,2977-CEBSX,Plan Modification,Low,Mobile App,2026-08-03 14:04:00,,,Escalated,
TKT000714,6941-PMGEP,Billing Dispute,Low,Mobile App,2026-04-23 15:37:00,,,Escalated,
TKT000715,8190-ZTQFB,Network Slowdown,Low,Retail Store,2026-04-22 08:22:00,2026-04-24 05:52:00,45.5,Closed,4.0
TKT000716,4658-HCOHW,SIM Issue,High,Call Center,2026-03-31 23:25:00,2026-04-02 02:19:00,26.9,Resolved,3.0
TKT000717,8234-GSZYK,Broadband Outage,Critical,Mobile App,2026-04-24 20:22:00,2026-04-25 01:22:00,5.0,Closed,3.0
TKT000718,6248-TKCQV,SIM Issue,Medium,Call Center,2026-04-14 09:37:00,,,Escalated,
TKT000719,4989-LIXVT,Billing Dispute,Critical,Chatbot,2026-07-24 12:40:00,2026-07-24 18:34:00,5.9,Closed,3.0
TKT000720,8884-ADFVN,SIM Issue,Critical,Chatbot,2026-08-04 17:14:00,,,In Progress,
TKT000721,6319-IEJWJ,Billing Dispute,Low,Chatbot,2026-07-30 23:11:00,2026-08-02 08:29:00,57.3,Closed,3.0
TKT000722,7727-SHVZV,Roaming Issue,Medium,Call Center,2026-08-31 18:56:00,2026-09-01 01:08:00,6.2,Resolved,2.0
TKT000723,6267-DCFFZ,Plan Modification,High,Retail Store,2026-06-29 15:44:00,,,In Progress,
TKT000724,8380-PEFPE,Broadband Outage,Low,Chatbot,2026-02-17 20:04:00,,,Escalated,
TKT000725,8999-BOHSE,SIM Issue,Critical,Web Portal,2026-02-15 23:11:00,,,Escalated,
TKT000726,6614-YWYSC,SIM Issue,Medium,Call Center,2026-08-02 16:03:00,,,In Progress,
TKT000727,9050-QLROH,SIM Issue,Low,Retail Store,2026-04-08 18:49:00,2026-04-09 16:55:00,22.1,Closed,3.0
TKT000728,9921-ZVRHG,Roaming Issue,High,Chatbot,2026-07-05 23:08:00,,,Escalated,
TKT000729,8652-YHIYU,Plan Modification,Low,Web Portal,2026-01-06 10:35:00,2026-01-07 22:47:00,36.2,Closed,3.0
TKT000730,6352-TWCAU,Broadband Outage,High,Web Portal,2026-01-24 12:30:00,2026-01-24 21:00:00,8.5,Closed,1.0
TKT000731,7248-VZQLC,Call Drops,Low,Mobile App,2026-06-27 13:43:00,2026-06-30 10:25:00,68.7,Resolved,2.0
TKT000732,7873-CVMAW,Call Drops,Low,Retail Store,2026-03-15 09:52:00,2026-03-16 20:10:00,34.3,Closed,1.0
TKT000733,1821-BUCWY,Network Slowdown,High,Retail Store,2026-07-22 18:21:00,,,In Progress,
TKT000734,4567-AKPIA,Network Slowdown,High,Call Center,2026-06-09 12:50:00,2026-06-09 16:56:00,4.1,Resolved,3.0
TKT000735,7028-DVOIQ,Roaming Issue,Low,Retail Store,2026-08-15 07:46:00,,,In Progress,
TKT000736,5276-KQWHG,Call Drops,Medium,Call Center,2026-07-11 09:27:00,2026-07-13 16:33:00,55.1,Resolved,3.0
TKT000737,1430-SFQSA,Network Slowdown,High,Web Portal,2026-01-21 10:04:00,2026-01-24 05:34:00,67.5,Resolved,3.0
TKT000738,6646-VRFOL,Network Slowdown,Critical,Retail Store,2026-02-11 08:50:00,2026-02-11 17:20:00,8.5,Closed,1.0
TKT000739,6979-ZNSFF,SIM Issue,Critical,Chatbot,2026-04-26 09:25:00,,,Escalated,
TKT000740,3066-RRJIO,Call Drops,High,Web Portal,2026-06-03 09:44:00,2026-06-03 14:56:00,5.2,Closed,3.0
TKT000741,5402-HTOTQ,SIM Issue,Critical,Retail Store,2026-06-17 09:21:00,,,In Progress,
TKT000742,4817-QRJSX,SIM Issue,Low,Retail Store,2026-04-23 11:55:00,,,Escalated,
TKT000743,4881-GQJTW,Plan Modification,Critical,Retail Store,2026-08-02 16:06:00,2026-08-04 09:12:00,41.1,Closed,3.0
TKT000744,9169-BSVIN,Broadband Outage,Critical,Mobile App,2026-07-20 22:07:00,2026-07-21 03:25:00,5.3,Resolved,4.0
TKT000745,7145-FEJWU,Roaming Issue,Critical,Call Center,2026-03-09 23:46:00,2026-03-11 00:52:00,25.1,Resolved,5.0
TKT000746,5138-WVKYJ,Broadband Outage,Low,Call Center,2026-07-04 17:49:00,,,In Progress,
TKT000747,0197-PNKNK,Network Slowdown,Low,Mobile App,2026-04-24 10:10:00,2026-04-25 14:40:00,28.5,Resolved,1.0
TKT000748,1816-FLZDK,Roaming Issue,Medium,Web Portal,2026-05-26 20:49:00,,,In Progress,
TKT000749,3795-CAWEX,Roaming Issue,Critical,Mobile App,2026-07-05 18:41:00,2026-07-08 01:23:00,54.7,Closed,4.0
TKT000750,2321-OMBXY,Broadband Outage,Critical,Chatbot,2026-08-17 17:45:00,2026-08-20 11:33:00,65.8,Closed,2.0
TKT000751,5696-QURRL,Network Slowdown,Low,Chatbot,2026-06-11 11:28:00,,,Escalated,
TKT000752,1550-EENBN,Plan Modification,High,Call Center,2026-01-16 13:34:00,2026-01-17 17:10:00,27.6,Resolved,1.0
TKT000753,9761-XUJWD,Call Drops,High,Call Center,2026-01-04 08:32:00,,,Escalated,
TKT000754,4782-OSFXZ,SIM Issue,High,Call Center,2026-04-02 19:39:00,2026-04-04 15:33:00,43.9,Resolved,5.0
TKT000755,1047-NNCBF,Roaming Issue,Medium,Mobile App,2026-05-15 09:49:00,2026-05-15 17:25:00,7.6,Closed,4.0
TKT000756,3049-SOLAY,Network Slowdown,Medium,Call Center,2026-04-10 09:44:00,2026-04-10 19:08:00,9.4,Closed,3.0
TKT000757,8535-SFUTN,Plan Modification,Critical,Retail Store,2026-05-02 15:05:00,,,Escalated,
TKT000758,5909-ECHUI,Network Slowdown,Critical,Web Portal,2026-04-15 15:08:00,,,Escalated,
TKT000759,7821-DPRQE,Plan Modification,High,Mobile App,2026-03-07 08:54:00,,,Escalated,
TKT000760,0578-SKVMF,Roaming Issue,High,Web Portal,2026-01-21 14:16:00,2026-01-22 10:34:00,20.3,Closed,3.0
TKT000761,6990-YNRIO,Plan Modification,Low,Retail Store,2026-01-26 14:52:00,,,In Progress,
TKT000762,6437-UKHMV,Broadband Outage,High,Retail Store,2026-07-01 10:46:00,,,Escalated,
TKT000763,2739-CCZMB,Plan Modification,Critical,Call Center,2026-02-03 13:57:00,2026-02-06 11:45:00,69.8,Resolved,1.0
TKT000764,1291-CUOCY,Call Drops,Critical,Chatbot,2026-04-26 22:55:00,,,In Progress,
TKT000765,4592-IWTJI,Broadband Outage,High,Web Portal,2026-07-25 11:17:00,2026-07-27 05:59:00,42.7,Closed,1.0
TKT000766,7854-EKTJL,Billing Dispute,Critical,Retail Store,2026-05-29 20:49:00,2026-06-01 16:43:00,67.9,Closed,2.0
TKT000767,6583-QGCSI,Call Drops,Medium,Web Portal,2026-03-24 17:06:00,,,In Progress,
TKT000768,0236-HFWSV,Network Slowdown,Medium,Call Center,2026-05-04 22:02:00,,,In Progress,
TKT000769,1401-FTHFQ,Call Drops,Low,Chatbot,2026-03-15 19:38:00,,,Escalated,
TKT000770,0956-ACVZC,Network Slowdown,High,Web Portal,2026-04-18 07:55:00,,,In Progress,
TKT000771,3990-QYKBE,Network Slowdown,High,Web Portal,2026-01-20 08:27:00,2026-01-21 05:15:00,20.8,Closed,2.0
TKT000772,6905-NIQIN,Call Drops,Low,Retail Store,2026-07-19 08:35:00,2026-07-19 16:53:00,8.3,Closed,1.0
TKT000773,0689-NKYLF,Billing Dispute,Critical,Web Portal,2026-06-28 18:03:00,2026-06-30 02:21:00,32.3,Closed,1.0
TKT000774,5570-PTWEH,Billing Dispute,Critical,Chatbot,2026-03-14 10:30:00,,,In Progress,
TKT000775,8601-QACRS,Roaming Issue,High,Chatbot,2026-05-02 14:37:00,2026-05-04 05:13:00,38.6,Closed,3.0
TKT000776,5550-VFRLC,Roaming Issue,Low,Retail Store,2026-05-11 13:34:00,2026-05-12 19:28:00,29.9,Closed,2.0
TKT000777,8610-WFCJF,Broadband Outage,Critical,Web Portal,2026-06-13 15:35:00,2026-06-14 06:17:00,14.7,Closed,2.0
TKT000778,3647-GMGDH,Call Drops,Medium,Retail Store,2026-06-27 14:29:00,2026-06-30 10:59:00,68.5,Resolved,2.0
TKT000779,7663-RGWBC,Roaming Issue,Critical,Web Portal,2026-07-07 17:27:00,,,Escalated,
TKT000780,1929-ZCBHE,Plan Modification,Medium,Chatbot,2026-01-07 20:44:00,,,Escalated,
TKT000781,0236-HFWSV,Roaming Issue,High,Call Center,2026-07-28 12:43:00,2026-07-30 15:37:00,50.9,Closed,1.0
TKT000782,6425-YQLLO,SIM Issue,Critical,Web Portal,2026-05-02 15:07:00,,,In Progress,
TKT000783,7100-FQPRV,Broadband Outage,Medium,Mobile App,2026-08-25 07:50:00,2026-08-27 22:20:00,62.5,Resolved,3.0
TKT000784,3494-JCHRQ,Call Drops,Critical,Web Portal,2026-02-14 23:42:00,2026-02-17 11:12:00,59.5,Closed,3.0
TKT000785,0564-MUUQK,Broadband Outage,High,Retail Store,2026-03-05 09:05:00,,,In Progress,
TKT000786,4123-FCVCB,Broadband Outage,Medium,Call Center,2026-08-14 12:55:00,,,Escalated,
TKT000787,9063-ZGTUY,Billing Dispute,Medium,Mobile App,2026-02-23 10:13:00,2026-02-23 16:37:00,6.4,Closed,3.0
TKT000788,6168-YBYNP,Network Slowdown,Medium,Call Center,2026-03-29 17:52:00,2026-03-31 04:16:00,34.4,Closed,3.0
TKT000789,8016-ZMGMO,Network Slowdown,Low,Call Center,2026-02-17 07:34:00,,,In Progress,
TKT000790,7541-YLXCL,Call Drops,High,Retail Store,2026-06-29 15:45:00,,,Escalated,
TKT000791,6986-IJDHX,Plan Modification,Medium,Retail Store,2026-07-27 12:33:00,2026-07-27 20:03:00,7.5,Resolved,1.0
TKT000792,5440-FLBQG,Billing Dispute,Critical,Call Center,2026-07-12 22:41:00,2026-07-13 23:53:00,25.2,Closed,3.0
TKT000793,3927-NLNRY,Roaming Issue,Critical,Chatbot,2026-07-24 22:27:00,2026-07-27 08:03:00,57.6,Closed,1.0
TKT000794,7854-FOKSF,Roaming Issue,High,Mobile App,2026-04-01 07:55:00,,,In Progress,
TKT000795,6437-UKHMV,Broadband Outage,Low,Retail Store,2026-04-13 10:25:00,2026-04-14 12:49:00,26.4,Closed,3.0
TKT000796,9030-QGZNL,Broadband Outage,Medium,Call Center,2026-07-19 19:44:00,2026-07-20 05:38:00,9.9,Closed,4.0
TKT000797,5519-YLDGW,SIM Issue,Medium,Web Portal,2026-05-22 23:51:00,,,In Progress,
TKT000798,7024-OHCCK,Call Drops,Critical,Retail Store,2026-05-30 10:06:00,2026-06-01 12:42:00,50.6,Closed,3.0
TKT000799,4749-VFKVB,Broadband Outage,High,Mobile App,2026-06-19 12:24:00,2026-06-19 19:30:00,7.1,Closed,3.0
TKT000800,8467-WYNSR,Network Slowdown,High,Call Center,2026-01-13 10:11:00,2026-01-14 07:53:00,21.7,Resolved,3.0
TKT000801,4182-BGSIQ,Billing Dispute,Critical,Web Portal,2026-08-21 19:44:00,,,In Progress,
TKT000802,0508-OOLTO,Broadband Outage,Critical,Call Center,2026-06-22 17:38:00,,,Escalated,
TKT000803,4701-MLJPN,Broadband Outage,Critical,Chatbot,2026-06-26 23:18:00,2026-06-28 21:36:00,46.3,Closed,1.0
TKT000804,6956-SMUCM,Network Slowdown,Medium,Mobile App,2026-05-19 18:19:00,,,In Progress,
TKT000805,0516-VRYBW,Network Slowdown,High,Call Center,2026-05-15 16:08:00,,,In Progress,
TKT000806,8234-GSZYK,SIM Issue,High,Chatbot,2026-06-11 09:49:00,2026-06-12 20:31:00,34.7,Resolved,4.0
TKT000807,9191-MYQKX,Plan Modification,Medium,Retail Store,2026-07-07 17:04:00,2026-07-07 17:46:00,0.7,Closed,3.0
TKT000808,8229-TNIQA,Broadband Outage,Medium,Call Center,2026-05-18 17:30:00,2026-05-20 04:06:00,34.6,Resolved,2.0
TKT000809,4822-NGOCH,Roaming Issue,High,Web Portal,2026-07-28 15:36:00,,,Escalated,
TKT000810,2568-OIADY,Call Drops,Low,Mobile App,2026-01-05 09:44:00,2026-01-08 02:14:00,64.5,Resolved,2.0
TKT000811,6199-IPCAO,Roaming Issue,Critical,Web Portal,2026-04-13 07:54:00,2026-04-16 05:54:00,70.0,Closed,3.0
TKT000812,6388-TABGU,Plan Modification,High,Call Center,2026-03-13 23:12:00,2026-03-15 10:42:00,35.5,Closed,2.0
TKT000813,6620-HVDUJ,SIM Issue,Medium,Chatbot,2026-03-03 11:40:00,,,In Progress,
TKT000814,4822-YCXMX,Plan Modification,Low,Retail Store,2026-07-13 17:13:00,,,Escalated,
TKT000815,2057-ZBLPD,Plan Modification,Medium,Mobile App,2026-04-04 12:16:00,2026-04-05 18:52:00,30.6,Closed,2.0
TKT000816,5322-ZSMZY,Roaming Issue,High,Mobile App,2026-03-17 08:13:00,,,Escalated,
TKT000817,7407-SUJIZ,Roaming Issue,Critical,Mobile App,2026-02-08 09:44:00,2026-02-10 07:20:00,45.6,Closed,4.0
TKT000818,7041-TXQJH,Roaming Issue,High,Retail Store,2026-03-31 15:57:00,2026-04-01 15:33:00,23.6,Closed,5.0
TKT000819,6981-TDRFT,Roaming Issue,Critical,Retail Store,2026-03-10 16:49:00,,,Escalated,
TKT000820,4132-KALRO,Billing Dispute,Critical,Call Center,2026-08-20 16:39:00,,,In Progress,
TKT000821,3254-YRILK,Call Drops,Medium,Chatbot,2026-06-24 22:48:00,2026-06-27 15:24:00,64.6,Closed,1.0
TKT000822,0875-CABNR,Call Drops,Medium,Retail Store,2026-07-03 11:09:00,2026-07-05 06:33:00,43.4,Resolved,1.0
TKT000823,3744-ZRRDZ,Billing Dispute,High,Call Center,2026-02-22 22:04:00,,,In Progress,
TKT000824,3090-HAWSU,Roaming Issue,Low,Call Center,2026-08-25 07:38:00,,,In Progress,
TKT000825,6410-LEFEN,Broadband Outage,Critical,Web Portal,2026-02-01 23:55:00,,,In Progress,
TKT000826,4566-GOLUK,Plan Modification,Medium,Mobile App,2026-03-01 16:39:00,,,Escalated,
TKT000827,6633-MPWBS,Roaming Issue,Medium,Web Portal,2026-03-20 13:24:00,2026-03-23 07:30:00,66.1,Closed,3.0
TKT000828,9436-ZBZCT,SIM Issue,High,Chatbot,2026-07-21 07:48:00,,,In Progress,
TKT000829,8387-UGUSU,Billing Dispute,Low,Mobile App,2026-03-30 23:27:00,,,Escalated,
TKT000830,0495-ZBNGW,SIM Issue,Low,Retail Store,2026-03-28 15:11:00,,,Escalated,
TKT000831,4626-OZDTJ,SIM Issue,Low,Web Portal,2026-06-03 14:33:00,2026-06-05 21:27:00,54.9,Closed,5.0
TKT000832,0196-VULGZ,Broadband Outage,Medium,Mobile App,2026-05-16 16:52:00,2026-05-18 18:10:00,49.3,Closed,1.0
TKT000833,0107-YHINA,Billing Dispute,Low,Mobile App,2026-07-22 20:56:00,,,Escalated,
TKT000834,2180-DXNEG,Network Slowdown,High,Retail Store,2026-02-28 17:59:00,2026-03-02 07:23:00,37.4,Closed,3.0
TKT000835,1867-BDVFH,Billing Dispute,High,Retail Store,2026-03-17 19:03:00,2026-03-18 17:51:00,22.8,Closed,2.0
TKT000836,5199-FPUSP,Roaming Issue,Low,Call Center,2026-06-07 10:07:00,2026-06-09 15:01:00,52.9,Closed,4.0
TKT000837,3696-DFHHB,Billing Dispute,High,Call Center,2026-02-12 14:47:00,2026-02-15 14:41:00,71.9,Closed,2.0
TKT000838,8441-SHIPE,SIM Issue,Low,Retail Store,2026-07-25 09:54:00,2026-07-26 10:30:00,24.6,Resolved,1.0
TKT000839,8216-AZUUZ,Call Drops,Low,Mobile App,2026-08-06 20:27:00,,,Escalated,
TKT000840,1112-CUNAO,Roaming Issue,Low,Call Center,2026-07-25 10:47:00,2026-07-25 17:47:00,7.0,Closed,1.0
TKT000841,3420-YJLQT,Roaming Issue,Low,Call Center,2026-07-04 08:45:00,2026-07-05 17:03:00,32.3,Resolved,3.0
TKT000842,5357-TZHPP,SIM Issue,High,Chatbot,2026-02-09 20:55:00,,,In Progress,
TKT000843,7375-WMVMT,Call Drops,Low,Chatbot,2026-04-06 18:06:00,2026-04-08 14:18:00,44.2,Closed,1.0
TKT000844,7921-BEPCI,Roaming Issue,Low,Chatbot,2026-03-15 10:26:00,2026-03-16 03:32:00,17.1,Closed,5.0
TKT000845,9103-TCIHJ,Plan Modification,Medium,Mobile App,2026-01-22 14:37:00,2026-01-25 04:19:00,61.7,Resolved,2.0
TKT000846,6769-DCQLI,Roaming Issue,Medium,Retail Store,2026-07-16 17:33:00,,,In Progress,
TKT000847,0550-DCXLH,Roaming Issue,Low,Chatbot,2026-04-29 12:29:00,,,In Progress,
TKT000848,8727-XDPUD,Plan Modification,Medium,Retail Store,2026-07-03 16:41:00,2026-07-04 00:35:00,7.9,Closed,3.0
TKT000849,4648-YPBTM,Broadband Outage,Critical,Web Portal,2026-07-28 16:28:00,,,In Progress,
TKT000850,0431-APWVY,SIM Issue,Critical,Chatbot,2026-07-18 21:14:00,,,Escalated,
TKT000851,2900-PHPLN,Call Drops,Critical,Retail Store,2026-04-05 07:53:00,2026-04-08 02:53:00,67.0,Closed,5.0
TKT000852,7206-GZCDC,Broadband Outage,Low,Retail Store,2026-04-01 22:03:00,2026-04-02 15:33:00,17.5,Closed,2.0
TKT000853,5879-HMFFH,Broadband Outage,Critical,Mobile App,2026-02-01 23:18:00,,,In Progress,
TKT000854,5099-BAILX,Billing Dispute,Critical,Mobile App,2026-05-09 20:58:00,2026-05-12 07:52:00,58.9,Resolved,2.0
TKT000855,1353-GHZOS,Network Slowdown,Low,Mobile App,2026-02-20 23:58:00,,,In Progress,
TKT000856,5651-CRHKQ,Call Drops,High,Web Portal,2026-07-13 22:49:00,,,In Progress,
TKT000857,7394-FKDNK,Call Drops,Critical,Retail Store,2026-06-21 18:41:00,2026-06-22 04:47:00,10.1,Closed,3.0
TKT000858,7009-LGECI,Plan Modification,Critical,Retail Store,2026-01-11 17:17:00,,,Escalated,
TKT000859,1049-FYSYG,SIM Issue,Medium,Retail Store,2026-07-31 23:20:00,2026-08-01 09:38:00,10.3,Closed,4.0
TKT000860,8267-KFGYD,Billing Dispute,Low,Mobile App,2026-05-21 19:51:00,2026-05-23 03:03:00,31.2,Closed,3.0
TKT000861,5702-SKUOB,Broadband Outage,High,Call Center,2026-02-19 08:58:00,,,In Progress,
TKT000862,2436-QBZFP,SIM Issue,Low,Web Portal,2026-06-23 16:21:00,2026-06-24 18:15:00,25.9,Resolved,5.0
TKT000863,8336-TAVKX,Call Drops,Critical,Retail Store,2026-08-26 08:43:00,,,Escalated,
TKT000864,2081-VEYEH,Broadband Outage,Medium,Retail Store,2026-07-05 21:35:00,2026-07-06 21:41:00,24.1,Resolved,3.0
TKT000865,8563-IIOXK,Roaming Issue,Low,Mobile App,2026-08-04 17:37:00,2026-08-07 16:31:00,70.9,Closed,2.0
TKT000866,9481-SFCQY,Billing Dispute,Low,Chatbot,2026-04-13 13:24:00,2026-04-15 23:00:00,57.6,Closed,3.0
TKT000867,5590-YRFJT,Call Drops,Low,Chatbot,2026-04-07 11:16:00,,,Escalated,
TKT000868,8573-CGOCC,Broadband Outage,High,Call Center,2026-08-08 20:32:00,,,Escalated,
TKT000869,7683-CBDKJ,SIM Issue,Low,Web Portal,2026-04-14 19:50:00,,,Escalated,
TKT000870,9259-PACGQ,Broadband Outage,Medium,Call Center,2026-08-16 15:12:00,2026-08-19 13:30:00,70.3,Closed,2.0
TKT000871,7030-FZTFM,Network Slowdown,Low,Call Center,2026-01-14 17:12:00,2026-01-15 03:30:00,10.3,Resolved,4.0
TKT000872,2657-VPXTA,Roaming Issue,Critical,Mobile App,2026-04-02 18:37:00,2026-04-05 15:13:00,68.6,Closed,3.0
TKT000873,4929-XIHVW,Network Slowdown,Low,Mobile App,2026-02-12 11:46:00,2026-02-13 08:04:00,20.3,Closed,3.0
TKT000874,5167-GBFRE,Roaming Issue,Medium,Retail Store,2026-05-22 18:05:00,,,In Progress,
TKT000875,5505-OVWQW,Roaming Issue,High,Call Center,2026-06-17 20:01:00,2026-06-19 19:25:00,47.4,Closed,2.0
TKT000876,2452-SNHFZ,Broadband Outage,Critical,Web Portal,2026-02-25 11:02:00,2026-02-27 06:14:00,43.2,Closed,5.0
TKT000877,8161-QYMTT,Network Slowdown,Medium,Call Center,2026-04-02 15:55:00,2026-04-04 13:43:00,45.8,Closed,4.0
TKT000878,3154-HMWUU,Plan Modification,Low,Chatbot,2026-01-26 08:33:00,2026-01-27 00:45:00,16.2,Resolved,4.0
TKT000879,1550-EENBN,Roaming Issue,Medium,Chatbot,2026-03-16 11:36:00,2026-03-18 08:48:00,45.2,Resolved,4.0
TKT000880,0781-LKXBR,Call Drops,Critical,Chatbot,2026-04-06 15:41:00,,,Escalated,
TKT000881,8008-HAWED,Network Slowdown,Critical,Call Center,2026-01-28 19:24:00,2026-01-30 05:54:00,34.5,Closed,1.0
TKT000882,2697-NQBPF,Call Drops,Critical,Retail Store,2026-06-24 09:08:00,,,In Progress,
TKT000883,5449-FIBXJ,Plan Modification,Low,Retail Store,2026-06-30 09:05:00,2026-07-02 00:17:00,39.2,Closed,2.0
TKT000884,3143-JQEGI,Call Drops,Critical,Web Portal,2026-03-17 16:22:00,2026-03-18 17:34:00,25.2,Resolved,3.0
TKT000885,7673-LPRNY,Billing Dispute,Low,Web Portal,2026-03-14 23:03:00,2026-03-15 00:33:00,1.5,Resolved,3.0
TKT000886,3389-YGYAI,Broadband Outage,High,Call Center,2026-03-03 08:08:00,2026-03-04 00:38:00,16.5,Resolved,1.0
TKT000887,6135-OZQVA,Call Drops,Medium,Call Center,2026-05-23 13:09:00,2026-05-24 14:57:00,25.8,Resolved,4.0
TKT000888,5485-WUYWF,SIM Issue,Medium,Chatbot,2026-01-09 19:44:00,2026-01-12 17:08:00,69.4,Resolved,1.0
TKT000889,1894-IGFSG,SIM Issue,Low,Chatbot,2026-01-28 19:17:00,2026-01-31 14:29:00,67.2,Closed,2.0
TKT000890,7315-WYOAW,Roaming Issue,High,Call Center,2026-03-14 10:51:00,2026-03-16 11:57:00,49.1,Closed,3.0
TKT000891,5134-IKDAY,Roaming Issue,Critical,Call Center,2026-06-23 10:31:00,2026-06-24 20:43:00,34.2,Closed,2.0
TKT000892,4213-HKBJO,Billing Dispute,Medium,Mobile App,2026-03-19 22:18:00,,,Escalated,
TKT000893,2625-TRCZQ,Broadband Outage,High,Web Portal,2026-06-21 10:18:00,,,In Progress,
TKT000894,2235-ZGKPT,Billing Dispute,Medium,Retail Store,2026-06-07 20:30:00,,,In Progress,
TKT000895,7103-IPXPJ,Plan Modification,Low,Chatbot,2026-08-19 10:51:00,2026-08-22 10:15:00,71.4,Closed,3.0
TKT000896,1163-VIPRI,Plan Modification,High,Mobile App,2026-06-12 08:52:00,2026-06-13 06:52:00,22.0,Resolved,3.0
TKT000897,5982-XMDEX,Billing Dispute,Critical,Retail Store,2026-08-31 23:16:00,,,Escalated,
TKT000898,6741-EGCBI,Broadband Outage,Low,Web Portal,2026-05-25 21:06:00,,,In Progress,
TKT000899,1436-ZMJAN,Network Slowdown,High,Web Portal,2026-01-24 21:17:00,2026-01-26 22:29:00,49.2,Resolved,3.0
TKT000900,6365-MTGZX,Billing Dispute,Low,Chatbot,2026-01-05 08:47:00,2026-01-07 13:35:00,52.8,Closed,2.0
TKT000901,6818-WOBHJ,Roaming Issue,Critical,Chatbot,2026-03-11 18:05:00,2026-03-13 21:05:00,51.0,Resolved,2.0
TKT000902,2530-ENDWQ,SIM Issue,High,Chatbot,2026-06-24 21:51:00,,,In Progress,
TKT000903,9300-AGZNL,Billing Dispute,Low,Chatbot,2026-03-24 21:40:00,2026-03-26 21:46:00,48.1,Resolved,1.0
TKT000904,2833-SLKDQ,Call Drops,High,Chatbot,2026-06-14 16:25:00,2026-06-15 04:31:00,12.1,Closed,1.0
TKT000905,8292-TYSPY,Plan Modification,High,Chatbot,2026-04-25 12:43:00,2026-04-27 00:25:00,35.7,Closed,1.0
TKT000906,5380-WJKOV,Call Drops,Medium,Web Portal,2026-01-19 18:39:00,2026-01-21 23:51:00,53.2,Closed,2.0
TKT000907,4990-ALDGW,Roaming Issue,Low,Retail Store,2026-02-14 14:54:00,2026-02-14 20:24:00,5.5,Closed,1.0
TKT000908,7978-DKUQH,Call Drops,High,Web Portal,2026-04-18 09:28:00,2026-04-20 11:16:00,49.8,Closed,5.0
TKT000909,0596-BQCEQ,SIM Issue,High,Mobile App,2026-02-23 16:46:00,,,In Progress,
TKT000910,2430-USGXP,Broadband Outage,Low,Chatbot,2026-03-30 08:50:00,2026-03-31 23:26:00,38.6,Resolved,2.0
TKT000911,4827-DPADN,Broadband Outage,High,Chatbot,2026-08-26 20:22:00,,,In Progress,
TKT000912,8822-KNBHV,Billing Dispute,Low,Call Center,2026-05-10 17:19:00,2026-05-11 04:37:00,11.3,Resolved,4.0
TKT000913,4636-JGAAI,Plan Modification,Low,Web Portal,2026-01-05 10:45:00,2026-01-05 17:15:00,6.5,Closed,3.0
TKT000914,1336-EZFZY,Roaming Issue,Medium,Retail Store,2026-06-11 10:42:00,2026-06-12 14:24:00,27.7,Resolved,3.0
TKT000915,0853-TWRVK,SIM Issue,High,Chatbot,2026-01-03 23:59:00,2026-01-05 09:47:00,33.8,Resolved,5.0
TKT000916,2968-SSGAA,Call Drops,Medium,Mobile App,2026-05-20 09:07:00,,,In Progress,
TKT000917,5442-UTCVD,Roaming Issue,Critical,Call Center,2026-06-15 20:31:00,2026-06-15 22:37:00,2.1,Closed,3.0
TKT000918,2885-HIJDH,Plan Modification,High,Web Portal,2026-01-19 15:21:00,2026-01-22 00:45:00,57.4,Closed,3.0
TKT000919,9889-TMAHG,Call Drops,Low,Web Portal,2026-03-31 21:28:00,,,In Progress,
TKT000920,5716-LIBJC,Broadband Outage,Medium,Web Portal,2026-04-07 11:43:00,,,Escalated,
TKT000921,0859-YGKFW,Call Drops,Critical,Chatbot,2026-03-14 22:15:00,2026-03-17 20:09:00,69.9,Closed,2.0
TKT000922,7481-ATQQS,Plan Modification,Medium,Retail Store,2026-04-01 13:32:00,2026-04-04 13:08:00,71.6,Resolved,2.0
TKT000923,6705-LNMDD,Billing Dispute,Critical,Call Center,2026-06-14 18:43:00,,,In Progress,
TKT000924,5820-PTRYM,Roaming Issue,Low,Chatbot,2026-04-07 21:41:00,,,Escalated,
TKT000925,6360-SVNWV,Call Drops,Medium,Mobile App,2026-01-16 08:55:00,2026-01-17 22:01:00,37.1,Resolved,3.0
TKT000926,7314-OXENN,Billing Dispute,Critical,Web Portal,2026-03-27 15:43:00,2026-03-29 19:01:00,51.3,Closed,3.0
TKT000927,6261-RCVNS,Broadband Outage,Critical,Call Center,2026-06-23 16:12:00,2026-06-25 13:54:00,45.7,Closed,3.0
TKT000928,5442-BHQNG,Billing Dispute,Medium,Retail Store,2026-07-31 19:45:00,2026-08-01 06:15:00,10.5,Closed,3.0
TKT000929,3707-GNWHM,Network Slowdown,Critical,Call Center,2026-05-16 15:04:00,2026-05-17 16:28:00,25.4,Closed,2.0
TKT000930,0475-RIJEP,Broadband Outage,High,Retail Store,2026-04-06 21:49:00,2026-04-07 20:07:00,22.3,Resolved,2.0
TKT000931,4476-OSWTN,Plan Modification,Medium,Mobile App,2026-03-06 07:16:00,,,In Progress,
TKT000932,9481-SFCQY,SIM Issue,High,Retail Store,2026-03-02 15:14:00,2026-03-03 12:26:00,21.2,Closed,2.0
TKT000933,3285-UCQVC,Plan Modification,Low,Web Portal,2026-06-15 13:38:00,2026-06-16 06:44:00,17.1,Closed,2.0
TKT000934,9631-RXVJM,Network Slowdown,High,Retail Store,2026-01-11 23:16:00,2026-01-14 07:04:00,55.8,Closed,5.0
TKT000935,8327-LZKAS,Broadband Outage,High,Mobile App,2026-06-25 14:09:00,2026-06-27 19:45:00,53.6,Closed,1.0
TKT000936,2160-GPFXD,Broadband Outage,Low,Call Center,2026-01-18 07:27:00,2026-01-18 18:03:00,10.6,Closed,3.0
TKT000937,1623-NLDOT,Billing Dispute,Critical,Chatbot,2026-06-12 14:31:00,,,Escalated,
TKT000938,0374-IOEGQ,Plan Modification,High,Call Center,2026-01-31 08:38:00,,,In Progress,
TKT000939,6022-UGGSO,Plan Modification,Medium,Web Portal,2026-02-16 22:28:00,,,Escalated,
TKT000940,4957-TIALW,Call Drops,Medium,Web Portal,2026-07-20 23:28:00,,,In Progress,
TKT000941,0036-IHMOT,Billing Dispute,Low,Web Portal,2026-03-16 15:48:00,2026-03-17 11:30:00,19.7,Closed,1.0
TKT000942,1112-CUNAO,Network Slowdown,Critical,Call Center,2026-08-19 07:26:00,2026-08-21 19:56:00,60.5,Closed,2.0
TKT000943,1494-EJZDW,Call Drops,High,Retail Store,2026-03-01 22:17:00,2026-03-02 13:59:00,15.7,Resolved,1.0
TKT000944,1075-BGWOH,SIM Issue,Medium,Mobile App,2026-02-28 23:48:00,,,Escalated,
TKT000945,7207-RMRDB,Broadband Outage,High,Retail Store,2026-01-11 12:07:00,2026-01-11 15:31:00,3.4,Closed,3.0
TKT000946,6080-LNESI,Billing Dispute,Critical,Mobile App,2026-07-15 19:40:00,2026-07-18 11:16:00,63.6,Closed,3.0
TKT000947,5832-XKAES,Billing Dispute,Low,Web Portal,2026-08-20 16:03:00,2026-08-22 10:15:00,42.2,Closed,2.0
TKT000948,3339-EAQNV,Billing Dispute,Critical,Web Portal,2026-07-17 20:10:00,,,Escalated,
TKT000949,6022-KOUQO,Network Slowdown,High,Mobile App,2026-06-01 22:57:00,2026-06-02 11:03:00,12.1,Closed,3.0
TKT000950,6048-QBXKL,Call Drops,Critical,Call Center,2026-01-24 09:46:00,2026-01-26 23:40:00,61.9,Closed,3.0
TKT000951,1396-QWFBJ,Plan Modification,Critical,Call Center,2026-08-19 23:40:00,2026-08-21 10:22:00,34.7,Closed,3.0
TKT000952,2722-VOJQL,Roaming Issue,Medium,Retail Store,2026-06-04 07:53:00,,,In Progress,
TKT000953,4959-JOSRX,SIM Issue,Critical,Web Portal,2026-01-06 11:29:00,2026-01-06 12:41:00,1.2,Closed,1.0
TKT000954,0409-WTMPL,Call Drops,Critical,Chatbot,2026-05-19 08:06:00,2026-05-21 14:54:00,54.8,Closed,4.0
TKT000955,6483-OATDN,Broadband Outage,High,Call Center,2026-05-10 17:02:00,2026-05-11 15:32:00,22.5,Closed,3.0
TKT000956,1678-FYZOW,Network Slowdown,High,Web Portal,2026-05-03 11:20:00,2026-05-04 20:08:00,32.8,Resolved,2.0
TKT000957,7995-ZHHNZ,Roaming Issue,Medium,Retail Store,2026-07-07 15:40:00,,,Escalated,
TKT000958,6518-LGAOV,Broadband Outage,Critical,Web Portal,2026-08-29 23:10:00,2026-09-01 00:16:00,49.1,Resolved,2.0
TKT000959,6859-QNXIQ,Network Slowdown,Critical,Chatbot,2026-04-22 15:49:00,2026-04-24 09:13:00,41.4,Closed,4.0
TKT000960,3055-MJDSB,Billing Dispute,Medium,Retail Store,2026-06-01 22:10:00,2026-06-04 07:58:00,57.8,Closed,5.0
TKT000961,6791-YBNAK,Network Slowdown,Medium,Call Center,2026-03-01 17:13:00,,,Escalated,
TKT000962,2761-OCIAX,Call Drops,Low,Call Center,2026-06-17 11:19:00,2026-06-18 22:43:00,35.4,Closed,1.0
TKT000963,0657-DOGUM,Broadband Outage,Critical,Mobile App,2026-02-17 17:01:00,2026-02-19 22:31:00,53.5,Closed,2.0
TKT000964,2480-JZOSN,Broadband Outage,Low,Mobile App,2026-01-01 12:38:00,2026-01-01 18:56:00,6.3,Closed,3.0
TKT000965,6595-YGXIT,Roaming Issue,Low,Retail Store,2026-07-07 14:21:00,,,Escalated,
TKT000966,8646-JCOMS,Call Drops,Critical,Call Center,2026-07-27 09:31:00,,,In Progress,
TKT000967,2080-GKCWQ,Plan Modification,Critical,Call Center,2026-03-07 17:16:00,2026-03-09 09:22:00,40.1,Closed,2.0
TKT000968,1585-MQSSU,Network Slowdown,Low,Mobile App,2026-04-06 15:37:00,,,Escalated,
TKT000969,7409-KIUTL,Broadband Outage,Critical,Call Center,2026-08-19 23:51:00,2026-08-22 07:39:00,55.8,Closed,3.0
TKT000970,9391-TTOYH,Broadband Outage,Medium,Web Portal,2026-07-17 12:00:00,,,In Progress,
TKT000971,2794-XIMMO,Roaming Issue,Critical,Call Center,2026-06-13 13:20:00,2026-06-16 01:38:00,60.3,Closed,3.0
TKT000972,6440-DKQGE,Billing Dispute,High,Chatbot,2026-01-29 10:14:00,,,In Progress,
TKT000973,5519-YLDGW,Plan Modification,Medium,Retail Store,2026-08-13 12:12:00,2026-08-13 22:36:00,10.4,Closed,2.0
TKT000974,9945-PSVIP,Roaming Issue,Medium,Web Portal,2026-05-02 18:29:00,2026-05-03 19:35:00,25.1,Resolved,3.0
TKT000975,6651-AZVTJ,Billing Dispute,Critical,Chatbot,2026-04-09 09:09:00,,,Escalated,
TKT000976,9546-CQJSU,Billing Dispute,High,Web Portal,2026-06-23 07:03:00,,,Escalated,
TKT000977,9135-HSWOC,Call Drops,Medium,Web Portal,2026-08-14 20:29:00,2026-08-16 06:29:00,34.0,Resolved,5.0
TKT000978,7365-BVCJH,Call Drops,High,Chatbot,2026-03-11 07:43:00,2026-03-13 15:13:00,55.5,Resolved,4.0
TKT000979,1218-VKFPE,Network Slowdown,Medium,Chatbot,2026-05-03 08:32:00,,,Escalated,
TKT000980,7242-QZLXF,Network Slowdown,Low,Call Center,2026-02-21 08:11:00,2026-02-21 15:05:00,6.9,Closed,2.0
TKT000981,2578-JQPHZ,Billing Dispute,Low,Chatbot,2026-04-29 14:03:00,2026-05-01 00:03:00,34.0,Closed,1.0
TKT000982,8048-DSDFQ,Roaming Issue,High,Web Portal,2026-08-11 23:43:00,,,In Progress,
TKT000983,5583-SXDAG,Roaming Issue,Critical,Chatbot,2026-01-04 18:59:00,2026-01-06 02:05:00,31.1,Closed,1.0
TKT000984,5299-SJCZT,Call Drops,Medium,Call Center,2026-08-08 12:09:00,2026-08-08 17:39:00,5.5,Closed,1.0
TKT000985,1587-FKLZB,Network Slowdown,High,Web Portal,2026-01-16 21:54:00,2026-01-17 09:12:00,11.3,Resolved,2.0
TKT000986,6497-TILVL,Network Slowdown,High,Web Portal,2026-05-18 21:29:00,,,In Progress,
TKT000987,5485-WUYWF,Roaming Issue,High,Call Center,2026-04-01 17:10:00,,,Escalated,
TKT000988,7580-UGXNC,Network Slowdown,Low,Web Portal,2026-02-16 16:26:00,2026-02-19 03:56:00,59.5,Closed,3.0
TKT000989,3976-BWUCK,SIM Issue,Low,Web Portal,2026-03-11 15:51:00,2026-03-12 02:57:00,11.1,Closed,1.0
TKT000990,6641-XRPSU,Broadband Outage,Medium,Call Center,2026-07-06 07:06:00,,,Escalated,
TKT000991,9776-CLUJA,Billing Dispute,Critical,Mobile App,2026-06-07 13:00:00,,,In Progress,
TKT000992,3068-OMWZA,Broadband Outage,Medium,Web Portal,2026-02-24 23:48:00,,,Escalated,
TKT000993,8943-URTMR,Plan Modification,Low,Chatbot,2026-04-09 07:29:00,2026-04-09 13:17:00,5.8,Closed,3.0
TKT000994,4210-QFJMF,Plan Modification,Medium,Web Portal,2026-08-03 18:19:00,,,Escalated,
TKT000995,7633-MVPUY,Call Drops,Medium,Call Center,2026-01-27 16:11:00,2026-01-30 11:53:00,67.7,Closed,2.0
TKT000996,3057-VJJQE,Plan Modification,Medium,Web Portal,2026-08-15 09:00:00,2026-08-17 08:48:00,47.8,Closed,5.0
TKT000997,8149-RSOUN,Plan Modification,Low,Call Center,2026-01-15 08:12:00,2026-01-17 10:48:00,50.6,Closed,2.0
TKT000998,9465-RWMXL,Plan Modification,Medium,Call Center,2026-01-08 18:02:00,2026-01-10 14:50:00,44.8,Resolved,2.0
TKT000999,3874-EQOEP,Billing Dispute,High,Chatbot,2026-01-19 13:01:00,,,In Progress,
TKT001000,1591-XWLGB,SIM Issue,High,Web Portal,2026-03-09 07:04:00,,,In Progress,
TKT001001,2121-JAFOM,SIM Issue,High,Mobile App,2026-02-09 23:08:00,2026-02-11 17:14:00,42.1,Closed,3.0
TKT001002,6175-IRFIT,Network Slowdown,High,Web Portal,2026-05-31 20:27:00,2026-06-03 14:03:00,65.6,Closed,3.0
TKT001003,9208-OLGAQ,Broadband Outage,Medium,Web Portal,2026-05-12 13:01:00,,,Escalated,
TKT001004,4958-XCBDQ,Roaming Issue,High,Mobile App,2026-05-22 10:47:00,,,Escalated,
TKT001005,4929-BSTRX,SIM Issue,Critical,Retail Store,2026-02-18 11:47:00,2026-02-18 19:17:00,7.5,Closed,3.0
TKT001006,0921-OHLVP,Call Drops,High,Web Portal,2026-02-12 12:31:00,2026-02-14 02:07:00,37.6,Resolved,4.0
TKT001007,7638-QVMVY,Broadband Outage,Critical,Chatbot,2026-08-06 18:10:00,2026-08-08 13:16:00,43.1,Resolved,1.0
TKT001008,6906-MPARY,Network Slowdown,High,Call Center,2026-04-15 15:28:00,,,In Progress,
TKT001009,7365-BVCJH,Network Slowdown,Critical,Web Portal,2026-01-13 12:23:00,2026-01-13 14:23:00,2.0,Closed,4.0
TKT001010,9825-YCXWZ,Broadband Outage,Critical,Retail Store,2026-05-07 11:40:00,,,In Progress,
TKT001011,6261-LHRTG,Roaming Issue,High,Retail Store,2026-04-14 08:16:00,2026-04-14 19:16:00,11.0,Closed,5.0
TKT001012,9251-WNSOD,Call Drops,Medium,Chatbot,2026-07-24 13:11:00,,,In Progress,
TKT001013,9850-OWRHQ,SIM Issue,Low,Mobile App,2026-05-23 18:13:00,2026-05-24 20:07:00,25.9,Closed,2.0
TKT001014,2249-YPRNG,SIM Issue,Medium,Chatbot,2026-04-08 07:12:00,,,Escalated,
TKT001015,0979-PHULV,Call Drops,Low,Call Center,2026-08-28 21:47:00,,,Escalated,
TKT001016,3334-CTHOL,Network Slowdown,Low,Web Portal,2026-04-06 14:06:00,2026-04-08 11:42:00,45.6,Resolved,2.0
TKT001017,9172-JITSM,Network Slowdown,Low,Call Center,2026-05-23 20:58:00,,,In Progress,
TKT001018,2833-SLKDQ,Roaming Issue,Low,Call Center,2026-06-24 15:36:00,2026-06-25 00:36:00,9.0,Closed,3.0
TKT001019,4640-UHDOS,Billing Dispute,Medium,Retail Store,2026-07-16 15:59:00,2026-07-18 16:47:00,48.8,Resolved,1.0
TKT001020,4323-SADQS,Broadband Outage,Medium,Mobile App,2026-06-13 09:21:00,2026-06-14 07:57:00,22.6,Resolved,1.0
TKT001021,9231-ZJYAM,Billing Dispute,Critical,Retail Store,2026-07-12 21:18:00,2026-07-13 09:30:00,12.2,Closed,1.0
TKT001022,0265-EDXBD,Broadband Outage,Low,Retail Store,2026-04-02 15:59:00,,,In Progress,
TKT001023,8399-YNDCH,Plan Modification,Medium,Web Portal,2026-05-15 10:14:00,2026-05-15 11:56:00,1.7,Resolved,3.0
TKT001024,4195-SMMNX,Billing Dispute,Critical,Call Center,2026-05-31 07:15:00,2026-06-01 16:27:00,33.2,Resolved,1.0
TKT001025,6892-EZDTG,Plan Modification,Medium,Call Center,2026-07-16 21:28:00,,,Escalated,
TKT001026,8231-BSWXX,SIM Issue,Critical,Web Portal,2026-01-04 16:44:00,,,Escalated,
TKT001027,3283-WCWXT,Call Drops,High,Chatbot,2026-06-29 20:32:00,,,In Progress,
TKT001028,5956-YHHRX,Call Drops,Critical,Chatbot,2026-07-12 14:37:00,2026-07-15 00:07:00,57.5,Closed,5.0
TKT001029,4323-OHFOW,Call Drops,Medium,Chatbot,2026-06-03 09:26:00,,,Escalated,
TKT001030,7668-XCFYV,SIM Issue,Critical,Retail Store,2026-01-13 15:05:00,2026-01-15 23:35:00,56.5,Closed,3.0
TKT001031,5052-PNLOS,Call Drops,Critical,Mobile App,2026-03-19 10:13:00,2026-03-19 15:55:00,5.7,Closed,3.0
TKT001032,1702-CCFNJ,Call Drops,Low,Retail Store,2026-06-19 18:02:00,2026-06-22 03:14:00,57.2,Closed,5.0
TKT001033,8364-TRMMK,Call Drops,Medium,Retail Store,2026-06-29 22:06:00,,,Escalated,
TKT001034,4706-AXVKM,Call Drops,High,Chatbot,2026-01-22 11:25:00,,,In Progress,
TKT001035,4729-XKASR,Plan Modification,Low,Mobile App,2026-05-15 14:47:00,2026-05-15 22:41:00,7.9,Closed,1.0
TKT001036,1475-VWVDO,SIM Issue,High,Web Portal,2026-07-08 11:36:00,,,Escalated,
TKT001037,7131-ZQZNK,Broadband Outage,Medium,Call Center,2026-02-27 18:49:00,2026-03-01 20:49:00,50.0,Closed,5.0
TKT001038,5968-HYJRZ,Call Drops,High,Web Portal,2026-07-14 17:14:00,2026-07-15 07:50:00,14.6,Closed,3.0
TKT001039,9290-SHCMB,Broadband Outage,Critical,Retail Store,2026-06-24 18:35:00,,,In Progress,
TKT001040,5609-IMCGG,Billing Dispute,Critical,Mobile App,2026-02-24 12:31:00,2026-02-25 01:31:00,13.0,Closed,5.0
TKT001041,8915-NNTRC,SIM Issue,Critical,Chatbot,2026-07-07 14:38:00,2026-07-08 13:14:00,22.6,Closed,4.0
TKT001042,4831-EOBFE,Broadband Outage,Critical,Web Portal,2026-04-02 08:02:00,,,Escalated,
TKT001043,8949-JTMAY,Call Drops,High,Web Portal,2026-03-03 11:13:00,2026-03-05 02:31:00,39.3,Resolved,1.0
TKT001044,2267-WTPYD,Roaming Issue,Medium,Mobile App,2026-06-21 17:46:00,2026-06-22 10:40:00,16.9,Resolved,2.0
TKT001045,5275-SQEIZ,Call Drops,Medium,Mobile App,2026-02-12 11:59:00,2026-02-13 21:41:00,33.7,Resolved,2.0
TKT001046,6923-EFPNL,Call Drops,Medium,Retail Store,2026-06-13 19:20:00,2026-06-14 03:50:00,8.5,Resolved,1.0
TKT001047,1583-IHQZE,Roaming Issue,Critical,Web Portal,2026-01-11 23:14:00,,,In Progress,
TKT001048,6959-GQEGV,Call Drops,High,Call Center,2026-07-30 14:05:00,2026-08-01 05:11:00,39.1,Closed,1.0
TKT001049,7338-ERIVA,Billing Dispute,Critical,Retail Store,2026-07-25 09:46:00,2026-07-28 07:22:00,69.6,Closed,5.0
TKT001050,4285-GYRQC,Plan Modification,High,Call Center,2026-07-04 11:22:00,2026-07-07 03:46:00,64.4,Closed,1.0
TKT001051,4029-HPFVY,Network Slowdown,Medium,Call Center,2026-05-16 07:53:00,2026-05-16 16:41:00,8.8,Resolved,5.0
TKT001052,8869-TORSS,Plan Modification,Low,Chatbot,2026-03-09 19:03:00,2026-03-11 14:39:00,43.6,Closed,3.0
TKT001053,2108-XWMPY,Billing Dispute,Critical,Retail Store,2026-01-02 07:31:00,2026-01-03 22:55:00,39.4,Closed,3.0
TKT001054,6702-OHFWR,SIM Issue,High,Retail Store,2026-07-09 17:42:00,2026-07-12 04:36:00,58.9,Resolved,2.0
TKT001055,3902-FOIGH,Plan Modification,Medium,Mobile App,2026-04-08 09:28:00,,,Escalated,
TKT001056,8375-DKEBR,Roaming Issue,Critical,Retail Store,2026-07-29 19:26:00,2026-07-31 16:14:00,44.8,Closed,3.0
TKT001057,9488-HGMJH,Broadband Outage,High,Call Center,2026-05-25 12:07:00,2026-05-27 08:13:00,44.1,Closed,1.0
TKT001058,5504-WSIUR,Broadband Outage,Medium,Call Center,2026-07-27 16:50:00,,,In Progress,
TKT001059,2911-UREFD,SIM Issue,Critical,Chatbot,2026-04-27 23:46:00,,,In Progress,
TKT001060,5539-TMZLF,Call Drops,Medium,Retail Store,2026-06-20 16:49:00,,,Escalated,
TKT001061,9647-ERGBE,Call Drops,Medium,Web Portal,2026-06-22 12:54:00,2026-06-22 17:54:00,5.0,Closed,1.0
TKT001062,5380-AFSSK,Broadband Outage,Medium,Web Portal,2026-08-27 10:51:00,,,In Progress,
TKT001063,2137-DQMEV,Network Slowdown,Medium,Mobile App,2026-05-15 12:12:00,2026-05-16 17:42:00,29.5,Closed,5.0
TKT001064,6029-WTIPC,Broadband Outage,Medium,Chatbot,2026-03-31 08:38:00,2026-04-02 09:44:00,49.1,Resolved,2.0
TKT001065,1120-BMWUB,Plan Modification,Medium,Web Portal,2026-01-13 21:03:00,2026-01-14 06:57:00,9.9,Resolved,2.0
TKT001066,0562-KBDVM,Network Slowdown,Critical,Web Portal,2026-05-24 21:05:00,2026-05-27 07:59:00,58.9,Closed,2.0
TKT001067,4282-YMKNA,Roaming Issue,High,Chatbot,2026-01-20 14:47:00,2026-01-20 15:53:00,1.1,Resolved,1.0
TKT001068,7851-FLGGQ,SIM Issue,Critical,Retail Store,2026-03-14 10:58:00,2026-03-14 20:16:00,9.3,Closed,1.0
TKT001069,9695-IDRZR,SIM Issue,Critical,Mobile App,2026-07-30 11:40:00,2026-07-31 12:04:00,24.4,Resolved,3.0
TKT001070,1970-KKFWL,Broadband Outage,Low,Retail Store,2026-01-11 16:44:00,,,Escalated,
TKT001071,4250-FDVOU,Call Drops,Medium,Web Portal,2026-05-28 09:44:00,,,In Progress,
TKT001072,5176-LMJXE,Billing Dispute,Critical,Call Center,2026-07-25 09:32:00,,,Escalated,
TKT001073,7450-NWRTR,Plan Modification,High,Retail Store,2026-07-30 17:10:00,2026-07-31 00:46:00,7.6,Closed,3.0
TKT001074,9378-FXTIZ,SIM Issue,Medium,Retail Store,2026-03-11 07:23:00,2026-03-13 16:17:00,56.9,Resolved,3.0
TKT001075,9625-QSTYE,Roaming Issue,Medium,Call Center,2026-06-05 10:53:00,2026-06-05 11:53:00,1.0,Closed,3.0
TKT001076,3948-XHGNA,Network Slowdown,Medium,Call Center,2026-07-18 07:56:00,2026-07-20 16:26:00,56.5,Resolved,2.0
TKT001077,7776-QGYJC,Roaming Issue,Low,Chatbot,2026-01-09 23:25:00,2026-01-11 21:49:00,46.4,Closed,3.0
TKT001078,3633-CDBUW,Plan Modification,Critical,Retail Store,2026-08-29 10:26:00,,,In Progress,
TKT001079,9586-JGQKH,Call Drops,High,Call Center,2026-07-29 19:44:00,,,Escalated,
TKT001080,4500-HKANN,Plan Modification,High,Call Center,2026-07-15 13:55:00,2026-07-15 23:55:00,10.0,Closed,3.0
TKT001081,7542-CYDDM,Network Slowdown,High,Retail Store,2026-08-14 14:23:00,,,Escalated,
TKT001082,2074-GKOWZ,Roaming Issue,Low,Web Portal,2026-04-30 09:03:00,2026-04-30 12:45:00,3.7,Closed,3.0
TKT001083,5261-QSHQM,Network Slowdown,Medium,Retail Store,2026-01-14 13:23:00,2026-01-15 03:35:00,14.2,Closed,3.0
TKT001084,8464-EETCQ,Broadband Outage,Critical,Web Portal,2026-02-25 12:58:00,,,In Progress,
TKT001085,0979-PHULV,Billing Dispute,Critical,Retail Store,2026-04-09 15:26:00,2026-04-11 19:08:00,51.7,Closed,1.0
TKT001086,0495-RVCBF,Broadband Outage,Low,Web Portal,2026-03-04 15:36:00,2026-03-05 21:36:00,30.0,Resolved,2.0
TKT001087,3091-FYHKI,Billing Dispute,Low,Retail Store,2026-06-10 09:23:00,2026-06-13 04:41:00,67.3,Closed,2.0
TKT001088,4989-LIXVT,Plan Modification,High,Chatbot,2026-04-22 12:04:00,2026-04-25 00:16:00,60.2,Closed,4.0
TKT001089,3320-VEOYC,Call Drops,Critical,Mobile App,2026-01-14 19:21:00,2026-01-15 21:45:00,26.4,Resolved,4.0
TKT001090,1073-XXCZD,Network Slowdown,High,Retail Store,2026-02-07 10:08:00,,,Escalated,
TKT001091,5338-YHWYT,Call Drops,Low,Chatbot,2026-04-10 12:10:00,2026-04-12 08:22:00,44.2,Closed,4.0
TKT001092,0374-IOEGQ,Broadband Outage,Critical,Mobile App,2026-06-01 15:12:00,2026-06-03 10:54:00,43.7,Closed,4.0
TKT001093,6585-WCEWR,Roaming Issue,Critical,Mobile App,2026-02-01 20:39:00,2026-02-04 10:21:00,61.7,Resolved,3.0
TKT001094,5214-NLTIT,Call Drops,High,Chatbot,2026-06-17 12:36:00,,,Escalated,
TKT001095,6892-EZDTG,Roaming Issue,Medium,Web Portal,2026-04-30 15:12:00,2026-05-02 07:30:00,40.3,Resolved,3.0
TKT001096,4505-EXZHB,SIM Issue,High,Call Center,2026-04-15 12:32:00,2026-04-17 19:32:00,55.0,Resolved,3.0
TKT001097,0268-QKIWO,Plan Modification,Medium,Call Center,2026-01-26 10:32:00,,,In Progress,
TKT001098,9889-TMAHG,Roaming Issue,Low,Call Center,2026-03-15 20:48:00,2026-03-18 16:18:00,67.5,Closed,1.0
TKT001099,7492-TAFJD,Call Drops,Critical,Retail Store,2026-01-01 14:15:00,,,Escalated,
TKT001100,4628-WQCQQ,Roaming Issue,Critical,Retail Store,2026-03-14 22:23:00,2026-03-17 05:41:00,55.3,Closed,2.0
TKT001101,4789-KWMXN,Broadband Outage,Low,Mobile App,2026-08-22 20:32:00,,,Escalated,
TKT001102,1568-BEKZM,Broadband Outage,High,Chatbot,2026-07-13 11:47:00,,,Escalated,
TKT001103,0378-CJKPV,Call Drops,Low,Chatbot,2026-04-16 14:19:00,,,In Progress,
TKT001104,3518-PZXZQ,SIM Issue,Critical,Chatbot,2026-08-29 17:46:00,,,Escalated,
TKT001105,3415-TAILE,Plan Modification,Low,Retail Store,2026-02-28 07:11:00,2026-03-01 08:11:00,25.0,Closed,2.0
TKT001106,5727-MYATE,SIM Issue,Medium,Chatbot,2026-02-25 21:01:00,2026-02-26 18:49:00,21.8,Resolved,5.0
TKT001107,8065-YKXKD,Broadband Outage,Low,Call Center,2026-07-14 12:02:00,,,Escalated,
TKT001108,1396-QWFBJ,Roaming Issue,Low,Mobile App,2026-05-20 23:55:00,2026-05-22 15:25:00,39.5,Resolved,3.0
TKT001109,5293-WXJAK,Plan Modification,Critical,Call Center,2026-05-30 07:29:00,2026-05-30 16:53:00,9.4,Closed,2.0
TKT001110,4521-YEEHE,Roaming Issue,Low,Mobile App,2026-01-31 10:39:00,2026-02-03 06:57:00,68.3,Closed,4.0
TKT001111,8642-GVWRF,Network Slowdown,Low,Call Center,2026-02-15 18:21:00,,,In Progress,
TKT001112,6941-KXRRV,Broadband Outage,Critical,Retail Store,2026-01-12 09:22:00,2026-01-14 06:28:00,45.1,Closed,5.0
TKT001113,8106-GWQOK,Network Slowdown,High,Call Center,2026-03-16 10:35:00,2026-03-16 22:05:00,11.5,Resolved,1.0
TKT001114,6410-LEFEN,SIM Issue,Low,Web Portal,2026-01-13 12:58:00,2026-01-13 15:04:00,2.1,Resolved,3.0
TKT001115,6128-CZOMY,Plan Modification,Low,Mobile App,2026-01-23 17:23:00,2026-01-25 12:35:00,43.2,Resolved,1.0
TKT001116,4349-GFQHK,Call Drops,Critical,Chatbot,2026-05-02 17:03:00,2026-05-05 05:33:00,60.5,Closed,2.0
TKT001117,2266-SJNAT,Billing Dispute,High,Call Center,2026-06-18 12:11:00,,,In Progress,
TKT001118,3566-HJGPK,Plan Modification,Critical,Web Portal,2026-02-16 17:49:00,2026-02-18 06:49:00,37.0,Closed,3.0
TKT001119,3524-WQDSG,Broadband Outage,Low,Call Center,2026-04-27 17:13:00,2026-04-30 09:13:00,64.0,Closed,3.0
TKT001120,3400-ESFUW,Billing Dispute,Low,Web Portal,2026-04-29 09:00:00,2026-04-30 04:48:00,19.8,Closed,1.0
TKT001121,8229-TNIQA,Plan Modification,Medium,Web Portal,2026-05-14 20:22:00,,,Escalated,
TKT001122,5150-ITWWB,Call Drops,High,Web Portal,2026-03-08 15:47:00,2026-03-09 08:41:00,16.9,Closed,3.0
TKT001123,0963-ZBDRN,Roaming Issue,High,Call Center,2026-01-04 15:04:00,2026-01-07 05:28:00,62.4,Resolved,2.0
TKT001124,4827-DPADN,Roaming Issue,Medium,Web Portal,2026-04-06 16:38:00,,,In Progress,
TKT001125,3654-ARMGP,Network Slowdown,High,Mobile App,2026-06-14 20:23:00,2026-06-17 10:11:00,61.8,Closed,5.0
TKT001126,2054-PJOCK,Roaming Issue,Critical,Call Center,2026-02-20 07:56:00,,,In Progress,
TKT001127,4210-QFJMF,SIM Issue,Medium,Chatbot,2026-06-08 20:27:00,,,In Progress,
TKT001128,7000-WCEVQ,Billing Dispute,High,Call Center,2026-03-15 08:42:00,,,Escalated,
TKT001129,0746-JTRFU,Roaming Issue,High,Call Center,2026-03-01 17:06:00,2026-03-02 02:54:00,9.8,Closed,1.0
TKT001130,0696-UKTOX,Call Drops,Medium,Web Portal,2026-08-25 09:17:00,2026-08-27 21:29:00,60.2,Closed,1.0
TKT001131,9972-VAFJJ,SIM Issue,High,Retail Store,2026-06-18 22:56:00,2026-06-19 10:02:00,11.1,Closed,4.0
TKT001132,2212-LYASK,Roaming Issue,High,Mobile App,2026-06-30 19:32:00,2026-07-02 05:50:00,34.3,Closed,4.0
TKT001133,6885-PKOAM,Broadband Outage,Low,Chatbot,2026-05-27 12:22:00,2026-05-27 22:46:00,10.4,Resolved,3.0
TKT001134,4915-BFSXL,Plan Modification,Medium,Call Center,2026-08-25 19:32:00,2026-08-27 14:38:00,43.1,Closed,3.0
TKT001135,7694-VLBWQ,Billing Dispute,Medium,Chatbot,2026-08-09 12:46:00,2026-08-11 05:52:00,41.1,Resolved,1.0
TKT001136,5956-YHHRX,Broadband Outage,Low,Web Portal,2026-08-01 23:20:00,,,In Progress,
TKT001137,0946-FKYTX,SIM Issue,Critical,Web Portal,2026-03-17 14:35:00,2026-03-19 17:35:00,51.0,Closed,5.0
TKT001138,0320-JDNQG,Network Slowdown,Medium,Web Portal,2026-05-01 13:26:00,2026-05-03 09:50:00,44.4,Closed,2.0
TKT001139,4550-VBOFE,Network Slowdown,Critical,Chatbot,2026-03-31 07:28:00,,,Escalated,
TKT001140,6023-YEBUP,Billing Dispute,Low,Call Center,2026-06-21 11:33:00,,,Escalated,
TKT001141,8676-TRMJS,Billing Dispute,Critical,Call Center,2026-07-10 13:40:00,,,Escalated,
TKT001142,0730-BGQGF,Billing Dispute,Critical,Call Center,2026-04-17 13:54:00,,,Escalated,
TKT001143,5501-TVMGM,Roaming Issue,High,Mobile App,2026-08-06 10:36:00,2026-08-07 15:18:00,28.7,Closed,2.0
TKT001144,4806-HIPDW,SIM Issue,Low,Chatbot,2026-05-17 11:17:00,,,In Progress,
TKT001145,8780-YRMTT,Billing Dispute,Critical,Call Center,2026-03-07 14:46:00,2026-03-10 00:58:00,58.2,Resolved,3.0
TKT001146,7979-CORPM,Roaming Issue,High,Chatbot,2026-07-26 17:37:00,2026-07-27 03:31:00,9.9,Closed,1.0
TKT001147,7206-GZCDC,Roaming Issue,Critical,Retail Store,2026-05-15 21:13:00,2026-05-16 18:31:00,21.3,Closed,2.0
TKT001148,8402-OOOHJ,Broadband Outage,Low,Retail Store,2026-03-09 16:47:00,2026-03-09 23:05:00,6.3,Closed,1.0
TKT001149,5108-ADXWO,Network Slowdown,Critical,Mobile App,2026-02-08 11:18:00,,,Escalated,
TKT001150,5519-TEEUH,Broadband Outage,Medium,Chatbot,2026-06-30 11:24:00,2026-07-01 17:18:00,29.9,Resolved,4.0
TKT001151,3058-HJCUY,Roaming Issue,Medium,Retail Store,2026-03-28 12:58:00,2026-03-30 21:46:00,56.8,Resolved,3.0
TKT001152,4597-NUCQV,Network Slowdown,High,Web Portal,2026-06-03 13:07:00,2026-06-05 07:07:00,42.0,Resolved,1.0
TKT001153,6559-PDZLR,Broadband Outage,Medium,Chatbot,2026-02-12 08:23:00,2026-02-14 01:41:00,41.3,Resolved,5.0
TKT001154,8388-FYNPZ,Call Drops,Critical,Web Portal,2026-05-29 10:38:00,,,Escalated,
TKT001155,7694-VLBWQ,SIM Issue,High,Mobile App,2026-08-08 07:15:00,,,Escalated,
TKT001156,6467-CHFZW,Billing Dispute,Low,Chatbot,2026-04-22 20:30:00,,,Escalated,
TKT001157,1031-IIDEO,Call Drops,Low,Retail Store,2026-07-01 19:32:00,2026-07-03 08:26:00,36.9,Resolved,1.0
TKT001158,4585-HETAI,Call Drops,Medium,Mobile App,2026-06-16 09:15:00,2026-06-17 18:15:00,33.0,Resolved,2.0
TKT001159,4190-MFLUW,Plan Modification,Medium,Chatbot,2026-08-04 16:24:00,2026-08-06 21:48:00,53.4,Closed,1.0
TKT001160,6892-XPFPU,Call Drops,Medium,Retail Store,2026-06-16 21:37:00,,,In Progress,
TKT001161,8259-NFJTV,SIM Issue,Critical,Call Center,2026-04-12 14:12:00,2026-04-14 08:36:00,42.4,Closed,3.0
TKT001162,6101-IMRMM,Billing Dispute,Medium,Retail Store,2026-06-29 08:43:00,2026-06-29 22:37:00,13.9,Closed,1.0
TKT001163,6434-TTGJP,Roaming Issue,Low,Mobile App,2026-07-24 20:11:00,2026-07-27 12:17:00,64.1,Resolved,2.0
TKT001164,6088-BXMRG,Billing Dispute,Critical,Mobile App,2026-03-23 10:06:00,,,In Progress,
TKT001165,2040-XBAVJ,Call Drops,Low,Chatbot,2026-02-20 23:35:00,,,Escalated,
TKT001166,6789-HJBWG,Plan Modification,Medium,Mobile App,2026-07-28 17:06:00,2026-07-30 09:06:00,40.0,Closed,3.0
TKT001167,6204-IEUXJ,SIM Issue,Critical,Web Portal,2026-04-18 07:31:00,,,In Progress,
TKT001168,2003-CKLOR,Roaming Issue,Medium,Call Center,2026-03-09 20:39:00,2026-03-11 17:45:00,45.1,Closed,1.0
TKT001169,8015-IHCGW,Billing Dispute,Medium,Retail Store,2026-02-06 07:06:00,2026-02-08 20:42:00,61.6,Closed,1.0
TKT001170,3627-FHKBK,Roaming Issue,Critical,Mobile App,2026-05-20 13:21:00,,,Escalated,
TKT001171,5372-FBKBN,Network Slowdown,Low,Chatbot,2026-04-13 11:02:00,2026-04-16 02:32:00,63.5,Resolved,5.0
TKT001172,4815-YOSUK,Billing Dispute,High,Web Portal,2026-07-20 20:52:00,,,Escalated,
TKT001173,6298-QDFNH,Network Slowdown,Critical,Call Center,2026-02-13 12:02:00,2026-02-15 18:20:00,54.3,Resolved,3.0
TKT001174,5474-LAMUQ,Billing Dispute,Medium,Call Center,2026-03-30 19:11:00,2026-03-30 20:47:00,1.6,Resolved,3.0
TKT001175,5644-PDMZC,SIM Issue,High,Retail Store,2026-01-29 22:41:00,2026-01-31 15:59:00,41.3,Closed,1.0
TKT001176,4913-EHYUI,SIM Issue,Critical,Chatbot,2026-06-13 15:11:00,2026-06-16 03:35:00,60.4,Closed,3.0
TKT001177,8587-XYZSF,Roaming Issue,Medium,Call Center,2026-02-09 10:18:00,2026-02-11 06:30:00,44.2,Closed,4.0
TKT001178,5293-WXJAK,Call Drops,High,Retail Store,2026-05-23 21:27:00,2026-05-25 03:45:00,30.3,Closed,1.0
TKT001179,6135-OZQVA,Billing Dispute,Medium,Mobile App,2026-07-25 21:51:00,2026-07-28 17:15:00,67.4,Closed,3.0
TKT001180,5143-WMWOG,Plan Modification,Low,Web Portal,2026-01-20 12:21:00,2026-01-23 03:15:00,62.9,Closed,2.0
TKT001181,1383-EZRWL,Roaming Issue,Medium,Mobile App,2026-05-14 07:53:00,2026-05-14 10:05:00,2.2,Closed,3.0
TKT001182,4990-ALDGW,Roaming Issue,High,Chatbot,2026-06-07 14:02:00,2026-06-07 16:14:00,2.2,Resolved,2.0
TKT001183,5968-XQIVE,Roaming Issue,Critical,Mobile App,2026-08-21 20:19:00,,,Escalated,
TKT001184,1471-GIQKQ,Call Drops,Low,Web Portal,2026-04-14 20:07:00,,,In Progress,
TKT001185,0564-JJHGS,Billing Dispute,Medium,Web Portal,2026-04-26 15:18:00,2026-04-29 13:18:00,70.0,Closed,2.0
TKT001186,7636-OWBPG,Broadband Outage,High,Call Center,2026-01-03 08:06:00,2026-01-04 22:30:00,38.4,Resolved,3.0
TKT001187,4026-SKKHW,SIM Issue,Critical,Mobile App,2026-04-08 18:51:00,,,In Progress,
TKT001188,4419-UJMUS,Billing Dispute,High,Call Center,2026-08-25 14:27:00,,,In Progress,
TKT001189,9907-SWKKF,Network Slowdown,Critical,Retail Store,2026-05-28 19:28:00,,,Escalated,
TKT001190,0137-OCGAB,Network Slowdown,High,Web Portal,2026-04-10 12:11:00,2026-04-11 08:11:00,20.0,Closed,1.0
TKT001191,3106-ULWFW,SIM Issue,Low,Mobile App,2026-07-23 17:45:00,,,Escalated,
TKT001192,3874-EQOEP,Billing Dispute,High,Retail Store,2026-02-12 14:48:00,2026-02-12 20:54:00,6.1,Closed,1.0
TKT001193,6770-UAYGJ,Roaming Issue,Low,Mobile App,2026-03-08 09:53:00,,,Escalated,
TKT001194,6128-DAFVY,Plan Modification,Low,Mobile App,2026-05-06 22:18:00,,,In Progress,
TKT001195,7638-QVMVY,Broadband Outage,High,Web Portal,2026-03-14 17:09:00,2026-03-14 22:15:00,5.1,Closed,3.0
TKT001196,0266-CLZKZ,Network Slowdown,High,Chatbot,2026-05-11 22:39:00,2026-05-13 02:51:00,28.2,Closed,1.0
TKT001197,9972-EWRJS,Call Drops,Low,Retail Store,2026-01-12 07:50:00,2026-01-13 03:08:00,19.3,Closed,4.0
TKT001198,4832-VRBMR,Billing Dispute,High,Retail Store,2026-05-14 16:48:00,2026-05-17 09:30:00,64.7,Resolved,5.0
TKT001199,7000-WCEVQ,Call Drops,Medium,Chatbot,2026-01-26 21:05:00,2026-01-27 00:47:00,3.7,Closed,2.0
TKT001200,2955-BJZHG,Call Drops,Critical,Chatbot,2026-08-07 22:45:00,2026-08-08 02:51:00,4.1,Resolved,2.0
TKT001201,1349-WXNGG,SIM Issue,Medium,Mobile App,2026-04-11 10:41:00,2026-04-12 00:23:00,13.7,Closed,2.0
TKT001202,6876-ADESB,Broadband Outage,Critical,Call Center,2026-05-29 09:58:00,2026-05-30 14:22:00,28.4,Closed,2.0
TKT001203,1226-IENZN,Call Drops,Critical,Retail Store,2026-01-17 10:55:00,2026-01-19 11:13:00,48.3,Closed,1.0
TKT001204,5777-KJIRB,Call Drops,High,Chatbot,2026-04-11 13:38:00,2026-04-13 05:56:00,40.3,Closed,3.0
TKT001205,1320-HTRDR,Plan Modification,High,Chatbot,2026-03-13 08:58:00,2026-03-13 15:52:00,6.9,Closed,2.0
TKT001206,4160-AMJTL,Call Drops,Critical,Call Center,2026-07-13 17:59:00,,,In Progress,
TKT001207,2172-EJXVF,Billing Dispute,High,Retail Store,2026-01-01 11:07:00,,,Escalated,
TKT001208,7839-NUIAA,Billing Dispute,High,Mobile App,2026-02-26 14:19:00,2026-02-26 23:49:00,9.5,Closed,3.0
TKT001209,5630-AHZIL,Call Drops,Critical,Retail Store,2026-07-27 20:13:00,2026-07-30 15:19:00,67.1,Closed,3.0
TKT001210,0268-QKIWO,Plan Modification,Low,Chatbot,2026-05-07 17:25:00,,,In Progress,
TKT001211,6437-UKHMV,SIM Issue,Critical,Retail Store,2026-03-26 08:00:00,2026-03-27 13:54:00,29.9,Closed,2.0
TKT001212,3585-YNADK,Call Drops,Critical,Chatbot,2026-03-27 18:50:00,2026-03-29 08:08:00,37.3,Closed,1.0
TKT001213,0330-BGYZE,Billing Dispute,Low,Chatbot,2026-04-18 21:58:00,2026-04-20 09:04:00,35.1,Resolved,3.0
TKT001214,7706-DZNKK,Network Slowdown,Medium,Call Center,2026-07-03 17:01:00,2026-07-03 20:31:00,3.5,Closed,4.0
TKT001215,2114-MGINA,Network Slowdown,Medium,Chatbot,2026-08-03 15:24:00,,,Escalated,
TKT001216,2604-IJPDU,Network Slowdown,Low,Web Portal,2026-04-23 14:11:00,,,Escalated,
TKT001217,6060-QBMGV,Network Slowdown,Critical,Retail Store,2026-05-21 07:34:00,,,In Progress,
TKT001218,4290-BSXUX,Broadband Outage,Critical,Chatbot,2026-04-24 14:12:00,,,In Progress,
TKT001219,0742-NXBGR,SIM Issue,Medium,Retail Store,2026-08-23 18:28:00,,,Escalated,
TKT001220,2908-ZTPNF,Roaming Issue,High,Web Portal,2026-05-24 16:51:00,2026-05-27 12:51:00,68.0,Closed,3.0
TKT001221,7593-XFKDI,Call Drops,Medium,Chatbot,2026-06-24 07:09:00,2026-06-25 03:21:00,20.2,Closed,3.0
TKT001222,4868-AADLV,Network Slowdown,Low,Mobile App,2026-03-13 10:17:00,,,In Progress,
TKT001223,1309-BXVOQ,Network Slowdown,High,Call Center,2026-07-17 12:32:00,,,Escalated,
TKT001224,8465-SBRXP,Plan Modification,Medium,Call Center,2026-02-05 22:44:00,,,In Progress,
TKT001225,4154-AQUGT,Call Drops,High,Retail Store,2026-04-25 16:25:00,,,In Progress,
TKT001226,3717-OEAUQ,Network Slowdown,Critical,Web Portal,2026-01-11 07:21:00,2026-01-12 09:51:00,26.5,Resolved,2.0
TKT001227,4998-IKFSE,Plan Modification,Medium,Retail Store,2026-02-22 23:16:00,2026-02-23 10:52:00,11.6,Resolved,3.0
TKT001228,3325-FUYCG,Call Drops,Low,Chatbot,2026-04-15 14:07:00,2026-04-15 15:01:00,0.9,Resolved,3.0
TKT001229,9526-JAWYF,Network Slowdown,Low,Mobile App,2026-07-07 08:13:00,2026-07-07 08:43:00,0.5,Resolved,1.0
TKT001230,7551-JOHTI,Call Drops,Medium,Web Portal,2026-05-14 09:12:00,2026-05-16 02:12:00,41.0,Closed,3.0
TKT001231,4844-JJWUY,Plan Modification,Critical,Mobile App,2026-05-10 14:39:00,,,Escalated,
TKT001232,9237-HQITU,Plan Modification,Low,Retail Store,2026-05-03 18:55:00,2026-05-06 14:13:00,67.3,Closed,3.0
TKT001233,8901-HJXTF,Plan Modification,Critical,Chatbot,2026-03-08 07:20:00,2026-03-09 02:56:00,19.6,Closed,3.0
TKT001234,9115-YQHGA,Network Slowdown,Low,Retail Store,2026-03-26 19:58:00,2026-03-26 20:58:00,1.0,Closed,4.0
TKT001235,4315-MURBD,SIM Issue,Medium,Call Center,2026-02-04 07:09:00,2026-02-05 10:33:00,27.4,Closed,2.0
TKT001236,4088-YLDSU,Plan Modification,Low,Mobile App,2026-03-04 12:26:00,2026-03-06 07:44:00,43.3,Resolved,2.0
TKT001237,4140-MUHUG,Network Slowdown,Medium,Mobile App,2026-05-02 16:58:00,,,In Progress,
TKT001238,6116-RFVHN,Call Drops,Critical,Web Portal,2026-03-27 07:39:00,,,In Progress,
TKT001239,2344-JMOGN,Roaming Issue,High,Web Portal,2026-06-27 10:49:00,2026-06-30 01:37:00,62.8,Resolved,3.0
TKT001240,6598-RFFVI,Roaming Issue,Critical,Web Portal,2026-05-22 23:28:00,2026-05-24 07:28:00,32.0,Resolved,2.0
TKT001241,9135-MGVPY,Plan Modification,Medium,Web Portal,2026-01-04 12:41:00,2026-01-06 06:53:00,42.2,Closed,4.0
TKT001242,4374-YMUSQ,Billing Dispute,High,Mobile App,2026-07-14 19:21:00,2026-07-17 05:45:00,58.4,Closed,3.0
TKT001243,4919-MOAVT,Roaming Issue,Medium,Call Center,2026-04-17 18:55:00,2026-04-19 00:07:00,29.2,Resolved,2.0
TKT001244,3329-WDIOK,Network Slowdown,Low,Call Center,2026-07-30 19:51:00,2026-08-02 02:33:00,54.7,Closed,2.0
TKT001245,8050-XGRVL,Network Slowdown,Medium,Chatbot,2026-02-21 22:03:00,2026-02-24 07:09:00,57.1,Resolved,4.0
TKT001246,8552-OBVRU,Broadband Outage,Medium,Web Portal,2026-01-22 16:51:00,2026-01-25 08:09:00,63.3,Closed,2.0
TKT001247,4471-KXAUH,SIM Issue,Low,Mobile App,2026-06-03 22:46:00,,,In Progress,
TKT001248,8984-HPEMB,Roaming Issue,Medium,Retail Store,2026-01-11 21:44:00,,,In Progress,
TKT001249,4080-OGPJL,Network Slowdown,Critical,Mobile App,2026-01-08 23:03:00,,,Escalated,
TKT001250,0428-AXXLJ,Plan Modification,High,Call Center,2026-07-28 18:01:00,,,In Progress,
TKT001251,0533-BNWKF,Broadband Outage,Low,Call Center,2026-03-14 22:24:00,2026-03-17 11:18:00,60.9,Closed,3.0
TKT001252,8292-TYSPY,Call Drops,Critical,Chatbot,2026-07-31 20:20:00,2026-08-01 20:26:00,24.1,Resolved,1.0
TKT001253,6476-EPYZR,Broadband Outage,Critical,Mobile App,2026-02-03 13:26:00,2026-02-03 19:44:00,6.3,Closed,3.0
TKT001254,1991-VOPLL,Roaming Issue,High,Call Center,2026-03-29 08:19:00,2026-03-30 16:37:00,32.3,Closed,3.0
TKT001255,3067-SVMTC,Broadband Outage,Critical,Web Portal,2026-07-07 19:23:00,2026-07-10 09:05:00,61.7,Closed,4.0
TKT001256,4765-OXPPD,Network Slowdown,High,Call Center,2026-05-18 18:03:00,,,Escalated,
TKT001257,3874-EQOEP,Broadband Outage,High,Call Center,2026-02-19 11:32:00,2026-02-22 02:50:00,63.3,Resolved,2.0
TKT001258,7359-SSBJK,SIM Issue,High,Chatbot,2026-05-03 15:42:00,,,In Progress,
TKT001259,6741-EGCBI,Network Slowdown,High,Call Center,2026-04-15 19:25:00,,,Escalated,
TKT001260,9313-CDOGY,Plan Modification,Low,Mobile App,2026-01-20 08:13:00,2026-01-21 05:49:00,21.6,Closed,3.0
TKT001261,7854-EKTJL,Roaming Issue,Critical,Chatbot,2026-04-23 17:55:00,2026-04-24 17:37:00,23.7,Closed,2.0
TKT001262,1925-TIBLE,Plan Modification,Medium,Call Center,2026-01-21 19:06:00,,,In Progress,
TKT001263,8270-RKSAP,Call Drops,Medium,Retail Store,2026-06-14 08:17:00,2026-06-16 17:41:00,57.4,Resolved,4.0
TKT001264,3070-FNFZQ,Call Drops,High,Mobile App,2026-08-06 10:31:00,2026-08-08 14:55:00,52.4,Closed,3.0
TKT001265,7951-VRDVK,Network Slowdown,Medium,Mobile App,2026-05-11 14:31:00,2026-05-12 05:19:00,14.8,Resolved,3.0
TKT001266,5995-WWKKG,Broadband Outage,Low,Web Portal,2026-06-29 08:59:00,2026-06-29 10:47:00,1.8,Closed,4.0
TKT001267,4404-HIBDJ,Network Slowdown,Critical,Mobile App,2026-06-01 17:13:00,2026-06-02 03:37:00,10.4,Closed,1.0
TKT001268,9497-QCMMS,Network Slowdown,Critical,Call Center,2026-08-25 07:12:00,,,In Progress,
TKT001269,1444-VVSGW,Roaming Issue,Critical,Chatbot,2026-04-29 18:51:00,2026-04-30 02:45:00,7.9,Resolved,2.0
TKT001270,2237-ZFSMY,Plan Modification,Medium,Mobile App,2026-04-14 14:44:00,2026-04-16 23:44:00,57.0,Closed,2.0
TKT001271,5180-UCIIQ,Plan Modification,High,Web Portal,2026-07-24 07:29:00,,,Escalated,
TKT001272,8630-FJLIB,Plan Modification,Low,Retail Store,2026-08-11 14:33:00,2026-08-13 11:27:00,44.9,Closed,4.0
TKT001273,9710-ZUSHQ,Billing Dispute,Low,Retail Store,2026-01-29 22:16:00,2026-01-31 07:22:00,33.1,Closed,2.0
TKT001274,2230-XTUWL,Roaming Issue,Medium,Call Center,2026-07-25 14:48:00,,,Escalated,
TKT001275,4585-HETAI,Network Slowdown,Low,Retail Store,2026-05-05 15:36:00,,,In Progress,
TKT001276,7000-WCEVQ,Roaming Issue,Medium,Call Center,2026-05-01 09:12:00,2026-05-01 20:12:00,11.0,Closed,1.0
TKT001277,7225-IILWY,Call Drops,Low,Chatbot,2026-01-26 20:53:00,2026-01-26 22:11:00,1.3,Closed,3.0
TKT001278,5702-SKUOB,Broadband Outage,High,Retail Store,2026-02-15 18:26:00,2026-02-18 02:26:00,56.0,Closed,5.0
TKT001279,2523-EWWZL,Call Drops,Critical,Retail Store,2026-04-17 17:45:00,2026-04-20 10:09:00,64.4,Closed,3.0
TKT001280,8687-BAFGU,Broadband Outage,Critical,Mobile App,2026-05-26 20:24:00,2026-05-27 07:18:00,10.9,Resolved,5.0
TKT001281,6804-GDMOI,Roaming Issue,High,Chatbot,2026-04-04 11:25:00,,,In Progress,
TKT001282,4177-JPDFU,Call Drops,Critical,Call Center,2026-02-17 11:58:00,,,Escalated,
TKT001283,4484-CGXFK,Roaming Issue,Low,Web Portal,2026-02-03 21:09:00,2026-02-06 19:39:00,70.5,Closed,2.0
TKT001284,3620-MWJNE,Plan Modification,Critical,Call Center,2026-08-27 16:57:00,2026-08-30 12:03:00,67.1,Closed,2.0
TKT001285,6108-OQZDQ,Call Drops,Critical,Retail Store,2026-07-15 10:02:00,2026-07-17 10:26:00,48.4,Resolved,3.0
TKT001286,0459-SPZHJ,Roaming Issue,Medium,Chatbot,2026-03-20 22:44:00,2026-03-23 13:20:00,62.6,Closed,1.0
TKT001287,3190-XFANI,Call Drops,High,Mobile App,2026-01-08 16:27:00,,,Escalated,
TKT001288,8773-HHUOZ,Network Slowdown,High,Mobile App,2026-04-13 11:23:00,,,Escalated,
TKT001289,0742-LAFQK,Plan Modification,High,Web Portal,2026-01-27 23:44:00,2026-01-28 10:32:00,10.8,Closed,4.0
TKT001290,2225-ZRGSG,Billing Dispute,Medium,Retail Store,2026-03-11 14:52:00,2026-03-12 02:22:00,11.5,Closed,2.0
TKT001291,9490-DFPMD,SIM Issue,High,Retail Store,2026-05-01 11:25:00,,,Escalated,
TKT001292,7270-BDIOA,Billing Dispute,Critical,Mobile App,2026-01-02 13:48:00,,,Escalated,
TKT001293,4919-IKATY,Roaming Issue,High,Mobile App,2026-05-20 09:53:00,2026-05-23 02:41:00,64.8,Closed,1.0
TKT001294,2226-ICFDO,Call Drops,Critical,Web Portal,2026-05-04 16:20:00,2026-05-06 05:56:00,37.6,Closed,5.0
TKT001295,2430-USGXP,Broadband Outage,Medium,Chatbot,2026-04-30 22:47:00,,,Escalated,
TKT001296,9796-BPKIW,Broadband Outage,Low,Retail Store,2026-05-13 19:42:00,2026-05-15 10:12:00,38.5,Closed,5.0
TKT001297,3957-LXOLK,SIM Issue,Critical,Chatbot,2026-02-02 15:52:00,2026-02-03 12:34:00,20.7,Closed,3.0
TKT001298,3580-HYCSP,Broadband Outage,Critical,Chatbot,2026-01-24 14:45:00,,,In Progress,
TKT001299,9575-IWCAZ,Broadband Outage,Critical,Mobile App,2026-04-14 22:44:00,,,Escalated,
TKT001300,2990-HWIML,SIM Issue,High,Chatbot,2026-01-18 07:46:00,2026-01-19 01:46:00,18.0,Resolved,3.0
TKT001301,9571-EDEBV,Network Slowdown,Low,Mobile App,2026-06-18 11:21:00,,,Escalated,
TKT001302,6967-PEJLL,Billing Dispute,Low,Retail Store,2026-08-27 09:47:00,,,Escalated,
TKT001303,9101-NTIXF,Billing Dispute,High,Call Center,2026-07-03 15:01:00,2026-07-06 02:43:00,59.7,Closed,5.0
TKT001304,0623-IIHUG,Billing Dispute,Low,Call Center,2026-04-01 14:26:00,2026-04-01 15:38:00,1.2,Resolved,1.0
TKT001305,2369-UAPKZ,SIM Issue,Low,Call Center,2026-08-18 17:24:00,2026-08-20 10:48:00,41.4,Closed,2.0
TKT001306,0946-CLJTI,Broadband Outage,High,Mobile App,2026-06-19 18:07:00,2026-06-21 21:13:00,51.1,Closed,1.0
TKT001307,3898-GUYTS,Roaming Issue,Medium,Chatbot,2026-01-08 09:20:00,2026-01-10 13:32:00,52.2,Closed,5.0
TKT001308,3319-DWOEP,Billing Dispute,Low,Chatbot,2026-04-11 21:45:00,2026-04-14 06:03:00,56.3,Closed,1.0
TKT001309,0836-SEYLU,Roaming Issue,High,Mobile App,2026-03-15 20:07:00,2026-03-17 09:13:00,37.1,Closed,3.0
TKT001310,6702-OHFWR,Plan Modification,Critical,Call Center,2026-03-28 20:15:00,2026-03-29 05:39:00,9.4,Closed,3.0
TKT001311,0895-LMRSF,Plan Modification,Critical,Retail Store,2026-02-19 08:23:00,2026-02-20 20:41:00,36.3,Resolved,3.0
TKT001312,4132-POCZS,SIM Issue,High,Mobile App,2026-07-12 11:03:00,,,Escalated,
TKT001313,5515-IDEJJ,Call Drops,High,Web Portal,2026-05-01 23:01:00,,,Escalated,
TKT001314,2296-DKZFP,Call Drops,Medium,Web Portal,2026-01-25 10:40:00,,,In Progress,
TKT001315,7294-TMAOP,Broadband Outage,Low,Mobile App,2026-06-04 07:07:00,,,Escalated,
TKT001316,7599-FKVXZ,Broadband Outage,High,Chatbot,2026-08-13 17:07:00,2026-08-15 18:25:00,49.3,Closed,3.0
TKT001317,5644-PDMZC,Broadband Outage,Low,Mobile App,2026-02-20 08:43:00,2026-02-22 01:01:00,40.3,Resolved,3.0
TKT001318,0813-TAXXS,Roaming Issue,Critical,Chatbot,2026-08-31 18:11:00,,,Escalated,
TKT001319,3329-WDIOK,Roaming Issue,Low,Retail Store,2026-04-09 11:07:00,2026-04-10 16:13:00,29.1,Closed,1.0
TKT001320,0813-TAXXS,SIM Issue,High,Retail Store,2026-04-11 14:35:00,2026-04-12 14:11:00,23.6,Closed,4.0
TKT001321,1264-BYWMS,Plan Modification,Medium,Call Center,2026-07-14 19:43:00,,,Escalated,
TKT001322,8707-HOEDG,Plan Modification,High,Call Center,2026-08-18 12:41:00,,,In Progress,
TKT001323,3583-EKAPL,Broadband Outage,Low,Web Portal,2026-06-23 17:01:00,,,Escalated,
TKT001324,7377-DMMRI,Network Slowdown,Medium,Mobile App,2026-03-05 16:01:00,,,Escalated,
TKT001325,7302-ZHMHP,SIM Issue,Critical,Chatbot,2026-08-18 09:35:00,2026-08-19 16:29:00,30.9,Closed,3.0
TKT001326,4450-YOOHP,Billing Dispute,High,Call Center,2026-04-18 07:12:00,2026-04-19 04:54:00,21.7,Resolved,3.0
TKT001327,6168-WFVVF,SIM Issue,Medium,Web Portal,2026-08-15 13:59:00,2026-08-17 10:11:00,44.2,Closed,2.0
TKT001328,4801-KFYKL,SIM Issue,High,Chatbot,2026-05-07 19:08:00,2026-05-09 20:44:00,49.6,Resolved,5.0
TKT001329,4487-ZYJZK,Roaming Issue,Medium,Retail Store,2026-08-09 10:54:00,2026-08-10 14:48:00,27.9,Resolved,5.0
TKT001330,0661-KBKPA,Call Drops,Critical,Chatbot,2026-04-26 16:14:00,,,In Progress,
TKT001331,9822-OAOVB,Plan Modification,Medium,Retail Store,2026-02-18 18:50:00,,,Escalated,
TKT001332,6496-JDSSB,Roaming Issue,Low,Web Portal,2026-03-27 08:19:00,2026-03-29 22:13:00,61.9,Closed,1.0
TKT001333,5553-AOINX,Broadband Outage,Critical,Chatbot,2026-08-30 17:47:00,2026-09-01 09:05:00,39.3,Closed,5.0
TKT001334,4471-KXAUH,Broadband Outage,Low,Chatbot,2026-02-15 22:03:00,2026-02-17 02:15:00,28.2,Closed,1.0
TKT001335,3722-WPXTK,Plan Modification,Critical,Web Portal,2026-01-13 14:51:00,,,In Progress,
TKT001336,4803-AXVYP,SIM Issue,High,Retail Store,2026-06-17 17:46:00,2026-06-18 04:40:00,10.9,Closed,3.0
TKT001337,1285-OKIPP,Call Drops,High,Call Center,2026-06-24 07:06:00,2026-06-26 21:12:00,62.1,Resolved,1.0
TKT001338,4973-MGTON,Network Slowdown,High,Mobile App,2026-06-27 18:14:00,,,In Progress,
TKT001339,6513-EECDB,Broadband Outage,Low,Mobile App,2026-01-05 08:54:00,2026-01-05 17:54:00,9.0,Closed,1.0
TKT001340,9244-ZVAPM,Call Drops,Critical,Retail Store,2026-03-02 07:04:00,,,Escalated,
TKT001341,5159-YFPKQ,Network Slowdown,Medium,Call Center,2026-06-29 09:57:00,2026-06-29 12:45:00,2.8,Closed,2.0
TKT001342,0616-ATFGB,Billing Dispute,High,Chatbot,2026-06-05 12:06:00,,,Escalated,
TKT001343,1336-EZFZY,Broadband Outage,High,Retail Store,2026-01-17 19:35:00,2026-01-18 11:35:00,16.0,Resolved,1.0
TKT001344,4423-JWZJN,Billing Dispute,High,Call Center,2026-06-28 17:53:00,2026-06-30 12:59:00,43.1,Closed,1.0
TKT001345,7964-VEXDG,Network Slowdown,High,Web Portal,2026-02-16 11:07:00,,,Escalated,
TKT001346,2108-GLPQB,Network Slowdown,Low,Mobile App,2026-03-23 20:58:00,2026-03-26 14:34:00,65.6,Resolved,3.0
TKT001347,7129-AZJDE,Broadband Outage,Low,Call Center,2026-01-09 21:17:00,2026-01-11 05:17:00,32.0,Closed,5.0
TKT001348,2209-XADXF,Broadband Outage,Medium,Retail Store,2026-06-21 22:21:00,2026-06-22 11:03:00,12.7,Closed,5.0
TKT001349,3663-MITLP,Broadband Outage,Critical,Web Portal,2026-03-28 09:19:00,2026-03-28 13:19:00,4.0,Closed,1.0
TKT001350,8185-UPYBR,Call Drops,High,Mobile App,2026-08-24 15:15:00,2026-08-27 14:15:00,71.0,Closed,1.0
TKT001351,0988-AADSA,Roaming Issue,High,Retail Store,2026-05-10 12:03:00,,,Escalated,
TKT001352,2684-EIWEO,SIM Issue,Low,Chatbot,2026-04-30 11:03:00,,,In Progress,
TKT001353,9259-PACGQ,Network Slowdown,Medium,Call Center,2026-07-07 17:37:00,2026-07-08 04:43:00,11.1,Closed,3.0
TKT001354,9574-RKJIF,Network Slowdown,Low,Chatbot,2026-01-07 11:31:00,2026-01-09 20:25:00,56.9,Closed,1.0
TKT001355,9821-BESNZ,Plan Modification,High,Chatbot,2026-08-09 21:56:00,2026-08-10 06:44:00,8.8,Resolved,5.0
TKT001356,1596-BBVTG,Call Drops,Low,Mobile App,2026-07-10 16:37:00,,,Escalated,
TKT001357,6905-NIQIN,Roaming Issue,Medium,Web Portal,2026-08-31 21:06:00,2026-09-03 16:30:00,67.4,Closed,3.0
TKT001358,6652-YFFJO,Roaming Issue,Low,Chatbot,2026-06-18 09:22:00,,,In Progress,
TKT001359,2080-GKCWQ,SIM Issue,Low,Web Portal,2026-04-30 16:28:00,,,Escalated,
TKT001360,5501-TVMGM,Network Slowdown,Critical,Call Center,2026-01-01 07:14:00,2026-01-02 13:50:00,30.6,Closed,5.0
TKT001361,9734-UYXQI,Network Slowdown,High,Web Portal,2026-03-12 16:13:00,2026-03-12 19:13:00,3.0,Closed,1.0
TKT001362,2292-XQWSV,Billing Dispute,High,Web Portal,2026-06-23 09:13:00,,,In Progress,
TKT001363,6674-KVJHG,Roaming Issue,Critical,Call Center,2026-04-30 10:07:00,2026-05-02 20:01:00,57.9,Resolved,1.0
TKT001364,3372-KWFBM,SIM Issue,Critical,Web Portal,2026-08-24 10:19:00,2026-08-26 06:55:00,44.6,Closed,1.0
TKT001365,4529-CKBCL,Plan Modification,Medium,Retail Store,2026-08-29 16:16:00,2026-08-29 20:52:00,4.6,Closed,2.0
TKT001366,1254-IZEYF,Plan Modification,Low,Chatbot,2026-06-30 21:31:00,2026-07-03 09:19:00,59.8,Resolved,2.0
TKT001367,1184-PJVDB,Network Slowdown,High,Call Center,2026-04-12 23:33:00,2026-04-13 08:45:00,9.2,Resolved,3.0
TKT001368,5606-AMZBO,Roaming Issue,Medium,Mobile App,2026-04-05 23:22:00,,,In Progress,
TKT001369,4955-VCWBI,Network Slowdown,Medium,Mobile App,2026-04-06 17:44:00,2026-04-06 20:02:00,2.3,Resolved,5.0
TKT001370,8626-PTQGE,Broadband Outage,Low,Web Portal,2026-01-06 07:33:00,2026-01-06 23:51:00,16.3,Resolved,1.0
TKT001371,7710-JSYOA,Broadband Outage,High,Web Portal,2026-08-04 07:20:00,2026-08-04 09:14:00,1.9,Closed,2.0
TKT001372,7943-RQCHR,Broadband Outage,High,Chatbot,2026-07-19 23:30:00,,,Escalated,
TKT001373,7711-YIJWC,SIM Issue,Low,Retail Store,2026-01-05 09:36:00,2026-01-08 04:00:00,66.4,Resolved,3.0
TKT001374,6741-EGCBI,Plan Modification,Low,Mobile App,2026-07-13 11:31:00,,,Escalated,
TKT001375,8292-TYSPY,SIM Issue,Low,Web Portal,2026-04-21 14:23:00,2026-04-24 07:11:00,64.8,Resolved,1.0
TKT001376,4706-AXVKM,Billing Dispute,Critical,Mobile App,2026-06-10 18:37:00,,,In Progress,
TKT001377,5590-BYNII,Plan Modification,Critical,Chatbot,2026-08-27 15:09:00,2026-08-28 14:45:00,23.6,Resolved,1.0
TKT001378,8665-UTDHZ,Billing Dispute,Medium,Web Portal,2026-03-20 17:32:00,2026-03-21 19:26:00,25.9,Closed,3.0
TKT001379,6849-OYAMU,Call Drops,Critical,Retail Store,2026-08-03 07:22:00,2026-08-04 06:52:00,23.5,Closed,1.0
TKT001380,9317-WZPGV,Broadband Outage,Low,Call Center,2026-01-04 21:08:00,2026-01-05 13:26:00,16.3,Resolved,1.0
TKT001381,4785-NKHCX,Call Drops,Critical,Retail Store,2026-02-18 12:49:00,2026-02-21 06:13:00,65.4,Closed,2.0
TKT001382,7817-BOQPW,Network Slowdown,High,Mobile App,2026-05-11 21:30:00,2026-05-13 04:48:00,31.3,Closed,3.0
TKT001383,2615-YVMYX,SIM Issue,High,Web Portal,2026-01-03 15:28:00,2026-01-05 03:40:00,36.2,Closed,5.0
TKT001384,5018-HEKFO,Broadband Outage,Low,Call Center,2026-04-22 18:48:00,,,Escalated,
TKT001385,2568-BRGYX,Broadband Outage,Critical,Chatbot,2026-02-16 08:01:00,2026-02-18 19:49:00,59.8,Closed,3.0
TKT001386,8718-PTMEZ,Billing Dispute,Medium,Chatbot,2026-01-31 22:59:00,,,In Progress,
TKT001387,7617-EYGLW,Broadband Outage,Critical,Call Center,2026-02-25 22:39:00,,,Escalated,
TKT001388,6142-VSJQO,Billing Dispute,Critical,Call Center,2026-08-17 09:00:00,2026-08-17 23:48:00,14.8,Closed,2.0
TKT001389,6621-NRZAK,Plan Modification,High,Web Portal,2026-01-14 12:16:00,,,Escalated,
TKT001390,6922-NCEDI,Network Slowdown,Medium,Mobile App,2026-05-22 21:22:00,2026-05-25 11:34:00,62.2,Closed,2.0
TKT001391,2972-YDYUW,Network Slowdown,Medium,Mobile App,2026-08-02 23:13:00,2026-08-04 14:37:00,39.4,Closed,5.0
TKT001392,7173-TETGO,Broadband Outage,High,Chatbot,2026-07-01 22:45:00,2026-07-04 11:27:00,60.7,Resolved,3.0
TKT001393,2982-IHMFT,Broadband Outage,Medium,Retail Store,2026-04-01 22:55:00,,,Escalated,
TKT001394,6813-GZQCG,SIM Issue,Low,Chatbot,2026-05-16 17:36:00,2026-05-18 17:30:00,47.9,Resolved,5.0
TKT001395,3512-IZIKN,Plan Modification,Low,Web Portal,2026-02-22 17:05:00,2026-02-22 19:59:00,2.9,Closed,2.0
TKT001396,0909-SELIE,SIM Issue,Medium,Chatbot,2026-03-31 09:49:00,2026-04-02 06:13:00,44.4,Closed,4.0
TKT001397,4455-BFSPD,Billing Dispute,High,Retail Store,2026-01-03 13:09:00,,,Escalated,
TKT001398,7789-CRUVC,Broadband Outage,High,Mobile App,2026-08-14 08:43:00,2026-08-15 21:25:00,36.7,Closed,3.0
TKT001399,9199-PWQVC,SIM Issue,Low,Call Center,2026-08-03 10:51:00,,,In Progress,
TKT001400,7353-YOWFP,Billing Dispute,Critical,Mobile App,2026-01-21 15:55:00,2026-01-22 08:07:00,16.2,Closed,3.0
TKT001401,9828-AOQLM,Network Slowdown,Critical,Retail Store,2026-05-16 16:47:00,2026-05-18 09:23:00,40.6,Closed,3.0
TKT001402,6641-XRPSU,Billing Dispute,Medium,Call Center,2026-08-16 11:14:00,2026-08-18 19:56:00,56.7,Closed,2.0
TKT001403,5243-SAOTC,Roaming Issue,Low,Call Center,2026-05-23 21:35:00,2026-05-25 09:29:00,35.9,Closed,2.0
TKT001404,3627-FCRDW,Broadband Outage,Medium,Chatbot,2026-06-28 14:12:00,2026-07-01 00:18:00,58.1,Closed,2.0
TKT001405,9546-CQJSU,Network Slowdown,Low,Chatbot,2026-07-21 20:43:00,,,Escalated,
TKT001406,2908-WGAXL,Billing Dispute,High,Mobile App,2026-05-11 11:51:00,2026-05-11 23:03:00,11.2,Resolved,1.0
TKT001407,3746-EUBYR,SIM Issue,Medium,Web Portal,2026-04-29 11:58:00,2026-05-02 04:52:00,64.9,Closed,3.0
TKT001408,1730-ZMAME,Billing Dispute,Critical,Web Portal,2026-01-31 17:31:00,2026-02-01 20:55:00,27.4,Closed,5.0
TKT001409,4789-KWMXN,Roaming Issue,Medium,Chatbot,2026-03-04 19:11:00,2026-03-06 21:23:00,50.2,Closed,1.0
TKT001410,6087-MVHJH,SIM Issue,High,Call Center,2026-08-21 19:01:00,2026-08-23 10:31:00,39.5,Closed,2.0
TKT001411,5449-FIBXJ,Broadband Outage,Critical,Web Portal,2026-08-04 18:46:00,2026-08-07 15:16:00,68.5,Closed,3.0
TKT001412,2817-LVCPP,Billing Dispute,Medium,Retail Store,2026-04-06 21:34:00,2026-04-08 20:34:00,47.0,Resolved,4.0
TKT001413,1658-BYGOY,Plan Modification,Medium,Retail Store,2026-06-28 13:49:00,2026-06-30 17:25:00,51.6,Closed,1.0
TKT001414,7912-SYRQT,Network Slowdown,Medium,Call Center,2026-03-02 10:49:00,2026-03-03 18:19:00,31.5,Resolved,2.0
TKT001415,8395-ETZKQ,Broadband Outage,Critical,Mobile App,2026-07-18 20:41:00,,,In Progress,
TKT001416,0505-SPOOW,Plan Modification,High,Chatbot,2026-04-23 15:41:00,2026-04-25 03:47:00,36.1,Closed,5.0
TKT001417,2249-YPRNG,Billing Dispute,High,Chatbot,2026-03-05 07:36:00,2026-03-06 03:24:00,19.8,Closed,2.0
TKT001418,0030-FNXPP,Call Drops,Medium,Mobile App,2026-04-07 18:52:00,,,Escalated,
TKT001419,1157-BQCUW,Plan Modification,Low,Web Portal,2026-05-06 20:01:00,2026-05-09 17:55:00,69.9,Closed,3.0
TKT001420,2011-TRQYE,Plan Modification,High,Chatbot,2026-07-10 12:55:00,2026-07-12 14:31:00,49.6,Closed,1.0
TKT001421,7979-CORPM,Roaming Issue,Low,Retail Store,2026-08-08 17:58:00,2026-08-10 04:28:00,34.5,Closed,3.0
TKT001422,0654-HMSHN,Network Slowdown,Critical,Call Center,2026-04-11 22:48:00,,,Escalated,
TKT001423,4547-KQRTM,Roaming Issue,Medium,Retail Store,2026-01-30 22:37:00,2026-02-01 00:43:00,26.1,Closed,1.0
TKT001424,2843-CQMEG,SIM Issue,Critical,Retail Store,2026-02-13 22:37:00,2026-02-14 13:49:00,15.2,Closed,5.0
TKT001425,1371-OJCEK,Broadband Outage,Medium,Retail Store,2026-08-13 16:05:00,2026-08-14 09:35:00,17.5,Resolved,4.0
TKT001426,1725-IQNIY,Billing Dispute,Critical,Web Portal,2026-02-13 22:53:00,2026-02-15 21:29:00,46.6,Closed,1.0
TKT001427,6082-GLJIX,Network Slowdown,Medium,Call Center,2026-01-20 22:15:00,,,Escalated,
TKT001428,6620-JDYNW,Billing Dispute,High,Mobile App,2026-07-15 19:17:00,2026-07-16 09:47:00,14.5,Closed,4.0
TKT001429,3285-UCQVC,Broadband Outage,Medium,Retail Store,2026-07-18 14:50:00,2026-07-19 12:32:00,21.7,Resolved,1.0
TKT001430,0939-YAPAF,Roaming Issue,High,Mobile App,2026-03-19 17:38:00,,,Escalated,
TKT001431,6311-UEUME,Plan Modification,Medium,Chatbot,2026-07-23 22:09:00,2026-07-24 07:33:00,9.4,Resolved,3.0
TKT001432,7449-HVPIV,Network Slowdown,High,Call Center,2026-02-06 22:55:00,2026-02-07 19:25:00,20.5,Resolved,4.0
TKT001433,1925-TIBLE,Roaming Issue,Critical,Retail Store,2026-06-09 10:42:00,2026-06-10 05:12:00,18.5,Resolved,2.0
TKT001434,8849-GYOKR,Plan Modification,Low,Retail Store,2026-01-08 15:03:00,,,Escalated,
TKT001435,3239-TPHPZ,Roaming Issue,High,Call Center,2026-05-12 11:43:00,2026-05-14 04:43:00,41.0,Closed,4.0
TKT001436,8778-LMWTJ,Billing Dispute,Medium,Mobile App,2026-07-16 16:17:00,,,Escalated,
TKT001437,6173-ITPWD,SIM Issue,Critical,Retail Store,2026-01-26 21:55:00,,,Escalated,
TKT001438,6786-OBWQR,Call Drops,High,Mobile App,2026-06-12 10:49:00,2026-06-13 14:55:00,28.1,Closed,3.0
TKT001439,3422-LYEPQ,Broadband Outage,Low,Mobile App,2026-04-17 17:20:00,,,In Progress,
TKT001440,5712-PTIWW,Call Drops,High,Web Portal,2026-04-11 23:35:00,2026-04-14 17:35:00,66.0,Closed,2.0
TKT001441,4184-TJFAN,Call Drops,High,Mobile App,2026-01-08 16:46:00,2026-01-10 20:34:00,51.8,Resolved,1.0
TKT001442,2845-HSJCY,Billing Dispute,Low,Retail Store,2026-07-26 11:10:00,,,In Progress,
TKT001443,4114-QMKVN,Plan Modification,Low,Retail Store,2026-02-15 14:57:00,,,In Progress,
TKT001444,5616-PRTNT,Roaming Issue,Low,Mobile App,2026-08-20 22:54:00,2026-08-22 11:42:00,36.8,Resolved,2.0
TKT001445,9492-TOKRI,Plan Modification,Critical,Chatbot,2026-07-25 07:02:00,2026-07-27 16:20:00,57.3,Closed,1.0
TKT001446,1984-FCOWB,Plan Modification,Low,Mobile App,2026-06-29 08:15:00,,,In Progress,
TKT001447,9231-ZJYAM,SIM Issue,Low,Mobile App,2026-03-05 08:42:00,2026-03-06 09:12:00,24.5,Closed,3.0
TKT001448,8709-KRDVL,Roaming Issue,High,Call Center,2026-05-09 10:07:00,,,Escalated,
TKT001449,8777-PVYGU,Plan Modification,High,Call Center,2026-04-03 23:04:00,2026-04-05 21:46:00,46.7,Closed,4.0
TKT001450,8414-MYSHR,Broadband Outage,High,Chatbot,2026-02-12 11:31:00,2026-02-14 00:13:00,36.7,Resolved,3.0
TKT001451,7336-RLLRH,Billing Dispute,Low,Mobile App,2026-08-15 09:34:00,2026-08-15 11:22:00,1.8,Closed,3.0
TKT001452,7124-UGSUR,Roaming Issue,Low,Call Center,2026-08-08 21:08:00,2026-08-09 06:02:00,8.9,Closed,1.0
TKT001453,0655-RBDUG,Broadband Outage,High,Web Portal,2026-08-27 23:20:00,2026-08-30 01:20:00,50.0,Closed,3.0
TKT001454,7203-OYKCT,Call Drops,Low,Call Center,2026-05-24 07:19:00,2026-05-24 09:01:00,1.7,Resolved,5.0
TKT001455,1492-KGETH,Call Drops,Critical,Mobile App,2026-08-03 12:15:00,,,In Progress,
TKT001456,3230-WYKIR,Billing Dispute,Medium,Chatbot,2026-05-14 13:14:00,2026-05-15 20:56:00,31.7,Resolved,3.0
TKT001457,4905-JEFDW,SIM Issue,Critical,Retail Store,2026-03-01 09:39:00,2026-03-02 16:21:00,30.7,Closed,3.0
TKT001458,0582-AVCLN,Roaming Issue,Low,Mobile App,2026-07-11 08:34:00,,,In Progress,
TKT001459,5493-SDRDQ,Roaming Issue,Low,Retail Store,2026-06-03 14:09:00,,,Escalated,
TKT001460,1732-VHUBQ,Roaming Issue,High,Retail Store,2026-05-08 15:30:00,2026-05-10 23:36:00,56.1,Closed,3.0
TKT001461,3859-CVCET,Roaming Issue,Medium,Retail Store,2026-04-20 11:29:00,2026-04-20 13:29:00,2.0,Closed,3.0
TKT001462,3249-ZPQRG,SIM Issue,Medium,Retail Store,2026-02-15 11:18:00,2026-02-16 15:36:00,28.3,Resolved,3.0
TKT001463,2239-CGBUZ,Network Slowdown,High,Retail Store,2026-03-23 22:19:00,,,In Progress,
TKT001464,6388-TABGU,Plan Modification,High,Mobile App,2026-08-24 23:29:00,2026-08-25 21:53:00,22.4,Closed,1.0
TKT001465,8069-RHUXK,Network Slowdown,Low,Web Portal,2026-03-19 16:53:00,2026-03-21 12:23:00,43.5,Resolved,4.0
TKT001466,4981-FLTMF,Network Slowdown,Low,Call Center,2026-05-26 14:53:00,,,In Progress,
TKT001467,1567-DSCIC,Billing Dispute,Critical,Web Portal,2026-05-29 14:26:00,,,In Progress,
TKT001468,9512-UIBFX,Broadband Outage,Medium,Call Center,2026-08-07 18:17:00,2026-08-10 00:11:00,53.9,Closed,1.0
TKT001469,5146-CBVOE,Broadband Outage,Medium,Chatbot,2026-08-04 19:15:00,2026-08-07 11:33:00,64.3,Closed,4.0
TKT001470,6942-LBFDP,Network Slowdown,Critical,Chatbot,2026-03-23 07:38:00,2026-03-24 22:08:00,38.5,Closed,5.0
TKT001471,8382-SHQEH,Roaming Issue,Medium,Mobile App,2026-04-03 08:45:00,,,Escalated,
TKT001472,1184-PJVDB,Network Slowdown,Critical,Call Center,2026-08-17 21:33:00,2026-08-18 20:15:00,22.7,Resolved,2.0
TKT001473,0565-IYCGT,Roaming Issue,High,Call Center,2026-03-20 20:03:00,2026-03-21 15:33:00,19.5,Closed,3.0
TKT001474,2082-OJVTK,Broadband Outage,Critical,Call Center,2026-05-31 15:56:00,,,Escalated,
TKT001475,6567-HOOPW,Call Drops,Critical,Mobile App,2026-08-13 17:55:00,,,In Progress,
TKT001476,8896-BQTTI,Network Slowdown,High,Retail Store,2026-06-07 10:52:00,2026-06-08 05:52:00,19.0,Resolved,3.0
TKT001477,4718-WXBGI,Network Slowdown,Low,Mobile App,2026-05-18 17:27:00,,,Escalated,
TKT001478,6770-XUAGN,Plan Modification,Low,Web Portal,2026-02-27 16:21:00,2026-02-28 01:03:00,8.7,Closed,1.0
TKT001479,1732-VHUBQ,Call Drops,Critical,Retail Store,2026-01-23 16:38:00,2026-01-26 05:26:00,60.8,Closed,2.0
TKT001480,2982-VPSGI,SIM Issue,Low,Call Center,2026-05-28 12:25:00,,,In Progress,
TKT001481,0970-ETWGE,Billing Dispute,Medium,Call Center,2026-03-09 20:19:00,,,Escalated,
TKT001482,0224-HJAPT,Plan Modification,Medium,Call Center,2026-03-17 13:22:00,,,In Progress,
TKT001483,4234-XTNEA,Network Slowdown,High,Chatbot,2026-07-29 15:47:00,,,Escalated,
TKT001484,7657-DYEPJ,Broadband Outage,Medium,Chatbot,2026-03-29 20:17:00,2026-04-01 19:47:00,71.5,Closed,1.0
TKT001485,1602-IJQQE,Call Drops,Critical,Retail Store,2026-05-14 22:43:00,2026-05-15 04:19:00,5.6,Closed,1.0
TKT001486,8466-PZBLH,Network Slowdown,Low,Web Portal,2026-04-24 13:30:00,2026-04-26 23:48:00,58.3,Resolved,3.0
TKT001487,9546-CQJSU,Plan Modification,Critical,Call Center,2026-03-11 23:59:00,2026-03-14 12:35:00,60.6,Resolved,1.0
TKT001488,5377-NDTOU,Plan Modification,High,Call Center,2026-05-01 12:53:00,2026-05-02 08:41:00,19.8,Closed,5.0
TKT001489,8854-CCVSQ,Roaming Issue,Critical,Chatbot,2026-08-02 15:58:00,2026-08-03 09:58:00,18.0,Closed,3.0
TKT001490,5777-KJIRB,Roaming Issue,Low,Web Portal,2026-02-12 08:32:00,2026-02-12 21:14:00,12.7,Closed,4.0
TKT001491,3841-NFECX,Billing Dispute,Critical,Chatbot,2026-03-01 09:54:00,,,Escalated,
TKT001492,6390-DSAZX,Roaming Issue,Medium,Chatbot,2026-07-25 08:50:00,2026-07-27 01:56:00,41.1,Closed,1.0
TKT001493,5564-NEMQO,Broadband Outage,High,Retail Store,2026-05-23 14:25:00,,,In Progress,
TKT001494,9114-AAFQH,SIM Issue,Low,Chatbot,2026-03-04 14:52:00,2026-03-05 16:10:00,25.3,Closed,4.0
TKT001495,2320-TZRRH,Call Drops,Critical,Call Center,2026-01-16 18:46:00,2026-01-17 04:28:00,9.7,Closed,5.0
TKT001496,3865-YIOTT,Plan Modification,Critical,Call Center,2026-03-12 20:38:00,2026-03-14 05:20:00,32.7,Resolved,4.0
TKT001497,6097-EQISJ,Call Drops,Critical,Web Portal,2026-04-06 19:10:00,2026-04-08 19:28:00,48.3,Closed,1.0
TKT001498,9467-ROOLM,Call Drops,Medium,Chatbot,2026-06-10 23:28:00,,,In Progress,
TKT001499,0661-XEYAN,Billing Dispute,High,Call Center,2026-05-03 10:01:00,,,Escalated,
TKT001500,7279-BUYWN,Billing Dispute,High,Retail Store,2026-08-24 20:07:00,2026-08-26 06:25:00,34.3,Resolved,1.0
TKT001501,7851-WZEKY,Broadband Outage,Low,Chatbot,2026-06-19 16:17:00,2026-06-21 16:53:00,48.6,Resolved,1.0
TKT001502,3006-XIMLN,Call Drops,Critical,Call Center,2026-02-16 07:41:00,2026-02-18 01:05:00,41.4,Closed,1.0
TKT001503,8869-TORSS,Plan Modification,Low,Call Center,2026-07-21 12:10:00,2026-07-23 16:28:00,52.3,Closed,3.0
TKT001504,5889-JTMUL,SIM Issue,Critical,Web Portal,2026-02-21 09:40:00,2026-02-21 13:04:00,3.4,Closed,3.0
TKT001505,4806-KEXQR,Network Slowdown,Medium,Mobile App,2026-08-30 14:37:00,,,Escalated,
TKT001506,2667-WYLWJ,SIM Issue,Low,Mobile App,2026-01-19 07:29:00,2026-01-19 12:47:00,5.3,Resolved,3.0
TKT001507,1442-OKRJE,Roaming Issue,High,Chatbot,2026-03-23 18:16:00,,,In Progress,
TKT001508,2955-PSXOE,SIM Issue,Critical,Call Center,2026-06-06 20:37:00,2026-06-09 16:55:00,68.3,Closed,3.0
TKT001509,4381-MHQDC,Roaming Issue,High,Retail Store,2026-04-25 12:20:00,,,In Progress,
TKT001510,5565-FILXA,SIM Issue,Medium,Web Portal,2026-03-25 15:16:00,2026-03-27 10:10:00,42.9,Closed,3.0
TKT001511,6127-ISGTU,SIM Issue,Medium,Retail Store,2026-07-15 23:24:00,2026-07-18 14:30:00,63.1,Closed,1.0
TKT001512,2276-YDAVZ,Plan Modification,Low,Call Center,2026-05-09 08:20:00,,,Escalated,
TKT001513,3778-FOAQW,Call Drops,Low,Chatbot,2026-03-18 12:46:00,2026-03-19 03:22:00,14.6,Resolved,3.0
TKT001514,6551-VLJMV,Network Slowdown,Critical,Web Portal,2026-08-22 11:04:00,2026-08-24 21:04:00,58.0,Resolved,5.0
TKT001515,2809-ILCYT,Billing Dispute,Critical,Chatbot,2026-06-24 13:35:00,,,In Progress,
TKT001516,0793-TWELN,SIM Issue,High,Chatbot,2026-05-20 22:05:00,2026-05-21 07:53:00,9.8,Closed,3.0
TKT001517,8496-DMZUK,Plan Modification,Critical,Web Portal,2026-04-16 16:22:00,2026-04-18 00:16:00,31.9,Closed,5.0
TKT001518,2482-CZGBB,SIM Issue,Critical,Chatbot,2026-02-08 11:35:00,2026-02-08 22:47:00,11.2,Closed,1.0
TKT001519,3540-RZJYU,Plan Modification,Medium,Call Center,2026-02-02 11:07:00,,,In Progress,
TKT001520,9025-ZRPVR,Roaming Issue,Low,Retail Store,2026-07-05 16:40:00,,,Escalated,
TKT001521,2640-LYMOV,Call Drops,Low,Web Portal,2026-01-02 07:16:00,,,In Progress,
TKT001522,2157-MXBJS,Roaming Issue,Low,Call Center,2026-01-08 23:49:00,2026-01-09 03:01:00,3.2,Closed,3.0
TKT001523,5148-HKFIR,Broadband Outage,High,Retail Store,2026-08-17 09:11:00,2026-08-19 00:05:00,38.9,Closed,2.0
TKT001524,6496-SLWHQ,Plan Modification,Low,Retail Store,2026-06-18 23:31:00,,,Escalated,
TKT001525,7180-PISOG,Network Slowdown,Low,Retail Store,2026-06-10 08:19:00,2026-06-12 16:43:00,56.4,Closed,3.0
TKT001526,4325-NFSKC,Plan Modification,Medium,Retail Store,2026-03-21 15:08:00,2026-03-23 19:56:00,52.8,Resolved,3.0
TKT001527,7136-RVDTZ,Plan Modification,Low,Call Center,2026-08-05 19:29:00,2026-08-08 19:05:00,71.6,Resolved,3.0
TKT001528,5622-UEJFI,SIM Issue,High,Web Portal,2026-04-15 09:27:00,2026-04-15 15:21:00,5.9,Resolved,3.0
TKT001529,6509-TSGWN,Broadband Outage,High,Call Center,2026-04-06 20:24:00,2026-04-09 00:48:00,52.4,Closed,4.0
TKT001530,1862-SKORY,Call Drops,Medium,Mobile App,2026-08-11 19:14:00,,,In Progress,
TKT001531,5380-WJKOV,Broadband Outage,Low,Web Portal,2026-07-18 07:39:00,2026-07-21 06:03:00,70.4,Closed,3.0
TKT001532,8051-HJRLT,Call Drops,Low,Retail Store,2026-07-29 23:16:00,,,Escalated,
TKT001533,2223-KAGMX,Billing Dispute,Low,Mobile App,2026-08-26 07:45:00,2026-08-29 00:27:00,64.7,Closed,3.0
TKT001534,1043-YCUTE,Plan Modification,Critical,Call Center,2026-06-23 15:30:00,,,In Progress,
TKT001535,2725-KXXWT,Roaming Issue,High,Chatbot,2026-03-26 20:20:00,2026-03-27 17:56:00,21.6,Resolved,3.0
TKT001536,1527-SXDPN,Network Slowdown,Critical,Retail Store,2026-08-20 18:13:00,2026-08-22 21:13:00,51.0,Resolved,3.0
TKT001537,7779-LGOVN,Roaming Issue,Critical,Retail Store,2026-05-04 21:56:00,2026-05-06 04:44:00,30.8,Resolved,3.0
TKT001538,6715-OFDBP,SIM Issue,Medium,Retail Store,2026-03-05 17:54:00,2026-03-06 22:48:00,28.9,Resolved,1.0
TKT001539,2108-YKQTY,Call Drops,Medium,Call Center,2026-04-23 17:27:00,2026-04-26 00:03:00,54.6,Resolved,1.0
TKT001540,5590-YRFJT,Broadband Outage,Critical,Retail Store,2026-06-18 13:51:00,,,In Progress,
TKT001541,9828-AOQLM,Call Drops,Medium,Chatbot,2026-04-05 20:35:00,,,In Progress,
TKT001542,3771-PZOBW,Plan Modification,Low,Call Center,2026-08-31 09:08:00,2026-09-01 15:20:00,30.2,Resolved,1.0
TKT001543,2882-WDTBA,SIM Issue,Low,Chatbot,2026-06-09 21:57:00,2026-06-10 13:03:00,15.1,Resolved,3.0
TKT001544,5419-JKZNQ,Broadband Outage,High,Call Center,2026-08-28 15:18:00,,,Escalated,
TKT001545,5275-SQEIZ,Call Drops,High,Web Portal,2026-06-08 08:16:00,,,Escalated,
TKT001546,1635-FJFCC,Network Slowdown,Critical,Web Portal,2026-06-23 18:18:00,,,Escalated,
TKT001547,4629-NRXKX,Roaming Issue,Critical,Retail Store,2026-08-15 18:39:00,2026-08-16 12:45:00,18.1,Closed,1.0
TKT001548,2506-TNFCO,Roaming Issue,Critical,Web Portal,2026-03-13 09:55:00,,,Escalated,
TKT001549,9560-ARGQJ,Call Drops,Low,Web Portal,2026-08-29 20:04:00,2026-09-01 09:10:00,61.1,Closed,1.0
TKT001550,5429-LWCMV,Call Drops,High,Chatbot,2026-01-18 22:36:00,2026-01-19 20:36:00,22.0,Closed,3.0
TKT001551,6313-GIDIT,Broadband Outage,Critical,Mobile App,2026-04-21 10:12:00,,,Escalated,
TKT001552,9514-JDSKI,Plan Modification,Low,Mobile App,2026-02-25 13:34:00,2026-02-26 18:04:00,28.5,Closed,1.0
TKT001553,0623-IIHUG,Billing Dispute,High,Retail Store,2026-02-25 11:35:00,2026-02-28 01:23:00,61.8,Resolved,2.0
TKT001554,4897-QSUYC,Plan Modification,Critical,Call Center,2026-04-19 17:36:00,2026-04-21 00:42:00,31.1,Closed,1.0
TKT001555,1750-CSKKM,Network Slowdown,Low,Retail Store,2026-07-26 16:34:00,2026-07-29 08:28:00,63.9,Closed,2.0
TKT001556,2446-PLQVO,Plan Modification,Medium,Web Portal,2026-03-27 19:15:00,,,Escalated,
TKT001557,1971-DTCZB,Broadband Outage,Low,Web Portal,2026-03-15 17:47:00,2026-03-17 09:59:00,40.2,Closed,3.0
TKT001558,9710-ZUSHQ,SIM Issue,Critical,Call Center,2026-08-08 21:12:00,2026-08-10 08:30:00,35.3,Closed,1.0
TKT001559,8097-OMULG,Plan Modification,Low,Web Portal,2026-07-02 21:11:00,,,Escalated,
TKT001560,5626-MGTUK,Billing Dispute,Medium,Mobile App,2026-06-16 07:46:00,2026-06-18 10:52:00,51.1,Closed,5.0
TKT001561,8519-QJGJD,Network Slowdown,Critical,Web Portal,2026-04-23 22:16:00,,,In Progress,
TKT001562,2101-RANCD,Network Slowdown,Critical,Retail Store,2026-02-01 12:01:00,,,Escalated,
TKT001563,3134-DSHVC,Network Slowdown,Critical,Call Center,2026-04-30 18:08:00,,,In Progress,
TKT001564,8849-GYOKR,Plan Modification,Medium,Web Portal,2026-06-19 15:47:00,2026-06-19 18:11:00,2.4,Resolved,1.0
TKT001565,8634-CILSZ,Call Drops,Low,Chatbot,2026-04-05 08:52:00,,,In Progress,
TKT001566,4193-ORFCL,Plan Modification,Medium,Call Center,2026-06-04 07:32:00,2026-06-05 16:02:00,32.5,Resolved,1.0
TKT001567,9206-GVPEQ,Broadband Outage,Low,Chatbot,2026-05-26 15:08:00,2026-05-28 23:08:00,56.0,Closed,1.0
TKT001568,0621-JFHOL,Roaming Issue,Low,Mobile App,2026-07-27 18:49:00,,,Escalated,
TKT001569,7839-QRKXN,SIM Issue,Low,Chatbot,2026-06-03 22:30:00,2026-06-06 12:42:00,62.2,Closed,1.0
TKT001570,9351-LZYGF,Broadband Outage,Low,Web Portal,2026-06-11 17:26:00,,,In Progress,
TKT001571,9367-WXLCH,Broadband Outage,Medium,Mobile App,2026-06-24 08:54:00,2026-06-25 01:48:00,16.9,Closed,3.0
TKT001572,1989-PRJHP,Call Drops,Critical,Retail Store,2026-01-17 09:48:00,,,In Progress,
TKT001573,0137-OCGAB,Plan Modification,Critical,Web Portal,2026-08-16 23:05:00,2026-08-18 03:41:00,28.6,Closed,1.0
TKT001574,2777-PHDEI,Call Drops,High,Chatbot,2026-06-28 20:22:00,2026-06-30 15:22:00,43.0,Closed,1.0
TKT001575,5115-SQAAU,Billing Dispute,Low,Call Center,2026-01-27 15:56:00,,,Escalated,
TKT001576,2186-QZEYA,Broadband Outage,Low,Call Center,2026-01-03 14:35:00,2026-01-04 00:29:00,9.9,Closed,3.0
TKT001577,0325-XBFAC,Roaming Issue,Low,Call Center,2026-05-03 20:23:00,2026-05-04 03:05:00,6.7,Closed,3.0
TKT001578,7683-CBDKJ,Billing Dispute,High,Mobile App,2026-04-03 12:52:00,2026-04-05 09:22:00,44.5,Resolved,3.0
TKT001579,0278-YXOOG,Call Drops,High,Mobile App,2026-01-14 12:40:00,,,Escalated,
TKT001580,0722-SVSFK,Call Drops,Medium,Call Center,2026-05-26 20:51:00,2026-05-27 00:45:00,3.9,Resolved,1.0
TKT001581,4349-GFQHK,Plan Modification,Medium,Mobile App,2026-01-29 15:12:00,,,Escalated,
TKT001582,9646-NMHXE,Network Slowdown,Low,Call Center,2026-01-05 19:01:00,,,Escalated,
TKT001583,5240-IJOQT,SIM Issue,Medium,Web Portal,2026-08-18 20:33:00,,,Escalated,
TKT001584,9610-WCESF,Network Slowdown,High,Web Portal,2026-05-20 08:03:00,,,Escalated,
TKT001585,3594-UVONA,Call Drops,High,Retail Store,2026-08-14 11:19:00,2026-08-15 09:37:00,22.3,Resolved,2.0
TKT001586,2959-MJHIC,Roaming Issue,Medium,Web Portal,2026-07-01 14:02:00,,,In Progress,
TKT001587,6424-ELEYH,Plan Modification,Low,Chatbot,2026-08-22 13:15:00,2026-08-24 18:09:00,52.9,Resolved,2.0
TKT001588,3538-WZPHD,Call Drops,Low,Chatbot,2026-03-22 20:24:00,2026-03-23 14:12:00,17.8,Closed,2.0
TKT001589,9728-FTTVZ,SIM Issue,Medium,Mobile App,2026-05-11 15:51:00,,,Escalated,
TKT001590,1548-FEHVL,Roaming Issue,Critical,Mobile App,2026-03-22 23:37:00,2026-03-24 21:31:00,45.9,Closed,3.0
TKT001591,6005-OBZPH,Plan Modification,Critical,Web Portal,2026-04-27 18:16:00,2026-04-30 12:46:00,66.5,Closed,3.0
TKT001592,1725-MIMXW,Billing Dispute,Medium,Web Portal,2026-07-21 08:40:00,2026-07-22 06:16:00,21.6,Closed,1.0
TKT001593,0529-ONKER,Network Slowdown,Critical,Call Center,2026-01-21 10:46:00,2026-01-21 20:04:00,9.3,Closed,1.0
TKT001594,0440-EKDCF,Billing Dispute,High,Call Center,2026-05-30 12:19:00,,,In Progress,
TKT001595,0618-XWMSS,Network Slowdown,High,Mobile App,2026-04-13 16:31:00,2026-04-15 21:25:00,52.9,Closed,1.0
TKT001596,7305-ZWMAJ,Call Drops,Critical,Mobile App,2026-04-03 10:32:00,,,Escalated,
TKT001597,7579-OOPEC,Call Drops,Medium,Chatbot,2026-01-01 07:22:00,2026-01-03 22:22:00,63.0,Closed,1.0
TKT001598,8118-LSUEL,Roaming Issue,Critical,Retail Store,2026-03-05 09:55:00,2026-03-08 01:01:00,63.1,Closed,3.0
TKT001599,0810-BDHAW,SIM Issue,Medium,Mobile App,2026-08-11 14:00:00,,,In Progress,
TKT001600,7398-SKNQZ,Network Slowdown,Low,Retail Store,2026-05-03 09:20:00,2026-05-05 05:14:00,43.9,Closed,4.0
TKT001601,9399-APLBT,Network Slowdown,Critical,Mobile App,2026-03-07 13:27:00,,,Escalated,
TKT001602,2265-CYWIV,Broadband Outage,Low,Call Center,2026-04-03 22:11:00,2026-04-04 16:53:00,18.7,Closed,2.0
TKT001603,6797-LNAQX,Network Slowdown,Low,Call Center,2026-02-15 12:36:00,2026-02-18 05:30:00,64.9,Resolved,2.0
TKT001604,7137-NAXML,Billing Dispute,Critical,Chatbot,2026-04-04 17:01:00,2026-04-07 04:13:00,59.2,Closed,5.0
TKT001605,7284-BUYEC,Plan Modification,Critical,Call Center,2026-02-26 12:59:00,,,Escalated,
TKT001606,1383-EZRWL,Call Drops,High,Call Center,2026-08-25 12:39:00,2026-08-27 10:57:00,46.3,Closed,3.0
TKT001607,7665-TOALD,Billing Dispute,Medium,Web Portal,2026-02-04 21:38:00,,,Escalated,
TKT001608,9025-AOMKI,Roaming Issue,Critical,Retail Store,2026-01-10 13:11:00,2026-01-11 15:11:00,26.0,Resolved,1.0
TKT001609,8562-GHPPI,Roaming Issue,Medium,Chatbot,2026-03-17 09:21:00,,,In Progress,
TKT001610,8963-JLGJT,Billing Dispute,Medium,Chatbot,2026-08-12 11:25:00,,,In Progress,
TKT001611,2877-VDUER,Broadband Outage,High,Call Center,2026-01-22 11:42:00,,,In Progress,
TKT001612,4671-LXRDQ,SIM Issue,Critical,Mobile App,2026-04-02 14:47:00,,,Escalated,
TKT001613,4818-QIUFN,Call Drops,Low,Web Portal,2026-03-14 16:56:00,2026-03-16 19:26:00,50.5,Resolved,3.0
TKT001614,6961-VCPMC,Roaming Issue,Low,Call Center,2026-05-05 11:54:00,,,In Progress,
TKT001615,8305-VHZBZ,SIM Issue,Critical,Call Center,2026-05-22 10:44:00,,,Escalated,
TKT001616,8234-GSZYK,Billing Dispute,Critical,Retail Store,2026-02-02 14:53:00,2026-02-03 06:47:00,15.9,Closed,1.0
TKT001617,4102-HLENU,SIM Issue,Medium,Chatbot,2026-08-23 21:47:00,,,Escalated,
TKT001618,9146-JRIOX,Call Drops,Low,Chatbot,2026-03-10 13:11:00,,,Escalated,
TKT001619,9617-UDPEU,Roaming Issue,Critical,Call Center,2026-02-05 18:16:00,2026-02-08 08:52:00,62.6,Closed,3.0
TKT001620,7054-DMVAS,Plan Modification,Critical,Retail Store,2026-04-20 14:40:00,2026-04-21 17:22:00,26.7,Resolved,3.0
TKT001621,2873-ZLIWT,Billing Dispute,Medium,Call Center,2026-01-19 10:03:00,2026-01-22 00:27:00,62.4,Resolved,2.0
TKT001622,7493-TPUWZ,Network Slowdown,Medium,Call Center,2026-08-02 15:37:00,2026-08-04 02:01:00,34.4,Resolved,2.0
TKT001623,8129-GMVGI,Broadband Outage,Low,Chatbot,2026-07-24 23:17:00,2026-07-26 14:53:00,39.6,Closed,3.0
TKT001624,9237-HQITU,Plan Modification,Critical,Web Portal,2026-04-16 11:45:00,2026-04-18 04:03:00,40.3,Closed,1.0
TKT001625,1678-FYZOW,Broadband Outage,High,Mobile App,2026-02-18 21:37:00,,,Escalated,
TKT001626,9424-CMPOG,SIM Issue,High,Mobile App,2026-08-09 21:14:00,2026-08-10 21:14:00,24.0,Closed,3.0
TKT001627,0939-YAPAF,Billing Dispute,Low,Chatbot,2026-04-14 20:27:00,2026-04-15 07:27:00,11.0,Resolved,2.0
TKT001628,5842-POCOP,Plan Modification,Medium,Chatbot,2026-02-10 15:21:00,2026-02-13 01:39:00,58.3,Resolved,2.0
TKT001629,9136-ALYBR,Call Drops,High,Call Center,2026-03-09 22:18:00,2026-03-12 20:00:00,69.7,Resolved,1.0
TKT001630,7460-ITWWP,Call Drops,Low,Retail Store,2026-04-15 12:39:00,2026-04-17 21:15:00,56.6,Resolved,3.0
TKT001631,6581-NQCBA,SIM Issue,Low,Call Center,2026-06-24 13:33:00,2026-06-27 05:09:00,63.6,Closed,2.0
TKT001632,8822-KNBHV,Call Drops,Low,Web Portal,2026-05-25 14:03:00,,,In Progress,
TKT001633,8128-YVJRG,SIM Issue,Medium,Retail Store,2026-06-10 12:31:00,,,In Progress,
TKT001634,9399-APLBT,Roaming Issue,Medium,Call Center,2026-06-15 22:46:00,2026-06-16 01:34:00,2.8,Closed,2.0
TKT001635,0201-OAMXR,Call Drops,Low,Call Center,2026-02-09 23:29:00,2026-02-12 00:17:00,48.8,Closed,1.0
TKT001636,9565-JSNFM,Network Slowdown,Low,Retail Store,2026-04-25 07:27:00,,,In Progress,
TKT001637,9402-ROUMJ,Billing Dispute,Medium,Call Center,2026-02-17 19:05:00,2026-02-20 00:05:00,53.0,Closed,5.0
TKT001638,3500-RMZLT,Billing Dispute,High,Retail Store,2026-05-17 22:14:00,2026-05-18 04:26:00,6.2,Resolved,2.0
TKT001639,6261-LHRTG,Broadband Outage,Medium,Chatbot,2026-06-22 08:51:00,2026-06-24 14:09:00,53.3,Closed,4.0
TKT001640,9546-CQJSU,Billing Dispute,Low,Retail Store,2026-08-20 14:17:00,2026-08-23 01:17:00,59.0,Resolved,1.0
TKT001641,8679-JOEVF,Roaming Issue,Critical,Chatbot,2026-01-13 10:17:00,,,Escalated,
TKT001642,9964-WBQDJ,Billing Dispute,Medium,Web Portal,2026-05-18 18:32:00,2026-05-20 22:32:00,52.0,Closed,5.0
TKT001643,1750-CSKKM,Plan Modification,Low,Call Center,2026-01-18 14:02:00,2026-01-21 05:08:00,63.1,Closed,1.0
TKT001644,8645-KOMJQ,Plan Modification,Medium,Web Portal,2026-02-14 23:09:00,2026-02-15 15:33:00,16.4,Resolved,2.0
TKT001645,0940-OUQEC,Roaming Issue,Medium,Web Portal,2026-06-12 13:26:00,2026-06-13 09:56:00,20.5,Resolved,3.0
TKT001646,6034-ZRYCV,SIM Issue,Medium,Web Portal,2026-03-16 08:42:00,2026-03-18 00:00:00,39.3,Closed,1.0
TKT001647,5832-TRLPB,Roaming Issue,Low,Retail Store,2026-07-02 09:45:00,2026-07-03 11:15:00,25.5,Resolved,3.0
TKT001648,3557-HTYWR,Broadband Outage,Critical,Chatbot,2026-04-09 13:27:00,,,In Progress,
TKT001649,1596-BBVTG,Broadband Outage,Medium,Chatbot,2026-05-23 12:30:00,,,In Progress,
TKT001650,1488-SYSFC,Network Slowdown,Low,Call Center,2026-06-11 10:30:00,2026-06-11 15:48:00,5.3,Resolved,3.0
TKT001651,4229-CZMLL,Billing Dispute,Critical,Mobile App,2026-03-20 15:37:00,2026-03-23 07:01:00,63.4,Resolved,1.0
TKT001652,9822-OAOVB,Roaming Issue,Critical,Retail Store,2026-01-26 14:51:00,2026-01-29 11:21:00,68.5,Closed,3.0
TKT001653,8739-WWKDU,Network Slowdown,High,Call Center,2026-06-22 18:25:00,2026-06-25 17:49:00,71.4,Resolved,3.0
TKT001654,6614-VBEGU,Call Drops,Medium,Chatbot,2026-04-29 16:58:00,2026-05-02 12:58:00,68.0,Resolved,5.0
TKT001655,0295-PPHDO,Network Slowdown,Medium,Web Portal,2026-06-29 23:23:00,,,In Progress,
TKT001656,2873-ZLIWT,SIM Issue,High,Call Center,2026-02-10 10:14:00,2026-02-13 03:08:00,64.9,Closed,3.0
TKT001657,7683-CBDKJ,Billing Dispute,High,Mobile App,2026-01-25 10:14:00,2026-01-25 15:50:00,5.6,Closed,3.0
TKT001658,8200-LGKSR,Roaming Issue,Medium,Mobile App,2026-05-21 14:00:00,2026-05-23 04:12:00,38.2,Closed,3.0
TKT001659,2710-WYVXG,Network Slowdown,Medium,Call Center,2026-04-04 17:55:00,,,Escalated,
TKT001660,8499-BRXTD,Network Slowdown,Critical,Web Portal,2026-03-23 17:26:00,,,In Progress,
TKT001661,8784-CGILN,SIM Issue,High,Call Center,2026-05-21 22:02:00,2026-05-22 22:56:00,24.9,Resolved,3.0
TKT001662,4361-JEIVL,Billing Dispute,Critical,Call Center,2026-08-05 16:17:00,2026-08-07 03:47:00,35.5,Closed,2.0
TKT001663,6178-KFNHS,Call Drops,High,Chatbot,2026-08-21 11:57:00,,,Escalated,
TKT001664,2085-JVGAD,Plan Modification,High,Mobile App,2026-07-25 20:45:00,,,Escalated,
TKT001665,2275-RBYQS,Billing Dispute,Low,Retail Store,2026-02-17 22:12:00,2026-02-20 15:12:00,65.0,Closed,3.0
TKT001666,3146-JTQHR,Roaming Issue,Medium,Retail Store,2026-01-06 23:25:00,2026-01-08 01:55:00,26.5,Resolved,2.0
TKT001667,3500-RMZLT,Plan Modification,Critical,Chatbot,2026-02-13 15:12:00,,,Escalated,
TKT001668,8229-BUJHX,Billing Dispute,High,Mobile App,2026-07-21 07:21:00,2026-07-23 07:51:00,48.5,Resolved,4.0
TKT001669,1821-BUCWY,Broadband Outage,Critical,Web Portal,2026-08-31 09:10:00,2026-09-02 19:40:00,58.5,Closed,3.0
TKT001670,1262-OPMFY,Broadband Outage,High,Call Center,2026-01-14 09:20:00,2026-01-14 21:20:00,12.0,Resolved,1.0
TKT001671,1213-NGCUN,Plan Modification,Medium,Call Center,2026-02-01 14:47:00,2026-02-02 09:23:00,18.6,Resolved,1.0
TKT001672,4488-PSYCG,SIM Issue,Critical,Retail Store,2026-02-20 16:32:00,,,Escalated,
TKT001673,3913-FCUUW,SIM Issue,Medium,Chatbot,2026-06-22 19:35:00,2026-06-23 22:35:00,27.0,Closed,3.0
TKT001674,2472-OVKUP,SIM Issue,Medium,Mobile App,2026-05-31 08:22:00,2026-05-31 11:22:00,3.0,Closed,3.0
TKT001675,3301-LSLWQ,Roaming Issue,High,Chatbot,2026-04-12 20:59:00,2026-04-15 17:41:00,68.7,Closed,4.0
TKT001676,2338-BQEZT,Plan Modification,Critical,Mobile App,2026-05-30 18:41:00,,,In Progress,
TKT001677,5828-AVIPD,Broadband Outage,Medium,Mobile App,2026-05-10 17:27:00,2026-05-13 00:51:00,55.4,Resolved,3.0
TKT001678,4879-GZLFH,Broadband Outage,Low,Retail Store,2026-07-29 07:38:00,2026-07-30 11:02:00,27.4,Resolved,3.0
TKT001679,8614-VGMMV,Broadband Outage,Critical,Retail Store,2026-02-02 18:55:00,2026-02-04 07:37:00,36.7,Closed,3.0
TKT001680,4892-VLANZ,Network Slowdown,Low,Web Portal,2026-06-19 19:32:00,,,Escalated,
TKT001681,5550-VFRLC,Plan Modification,Medium,Chatbot,2026-02-02 14:39:00,2026-02-03 16:33:00,25.9,Closed,1.0
TKT001682,8080-DDEMJ,Plan Modification,Low,Web Portal,2026-02-23 15:39:00,2026-02-26 00:57:00,57.3,Resolved,3.0
TKT001683,1755-RMCXH,Plan Modification,Low,Retail Store,2026-05-17 12:47:00,,,In Progress,
TKT001684,0786-VSSUD,SIM Issue,Low,Web Portal,2026-08-19 14:58:00,2026-08-21 07:10:00,40.2,Resolved,3.0
TKT001685,7634-WSWDB,Broadband Outage,High,Mobile App,2026-05-20 11:34:00,2026-05-21 21:22:00,33.8,Closed,3.0
TKT001686,3276-HDUEG,Roaming Issue,Low,Mobile App,2026-08-12 12:15:00,2026-08-12 23:39:00,11.4,Closed,3.0
TKT001687,0020-INWCK,Plan Modification,Medium,Retail Store,2026-06-08 19:20:00,2026-06-10 02:38:00,31.3,Closed,5.0
TKT001688,4039-HEUNW,Plan Modification,Critical,Web Portal,2026-07-04 19:16:00,2026-07-05 20:16:00,25.0,Closed,2.0
TKT001689,9763-PDTKK,Call Drops,Medium,Web Portal,2026-04-26 13:39:00,2026-04-28 08:15:00,42.6,Resolved,3.0
TKT001690,1251-KRREG,Billing Dispute,High,Retail Store,2026-08-15 15:32:00,2026-08-16 20:44:00,29.2,Closed,3.0
TKT001691,2101-RANCD,Network Slowdown,Critical,Web Portal,2026-02-21 14:07:00,,,In Progress,
TKT001692,5862-BRIXZ,SIM Issue,Critical,Web Portal,2026-07-22 10:43:00,,,In Progress,
TKT001693,0376-YMCJC,Broadband Outage,Low,Call Center,2026-08-20 22:45:00,2026-08-22 00:15:00,25.5,Closed,3.0
TKT001694,1496-GGSUK,Call Drops,Critical,Web Portal,2026-06-03 19:50:00,2026-06-05 07:56:00,36.1,Closed,3.0
TKT001695,4800-VHZKI,Plan Modification,Medium,Mobile App,2026-03-10 19:30:00,2026-03-11 11:06:00,15.6,Closed,2.0
TKT001696,0519-XUZJU,Network Slowdown,Low,Web Portal,2026-08-17 16:48:00,,,Escalated,
TKT001697,2684-EIWEO,Roaming Issue,Low,Mobile App,2026-08-14 12:41:00,,,In Progress,
TKT001698,3797-VTIDR,SIM Issue,High,Chatbot,2026-02-01 16:56:00,2026-02-04 03:20:00,58.4,Resolved,3.0
TKT001699,3806-DXQOM,Plan Modification,Low,Mobile App,2026-02-01 19:40:00,2026-02-03 23:52:00,52.2,Closed,2.0
TKT001700,1095-JUDTC,Billing Dispute,Critical,Call Center,2026-08-08 21:26:00,2026-08-09 09:56:00,12.5,Closed,2.0
TKT001701,2482-CZGBB,Broadband Outage,High,Web Portal,2026-04-05 11:54:00,2026-04-07 10:48:00,46.9,Resolved,2.0
TKT001702,5872-OEQNH,Call Drops,Critical,Chatbot,2026-08-22 10:55:00,2026-08-23 09:37:00,22.7,Closed,2.0
TKT001703,9029-FEGVJ,Call Drops,Low,Mobile App,2026-02-21 08:45:00,2026-02-23 07:33:00,46.8,Closed,5.0
TKT001704,9885-CSMWE,Billing Dispute,Low,Mobile App,2026-01-21 18:21:00,,,Escalated,
TKT001705,3808-HFKDE,Plan Modification,Medium,Mobile App,2026-06-24 20:23:00,2026-06-27 15:41:00,67.3,Closed,5.0
TKT001706,6546-OPBBH,Call Drops,Medium,Mobile App,2026-08-14 15:08:00,,,In Progress,
TKT001707,6357-JJPQT,Broadband Outage,Critical,Chatbot,2026-01-28 23:53:00,,,Escalated,
TKT001708,4821-WQOYN,Broadband Outage,Medium,Mobile App,2026-08-17 13:15:00,2026-08-18 16:15:00,27.0,Closed,5.0
TKT001709,0475-RIJEP,Plan Modification,High,Chatbot,2026-08-07 18:52:00,2026-08-08 05:34:00,10.7,Closed,1.0
TKT001710,5073-WXOYN,Network Slowdown,Low,Call Center,2026-01-20 15:01:00,2026-01-23 14:43:00,71.7,Closed,3.0
TKT001711,7831-QGOXH,Roaming Issue,Low,Web Portal,2026-01-13 20:03:00,,,Escalated,
TKT001712,7284-ZZLOH,Broadband Outage,Medium,Mobile App,2026-01-21 17:11:00,2026-01-24 02:29:00,57.3,Closed,4.0
TKT001713,7508-DQAKK,Billing Dispute,High,Chatbot,2026-05-21 23:39:00,,,Escalated,
TKT001714,5027-QPKTE,Billing Dispute,Medium,Call Center,2026-01-03 16:36:00,2026-01-05 18:18:00,49.7,Resolved,1.0
TKT001715,3685-YLCMQ,Broadband Outage,Low,Call Center,2026-03-05 17:06:00,,,In Progress,
TKT001716,5168-MQQCA,Billing Dispute,Medium,Call Center,2026-02-16 15:02:00,,,In Progress,
TKT001717,0017-IUDMW,Roaming Issue,High,Mobile App,2026-01-14 10:41:00,2026-01-16 15:29:00,52.8,Resolved,4.0
TKT001718,5593-SUAOO,Billing Dispute,Medium,Call Center,2026-02-09 09:16:00,2026-02-09 14:58:00,5.7,Resolved,4.0
TKT001719,4077-CROMM,Billing Dispute,Low,Mobile App,2026-02-22 09:04:00,2026-02-24 02:04:00,41.0,Resolved,2.0
TKT001720,4079-ULGFR,Roaming Issue,High,Web Portal,2026-06-14 07:50:00,,,Escalated,
TKT001721,6963-KQYQB,Roaming Issue,Critical,Mobile App,2026-08-12 10:30:00,2026-08-15 01:42:00,63.2,Closed,5.0
TKT001722,9415-DPEWS,SIM Issue,Low,Web Portal,2026-05-28 08:53:00,2026-05-30 17:47:00,56.9,Closed,3.0
TKT001723,2815-CPTUL,Network Slowdown,High,Mobile App,2026-05-13 13:50:00,2026-05-15 18:56:00,53.1,Closed,1.0
TKT001724,4795-KTRTH,SIM Issue,High,Web Portal,2026-01-30 07:50:00,,,Escalated,
TKT001725,0786-VSSUD,Network Slowdown,High,Retail Store,2026-01-10 09:11:00,2026-01-10 16:11:00,7.0,Closed,3.0
TKT001726,6733-LRIZX,Plan Modification,Medium,Mobile App,2026-07-02 07:54:00,2026-07-04 23:42:00,63.8,Resolved,5.0
TKT001727,5013-SBUIH,Plan Modification,High,Web Portal,2026-06-28 16:27:00,,,Escalated,
TKT001728,2929-ERCFZ,Roaming Issue,Medium,Retail Store,2026-08-17 20:37:00,2026-08-18 04:49:00,8.2,Closed,2.0
TKT001729,7878-JGDKK,Broadband Outage,Low,Call Center,2026-02-03 08:41:00,,,In Progress,
TKT001730,5271-YNWVR,SIM Issue,High,Mobile App,2026-07-25 15:13:00,,,Escalated,
TKT001731,8450-JOVAH,Roaming Issue,Low,Retail Store,2026-04-13 23:33:00,2026-04-16 17:33:00,66.0,Closed,3.0
TKT001732,6248-BSHKG,Billing Dispute,Low,Call Center,2026-01-15 07:02:00,,,Escalated,
TKT001733,5597-GLBUC,SIM Issue,Critical,Web Portal,2026-03-11 16:10:00,2026-03-13 10:34:00,42.4,Closed,1.0
TKT001734,3165-HDOEW,Roaming Issue,Medium,Mobile App,2026-01-17 21:10:00,,,In Progress,
TKT001735,7850-THJMU,SIM Issue,Low,Mobile App,2026-03-08 21:12:00,2026-03-09 16:54:00,19.7,Closed,5.0
TKT001736,5515-IDEJJ,Network Slowdown,Critical,Chatbot,2026-04-14 17:18:00,2026-04-15 03:54:00,10.6,Closed,3.0
TKT001737,2446-BEGGB,SIM Issue,Medium,Web Portal,2026-07-13 17:45:00,,,Escalated,
TKT001738,8402-EIVQS,Plan Modification,Critical,Retail Store,2026-03-01 07:17:00,2026-03-03 16:23:00,57.1,Closed,3.0
TKT001739,4779-ZGICK,SIM Issue,High,Mobile App,2026-06-19 07:00:00,,,Escalated,
TKT001740,5138-WVKYJ,Billing Dispute,High,Web Portal,2026-07-30 15:32:00,,,In Progress,
TKT001741,0655-YDGFJ,SIM Issue,Medium,Mobile App,2026-02-06 23:53:00,,,Escalated,
TKT001742,6397-JNZZG,Roaming Issue,Low,Mobile App,2026-01-18 19:12:00,2026-01-20 19:06:00,47.9,Resolved,3.0
TKT001743,0603-TPMIB,Network Slowdown,Critical,Mobile App,2026-03-26 17:48:00,,,In Progress,
TKT001744,8806-EAGWC,Roaming Issue,Medium,Chatbot,2026-01-09 23:11:00,2026-01-12 22:41:00,71.5,Closed,2.0
TKT001745,4472-LVYGI,Network Slowdown,Medium,Web Portal,2026-07-29 15:31:00,2026-07-30 21:19:00,29.8,Closed,3.0
TKT001746,9747-DDZOS,Broadband Outage,Low,Call Center,2026-01-16 23:03:00,,,Escalated,
TKT001747,8822-KNBHV,Call Drops,Critical,Call Center,2026-01-12 07:39:00,,,Escalated,
TKT001748,4059-IIEBK,SIM Issue,High,Mobile App,2026-08-05 14:39:00,,,In Progress,
TKT001749,4342-HENTK,Call Drops,Medium,Web Portal,2026-03-01 18:05:00,,,Escalated,
TKT001750,9494-MRNYX,Roaming Issue,High,Mobile App,2026-02-09 16:23:00,,,Escalated,
TKT001751,4877-EVATK,Plan Modification,High,Call Center,2026-07-23 18:22:00,2026-07-23 21:04:00,2.7,Closed,2.0
TKT001752,7269-JISCY,Billing Dispute,Low,Chatbot,2026-02-09 23:58:00,,,In Progress,
TKT001753,8931-GJJIQ,Network Slowdown,Medium,Mobile App,2026-02-22 18:42:00,2026-02-24 03:06:00,32.4,Closed,2.0
TKT001754,8565-HBFNN,Roaming Issue,Critical,Web Portal,2026-04-06 13:31:00,2026-04-07 19:37:00,30.1,Closed,5.0
TKT001755,4250-FDVOU,Network Slowdown,Critical,Web Portal,2026-01-22 07:52:00,2026-01-23 17:40:00,33.8,Resolved,3.0
TKT001756,9223-UCPVT,SIM Issue,Low,Call Center,2026-02-10 14:55:00,2026-02-13 12:31:00,69.6,Closed,2.0
TKT001757,0270-THENM,Network Slowdown,Critical,Chatbot,2026-06-27 09:07:00,2026-06-27 13:07:00,4.0,Closed,4.0
TKT001758,7554-AKDQF,Call Drops,High,Retail Store,2026-05-02 13:04:00,2026-05-03 09:46:00,20.7,Resolved,3.0
TKT001759,6711-VTNRE,Call Drops,Critical,Retail Store,2026-04-19 21:03:00,2026-04-21 20:51:00,47.8,Closed,3.0
TKT001760,7593-XFKDI,SIM Issue,High,Call Center,2026-08-18 21:31:00,,,Escalated,
TKT001761,7079-QRCBC,Plan Modification,High,Chatbot,2026-08-22 21:55:00,,,Escalated,
TKT001762,4094-NSEDU,Broadband Outage,Medium,Web Portal,2026-05-16 22:40:00,,,In Progress,
TKT001763,9782-LGXMC,Network Slowdown,Medium,Retail Store,2026-03-19 22:14:00,2026-03-22 14:20:00,64.1,Closed,3.0
TKT001764,4786-UKSNZ,Broadband Outage,Critical,Call Center,2026-06-19 15:49:00,2026-06-20 05:13:00,13.4,Closed,3.0
TKT001765,3803-KMQFW,Billing Dispute,Medium,Retail Store,2026-08-06 23:27:00,,,Escalated,
TKT001766,6352-TWCAU,Call Drops,Critical,Retail Store,2026-02-13 13:03:00,2026-02-16 10:21:00,69.3,Closed,1.0
TKT001767,9965-YOKZB,Broadband Outage,Medium,Web Portal,2026-07-02 14:36:00,2026-07-04 16:24:00,49.8,Closed,3.0
TKT001768,0032-PGELS,SIM Issue,Medium,Retail Store,2026-03-16 07:06:00,2026-03-16 08:24:00,1.3,Closed,3.0
TKT001769,0420-BWTPW,Broadband Outage,Critical,Web Portal,2026-08-19 13:59:00,2026-08-22 12:05:00,70.1,Closed,2.0
TKT001770,2091-MJTFX,Plan Modification,Medium,Web Portal,2026-06-05 10:26:00,2026-06-07 15:14:00,52.8,Closed,1.0
TKT001771,4329-YPDDQ,SIM Issue,Medium,Web Portal,2026-02-15 08:09:00,,,Escalated,
TKT001772,9065-ZCPQX,Broadband Outage,Low,Chatbot,2026-07-23 07:02:00,2026-07-24 06:32:00,23.5,Closed,3.0
TKT001773,2984-AFWNC,SIM Issue,Critical,Call Center,2026-03-05 23:10:00,,,In Progress,
TKT001774,4800-CZMPC,SIM Issue,Medium,Chatbot,2026-01-21 20:13:00,2026-01-23 02:07:00,29.9,Closed,1.0
TKT001775,3196-NVXLZ,Network Slowdown,Critical,Chatbot,2026-04-22 17:23:00,2026-04-25 07:59:00,62.6,Closed,5.0
TKT001776,9046-JBFWA,SIM Issue,Critical,Web Portal,2026-08-30 11:23:00,,,Escalated,
TKT001777,0962-CQPWQ,Broadband Outage,Medium,Chatbot,2026-08-27 19:04:00,2026-08-30 10:22:00,63.3,Closed,3.0
TKT001778,2082-CEFLT,Plan Modification,Low,Chatbot,2026-06-28 23:47:00,2026-06-30 15:17:00,39.5,Closed,3.0
TKT001779,2361-FJWNO,Billing Dispute,Low,Call Center,2026-03-05 08:48:00,,,In Progress,
TKT001780,2408-TZMJL,Roaming Issue,High,Mobile App,2026-04-14 23:31:00,,,In Progress,
TKT001781,9812-GHVRI,Plan Modification,High,Retail Store,2026-01-09 14:51:00,,,Escalated,
TKT001782,9824-BEMCV,Network Slowdown,Medium,Retail Store,2026-08-30 09:56:00,2026-09-01 20:38:00,58.7,Closed,2.0
TKT001783,0013-SMEOE,Broadband Outage,Critical,Web Portal,2026-05-18 12:28:00,2026-05-20 11:10:00,46.7,Closed,5.0
TKT001784,5688-KZTSN,Call Drops,Critical,Call Center,2026-07-28 23:57:00,,,Escalated,
TKT001785,0744-GKNGE,Plan Modification,Critical,Mobile App,2026-02-06 20:18:00,2026-02-07 06:18:00,10.0,Closed,3.0
TKT001786,9581-GVBXT,Network Slowdown,High,Chatbot,2026-06-21 22:09:00,,,In Progress,
TKT001787,5696-EXCYS,SIM Issue,Medium,Mobile App,2026-06-17 11:35:00,2026-06-19 16:59:00,53.4,Closed,5.0
TKT001788,4936-YPJNK,Plan Modification,Medium,Chatbot,2026-08-26 19:41:00,,,Escalated,
TKT001789,0488-GSLFR,Network Slowdown,Medium,Chatbot,2026-07-20 21:11:00,,,Escalated,
TKT001790,1952-DVVSW,Call Drops,Critical,Call Center,2026-02-14 19:13:00,2026-02-15 13:49:00,18.6,Closed,5.0
TKT001791,6270-OMFIW,Plan Modification,Low,Retail Store,2026-01-20 16:04:00,2026-01-21 10:46:00,18.7,Resolved,1.0
TKT001792,8696-JKZNU,Roaming Issue,Medium,Chatbot,2026-04-09 10:32:00,2026-04-09 13:08:00,2.6,Resolved,3.0
TKT001793,3720-DBRWL,SIM Issue,Medium,Chatbot,2026-06-26 13:45:00,,,In Progress,
TKT001794,2485-ITVKB,SIM Issue,Medium,Chatbot,2026-06-27 13:00:00,,,Escalated,
TKT001795,3011-WQKSZ,Billing Dispute,High,Call Center,2026-01-13 15:12:00,2026-01-15 13:12:00,46.0,Closed,4.0
TKT001796,6082-OQFBA,Billing Dispute,Low,Retail Store,2026-01-04 10:00:00,2026-01-05 01:12:00,15.2,Closed,5.0
TKT001797,3005-TYFRD,Broadband Outage,Low,Mobile App,2026-06-22 16:17:00,2026-06-22 18:29:00,2.2,Resolved,3.0
TKT001798,1400-MMYXY,Billing Dispute,High,Call Center,2026-05-28 15:32:00,,,In Progress,
TKT001799,2002-MZHWP,Plan Modification,Medium,Web Portal,2026-01-21 23:43:00,2026-01-23 21:37:00,45.9,Closed,1.0
TKT001800,6892-XPFPU,SIM Issue,Critical,Mobile App,2026-07-20 19:23:00,2026-07-23 03:47:00,56.4,Closed,1.0
TKT001801,3428-XZMAZ,Network Slowdown,Low,Mobile App,2026-01-27 08:25:00,2026-01-28 15:01:00,30.6,Resolved,1.0
TKT001802,2391-SOORI,SIM Issue,Critical,Mobile App,2026-04-07 15:37:00,,,Escalated,
TKT001803,0733-VUNUW,SIM Issue,Critical,Web Portal,2026-01-12 15:31:00,2026-01-15 03:01:00,59.5,Resolved,3.0
TKT001804,4735-ASGMA,Call Drops,Critical,Mobile App,2026-05-22 11:42:00,,,In Progress,
TKT001805,2845-AFFTX,Call Drops,Low,Chatbot,2026-06-09 15:44:00,2026-06-10 10:38:00,18.9,Resolved,1.0
TKT001806,5924-SNGKP,Network Slowdown,High,Retail Store,2026-06-20 08:16:00,2026-06-22 11:28:00,51.2,Closed,1.0
TKT001807,0093-EXYQL,Network Slowdown,Medium,Retail Store,2026-06-04 09:50:00,,,In Progress,
TKT001808,2978-XXSOG,SIM Issue,Medium,Call Center,2026-03-14 10:32:00,,,Escalated,
TKT001809,7278-CKDNC,Call Drops,Critical,Retail Store,2026-08-26 18:32:00,,,Escalated,
TKT001810,5949-EBSQK,Call Drops,Critical,Call Center,2026-06-10 19:44:00,2026-06-11 20:08:00,24.4,Resolved,3.0
TKT001811,3104-OWCGK,Billing Dispute,High,Chatbot,2026-02-08 14:34:00,,,In Progress,
TKT001812,1184-PJVDB,Broadband Outage,Medium,Call Center,2026-04-29 20:58:00,,,In Progress,
TKT001813,2012-NWRPA,Network Slowdown,Medium,Call Center,2026-03-20 07:34:00,2026-03-22 13:58:00,54.4,Resolved,1.0
TKT001814,0314-TKOSI,Roaming Issue,High,Mobile App,2026-03-31 12:40:00,2026-04-02 21:22:00,56.7,Resolved,5.0
TKT001815,4376-KFVRS,Roaming Issue,Critical,Mobile App,2026-06-14 12:43:00,,,Escalated,
TKT001816,2004-OCQXK,Broadband Outage,Medium,Call Center,2026-04-04 19:52:00,2026-04-05 11:40:00,15.8,Resolved,1.0
TKT001817,0506-LVNGN,Network Slowdown,Medium,Web Portal,2026-04-10 15:15:00,,,In Progress,
TKT001818,7746-AWNQW,SIM Issue,Critical,Web Portal,2026-08-19 14:58:00,2026-08-22 07:10:00,64.2,Closed,3.0
TKT001819,9965-YOKZB,Call Drops,Critical,Chatbot,2026-02-27 20:59:00,,,Escalated,
TKT001820,0363-QJVFX,Broadband Outage,Low,Web Portal,2026-03-16 08:42:00,,,Escalated,
TKT001821,2636-OHFMN,Roaming Issue,Critical,Web Portal,2026-06-20 19:40:00,2026-06-20 23:10:00,3.5,Resolved,3.0
TKT001822,1349-WXNGG,Plan Modification,Critical,Retail Store,2026-05-28 22:41:00,,,In Progress,
TKT001823,4770-UEZOX,Plan Modification,Low,Retail Store,2026-07-29 20:15:00,,,In Progress,
TKT001824,2952-QAYZF,Broadband Outage,Critical,Web Portal,2026-08-22 08:06:00,,,In Progress,
TKT001825,5574-NXZIU,Broadband Outage,Low,Chatbot,2026-01-14 15:43:00,,,In Progress,
TKT001826,1502-XFCVR,Roaming Issue,Low,Mobile App,2026-03-08 10:13:00,2026-03-09 11:43:00,25.5,Closed,3.0
TKT001827,3154-HMWUU,Network Slowdown,Critical,Retail Store,2026-08-22 16:43:00,2026-08-23 15:01:00,22.3,Resolved,3.0
TKT001828,7029-RPUAV,Call Drops,Low,Retail Store,2026-06-29 14:08:00,2026-06-29 16:02:00,1.9,Closed,1.0
TKT001829,9013-AQORL,Billing Dispute,Critical,Chatbot,2026-01-01 20:26:00,,,Escalated,
TKT001830,5047-LHVLY,Broadband Outage,Medium,Web Portal,2026-07-04 10:09:00,2026-07-04 15:03:00,4.9,Closed,3.0
TKT001831,2737-YNGYW,Network Slowdown,Critical,Retail Store,2026-05-08 18:52:00,2026-05-10 06:58:00,36.1,Resolved,1.0
TKT001832,7969-AULMZ,Call Drops,High,Retail Store,2026-06-12 20:43:00,,,In Progress,
TKT001833,8840-DQLGN,Network Slowdown,High,Web Portal,2026-03-27 18:27:00,,,Escalated,
TKT001834,0388-EOPEX,SIM Issue,Critical,Chatbot,2026-04-14 10:02:00,,,Escalated,
TKT001835,3055-VTCGS,Billing Dispute,Medium,Chatbot,2026-07-25 09:00:00,,,Escalated,
TKT001836,7758-UJWYS,SIM Issue,Critical,Call Center,2026-05-11 18:05:00,2026-05-11 22:59:00,4.9,Resolved,3.0
TKT001837,8405-IGQFX,Call Drops,Low,Call Center,2026-01-28 20:50:00,,,Escalated,
TKT001838,0679-IDSTG,Call Drops,Low,Call Center,2026-05-07 09:51:00,,,Escalated,
TKT001839,0311-QYWSS,Roaming Issue,Critical,Web Portal,2026-02-08 22:02:00,,,Escalated,
TKT001840,3197-NNYNB,Call Drops,Critical,Web Portal,2026-07-28 16:30:00,2026-07-30 09:36:00,41.1,Closed,4.0
TKT001841,0568-ONFPC,SIM Issue,Low,Call Center,2026-07-10 13:57:00,2026-07-11 09:21:00,19.4,Closed,1.0
TKT001842,6849-OYAMU,Roaming Issue,Low,Web Portal,2026-05-18 22:19:00,2026-05-20 08:49:00,34.5,Closed,2.0
TKT001843,5130-IEKQT,SIM Issue,Medium,Web Portal,2026-03-04 17:26:00,2026-03-05 01:02:00,7.6,Closed,2.0
TKT001844,6777-TGHTM,Plan Modification,Critical,Web Portal,2026-05-31 16:57:00,2026-06-02 00:15:00,31.3,Resolved,2.0
TKT001845,8267-ZNYVZ,Plan Modification,Critical,Retail Store,2026-04-24 23:35:00,,,In Progress,
TKT001846,3733-ZEECP,Plan Modification,Medium,Mobile App,2026-06-13 14:51:00,2026-06-16 09:21:00,66.5,Closed,5.0
TKT001847,1761-AEZZR,Call Drops,High,Mobile App,2026-04-13 07:27:00,2026-04-15 19:15:00,59.8,Resolved,1.0
TKT001848,3755-JBMNH,Billing Dispute,Critical,Call Center,2026-03-06 15:50:00,2026-03-08 02:26:00,34.6,Resolved,2.0
TKT001849,3766-EJLFL,Billing Dispute,Critical,Chatbot,2026-03-31 07:25:00,2026-03-31 08:01:00,0.6,Closed,5.0
TKT001850,7089-IVVAZ,Plan Modification,Medium,Mobile App,2026-08-24 13:40:00,2026-08-26 06:58:00,41.3,Closed,1.0
TKT001851,4324-BZCKL,Plan Modification,Critical,Call Center,2026-08-22 15:42:00,,,Escalated,
TKT001852,8593-WHYHV,Billing Dispute,Medium,Retail Store,2026-02-14 13:25:00,,,Escalated,
TKT001853,2266-FUBDZ,Plan Modification,High,Mobile App,2026-05-07 09:38:00,,,In Progress,
TKT001854,9330-VOFSZ,Call Drops,High,Mobile App,2026-06-15 16:48:00,,,Escalated,
TKT001855,5968-XQIVE,Plan Modification,High,Call Center,2026-07-13 17:24:00,2026-07-15 03:12:00,33.8,Resolved,4.0
TKT001856,6434-TTGJP,Broadband Outage,Low,Mobile App,2026-07-15 11:56:00,,,Escalated,
TKT001857,5274-XHAKY,SIM Issue,Medium,Chatbot,2026-02-14 09:55:00,,,In Progress,
TKT001858,9102-IAYHT,Billing Dispute,Medium,Web Portal,2026-01-02 18:18:00,,,Escalated,
TKT001859,4806-HIPDW,Broadband Outage,High,Chatbot,2026-07-13 16:33:00,2026-07-15 07:15:00,38.7,Closed,1.0
TKT001860,9891-NQDBD,SIM Issue,Low,Chatbot,2026-07-29 10:18:00,,,In Progress,
TKT001861,7931-PXHFC,Roaming Issue,Low,Mobile App,2026-08-03 09:47:00,,,Escalated,
TKT001862,4323-SADQS,SIM Issue,Medium,Retail Store,2026-02-15 10:20:00,,,Escalated,
TKT001863,7130-CTCUS,SIM Issue,Critical,Mobile App,2026-08-12 23:57:00,2026-08-14 09:39:00,33.7,Resolved,3.0
TKT001864,4349-GFQHK,Billing Dispute,Low,Call Center,2026-03-21 21:36:00,,,Escalated,
TKT001865,6521-YYTYI,SIM Issue,Low,Retail Store,2026-05-04 20:14:00,2026-05-06 12:20:00,40.1,Closed,3.0
TKT001866,2037-SGXHH,Roaming Issue,Critical,Call Center,2026-01-14 22:19:00,,,In Progress,
TKT001867,4570-QHXHL,Plan Modification,Critical,Mobile App,2026-08-17 14:34:00,,,In Progress,
TKT001868,3589-PPVKW,Roaming Issue,Medium,Chatbot,2026-08-06 07:02:00,2026-08-06 21:08:00,14.1,Resolved,1.0
TKT001869,4002-BQWPQ,Network Slowdown,High,Retail Store,2026-03-01 13:57:00,2026-03-04 00:21:00,58.4,Resolved,3.0
TKT001870,6551-ZCOTS,Network Slowdown,Low,Call Center,2026-04-14 19:48:00,2026-04-16 19:24:00,47.6,Closed,2.0
TKT001871,3577-AMVUX,Broadband Outage,Low,Chatbot,2026-03-30 18:10:00,2026-04-02 14:52:00,68.7,Closed,4.0
TKT001872,6695-AMZUF,Network Slowdown,High,Web Portal,2026-04-17 18:08:00,2026-04-19 16:20:00,46.2,Closed,3.0
TKT001873,6664-FPDAC,SIM Issue,Medium,Call Center,2026-02-23 11:13:00,,,Escalated,
TKT001874,9350-VLHMB,Roaming Issue,Medium,Retail Store,2026-01-30 16:57:00,2026-02-02 11:51:00,66.9,Closed,4.0
TKT001875,0963-ZBDRN,Billing Dispute,Low,Retail Store,2026-07-13 15:26:00,2026-07-14 03:32:00,12.1,Resolved,1.0
TKT001876,7279-BUYWN,Billing Dispute,High,Retail Store,2026-07-08 16:50:00,,,In Progress,
TKT001877,2831-EBWRN,Broadband Outage,High,Call Center,2026-01-30 13:08:00,,,In Progress,
TKT001878,4013-UBXWQ,Broadband Outage,Critical,Call Center,2026-01-18 20:03:00,2026-01-20 03:15:00,31.2,Resolved,1.0
TKT001879,7138-GIRSH,Call Drops,Low,Retail Store,2026-06-26 23:37:00,2026-06-28 13:01:00,37.4,Closed,3.0
TKT001880,5514-YQENT,SIM Issue,Low,Call Center,2026-06-02 17:32:00,2026-06-04 19:38:00,50.1,Closed,5.0
TKT001881,9565-JSNFM,SIM Issue,Low,Call Center,2026-01-15 21:23:00,2026-01-18 08:11:00,58.8,Resolved,3.0
TKT001882,0578-SKVMF,Broadband Outage,Low,Call Center,2026-05-12 23:40:00,,,In Progress,
TKT001883,3737-GCSPV,SIM Issue,High,Call Center,2026-08-02 18:16:00,,,Escalated,
TKT001884,6047-YHPVI,Call Drops,High,Retail Store,2026-03-21 15:55:00,,,Escalated,
TKT001885,6680-WKXRZ,Broadband Outage,Medium,Chatbot,2026-01-12 15:38:00,2026-01-15 06:14:00,62.6,Resolved,2.0
TKT001886,9809-IMGCQ,Network Slowdown,High,Mobile App,2026-03-17 09:49:00,2026-03-17 22:13:00,12.4,Closed,3.0
TKT001887,3014-WJKSM,Roaming Issue,Low,Call Center,2026-02-10 14:02:00,2026-02-11 14:44:00,24.7,Closed,5.0
TKT001888,9332-GYWLO,Call Drops,Critical,Mobile App,2026-01-20 19:39:00,2026-01-22 05:39:00,34.0,Closed,1.0
TKT001889,5287-QWLKY,Network Slowdown,Low,Web Portal,2026-07-12 18:31:00,2026-07-15 15:37:00,69.1,Closed,2.0
TKT001890,2911-UREFD,Roaming Issue,Medium,Mobile App,2026-05-14 16:45:00,2026-05-15 07:51:00,15.1,Closed,2.0
TKT001891,4291-HPAXL,Call Drops,Medium,Retail Store,2026-08-07 10:44:00,,,In Progress,
TKT001892,5276-KQWHG,Roaming Issue,Low,Retail Store,2026-06-05 17:23:00,2026-06-07 19:05:00,49.7,Closed,3.0
TKT001893,1644-IRKSF,Broadband Outage,High,Chatbot,2026-07-21 23:49:00,2026-07-23 18:31:00,42.7,Closed,2.0
TKT001894,3196-NVXLZ,Call Drops,Critical,Chatbot,2026-03-23 08:43:00,2026-03-25 08:25:00,47.7,Resolved,3.0
TKT001895,4471-KXAUH,Broadband Outage,High,Chatbot,2026-05-21 13:54:00,2026-05-22 01:54:00,12.0,Closed,1.0
TKT001896,9360-AHGNL,SIM Issue,Critical,Web Portal,2026-03-05 12:14:00,,,Escalated,
TKT001897,7825-ECJRF,Network Slowdown,Low,Retail Store,2026-05-15 12:20:00,,,In Progress,
TKT001898,3331-HQDTW,Call Drops,High,Mobile App,2026-02-01 17:31:00,,,In Progress,
TKT001899,4566-QVRRW,Plan Modification,High,Call Center,2026-04-24 19:03:00,,,In Progress,
TKT001900,4633-MKHYU,Roaming Issue,Medium,Call Center,2026-04-07 21:04:00,,,In Progress,
TKT001901,0744-BIKKF,Network Slowdown,Low,Retail Store,2026-06-29 09:59:00,,,Escalated,
TKT001902,1162-ECVII,SIM Issue,Critical,Web Portal,2026-07-02 16:20:00,2026-07-05 16:08:00,71.8,Closed,5.0
TKT001903,4873-ILOLJ,Call Drops,Medium,Web Portal,2026-08-17 18:04:00,,,Escalated,
TKT001904,9801-NOSHQ,Network Slowdown,Critical,Call Center,2026-01-14 14:56:00,2026-01-15 12:08:00,21.2,Closed,5.0
TKT001905,1113-IUJYX,SIM Issue,High,Chatbot,2026-01-03 22:27:00,2026-01-05 08:27:00,34.0,Resolved,1.0
TKT001906,1216-BGTSP,SIM Issue,Critical,Call Center,2026-06-22 09:52:00,2026-06-23 17:04:00,31.2,Resolved,4.0
TKT001907,6771-XWBDM,Network Slowdown,Medium,Web Portal,2026-04-07 22:15:00,,,In Progress,
TKT001908,4800-CZMPC,Plan Modification,Low,Mobile App,2026-05-22 13:17:00,2026-05-23 22:47:00,33.5,Closed,3.0
TKT001909,5597-GLBUC,Roaming Issue,Low,Chatbot,2026-07-09 17:54:00,2026-07-11 10:54:00,41.0,Closed,1.0
TKT001910,5522-JBWMO,Billing Dispute,Critical,Call Center,2026-01-17 16:06:00,,,In Progress,
TKT001911,6861-XWTWQ,Network Slowdown,Critical,Retail Store,2026-02-23 13:53:00,2026-02-24 14:17:00,24.4,Resolved,3.0
TKT001912,7634-HLQJR,Broadband Outage,Low,Mobile App,2026-05-23 14:22:00,,,In Progress,
TKT001913,2869-ADAWR,Broadband Outage,Low,Chatbot,2026-03-17 23:55:00,2026-03-19 03:49:00,27.9,Closed,1.0
TKT001914,1217-VASWC,Broadband Outage,Medium,Mobile App,2026-08-04 14:42:00,2026-08-05 23:36:00,32.9,Closed,3.0
TKT001915,4312-GVYNH,Billing Dispute,Critical,Web Portal,2026-05-18 22:31:00,,,Escalated,
TKT001916,2514-GINMM,Roaming Issue,Low,Mobile App,2026-05-23 09:50:00,2026-05-25 21:38:00,59.8,Resolved,2.0
TKT001917,4910-GMJOT,Billing Dispute,High,Mobile App,2026-07-27 20:41:00,,,In Progress,
TKT001918,3319-DWOEP,Billing Dispute,Critical,Mobile App,2026-02-11 10:07:00,2026-02-12 00:25:00,14.3,Resolved,2.0
TKT001919,9385-NXKDA,Plan Modification,Medium,Mobile App,2026-07-24 18:07:00,2026-07-26 05:37:00,35.5,Closed,4.0
TKT001920,7579-OOPEC,Call Drops,High,Retail Store,2026-04-05 23:07:00,2026-04-08 06:37:00,55.5,Resolved,1.0
TKT001921,0616-ATFGB,Roaming Issue,High,Chatbot,2026-06-04 14:40:00,2026-06-05 08:46:00,18.1,Closed,3.0
TKT001922,2478-EEWWM,Roaming Issue,Critical,Retail Store,2026-07-25 19:52:00,2026-07-27 05:34:00,33.7,Resolved,3.0
TKT001923,0488-GSLFR,SIM Issue,Critical,Mobile App,2026-02-10 15:39:00,2026-02-11 22:39:00,31.0,Closed,2.0
TKT001924,5567-WSELE,SIM Issue,Medium,Call Center,2026-06-12 20:17:00,2026-06-15 16:05:00,67.8,Closed,2.0
TKT001925,0374-AACSZ,Billing Dispute,Critical,Chatbot,2026-04-02 21:38:00,,,In Progress,
TKT001926,0420-BWTPW,Broadband Outage,Low,Retail Store,2026-04-28 10:31:00,,,Escalated,
TKT001927,9625-QNLUX,Broadband Outage,Low,Web Portal,2026-08-17 12:24:00,2026-08-18 02:30:00,14.1,Closed,2.0
TKT001928,8229-TNIQA,Roaming Issue,Low,Retail Store,2026-07-11 15:06:00,2026-07-14 14:12:00,71.1,Closed,1.0
TKT001929,0257-KXZGU,Plan Modification,Medium,Web Portal,2026-03-04 16:49:00,2026-03-06 07:13:00,38.4,Closed,3.0
TKT001930,8685-WHQPW,Broadband Outage,High,Mobile App,2026-03-17 12:04:00,2026-03-18 19:10:00,31.1,Closed,3.0
TKT001931,3138-BKYAV,Broadband Outage,Medium,Mobile App,2026-07-06 07:34:00,2026-07-07 00:22:00,16.8,Resolved,3.0
TKT001932,7927-AUXBZ,SIM Issue,High,Retail Store,2026-05-03 09:06:00,,,Escalated,
TKT001933,5240-CAOYT,Roaming Issue,High,Mobile App,2026-08-25 09:34:00,2026-08-27 23:58:00,62.4,Resolved,3.0
TKT001934,1981-INRFU,SIM Issue,Critical,Call Center,2026-03-05 18:42:00,,,Escalated,
TKT001935,3565-UNOCC,Call Drops,Critical,Call Center,2026-02-12 16:21:00,,,Escalated,
TKT001936,5566-SOEZD,Plan Modification,Medium,Web Portal,2026-06-25 21:20:00,,,In Progress,
TKT001937,4883-QICIH,Broadband Outage,Low,Chatbot,2026-01-12 16:33:00,,,In Progress,
TKT001938,7878-RTCZG,Billing Dispute,Medium,Call Center,2026-06-23 16:26:00,,,Escalated,
TKT001939,5565-FILXA,Broadband Outage,Medium,Web Portal,2026-02-19 14:51:00,2026-02-21 11:03:00,44.2,Closed,3.0
TKT001940,0004-TLHLJ,SIM Issue,High,Call Center,2026-04-06 16:49:00,,,In Progress,
TKT001941,4086-YQSNZ,Broadband Outage,High,Chatbot,2026-08-29 21:38:00,,,In Progress,
TKT001942,8182-BJDSI,Call Drops,Medium,Chatbot,2026-03-25 21:31:00,,,Escalated,
TKT001943,6711-FLDFB,Roaming Issue,High,Call Center,2026-06-24 10:23:00,,,Escalated,
TKT001944,9614-RMGHA,Network Slowdown,High,Call Center,2026-01-10 09:02:00,2026-01-11 23:20:00,38.3,Closed,3.0
TKT001945,8063-RJYNF,Plan Modification,Medium,Mobile App,2026-01-05 08:07:00,,,In Progress,
TKT001946,7147-AYBAA,Roaming Issue,High,Retail Store,2026-04-21 09:44:00,,,In Progress,
TKT001947,8849-GYOKR,Billing Dispute,Medium,Chatbot,2026-02-17 08:48:00,2026-02-17 14:54:00,6.1,Closed,3.0
TKT001948,5301-GAUUY,SIM Issue,Critical,Call Center,2026-04-16 13:43:00,2026-04-18 11:19:00,45.6,Resolved,3.0
TKT001949,2833-SLKDQ,Billing Dispute,Medium,Chatbot,2026-03-31 16:17:00,,,In Progress,
TKT001950,8510-AWCXC,SIM Issue,Low,Mobile App,2026-02-11 16:45:00,2026-02-13 22:15:00,53.5,Closed,1.0
TKT001951,1260-TTRXI,Network Slowdown,Low,Web Portal,2026-08-22 07:39:00,,,Escalated,
TKT001952,1907-UBQFC,Network Slowdown,Low,Web Portal,2026-06-10 17:38:00,2026-06-12 03:14:00,33.6,Closed,1.0
TKT001953,3276-HDUEG,Billing Dispute,Low,Call Center,2026-05-09 13:25:00,,,In Progress,
TKT001954,2664-XJZNO,Billing Dispute,Medium,Call Center,2026-07-25 20:53:00,2026-07-26 21:41:00,24.8,Closed,2.0
TKT001955,7593-XFKDI,Billing Dispute,Low,Mobile App,2026-05-23 10:26:00,,,Escalated,
TKT001956,1363-TXLSL,Broadband Outage,Medium,Mobile App,2026-02-12 11:59:00,2026-02-14 12:53:00,48.9,Closed,1.0
TKT001957,0268-QKIWO,SIM Issue,High,Mobile App,2026-01-15 17:35:00,,,Escalated,
TKT001958,1031-IIDEO,Call Drops,Low,Retail Store,2026-07-01 16:52:00,,,In Progress,
TKT001959,4211-MMAZN,SIM Issue,Low,Chatbot,2026-01-30 23:52:00,2026-02-02 00:28:00,48.6,Resolved,1.0
TKT001960,0621-TWIEM,Billing Dispute,Medium,Call Center,2026-03-31 19:52:00,,,Escalated,
TKT001961,6646-QVXLR,Call Drops,High,Retail Store,2026-03-04 15:20:00,2026-03-05 12:50:00,21.5,Closed,3.0
TKT001962,6447-GORXK,Billing Dispute,Low,Call Center,2026-07-29 21:03:00,2026-07-31 17:57:00,44.9,Resolved,5.0
TKT001963,4760-XOHVN,Broadband Outage,Critical,Chatbot,2026-03-04 07:40:00,2026-03-06 16:40:00,57.0,Closed,2.0
TKT001964,2662-NNTDK,Broadband Outage,Critical,Call Center,2026-08-12 19:36:00,,,In Progress,
TKT001965,8490-BXHEO,Plan Modification,Low,Web Portal,2026-03-10 22:37:00,2026-03-13 17:07:00,66.5,Resolved,5.0
TKT001966,6578-KRMAW,Network Slowdown,Medium,Chatbot,2026-08-31 10:45:00,,,Escalated,
TKT001967,9578-FOMUK,SIM Issue,High,Chatbot,2026-05-18 18:08:00,2026-05-20 06:56:00,36.8,Closed,3.0
TKT001968,2782-LFZVW,Roaming Issue,Medium,Call Center,2026-02-05 21:43:00,,,In Progress,
TKT001969,3190-XFANI,Broadband Outage,High,Call Center,2026-05-27 22:48:00,,,Escalated,
TKT001970,2321-OMBXY,Billing Dispute,Low,Chatbot,2026-08-01 16:59:00,2026-08-04 06:59:00,62.0,Closed,1.0
TKT001971,1976-AZZPJ,Broadband Outage,Critical,Mobile App,2026-01-23 20:07:00,2026-01-24 09:01:00,12.9,Closed,5.0
TKT001972,5356-KZCKT,SIM Issue,Critical,Retail Store,2026-01-02 22:47:00,2026-01-04 11:23:00,36.6,Closed,3.0
TKT001973,3049-NDXFL,Network Slowdown,Low,Retail Store,2026-05-05 19:36:00,,,Escalated,
TKT001974,8993-PHFWD,Broadband Outage,Medium,Call Center,2026-02-24 20:41:00,,,Escalated,
TKT001975,9102-IAYHT,Network Slowdown,Low,Chatbot,2026-08-26 11:54:00,,,Escalated,
TKT001976,3744-ZRRDZ,Billing Dispute,Medium,Mobile App,2026-07-21 08:39:00,,,In Progress,
TKT001977,8634-CILSZ,Call Drops,Medium,Web Portal,2026-05-25 09:07:00,,,In Progress,
TKT001978,8952-WCVCD,Network Slowdown,Low,Retail Store,2026-04-03 12:34:00,2026-04-06 11:04:00,70.5,Resolved,4.0
TKT001979,0484-JPBRU,Billing Dispute,Medium,Mobile App,2026-06-20 07:30:00,2026-06-22 19:42:00,60.2,Closed,5.0
TKT001980,3334-CTHOL,Roaming Issue,High,Chatbot,2026-07-23 12:20:00,2026-07-25 16:20:00,52.0,Closed,3.0
TKT001981,2725-IWWBA,Plan Modification,Low,Retail Store,2026-06-14 11:52:00,2026-06-15 00:46:00,12.9,Closed,3.0
TKT001982,7426-RHZGU,SIM Issue,Low,Mobile App,2026-06-16 17:56:00,2026-06-17 04:08:00,10.2,Resolved,4.0
TKT001983,9013-AQORL,Plan Modification,Low,Call Center,2026-03-17 17:05:00,2026-03-20 14:59:00,69.9,Closed,2.0
TKT001984,6556-DBKZF,Broadband Outage,Low,Mobile App,2026-06-27 12:27:00,2026-06-28 11:57:00,23.5,Closed,3.0
TKT001985,2636-ALXXZ,Network Slowdown,Medium,Web Portal,2026-02-26 12:50:00,2026-03-01 00:50:00,60.0,Closed,2.0
TKT001986,9667-EQRXU,Network Slowdown,High,Web Portal,2026-08-27 07:45:00,2026-08-29 10:21:00,50.6,Closed,2.0
TKT001987,5649-ANRML,Broadband Outage,Critical,Web Portal,2026-05-15 11:51:00,2026-05-16 20:51:00,33.0,Closed,2.0
TKT001988,4140-WJAWW,Roaming Issue,Low,Mobile App,2026-04-14 22:07:00,,,Escalated,
TKT001989,1565-RHDJD,Billing Dispute,Medium,Mobile App,2026-05-08 07:59:00,2026-05-11 06:59:00,71.0,Resolved,1.0
TKT001990,8637-XJIVR,Broadband Outage,Low,Chatbot,2026-08-01 08:47:00,,,Escalated,
TKT001991,0475-RIJEP,Roaming Issue,Critical,Web Portal,2026-04-01 18:56:00,2026-04-03 07:44:00,36.8,Resolved,2.0
TKT001992,2091-RFFBA,Roaming Issue,Medium,Chatbot,2026-05-30 15:46:00,,,Escalated,
TKT001993,0455-ENTCR,Billing Dispute,Critical,Web Portal,2026-05-26 17:49:00,2026-05-27 10:01:00,16.2,Closed,5.0
TKT001994,7486-KSRVI,Broadband Outage,Low,Chatbot,2026-04-09 16:56:00,,,In Progress,
TKT001995,3398-FSHON,SIM Issue,Critical,Web Portal,2026-05-14 14:20:00,2026-05-16 16:38:00,50.3,Closed,2.0
TKT001996,6230-BSUXY,Roaming Issue,Low,Retail Store,2026-01-02 18:20:00,2026-01-04 18:56:00,48.6,Closed,1.0
TKT001997,1228-FZFRV,Call Drops,Medium,Retail Store,2026-08-26 17:39:00,2026-08-28 23:21:00,53.7,Closed,1.0
TKT001998,7663-ZTEGJ,Plan Modification,High,Chatbot,2026-07-13 13:54:00,2026-07-16 06:48:00,64.9,Closed,2.0
TKT001999,1481-ZUWZA,SIM Issue,Critical,Retail Store,2026-01-17 20:26:00,,,In Progress,
TKT002000,4741-WWJQZ,Network Slowdown,High,Retail Store,2026-06-25 18:19:00,2026-06-26 17:55:00,23.6,Closed,3.0
TKT002001,5293-WXJAK,Network Slowdown,High,Web Portal,2026-05-20 21:06:00,,,Escalated,
TKT002002,5271-YNWVR,Broadband Outage,High,Chatbot,2026-02-16 07:55:00,,,In Progress,
TKT002003,9853-JFZDU,Broadband Outage,Medium,Chatbot,2026-02-23 21:08:00,2026-02-25 22:02:00,48.9,Resolved,5.0
TKT002004,4187-CINZD,Plan Modification,Critical,Chatbot,2026-05-09 15:23:00,2026-05-11 11:41:00,44.3,Resolved,2.0
TKT002005,6075-SLNIL,Network Slowdown,Medium,Chatbot,2026-01-15 11:00:00,2026-01-16 23:54:00,36.9,Closed,4.0
TKT002006,0917-EZOLA,Broadband Outage,Critical,Mobile App,2026-02-14 14:33:00,,,In Progress,
TKT002007,5520-FVEWJ,Billing Dispute,Critical,Call Center,2026-05-02 22:51:00,,,Escalated,
TKT002008,0337-CNPZE,SIM Issue,Medium,Chatbot,2026-08-20 16:16:00,,,In Progress,
TKT002009,9025-ZRPVR,Broadband Outage,Low,Call Center,2026-03-27 16:14:00,2026-03-27 18:56:00,2.7,Resolved,2.0
TKT002010,3049-NDXFL,Network Slowdown,High,Web Portal,2026-03-13 16:37:00,,,In Progress,
TKT002011,7384-GHBPI,SIM Issue,Medium,Call Center,2026-01-30 16:22:00,,,In Progress,
TKT002012,2302-ANTDP,Plan Modification,Critical,Retail Store,2026-08-18 08:28:00,,,In Progress,
TKT002013,9863-JZAIC,SIM Issue,Low,Chatbot,2026-08-29 20:14:00,2026-08-30 06:08:00,9.9,Closed,1.0
TKT002014,6905-NIQIN,SIM Issue,Critical,Mobile App,2026-04-12 12:55:00,2026-04-14 22:55:00,58.0,Closed,2.0
TKT002015,8628-MFKAX,Billing Dispute,Critical,Retail Store,2026-01-10 11:19:00,2026-01-11 09:43:00,22.4,Closed,1.0
TKT002016,4635-EJYPD,SIM Issue,Low,Mobile App,2026-08-18 14:44:00,2026-08-20 07:08:00,40.4,Closed,3.0
TKT002017,1750-CSKKM,Call Drops,Low,Web Portal,2026-04-19 19:40:00,2026-04-22 08:16:00,60.6,Resolved,3.0
TKT002018,0835-DUUIQ,Roaming Issue,Low,Web Portal,2026-05-26 21:48:00,,,Escalated,
TKT002019,0637-UBJRP,Network Slowdown,High,Retail Store,2026-01-04 13:17:00,2026-01-06 02:41:00,37.4,Resolved,2.0
TKT002020,8640-SDGKB,Roaming Issue,Medium,Call Center,2026-05-20 19:51:00,2026-05-23 18:15:00,70.4,Resolved,2.0
TKT002021,3143-ILDAL,Network Slowdown,Medium,Web Portal,2026-05-08 18:57:00,,,Escalated,
TKT002022,7074-IEVOJ,Network Slowdown,Medium,Mobile App,2026-02-13 13:40:00,,,In Progress,
TKT002023,4094-NSEDU,Billing Dispute,High,Chatbot,2026-06-14 23:50:00,2026-06-16 05:32:00,29.7,Resolved,1.0
TKT002024,0655-YDGFJ,Roaming Issue,Medium,Retail Store,2026-02-08 15:00:00,2026-02-09 09:18:00,18.3,Resolved,3.0
TKT002025,2840-XANRC,Plan Modification,Critical,Web Portal,2026-05-27 08:32:00,,,Escalated,
TKT002026,3389-YGYAI,Billing Dispute,Critical,Chatbot,2026-08-28 21:16:00,,,In Progress,
TKT002027,6876-ADESB,Network Slowdown,Medium,Mobile App,2026-04-26 09:47:00,2026-04-26 16:11:00,6.4,Closed,3.0
TKT002028,9388-ZEYVT,Network Slowdown,Critical,Web Portal,2026-04-02 13:36:00,2026-04-05 02:00:00,60.4,Closed,4.0
TKT002029,8868-WOZGU,Broadband Outage,High,Chatbot,2026-05-05 22:56:00,2026-05-06 03:50:00,4.9,Closed,2.0
TKT002030,0265-EDXBD,Roaming Issue,Medium,Mobile App,2026-02-09 21:45:00,,,In Progress,
TKT002031,1328-EUZHC,Plan Modification,High,Mobile App,2026-05-15 19:10:00,,,In Progress,
TKT002032,1837-YQUCE,Network Slowdown,Low,Chatbot,2026-02-21 20:12:00,2026-02-23 17:12:00,45.0,Closed,4.0
TKT002033,3452-GWUIN,SIM Issue,Medium,Chatbot,2026-01-23 08:22:00,,,In Progress,
TKT002034,6769-DYBQN,Billing Dispute,High,Chatbot,2026-01-18 16:07:00,,,In Progress,
TKT002035,3097-NNSPB,Roaming Issue,Critical,Chatbot,2026-08-22 18:35:00,2026-08-25 12:05:00,65.5,Closed,1.0
TKT002036,9050-QLROH,Roaming Issue,Critical,Retail Store,2026-01-30 15:26:00,2026-01-31 20:20:00,28.9,Closed,2.0
TKT002037,1626-ERCMM,Plan Modification,High,Web Portal,2026-07-24 23:57:00,2026-07-27 15:51:00,63.9,Resolved,2.0
TKT002038,7825-ECJRF,Billing Dispute,Critical,Chatbot,2026-02-11 22:14:00,2026-02-13 22:56:00,48.7,Resolved,1.0
TKT002039,7740-KKCXF,Billing Dispute,High,Call Center,2026-03-23 22:21:00,2026-03-26 06:09:00,55.8,Resolved,3.0
TKT002040,3842-IYKUE,Call Drops,Medium,Web Portal,2026-06-28 17:17:00,2026-06-29 18:29:00,25.2,Closed,2.0
TKT002041,5154-VEKBL,Broadband Outage,Medium,Call Center,2026-05-07 07:48:00,2026-05-09 12:36:00,52.8,Closed,3.0
TKT002042,6253-WRFHY,Plan Modification,Low,Web Portal,2026-01-17 19:26:00,2026-01-18 01:56:00,6.5,Closed,4.0
TKT002043,8212-DJRCH,Network Slowdown,High,Mobile App,2026-04-27 19:32:00,,,Escalated,
TKT002044,8374-XGEJJ,Broadband Outage,Low,Mobile App,2026-01-24 17:17:00,,,Escalated,
TKT002045,3668-QPYBK,Network Slowdown,Medium,Web Portal,2026-05-15 16:04:00,2026-05-18 11:04:00,67.0,Closed,1.0
TKT002046,7663-RGWBC,Plan Modification,Low,Retail Store,2026-03-30 22:32:00,2026-04-02 09:38:00,59.1,Resolved,1.0
TKT002047,6352-TWCAU,SIM Issue,High,Mobile App,2026-04-20 11:21:00,2026-04-21 15:27:00,28.1,Resolved,2.0
TKT002048,6248-TKCQV,Broadband Outage,Critical,Retail Store,2026-03-06 18:33:00,,,Escalated,
TKT002049,6141-OOXUQ,Plan Modification,High,Mobile App,2026-05-09 18:17:00,2026-05-10 18:35:00,24.3,Resolved,3.0
TKT002050,6413-XKKPU,Billing Dispute,High,Web Portal,2026-03-09 09:29:00,2026-03-11 23:59:00,62.5,Closed,1.0
TKT002051,7055-JCGNI,Broadband Outage,Low,Retail Store,2026-04-28 15:22:00,2026-05-01 14:52:00,71.5,Resolved,1.0
TKT002052,4365-MSDYN,Plan Modification,Critical,Chatbot,2026-06-23 18:47:00,,,In Progress,
TKT002053,7044-YAACC,Network Slowdown,Critical,Retail Store,2026-04-28 10:26:00,,,In Progress,
TKT002054,8166-ZZTFS,Plan Modification,High,Mobile App,2026-08-14 08:14:00,2026-08-16 12:14:00,52.0,Closed,2.0
TKT002055,6368-NWMCE,Roaming Issue,Medium,Retail Store,2026-08-26 13:18:00,2026-08-28 11:48:00,46.5,Closed,4.0
TKT002056,1100-DDVRV,Roaming Issue,Low,Web Portal,2026-03-05 11:56:00,,,Escalated,
TKT002057,3801-HMYNL,Broadband Outage,Critical,Web Portal,2026-04-19 10:45:00,2026-04-21 01:09:00,38.4,Closed,3.0
TKT002058,6769-DCQLI,SIM Issue,Critical,Retail Store,2026-04-12 15:04:00,,,In Progress,
TKT002059,3445-HXXGF,Plan Modification,Low,Mobile App,2026-03-02 16:00:00,,,Escalated,
TKT002060,1200-TUZHR,Broadband Outage,Critical,Call Center,2026-07-22 22:19:00,2026-07-25 15:01:00,64.7,Closed,3.0
TKT002061,7295-JOMMD,Roaming Issue,Critical,Mobile App,2026-06-10 16:36:00,2026-06-11 08:48:00,16.2,Resolved,3.0
TKT002062,0274-JKUJR,Billing Dispute,Medium,Retail Store,2026-01-09 13:18:00,2026-01-11 12:36:00,47.3,Closed,3.0
TKT002063,2865-TCHJW,Roaming Issue,Critical,Mobile App,2026-01-12 13:53:00,,,In Progress,
TKT002064,8637-XJIVR,Call Drops,Low,Retail Store,2026-06-02 23:55:00,,,In Progress,
TKT002065,2108-YKQTY,SIM Issue,Low,Mobile App,2026-02-23 10:29:00,,,Escalated,
TKT002066,2626-URJFX,Roaming Issue,High,Web Portal,2026-07-17 23:25:00,,,In Progress,
TKT002067,5334-JLAXU,SIM Issue,Medium,Mobile App,2026-08-17 15:55:00,2026-08-20 12:01:00,68.1,Closed,4.0
TKT002068,8218-FFJDS,Billing Dispute,Critical,Web Portal,2026-03-01 11:51:00,2026-03-02 12:45:00,24.9,Closed,3.0
TKT002069,3426-NIYYL,Plan Modification,Low,Retail Store,2026-07-27 09:04:00,2026-07-28 13:46:00,28.7,Resolved,1.0
TKT002070,0375-HVGXO,Network Slowdown,High,Web Portal,2026-04-19 18:08:00,,,In Progress,
TKT002071,1591-MQJTP,Plan Modification,High,Call Center,2026-02-13 11:18:00,2026-02-16 10:42:00,71.4,Closed,1.0
TKT002072,7488-MXJIV,SIM Issue,Low,Web Portal,2026-01-05 13:32:00,2026-01-07 18:14:00,52.7,Resolved,1.0
TKT002073,3902-FOIGH,Call Drops,Low,Retail Store,2026-06-30 18:51:00,2026-07-02 22:33:00,51.7,Closed,2.0
TKT002074,6937-GCDGQ,Broadband Outage,Low,Retail Store,2026-08-16 14:18:00,,,In Progress,
TKT002075,6038-GCYEC,Broadband Outage,High,Chatbot,2026-04-14 23:48:00,,,In Progress,
TKT002076,8455-HIRAQ,Plan Modification,Critical,Retail Store,2026-05-10 21:45:00,,,Escalated,
TKT002077,3635-JBPSG,Plan Modification,Low,Retail Store,2026-07-31 23:44:00,2026-08-03 21:56:00,70.2,Closed,5.0
TKT002078,5575-TPIZQ,Roaming Issue,Medium,Call Center,2026-03-04 20:18:00,2026-03-05 18:36:00,22.3,Resolved,3.0
TKT002079,5834-ASPWA,Network Slowdown,High,Call Center,2026-05-27 15:40:00,2026-05-29 07:28:00,39.8,Closed,1.0
TKT002080,9747-DDZOS,Network Slowdown,High,Chatbot,2026-01-23 23:38:00,2026-01-25 21:20:00,45.7,Closed,3.0
TKT002081,3194-ORPIK,Roaming Issue,Medium,Mobile App,2026-08-12 20:50:00,2026-08-14 18:50:00,46.0,Closed,3.0
TKT002082,7446-YPODE,Roaming Issue,High,Call Center,2026-08-16 07:04:00,2026-08-18 08:22:00,49.3,Closed,3.0
TKT002083,5378-IKEEG,Roaming Issue,Critical,Call Center,2026-02-22 09:06:00,,,Escalated,
TKT002084,0247-SLUJI,SIM Issue,Low,Chatbot,2026-06-15 14:19:00,,,Escalated,
TKT002085,8286-AFUYI,Broadband Outage,Critical,Mobile App,2026-02-18 22:21:00,,,In Progress,
TKT002086,9600-UDOPK,Plan Modification,High,Retail Store,2026-01-05 10:28:00,2026-01-06 17:16:00,30.8,Closed,1.0
TKT002087,6581-NQCBA,Call Drops,High,Mobile App,2026-03-19 18:22:00,2026-03-21 22:40:00,52.3,Closed,2.0
TKT002088,4641-FROLU,Billing Dispute,Low,Mobile App,2026-07-06 08:25:00,2026-07-07 05:01:00,20.6,Closed,4.0
TKT002089,6711-VTNRE,Broadband Outage,Low,Retail Store,2026-03-30 14:06:00,2026-04-02 01:12:00,59.1,Resolved,1.0
TKT002090,5825-XJOCM,SIM Issue,Critical,Chatbot,2026-01-31 07:03:00,2026-02-02 07:03:00,48.0,Resolved,4.0
TKT002091,2573-GYRUU,Plan Modification,Low,Chatbot,2026-04-27 10:45:00,,,In Progress,
TKT002092,5294-CDGWY,Roaming Issue,Medium,Chatbot,2026-02-26 08:53:00,,,Escalated,
TKT002093,9451-LPGOO,Call Drops,Critical,Mobile App,2026-04-10 10:47:00,,,Escalated,
TKT002094,9306-CPCBC,Plan Modification,Low,Retail Store,2026-07-24 20:15:00,2026-07-26 07:09:00,34.9,Closed,2.0
TKT002095,4776-XSKYQ,Network Slowdown,Critical,Chatbot,2026-05-20 09:58:00,,,In Progress,
TKT002096,4250-ZBWLV,Call Drops,Critical,Mobile App,2026-08-17 17:33:00,,,Escalated,
TKT002097,0375-HVGXO,Plan Modification,High,Web Portal,2026-04-14 21:11:00,2026-04-14 21:47:00,0.6,Closed,2.0
TKT002098,3179-GBRWV,Plan Modification,Critical,Web Portal,2026-05-24 13:03:00,2026-05-24 16:09:00,3.1,Resolved,1.0
TKT002099,7239-HZZCX,Call Drops,High,Web Portal,2026-03-21 19:51:00,2026-03-22 02:39:00,6.8,Closed,1.0
TKT002100,7511-YMXVQ,Billing Dispute,High,Mobile App,2026-05-24 21:02:00,,,In Progress,
TKT002101,3376-BMGFE,SIM Issue,Critical,Web Portal,2026-03-04 23:30:00,2026-03-06 20:48:00,45.3,Resolved,3.0
TKT002102,4913-EHYUI,Network Slowdown,Critical,Mobile App,2026-04-19 18:24:00,2026-04-21 15:24:00,45.0,Closed,2.0
TKT002103,3679-XASPY,Billing Dispute,Medium,Chatbot,2026-07-11 16:50:00,2026-07-13 17:08:00,48.3,Resolved,5.0
TKT002104,0975-UYDTX,SIM Issue,Critical,Retail Store,2026-05-07 16:36:00,2026-05-07 17:36:00,1.0,Resolved,4.0
TKT002105,9231-ZJYAM,Broadband Outage,High,Chatbot,2026-05-31 22:21:00,2026-06-03 00:33:00,50.2,Closed,3.0
TKT002106,6877-LGWXO,Roaming Issue,High,Mobile App,2026-01-24 09:51:00,2026-01-26 21:33:00,59.7,Closed,3.0
TKT002107,9385-EHGDO,SIM Issue,Critical,Mobile App,2026-03-05 09:10:00,,,In Progress,
TKT002108,4238-HFHSN,SIM Issue,Critical,Web Portal,2026-03-05 10:32:00,2026-03-05 16:32:00,6.0,Closed,5.0
TKT002109,2250-IVBWA,Billing Dispute,Medium,Chatbot,2026-03-02 13:04:00,,,Escalated,
TKT002110,0880-TKATG,Plan Modification,Low,Web Portal,2026-08-18 23:00:00,2026-08-20 20:36:00,45.6,Closed,2.0
TKT002111,5469-NUJUR,Plan Modification,Medium,Mobile App,2026-04-24 21:31:00,2026-04-27 20:01:00,70.5,Closed,3.0
TKT002112,6905-NIQIN,Network Slowdown,High,Call Center,2026-08-26 22:12:00,2026-08-29 00:12:00,50.0,Closed,3.0
TKT002113,2235-ZGKPT,Broadband Outage,Critical,Mobile App,2026-02-19 18:02:00,,,In Progress,
TKT002114,7815-PDTHL,Billing Dispute,Low,Chatbot,2026-02-26 20:23:00,2026-03-01 00:17:00,51.9,Closed,5.0
TKT002115,6609-MXJHJ,SIM Issue,Medium,Mobile App,2026-02-15 17:44:00,2026-02-18 06:56:00,61.2,Closed,5.0
TKT002116,3646-ITDGM,Plan Modification,High,Web Portal,2026-02-22 20:26:00,2026-02-24 16:02:00,43.6,Closed,1.0
TKT002117,7869-ZYDST,Plan Modification,Medium,Call Center,2026-05-25 22:54:00,,,Escalated,
TKT002118,8687-BAFGU,Call Drops,Medium,Call Center,2026-01-27 10:31:00,2026-01-30 06:13:00,67.7,Closed,3.0
TKT002119,9079-YEXQJ,Network Slowdown,High,Web Portal,2026-05-10 23:45:00,2026-05-12 18:45:00,43.0,Closed,2.0
TKT002120,4558-FANTW,SIM Issue,Critical,Mobile App,2026-07-11 19:38:00,2026-07-12 04:56:00,9.3,Closed,1.0
TKT002121,1678-FYZOW,Network Slowdown,Critical,Chatbot,2026-03-08 10:35:00,2026-03-10 11:11:00,48.6,Closed,3.0
TKT002122,6583-KQJLK,Roaming Issue,Low,Web Portal,2026-06-13 08:49:00,,,Escalated,
TKT002123,3511-BFTJW,Broadband Outage,Critical,Chatbot,2026-08-19 11:13:00,,,In Progress,
TKT002124,7928-VJYAB,Network Slowdown,Medium,Mobile App,2026-04-27 08:51:00,2026-04-27 11:09:00,2.3,Closed,2.0
TKT002125,9696-RMYBA,Plan Modification,Critical,Call Center,2026-01-31 11:03:00,,,Escalated,
TKT002126,0531-XBKMM,Network Slowdown,High,Retail Store,2026-05-31 20:37:00,,,In Progress,
TKT002127,2599-CZABP,Broadband Outage,High,Web Portal,2026-05-08 20:38:00,2026-05-10 18:56:00,46.3,Resolved,5.0
TKT002128,5404-GGUKR,Roaming Issue,Low,Retail Store,2026-08-28 13:03:00,2026-08-30 05:51:00,40.8,Closed,3.0
TKT002129,7551-JOHTI,Network Slowdown,Low,Web Portal,2026-05-16 21:34:00,2026-05-17 13:22:00,15.8,Closed,1.0
TKT002130,8066-POXGX,Billing Dispute,Critical,Retail Store,2026-08-03 19:57:00,2026-08-05 09:33:00,37.6,Closed,3.0
TKT002131,2791-SFVEW,Network Slowdown,High,Chatbot,2026-04-07 23:05:00,2026-04-07 23:41:00,0.6,Closed,3.0
TKT002132,2732-ISEZX,Call Drops,Low,Mobile App,2026-08-28 14:08:00,2026-08-29 03:50:00,13.7,Closed,4.0
TKT002133,8597-CTXVJ,Roaming Issue,High,Retail Store,2026-06-30 11:40:00,2026-07-02 18:10:00,54.5,Closed,4.0
TKT002134,3165-HDOEW,Call Drops,Low,Call Center,2026-03-09 15:07:00,2026-03-10 11:37:00,20.5,Closed,3.0
TKT002135,3506-OVLKD,Plan Modification,Low,Mobile App,2026-01-06 19:52:00,,,Escalated,
TKT002136,0057-QBUQH,Call Drops,Low,Retail Store,2026-08-24 11:42:00,2026-08-26 10:06:00,46.4,Closed,5.0
TKT002137,0939-YAPAF,Plan Modification,Critical,Chatbot,2026-01-22 23:19:00,2026-01-23 16:19:00,17.0,Closed,3.0
TKT002138,8740-XLHDR,Broadband Outage,Low,Retail Store,2026-01-18 11:43:00,2026-01-19 22:37:00,34.9,Closed,1.0
TKT002139,3500-RMZLT,Network Slowdown,Low,Mobile App,2026-06-01 09:12:00,2026-06-03 02:42:00,41.5,Closed,1.0
TKT002140,6969-MVBAI,Billing Dispute,Medium,Chatbot,2026-04-20 08:48:00,2026-04-22 13:42:00,52.9,Closed,3.0
TKT002141,5062-CJJKH,Plan Modification,Critical,Web Portal,2026-04-09 21:19:00,2026-04-12 14:13:00,64.9,Closed,3.0
TKT002142,0596-BQCEQ,Billing Dispute,Low,Call Center,2026-06-18 14:05:00,,,Escalated,
TKT002143,8053-WWDRO,Roaming Issue,Low,Chatbot,2026-01-30 09:44:00,2026-01-30 11:08:00,1.4,Closed,2.0
TKT002144,9209-NWPGU,Roaming Issue,Critical,Web Portal,2026-06-30 14:34:00,2026-07-01 19:22:00,28.8,Resolved,3.0
TKT002145,9878-TNQGW,Roaming Issue,High,Mobile App,2026-02-24 12:56:00,2026-02-26 20:20:00,55.4,Closed,1.0
TKT002146,5569-KGJHX,Call Drops,Critical,Retail Store,2026-05-30 21:34:00,2026-06-02 10:28:00,60.9,Closed,2.0
TKT002147,9450-TRJUU,Plan Modification,High,Retail Store,2026-07-11 13:18:00,2026-07-12 02:24:00,13.1,Closed,2.0
TKT002148,8868-WOZGU,Roaming Issue,Critical,Chatbot,2026-03-21 20:34:00,2026-03-23 05:16:00,32.7,Resolved,1.0
TKT002149,2403-BCASL,Broadband Outage,Low,Retail Store,2026-05-05 23:01:00,,,In Progress,
TKT002150,9534-NSXEM,Billing Dispute,Critical,Mobile App,2026-07-25 15:54:00,,,Escalated,
TKT002151,3387-VATUS,Network Slowdown,Medium,Chatbot,2026-04-26 17:01:00,2026-04-28 18:25:00,49.4,Closed,1.0
TKT002152,0254-WWRKD,Network Slowdown,High,Chatbot,2026-05-20 15:25:00,,,Escalated,
TKT002153,1481-ZUWZA,Broadband Outage,Low,Web Portal,2026-04-29 07:09:00,2026-04-30 09:57:00,26.8,Closed,2.0
TKT002154,3329-WDIOK,Roaming Issue,Low,Retail Store,2026-08-15 23:23:00,2026-08-16 18:41:00,19.3,Resolved,2.0
TKT002155,0885-HMGPY,Billing Dispute,Critical,Mobile App,2026-03-26 08:12:00,,,Escalated,
TKT002156,7449-HVPIV,Broadband Outage,Critical,Retail Store,2026-02-13 23:11:00,2026-02-15 21:29:00,46.3,Closed,1.0
TKT002157,9448-REEVD,Network Slowdown,Low,Mobile App,2026-01-12 13:55:00,2026-01-13 16:19:00,26.4,Resolved,2.0
TKT002158,0587-DMGBH,Broadband Outage,Critical,Chatbot,2026-06-02 18:27:00,2026-06-03 15:51:00,21.4,Resolved,1.0
TKT002159,5155-AZQPB,Network Slowdown,High,Chatbot,2026-03-13 16:48:00,,,Escalated,
TKT002160,5954-BDFSG,Broadband Outage,Medium,Web Portal,2026-07-07 14:23:00,,,In Progress,
TKT002161,5299-RULOA,Billing Dispute,High,Retail Store,2026-03-04 09:37:00,2026-03-04 18:25:00,8.8,Resolved,1.0
TKT002162,7140-ADSMJ,Plan Modification,Medium,Call Center,2026-01-20 14:45:00,2026-01-21 12:33:00,21.8,Resolved,5.0
TKT002163,8597-CTXVJ,Call Drops,High,Mobile App,2026-06-06 19:01:00,,,In Progress,
TKT002164,5380-WJKOV,Network Slowdown,Medium,Call Center,2026-02-09 15:15:00,2026-02-10 22:33:00,31.3,Closed,3.0
TKT002165,1215-EXRMO,Call Drops,Low,Web Portal,2026-07-27 19:56:00,2026-07-29 10:08:00,38.2,Resolved,5.0
TKT002166,0311-UNPFF,Plan Modification,Low,Mobile App,2026-04-17 15:15:00,2026-04-18 11:27:00,20.2,Closed,1.0
TKT002167,2947-DOMLJ,Roaming Issue,Medium,Retail Store,2026-01-29 10:12:00,2026-01-31 19:36:00,57.4,Closed,3.0
TKT002168,5480-HPRRX,Billing Dispute,Medium,Call Center,2026-05-14 11:29:00,2026-05-16 13:23:00,49.9,Closed,3.0
TKT002169,9955-QOPOY,SIM Issue,Low,Web Portal,2026-07-08 21:44:00,2026-07-10 18:20:00,44.6,Closed,3.0
TKT002170,7783-YKGDV,Broadband Outage,Low,Mobile App,2026-08-07 14:31:00,,,Escalated,
TKT002171,6331-EWIEB,Broadband Outage,Low,Retail Store,2026-06-17 13:03:00,2026-06-17 15:15:00,2.2,Closed,1.0
TKT002172,9601-BRXPO,Call Drops,Low,Mobile App,2026-04-01 22:34:00,2026-04-04 07:16:00,56.7,Closed,1.0
TKT002173,1989-PRJHP,Billing Dispute,High,Retail Store,2026-04-01 17:38:00,2026-04-04 03:38:00,58.0,Resolved,3.0
TKT002174,2685-SREOM,Plan Modification,High,Chatbot,2026-06-22 16:56:00,,,Escalated,
TKT002175,4323-ELYYB,Billing Dispute,Critical,Call Center,2026-05-01 18:57:00,2026-05-04 12:27:00,65.5,Closed,5.0
TKT002176,5052-PNLOS,SIM Issue,High,Mobile App,2026-06-24 11:42:00,2026-06-26 23:30:00,59.8,Resolved,1.0
TKT002177,9780-FKVVF,Roaming Issue,Medium,Chatbot,2026-06-03 18:50:00,2026-06-05 18:32:00,47.7,Resolved,2.0
TKT002178,8400-WZICQ,Broadband Outage,Medium,Retail Store,2026-03-07 14:49:00,2026-03-09 23:07:00,56.3,Closed,4.0
TKT002179,7394-FKDNK,Call Drops,Critical,Mobile App,2026-03-24 09:11:00,2026-03-24 11:05:00,1.9,Closed,1.0
TKT002180,6463-MVYRY,SIM Issue,Critical,Call Center,2026-02-24 17:27:00,,,Escalated,
TKT002181,7730-IUTDZ,Network Slowdown,Low,Chatbot,2026-01-12 17:58:00,,,Escalated,
TKT002182,9840-EFJQB,Plan Modification,Medium,Call Center,2026-03-29 21:02:00,,,In Progress,
TKT002183,6982-UQZLY,Billing Dispute,High,Retail Store,2026-04-21 12:44:00,2026-04-24 03:26:00,62.7,Closed,3.0
TKT002184,0329-GTIAJ,Roaming Issue,Low,Retail Store,2026-06-30 20:08:00,2026-07-02 14:08:00,42.0,Resolved,3.0
TKT002185,1024-VRZHF,Call Drops,Medium,Retail Store,2026-06-27 07:13:00,,,Escalated,
TKT002186,4307-KTUMW,Network Slowdown,High,Chatbot,2026-02-22 11:58:00,2026-02-24 00:04:00,36.1,Closed,1.0
TKT002187,9944-HKVVB,Broadband Outage,Low,Chatbot,2026-02-13 23:48:00,2026-02-14 02:30:00,2.7,Resolved,2.0
TKT002188,5055-BRMNE,Plan Modification,Medium,Web Portal,2026-05-06 14:01:00,2026-05-07 14:01:00,24.0,Resolved,2.0
TKT002189,6474-FVJLC,SIM Issue,Medium,Mobile App,2026-07-24 14:03:00,,,In Progress,
TKT002190,4510-PYUSH,Network Slowdown,Medium,Call Center,2026-08-30 12:28:00,2026-09-01 16:10:00,51.7,Closed,3.0
TKT002191,3523-QRQLL,Plan Modification,High,Web Portal,2026-02-26 22:35:00,2026-02-26 23:53:00,1.3,Closed,2.0
TKT002192,8347-GDTMP,Network Slowdown,Medium,Mobile App,2026-06-11 15:38:00,2026-06-14 01:08:00,57.5,Closed,3.0
TKT002193,1950-KSVVJ,Plan Modification,High,Chatbot,2026-05-12 09:45:00,,,Escalated,
TKT002194,0504-HHAPI,Billing Dispute,Low,Mobile App,2026-06-12 16:12:00,2026-06-15 12:48:00,68.6,Closed,2.0
TKT002195,1345-GKDZZ,Billing Dispute,Low,Mobile App,2026-03-19 12:23:00,2026-03-20 03:35:00,15.2,Resolved,5.0
TKT002196,5863-OOKCL,Plan Modification,Medium,Mobile App,2026-07-14 09:39:00,2026-07-16 12:39:00,51.0,Closed,3.0
TKT002197,2817-NTQDO,Plan Modification,Low,Chatbot,2026-01-02 15:23:00,,,In Progress,
TKT002198,7789-CRUVC,Broadband Outage,Medium,Chatbot,2026-02-22 23:09:00,2026-02-25 19:33:00,68.4,Resolved,4.0
TKT002199,2178-PMGCJ,Network Slowdown,Critical,Call Center,2026-07-29 10:50:00,2026-07-30 03:02:00,16.2,Closed,4.0
TKT002200,5294-IMHHT,Network Slowdown,Medium,Chatbot,2026-07-07 11:00:00,,,Escalated,
TKT002201,3030-YZADT,Billing Dispute,Medium,Mobile App,2026-08-29 22:48:00,,,Escalated,
TKT002202,8800-ZKRFW,Billing Dispute,High,Retail Store,2026-06-28 07:02:00,2026-06-30 04:20:00,45.3,Resolved,5.0
TKT002203,1266-NZYUI,Roaming Issue,Medium,Web Portal,2026-05-03 08:14:00,,,Escalated,
TKT002204,5716-EZXZN,SIM Issue,Medium,Retail Store,2026-03-13 23:40:00,2026-03-15 18:34:00,42.9,Closed,5.0
TKT002205,9614-RMGHA,Billing Dispute,Low,Chatbot,2026-06-14 07:44:00,,,In Progress,
TKT002206,0442-ZXKVS,Roaming Issue,Low,Call Center,2026-08-13 21:05:00,2026-08-16 12:41:00,63.6,Resolved,2.0
TKT002207,3208-YPIOE,Broadband Outage,Low,Web Portal,2026-08-28 22:50:00,2026-08-31 20:14:00,69.4,Closed,2.0
TKT002208,4514-GFCFI,Call Drops,Critical,Mobile App,2026-06-26 15:40:00,2026-06-26 16:52:00,1.2,Closed,2.0
TKT002209,6267-DCFFZ,Broadband Outage,Low,Chatbot,2026-01-29 20:48:00,,,Escalated,
TKT002210,4013-TLDHQ,Billing Dispute,High,Web Portal,2026-04-18 23:32:00,2026-04-20 20:26:00,44.9,Closed,1.0
TKT002211,0390-DCFDQ,Broadband Outage,Medium,Mobile App,2026-03-17 23:29:00,,,Escalated,
TKT002212,6900-PXRMS,Plan Modification,Critical,Web Portal,2026-06-13 23:29:00,,,In Progress,
TKT002213,3082-WQRVY,Billing Dispute,Low,Web Portal,2026-08-23 21:37:00,,,In Progress,
TKT002214,3078-ZKNTS,Call Drops,Low,Mobile App,2026-04-01 17:26:00,,,In Progress,
TKT002215,4789-KWMXN,Roaming Issue,High,Call Center,2026-07-16 16:42:00,2026-07-17 03:00:00,10.3,Resolved,2.0
TKT002216,5302-BDJNT,Network Slowdown,High,Mobile App,2026-04-10 12:55:00,2026-04-11 20:07:00,31.2,Closed,3.0
TKT002217,8041-TMEID,Roaming Issue,Critical,Chatbot,2026-01-09 13:33:00,2026-01-11 05:45:00,40.2,Closed,4.0
TKT002218,1062-LHZOD,Billing Dispute,Low,Mobile App,2026-07-01 07:31:00,,,In Progress,
TKT002219,9029-FEGVJ,Broadband Outage,Critical,Call Center,2026-07-19 18:54:00,,,In Progress,
TKT002220,4201-JMNGR,Billing Dispute,Low,Retail Store,2026-07-25 08:14:00,2026-07-27 16:44:00,56.5,Closed,1.0
TKT002221,7743-EXURX,SIM Issue,Critical,Retail Store,2026-08-29 13:28:00,,,In Progress,
TKT002222,0256-LTHVJ,Roaming Issue,Critical,Mobile App,2026-06-29 12:44:00,2026-07-01 19:02:00,54.3,Closed,1.0
TKT002223,2685-SREOM,SIM Issue,Critical,Mobile App,2026-06-29 12:37:00,2026-06-30 14:25:00,25.8,Resolved,2.0
TKT002224,8547-NSBBO,Call Drops,Medium,Call Center,2026-02-13 11:45:00,,,Escalated,
TKT002225,8399-YNDCH,Broadband Outage,Medium,Retail Store,2026-08-07 08:58:00,2026-08-09 15:40:00,54.7,Resolved,1.0
TKT002226,5766-XQXMQ,Plan Modification,Low,Retail Store,2026-03-06 18:58:00,2026-03-06 19:58:00,1.0,Resolved,2.0
TKT002227,8405-IGQFX,Broadband Outage,Low,Retail Store,2026-01-05 12:11:00,2026-01-05 19:05:00,6.9,Closed,1.0
TKT002228,2482-CZGBB,SIM Issue,Critical,Call Center,2026-04-02 19:49:00,2026-04-05 16:43:00,68.9,Closed,3.0
TKT002229,2088-IEBAU,SIM Issue,Critical,Chatbot,2026-08-31 22:26:00,,,In Progress,
TKT002230,7314-OXENN,Call Drops,Low,Web Portal,2026-01-19 15:33:00,,,Escalated,
TKT002231,9357-UJRUN,Plan Modification,Low,Call Center,2026-07-28 09:04:00,2026-07-30 10:04:00,49.0,Resolved,5.0
TKT002232,8382-SHQEH,Network Slowdown,Medium,Web Portal,2026-05-20 23:41:00,,,Escalated,
TKT002233,8413-VONUO,Roaming Issue,High,Retail Store,2026-07-13 16:59:00,2026-07-15 09:41:00,40.7,Closed,3.0
TKT002234,3282-ZISZV,Network Slowdown,High,Call Center,2026-04-19 17:23:00,2026-04-20 11:29:00,18.1,Closed,3.0
TKT002235,5804-LEPIM,Broadband Outage,Critical,Retail Store,2026-04-03 17:25:00,2026-04-04 08:43:00,15.3,Closed,1.0
TKT002236,8182-PNAGI,Broadband Outage,High,Chatbot,2026-02-21 18:43:00,,,Escalated,
TKT002237,3104-OWCGK,Network Slowdown,Medium,Web Portal,2026-04-24 10:10:00,2026-04-25 14:46:00,28.6,Closed,2.0
TKT002238,9547-ITEFG,Plan Modification,Low,Call Center,2026-03-10 13:49:00,,,Escalated,
TKT002239,5575-TPIZQ,Network Slowdown,Medium,Mobile App,2026-07-08 10:23:00,,,In Progress,
TKT002240,7481-ATQQS,SIM Issue,Medium,Chatbot,2026-05-05 08:25:00,,,In Progress,
TKT002241,3946-JEWRQ,Broadband Outage,Low,Call Center,2026-06-22 14:51:00,,,Escalated,
TKT002242,3315-TOTBP,Call Drops,Medium,Web Portal,2026-08-21 18:21:00,2026-08-22 07:27:00,13.1,Closed,2.0
TKT002243,6919-ELBGL,Call Drops,Medium,Chatbot,2026-06-08 12:02:00,2026-06-10 07:14:00,43.2,Closed,3.0
TKT002244,3719-TDVQB,Call Drops,Medium,Retail Store,2026-02-18 15:56:00,,,Escalated,
TKT002245,0732-OCQOC,Roaming Issue,Low,Call Center,2026-08-29 19:31:00,2026-08-31 08:19:00,36.8,Closed,5.0
TKT002246,4480-MBMLB,Broadband Outage,High,Retail Store,2026-04-19 12:24:00,2026-04-21 21:18:00,56.9,Closed,3.0
TKT002247,1334-FJSVR,Billing Dispute,Low,Web Portal,2026-03-01 16:23:00,,,Escalated,
TKT002248,2305-MRGLV,Plan Modification,Medium,Chatbot,2026-07-19 20:25:00,2026-07-22 10:43:00,62.3,Closed,3.0
TKT002249,0345-XMMUG,Billing Dispute,Critical,Mobile App,2026-03-19 19:12:00,2026-03-21 23:24:00,52.2,Closed,3.0
TKT002250,4238-JSSWH,SIM Issue,Critical,Retail Store,2026-04-24 18:30:00,2026-04-26 08:18:00,37.8,Closed,3.0
TKT002251,5186-SAMNZ,Plan Modification,Critical,Retail Store,2026-07-05 16:49:00,2026-07-06 15:19:00,22.5,Resolved,1.0
TKT002252,0013-EXCHZ,Roaming Issue,Low,Chatbot,2026-02-09 17:02:00,2026-02-10 10:08:00,17.1,Resolved,1.0
TKT002253,9732-KPKBW,Broadband Outage,Low,Web Portal,2026-01-22 20:28:00,2026-01-24 20:22:00,47.9,Resolved,2.0
TKT002254,5394-MEITZ,Network Slowdown,Medium,Mobile App,2026-06-07 14:13:00,2026-06-07 15:25:00,1.2,Closed,4.0
TKT002255,9139-WQQDY,Plan Modification,Low,Call Center,2026-06-25 14:01:00,2026-06-27 06:55:00,40.9,Closed,2.0
TKT002256,2848-YXSMW,Plan Modification,Low,Chatbot,2026-02-01 15:03:00,2026-02-01 19:03:00,4.0,Closed,4.0
TKT002257,6250-CGGUN,Plan Modification,High,Mobile App,2026-04-26 08:01:00,,,In Progress,
TKT002258,6345-ULYRW,Roaming Issue,Medium,Retail Store,2026-03-10 19:00:00,,,Escalated,
TKT002259,9499-XPZXM,Billing Dispute,Medium,Mobile App,2026-05-02 11:42:00,2026-05-03 18:42:00,31.0,Resolved,4.0
TKT002260,2851-MMUTZ,Roaming Issue,High,Chatbot,2026-01-05 18:44:00,,,Escalated,
TKT002261,3934-HXCFZ,Roaming Issue,High,Web Portal,2026-02-14 23:25:00,2026-02-15 06:31:00,7.1,Closed,1.0
TKT002262,4576-CSAJH,Call Drops,Critical,Retail Store,2026-05-06 23:08:00,2026-05-08 15:56:00,40.8,Resolved,2.0
TKT002263,6876-ADESB,Broadband Outage,High,Retail Store,2026-01-03 10:27:00,,,In Progress,
TKT002264,2788-CJQAQ,SIM Issue,High,Mobile App,2026-03-19 09:00:00,2026-03-20 14:30:00,29.5,Resolved,4.0
TKT002265,2722-VOJQL,Call Drops,High,Retail Store,2026-02-10 12:21:00,2026-02-10 14:51:00,2.5,Resolved,1.0
TKT002266,5295-PCJOO,Billing Dispute,Critical,Chatbot,2026-05-02 08:47:00,2026-05-02 12:41:00,3.9,Closed,3.0
TKT002267,9330-DHBFL,Call Drops,Low,Mobile App,2026-07-17 12:15:00,,,Escalated,
TKT002268,3034-ZBEQN,Network Slowdown,Low,Call Center,2026-04-26 10:07:00,2026-04-29 02:31:00,64.4,Closed,1.0
TKT002269,0661-XEYAN,Billing Dispute,High,Retail Store,2026-06-26 13:20:00,,,In Progress,
TKT002270,3696-DFHHB,Billing Dispute,Low,Retail Store,2026-03-05 18:10:00,,,In Progress,
TKT002271,0524-IAVZO,Roaming Issue,Critical,Mobile App,2026-07-02 22:52:00,2026-07-05 05:52:00,55.0,Resolved,1.0
TKT002272,2428-HYUNX,Billing Dispute,Low,Call Center,2026-05-09 13:41:00,2026-05-10 23:11:00,33.5,Closed,4.0
TKT002273,3892-NXAZG,Network Slowdown,Critical,Mobile App,2026-07-25 08:27:00,,,Escalated,
TKT002274,8035-BUYVG,SIM Issue,Critical,Call Center,2026-02-02 13:07:00,,,Escalated,
TKT002275,6789-HJBWG,Roaming Issue,Critical,Mobile App,2026-05-31 22:23:00,,,In Progress,
TKT002276,0963-ZBDRN,Call Drops,High,Web Portal,2026-08-25 22:02:00,2026-08-27 21:50:00,47.8,Closed,3.0
TKT002277,6214-EDAKZ,Plan Modification,Critical,Retail Store,2026-02-03 12:42:00,2026-02-04 23:24:00,34.7,Resolved,3.0
TKT002278,6350-XFYGW,Billing Dispute,Critical,Mobile App,2026-01-06 07:10:00,,,In Progress,
TKT002279,8073-IJDCM,SIM Issue,Medium,Mobile App,2026-07-09 08:48:00,2026-07-10 15:30:00,30.7,Closed,1.0
TKT002280,3458-IDMFK,Broadband Outage,Critical,Retail Store,2026-07-04 20:59:00,2026-07-06 14:05:00,41.1,Closed,2.0
TKT002281,6713-OKOMC,SIM Issue,Critical,Call Center,2026-01-08 18:57:00,,,In Progress,
TKT002282,0587-DMGBH,Plan Modification,High,Retail Store,2026-08-23 14:36:00,2026-08-24 14:06:00,23.5,Closed,3.0
TKT002283,9305-CDSKC,Roaming Issue,Low,Chatbot,2026-01-01 15:02:00,2026-01-04 11:38:00,68.6,Resolved,1.0
TKT002284,1934-MKPXS,Roaming Issue,Critical,Mobile App,2026-08-22 07:15:00,2026-08-24 02:27:00,43.2,Closed,3.0
TKT002285,5915-DGNVC,Billing Dispute,Low,Chatbot,2026-01-21 08:20:00,,,In Progress,
TKT002286,2656-FMOKZ,Network Slowdown,Critical,Call Center,2026-02-10 22:07:00,,,In Progress,
TKT002287,1564-NTYXF,Call Drops,Medium,Mobile App,2026-03-20 10:15:00,,,In Progress,
TKT002288,1568-BEKZM,Roaming Issue,Low,Retail Store,2026-04-29 11:58:00,2026-05-02 02:10:00,62.2,Closed,5.0
TKT002289,1431-CYWMH,Plan Modification,Critical,Call Center,2026-04-14 23:53:00,2026-04-16 09:35:00,33.7,Resolved,5.0
TKT002290,2452-MRMZF,Network Slowdown,Critical,Call Center,2026-01-17 22:27:00,2026-01-20 09:03:00,58.6,Resolved,3.0
TKT002291,0224-RLWWD,Broadband Outage,High,Call Center,2026-08-02 22:36:00,2026-08-05 20:18:00,69.7,Closed,3.0
TKT002292,9912-GVSEQ,Network Slowdown,Medium,Mobile App,2026-07-28 14:08:00,2026-07-31 07:26:00,65.3,Closed,3.0
TKT002293,7663-RGWBC,Broadband Outage,Low,Web Portal,2026-01-06 20:22:00,,,In Progress,
TKT002294,6476-EPYZR,Billing Dispute,High,Chatbot,2026-05-15 14:35:00,2026-05-16 12:53:00,22.3,Closed,2.0
TKT002295,0430-IHCDJ,SIM Issue,High,Mobile App,2026-05-08 21:30:00,2026-05-11 12:30:00,63.0,Closed,5.0
TKT002296,0376-YMCJC,Broadband Outage,High,Call Center,2026-05-20 09:52:00,2026-05-22 02:22:00,40.5,Closed,2.0
TKT002297,5748-RNCJT,Network Slowdown,Critical,Mobile App,2026-01-05 15:54:00,2026-01-07 07:00:00,39.1,Resolved,3.0
TKT002298,4831-EOBFE,Plan Modification,High,Call Center,2026-01-21 19:50:00,,,In Progress,
TKT002299,8659-HDIYE,Call Drops,Low,Chatbot,2026-04-30 16:52:00,2026-04-30 21:22:00,4.5,Resolved,5.0
TKT002300,0971-QIFJK,Plan Modification,High,Mobile App,2026-05-04 07:36:00,,,In Progress,
TKT002301,4589-IUAJB,Plan Modification,Medium,Chatbot,2026-04-16 17:28:00,2026-04-18 01:34:00,32.1,Closed,1.0
TKT002302,6379-RXJRQ,Billing Dispute,High,Web Portal,2026-02-15 13:56:00,2026-02-17 19:50:00,53.9,Closed,3.0
TKT002303,1195-OIYEJ,Roaming Issue,Low,Mobile App,2026-05-16 15:28:00,,,In Progress,
TKT002304,7279-BUYWN,Plan Modification,Critical,Web Portal,2026-04-10 23:42:00,2026-04-11 08:06:00,8.4,Resolved,1.0
TKT002305,4351-QLCSU,Plan Modification,Low,Web Portal,2026-02-26 16:11:00,2026-02-27 08:47:00,16.6,Closed,3.0
TKT002306,5327-CNLUQ,Network Slowdown,High,Chatbot,2026-08-12 21:08:00,2026-08-15 13:38:00,64.5,Resolved,1.0
TKT002307,4720-VSTSI,Network Slowdown,Medium,Web Portal,2026-07-02 19:39:00,2026-07-03 12:39:00,17.0,Resolved,3.0
TKT002308,3814-MLAXC,Plan Modification,Critical,Chatbot,2026-03-25 22:44:00,2026-03-27 12:50:00,38.1,Closed,1.0
TKT002309,0278-YXOOG,SIM Issue,Medium,Retail Store,2026-08-30 20:05:00,2026-08-31 21:47:00,25.7,Resolved,1.0
TKT002310,1950-KSVVJ,Call Drops,High,Retail Store,2026-06-02 19:31:00,,,In Progress,
TKT002311,3757-NJYBX,Broadband Outage,Low,Chatbot,2026-08-06 13:36:00,,,In Progress,
TKT002312,5192-EBGOV,Broadband Outage,Medium,Chatbot,2026-06-23 09:59:00,,,In Progress,
TKT002313,5524-KHNJP,Roaming Issue,Critical,Call Center,2026-07-26 23:31:00,2026-07-28 13:07:00,37.6,Closed,3.0
TKT002314,8374-UULRV,Roaming Issue,Low,Web Portal,2026-03-04 09:59:00,2026-03-06 19:35:00,57.6,Resolved,3.0
TKT002315,4915-BFSXL,Billing Dispute,Critical,Call Center,2026-06-19 08:58:00,2026-06-20 13:04:00,28.1,Closed,3.0
TKT002316,7130-VTEWQ,Network Slowdown,Low,Call Center,2026-05-30 09:15:00,2026-05-31 10:51:00,25.6,Closed,2.0
TKT002317,4729-XKASR,Broadband Outage,Critical,Call Center,2026-01-26 14:12:00,2026-01-27 01:42:00,11.5,Closed,2.0
TKT002318,0248-IPDFW,Call Drops,High,Mobile App,2026-01-21 08:48:00,2026-01-22 18:42:00,33.9,Closed,5.0
TKT002319,5914-DVBWJ,Billing Dispute,Critical,Retail Store,2026-06-27 15:52:00,2026-06-28 20:10:00,28.3,Closed,1.0
TKT002320,3096-JRDSO,Broadband Outage,Critical,Call Center,2026-07-11 11:06:00,,,Escalated,
TKT002321,3195-TQDZX,SIM Issue,High,Mobile App,2026-07-08 08:19:00,,,In Progress,
TKT002322,3198-VELRD,Broadband Outage,High,Mobile App,2026-04-16 08:00:00,,,In Progress,
TKT002323,8992-JQYUN,Network Slowdown,High,Chatbot,2026-08-17 12:44:00,2026-08-20 00:08:00,59.4,Resolved,3.0
TKT002324,3525-DVKFN,Billing Dispute,Medium,Web Portal,2026-07-25 15:00:00,,,Escalated,
TKT002325,7124-UGSUR,Plan Modification,Critical,Mobile App,2026-01-09 18:37:00,2026-01-11 19:13:00,48.6,Closed,2.0
TKT002326,0268-QKIWO,Billing Dispute,Low,Mobile App,2026-02-11 19:35:00,2026-02-12 08:59:00,13.4,Closed,3.0
TKT002327,0859-YGKFW,Call Drops,High,Web Portal,2026-03-13 15:49:00,2026-03-14 02:43:00,10.9,Closed,3.0
TKT002328,7722-VJRQD,Call Drops,Low,Retail Store,2026-03-28 23:06:00,2026-03-29 01:36:00,2.5,Closed,3.0
TKT002329,5442-XSDCW,Call Drops,Critical,Chatbot,2026-08-01 13:48:00,2026-08-01 21:24:00,7.6,Closed,2.0
TKT002330,6985-HAYWX,Billing Dispute,Critical,Mobile App,2026-06-28 14:49:00,,,In Progress,
TKT002331,4430-UZIPO,Billing Dispute,Critical,Retail Store,2026-06-02 21:29:00,2026-06-03 06:41:00,9.2,Closed,3.0
TKT002332,6646-VRFOL,Billing Dispute,Medium,Retail Store,2026-01-20 20:12:00,,,In Progress,
TKT002333,0744-GKNGE,Plan Modification,Low,Retail Store,2026-03-28 23:36:00,2026-03-30 17:18:00,41.7,Closed,5.0
TKT002334,5180-UCIIQ,Broadband Outage,Medium,Call Center,2026-06-22 10:37:00,2026-06-25 06:49:00,68.2,Closed,1.0
TKT002335,7508-MYBOG,Broadband Outage,Critical,Mobile App,2026-06-01 13:42:00,2026-06-02 19:30:00,29.8,Closed,1.0
TKT002336,4116-TZAQJ,SIM Issue,Low,Chatbot,2026-05-02 21:39:00,,,In Progress,
TKT002337,7181-BQYBV,Plan Modification,Low,Mobile App,2026-07-13 23:25:00,,,Escalated,
TKT002338,0611-DFXKO,SIM Issue,High,Mobile App,2026-01-31 20:25:00,2026-02-03 00:01:00,51.6,Closed,3.0
TKT002339,6982-SSHFK,Plan Modification,Critical,Mobile App,2026-04-22 17:39:00,2026-04-23 23:45:00,30.1,Closed,1.0
TKT002340,3446-QDSZF,SIM Issue,High,Call Center,2026-03-29 15:22:00,2026-04-01 06:34:00,63.2,Closed,5.0
TKT002341,6522-OIQSX,Network Slowdown,High,Call Center,2026-08-18 08:42:00,2026-08-19 21:24:00,36.7,Closed,3.0
TKT002342,4030-VPZBD,SIM Issue,Low,Retail Store,2026-02-24 08:00:00,,,Escalated,
TKT002343,0324-BRPCJ,Billing Dispute,Low,Web Portal,2026-02-08 10:31:00,2026-02-09 13:31:00,27.0,Closed,3.0
TKT002344,1925-TIBLE,SIM Issue,Critical,Web Portal,2026-02-26 10:29:00,2026-02-26 14:41:00,4.2,Resolved,1.0
TKT002345,3190-FZATL,Network Slowdown,Critical,Call Center,2026-04-23 07:26:00,2026-04-25 13:02:00,53.6,Closed,4.0
TKT002346,8979-CAMGB,Broadband Outage,Critical,Retail Store,2026-01-31 15:40:00,2026-02-03 14:28:00,70.8,Closed,3.0
TKT002347,3313-QKNKB,Broadband Outage,Low,Call Center,2026-07-08 23:01:00,2026-07-11 17:43:00,66.7,Closed,3.0
TKT002348,3280-NMUVX,Billing Dispute,Critical,Call Center,2026-06-14 21:57:00,,,Escalated,
TKT002349,8263-JQAIK,Network Slowdown,Low,Chatbot,2026-05-13 09:36:00,2026-05-16 00:18:00,62.7,Closed,1.0
TKT002350,4188-FRABG,Broadband Outage,Critical,Mobile App,2026-07-25 15:46:00,2026-07-26 13:16:00,21.5,Closed,2.0
TKT002351,5847-MXBEO,Network Slowdown,Critical,Web Portal,2026-03-18 18:23:00,2026-03-19 22:23:00,28.0,Closed,5.0
TKT002352,0257-ZESQC,Billing Dispute,Critical,Mobile App,2026-07-26 13:01:00,,,In Progress,
TKT002353,8229-TNIQA,Broadband Outage,Medium,Chatbot,2026-05-02 13:49:00,,,Escalated,
TKT002354,9465-RWMXL,Network Slowdown,Critical,Chatbot,2026-03-01 17:53:00,2026-03-04 00:53:00,55.0,Resolved,1.0
TKT002355,5935-FCCNB,SIM Issue,High,Web Portal,2026-01-12 11:51:00,,,In Progress,
TKT002356,3030-YZADT,Network Slowdown,Medium,Web Portal,2026-04-16 23:52:00,2026-04-18 19:16:00,43.4,Closed,1.0
TKT002357,6960-HVYXR,Plan Modification,Low,Call Center,2026-03-25 12:06:00,2026-03-28 06:18:00,66.2,Closed,3.0
TKT002358,0529-ONKER,Network Slowdown,Medium,Chatbot,2026-06-30 17:39:00,2026-07-01 19:27:00,25.8,Resolved,2.0
TKT002359,0853-NWIFK,Billing Dispute,High,Chatbot,2026-08-22 17:33:00,,,Escalated,
TKT002360,5294-IMHHT,Broadband Outage,Critical,Web Portal,2026-02-23 09:47:00,2026-02-25 12:59:00,51.2,Resolved,2.0
TKT002361,3223-WZWJM,Broadband Outage,Critical,Retail Store,2026-03-10 13:07:00,2026-03-12 14:13:00,49.1,Closed,2.0
TKT002362,9761-XUJWD,Roaming Issue,Medium,Call Center,2026-01-23 18:57:00,2026-01-25 07:09:00,36.2,Closed,3.0
TKT002363,5099-BAILX,Billing Dispute,Critical,Call Center,2026-08-31 11:32:00,2026-09-02 07:44:00,44.2,Resolved,1.0
TKT002364,1240-KNSEZ,Broadband Outage,Low,Retail Store,2026-03-07 13:00:00,2026-03-10 08:36:00,67.6,Closed,3.0
TKT002365,1730-VFMWO,SIM Issue,Medium,Web Portal,2026-06-16 12:05:00,2026-06-18 02:29:00,38.4,Closed,3.0
TKT002366,3336-JORSO,Roaming Issue,Medium,Call Center,2026-05-31 15:02:00,2026-05-31 20:56:00,5.9,Closed,1.0
TKT002367,6651-RLGGM,Broadband Outage,Medium,Mobile App,2026-01-26 08:44:00,2026-01-26 22:14:00,13.5,Closed,4.0
TKT002368,4994-OBRSZ,Roaming Issue,Critical,Mobile App,2026-01-27 23:36:00,,,In Progress,
TKT002369,5167-GBFRE,Roaming Issue,Critical,Call Center,2026-02-08 15:41:00,2026-02-11 03:53:00,60.2,Closed,1.0
TKT002370,1345-ZUKID,SIM Issue,Low,Retail Store,2026-06-13 19:06:00,2026-06-15 03:42:00,32.6,Resolved,3.0
TKT002371,1661-CZBAU,Network Slowdown,High,Mobile App,2026-08-19 21:37:00,,,In Progress,
TKT002372,6158-HDPXZ,Plan Modification,Low,Chatbot,2026-02-24 11:57:00,,,Escalated,
TKT002373,3011-WQKSZ,Call Drops,High,Call Center,2026-03-28 22:29:00,2026-03-30 07:59:00,33.5,Closed,5.0
TKT002374,9786-IJYDL,Billing Dispute,High,Web Portal,2026-02-14 18:57:00,2026-02-16 17:57:00,47.0,Closed,3.0
TKT002375,1573-LGXBA,Network Slowdown,Medium,Mobile App,2026-02-26 22:56:00,2026-02-27 19:32:00,20.6,Resolved,3.0
TKT002376,0661-XEYAN,Billing Dispute,Critical,Mobile App,2026-08-13 15:03:00,2026-08-13 22:39:00,7.6,Resolved,1.0
TKT002377,5449-FIBXJ,SIM Issue,High,Chatbot,2026-06-27 18:40:00,2026-06-30 03:16:00,56.6,Resolved,1.0
TKT002378,3211-AAPKX,Broadband Outage,High,Web Portal,2026-02-20 14:39:00,,,In Progress,
TKT002379,5404-GGUKR,Billing Dispute,High,Call Center,2026-07-14 23:26:00,,,In Progress,
TKT002380,9927-DSWDF,Billing Dispute,Low,Call Center,2026-08-05 08:12:00,2026-08-07 05:18:00,45.1,Resolved,5.0
TKT002381,7607-QKKTJ,Roaming Issue,Medium,Retail Store,2026-02-23 16:32:00,,,In Progress,
TKT002382,7558-IMLMT,SIM Issue,Low,Web Portal,2026-07-07 19:11:00,,,Escalated,
TKT002383,9944-HKVVB,Broadband Outage,High,Chatbot,2026-08-08 22:51:00,2026-08-11 00:39:00,49.8,Closed,1.0
TKT002384,9402-ROUMJ,SIM Issue,Low,Mobile App,2026-01-06 10:19:00,2026-01-09 02:37:00,64.3,Resolved,2.0
TKT002385,4325-NFSKC,Broadband Outage,Medium,Web Portal,2026-05-07 16:03:00,2026-05-08 07:45:00,15.7,Closed,1.0
TKT002386,5702-SKUOB,Network Slowdown,Low,Chatbot,2026-03-24 18:02:00,2026-03-25 06:38:00,12.6,Resolved,1.0
TKT002387,1976-CFOCS,Roaming Issue,Critical,Call Center,2026-07-26 15:20:00,2026-07-29 00:08:00,56.8,Resolved,3.0
TKT002388,7666-WKRON,Billing Dispute,High,Chatbot,2026-08-07 21:05:00,,,Escalated,
TKT002389,0378-XSZPU,Network Slowdown,High,Chatbot,2026-02-14 23:41:00,2026-02-16 03:11:00,27.5,Closed,3.0
TKT002390,8937-RDTHP,Roaming Issue,High,Mobile App,2026-03-15 10:07:00,,,In Progress,
TKT002391,2259-OUUSZ,Plan Modification,Critical,Call Center,2026-07-12 18:08:00,2026-07-13 00:44:00,6.6,Closed,3.0
TKT002392,5153-RTHKF,Network Slowdown,High,Call Center,2026-04-02 13:05:00,,,In Progress,
TKT002393,8623-TMRBY,SIM Issue,Low,Call Center,2026-04-30 15:07:00,2026-04-30 18:13:00,3.1,Resolved,3.0
TKT002394,4307-KTUMW,Call Drops,High,Mobile App,2026-04-26 18:28:00,2026-04-27 19:40:00,25.2,Resolved,2.0
TKT002395,8199-ZLLSA,Billing Dispute,Low,Retail Store,2026-04-06 18:38:00,2026-04-08 06:26:00,35.8,Closed,2.0
TKT002396,2277-VWCNI,Network Slowdown,Critical,Chatbot,2026-08-29 15:12:00,2026-08-30 00:18:00,9.1,Resolved,4.0
TKT002397,0559-CKHUS,Network Slowdown,Critical,Mobile App,2026-03-04 23:55:00,2026-03-05 14:37:00,14.7,Resolved,3.0
TKT002398,3982-JGSFD,Network Slowdown,Low,Chatbot,2026-04-08 16:01:00,2026-04-09 00:37:00,8.6,Closed,2.0
TKT002399,0953-LGOVU,Roaming Issue,Medium,Chatbot,2026-06-14 15:09:00,,,In Progress,
TKT002400,4086-YQSNZ,Plan Modification,Medium,Retail Store,2026-07-09 09:57:00,2026-07-11 09:57:00,48.0,Resolved,3.0
TKT002401,3806-DXQOM,Call Drops,Critical,Retail Store,2026-03-19 22:48:00,2026-03-21 01:30:00,26.7,Closed,1.0
TKT002402,3207-OYBWH,Call Drops,Medium,Call Center,2026-08-12 17:25:00,2026-08-13 01:25:00,8.0,Closed,1.0
TKT002403,3285-UCQVC,Plan Modification,High,Call Center,2026-01-30 07:03:00,2026-02-01 20:33:00,61.5,Closed,1.0
TKT002404,6772-KSATR,Call Drops,Medium,Call Center,2026-06-05 12:23:00,2026-06-07 22:59:00,58.6,Closed,3.0
TKT002405,7593-JNWRU,Roaming Issue,Medium,Call Center,2026-02-23 21:16:00,2026-02-25 05:34:00,32.3,Closed,3.0
TKT002406,0784-ZQJZX,SIM Issue,Critical,Call Center,2026-06-28 16:00:00,2026-06-30 22:42:00,54.7,Closed,3.0
TKT002407,4626-GYCZP,SIM Issue,High,Retail Store,2026-06-05 10:29:00,2026-06-08 05:11:00,66.7,Closed,3.0
TKT002408,4671-LXRDQ,SIM Issue,High,Web Portal,2026-02-06 08:09:00,2026-02-06 23:27:00,15.3,Closed,2.0
TKT002409,4318-RAJVY,Roaming Issue,Low,Web Portal,2026-05-02 13:57:00,2026-05-03 07:09:00,17.2,Closed,4.0
TKT002410,4349-GFQHK,Broadband Outage,Medium,Call Center,2026-08-14 23:07:00,2026-08-15 01:31:00,2.4,Closed,1.0
TKT002411,9625-QSTYE,Plan Modification,Critical,Mobile App,2026-02-23 21:55:00,2026-02-26 18:37:00,68.7,Resolved,1.0
TKT002412,6207-WIOLX,SIM Issue,Critical,Web Portal,2026-04-14 14:33:00,,,In Progress,
TKT002413,6518-KZXCB,Call Drops,Low,Chatbot,2026-03-22 09:18:00,2026-03-24 15:54:00,54.6,Closed,3.0
TKT002414,2929-QNSRW,Broadband Outage,Medium,Retail Store,2026-08-15 14:27:00,,,Escalated,
TKT002415,3744-ZRRDZ,Broadband Outage,Critical,Web Portal,2026-08-05 16:22:00,2026-08-06 08:52:00,16.5,Closed,3.0
TKT002416,5028-GZLDO,Broadband Outage,Critical,Call Center,2026-03-16 15:10:00,,,In Progress,
TKT002417,7923-IYJWY,Plan Modification,Critical,Call Center,2026-04-26 14:55:00,2026-04-27 21:25:00,30.5,Closed,1.0
TKT002418,1699-HPSBG,Billing Dispute,Medium,Web Portal,2026-04-26 23:52:00,,,Escalated,
TKT002419,4623-ZKHLY,Network Slowdown,High,Web Portal,2026-03-22 11:52:00,,,Escalated,
TKT002420,5697-GOMBF,Roaming Issue,Medium,Mobile App,2026-07-21 11:06:00,,,Escalated,
TKT002421,2636-ALXXZ,Plan Modification,High,Chatbot,2026-07-28 15:46:00,2026-07-29 23:16:00,31.5,Closed,1.0
TKT002422,0868-VJRDR,Broadband Outage,High,Retail Store,2026-01-08 17:10:00,2026-01-10 18:28:00,49.3,Closed,3.0
TKT002423,3804-RVTGV,Plan Modification,Medium,Chatbot,2026-03-11 16:40:00,,,In Progress,
TKT002424,2684-EIWEO,Plan Modification,Low,Call Center,2026-06-02 15:32:00,2026-06-02 23:38:00,8.1,Resolved,2.0
TKT002425,0168-XZKBB,Roaming Issue,Critical,Chatbot,2026-05-01 21:40:00,2026-05-03 18:16:00,44.6,Closed,5.0
TKT002426,5271-YNWVR,Plan Modification,Medium,Mobile App,2026-07-01 18:54:00,,,Escalated,
TKT002427,4658-HCOHW,SIM Issue,Critical,Chatbot,2026-08-07 18:58:00,,,In Progress,
TKT002428,9058-CBREO,Roaming Issue,Low,Retail Store,2026-02-06 23:03:00,,,Escalated,
TKT002429,5536-RTPWK,Billing Dispute,Medium,Web Portal,2026-01-21 18:04:00,2026-01-22 19:10:00,25.1,Resolved,2.0
TKT002430,5294-CDGWY,Billing Dispute,High,Web Portal,2026-03-07 21:38:00,2026-03-09 07:44:00,34.1,Closed,3.0
TKT002431,0137-OCGAB,Billing Dispute,High,Chatbot,2026-03-02 22:33:00,2026-03-04 17:45:00,43.2,Resolved,3.0
TKT002432,6410-LEFEN,Roaming Issue,Medium,Mobile App,2026-08-09 14:31:00,,,In Progress,
TKT002433,7083-YNSKY,SIM Issue,Low,Web Portal,2026-02-16 21:49:00,2026-02-17 02:25:00,4.6,Resolved,2.0
TKT002434,2667-WYLWJ,Plan Modification,Medium,Retail Store,2026-07-24 08:43:00,,,Escalated,
TKT002435,3217-FZDMN,Roaming Issue,Critical,Call Center,2026-03-10 12:23:00,,,Escalated,
TKT002436,4695-VADHF,Plan Modification,Medium,Chatbot,2026-06-04 13:22:00,,,In Progress,
TKT002437,6141-OOXUQ,Broadband Outage,High,Web Portal,2026-05-10 16:13:00,2026-05-11 18:07:00,25.9,Closed,2.0
TKT002438,9237-HQITU,Roaming Issue,Low,Mobile App,2026-03-08 08:19:00,2026-03-10 12:07:00,51.8,Resolved,3.0
TKT002439,5269-NRGDP,Roaming Issue,Critical,Retail Store,2026-06-26 17:47:00,2026-06-29 11:23:00,65.6,Resolved,1.0
TKT002440,5242-UOWHD,Broadband Outage,Critical,Chatbot,2026-08-04 10:29:00,,,Escalated,
TKT002441,1730-ZMAME,SIM Issue,High,Chatbot,2026-02-06 10:57:00,2026-02-08 01:03:00,38.1,Closed,3.0
TKT002442,2898-MRKPI,Call Drops,Low,Call Center,2026-03-11 22:59:00,2026-03-12 06:59:00,8.0,Closed,3.0
TKT002443,2359-KMGLI,SIM Issue,Medium,Mobile App,2026-05-13 21:18:00,2026-05-14 01:42:00,4.4,Closed,3.0
TKT002444,0531-ZZJWQ,Plan Modification,Critical,Chatbot,2026-05-18 18:21:00,2026-05-20 04:21:00,34.0,Closed,3.0
TKT002445,7016-BPGEU,SIM Issue,Low,Mobile App,2026-02-20 11:15:00,2026-02-22 12:51:00,49.6,Resolved,3.0
TKT002446,4523-WXCEF,Billing Dispute,High,Chatbot,2026-03-06 14:15:00,2026-03-09 01:21:00,59.1,Closed,2.0
TKT002447,7568-PODML,Broadband Outage,High,Retail Store,2026-06-10 19:40:00,,,In Progress,
TKT002448,2499-AJYUA,Roaming Issue,High,Call Center,2026-04-02 09:53:00,,,In Progress,
TKT002449,2990-HWIML,Broadband Outage,Critical,Chatbot,2026-08-06 20:29:00,2026-08-09 12:59:00,64.5,Closed,2.0
TKT002450,4785-FCIFB,Plan Modification,Low,Retail Store,2026-08-05 20:30:00,2026-08-06 23:36:00,27.1,Resolved,5.0
TKT002451,0013-EXCHZ,SIM Issue,Medium,Retail Store,2026-05-14 09:53:00,,,Escalated,
TKT002452,2856-NNASM,Call Drops,Critical,Chatbot,2026-02-26 15:04:00,,,In Progress,
TKT002453,6732-VAILE,Network Slowdown,Critical,Call Center,2026-03-17 18:10:00,2026-03-20 13:34:00,67.4,Closed,3.0
TKT002454,6859-RKMZJ,Network Slowdown,High,Web Portal,2026-03-27 10:44:00,,,In Progress,
TKT002455,2845-AFFTX,Call Drops,Critical,Web Portal,2026-02-01 12:04:00,2026-02-02 09:52:00,21.8,Closed,2.0
TKT002456,3211-ILJTT,Broadband Outage,High,Web Portal,2026-08-27 23:04:00,2026-08-30 02:22:00,51.3,Closed,2.0
TKT002457,3217-FZDMN,Call Drops,Medium,Retail Store,2026-04-05 20:24:00,2026-04-07 21:06:00,48.7,Resolved,3.0
TKT002458,9840-DVNDC,Plan Modification,Critical,Chatbot,2026-04-04 22:59:00,2026-04-05 04:17:00,5.3,Closed,3.0
TKT002459,1833-VGRUM,Network Slowdown,High,Mobile App,2026-04-03 08:51:00,2026-04-05 02:21:00,41.5,Closed,1.0
TKT002460,4195-SMMNX,SIM Issue,Critical,Call Center,2026-02-01 21:30:00,2026-02-04 15:54:00,66.4,Resolved,2.0
TKT002461,4289-DTDKW,Network Slowdown,Critical,Chatbot,2026-05-17 17:51:00,2026-05-18 23:33:00,29.7,Closed,1.0
TKT002462,5385-SUIRI,Network Slowdown,High,Chatbot,2026-03-09 09:52:00,2026-03-10 08:22:00,22.5,Closed,1.0
TKT002463,5394-MEITZ,Plan Modification,Medium,Call Center,2026-05-28 21:30:00,,,Escalated,
TKT002464,7595-EHCDL,Call Drops,Low,Web Portal,2026-05-30 12:10:00,2026-06-02 06:52:00,66.7,Closed,4.0
TKT002465,8559-CIZFV,Broadband Outage,Medium,Chatbot,2026-07-20 17:23:00,,,Escalated,
TKT002466,0634-SZPQA,Broadband Outage,High,Chatbot,2026-07-09 15:05:00,,,Escalated,
TKT002467,1087-GRUYI,Billing Dispute,High,Web Portal,2026-08-01 12:09:00,,,Escalated,
TKT002468,9079-YEXQJ,Network Slowdown,Low,Retail Store,2026-04-28 20:09:00,,,In Progress,
TKT002469,5590-BYNII,Roaming Issue,Medium,Chatbot,2026-02-27 22:32:00,2026-03-02 11:08:00,60.6,Resolved,3.0
TKT002470,0709-TVGUR,Roaming Issue,Critical,Retail Store,2026-07-31 17:40:00,2026-08-02 16:46:00,47.1,Resolved,3.0
TKT002471,6615-NGGZJ,Plan Modification,Low,Mobile App,2026-07-01 07:08:00,,,In Progress,
TKT002472,3466-BYAVD,Broadband Outage,Low,Call Center,2026-01-20 09:02:00,2026-01-22 13:20:00,52.3,Closed,3.0
TKT002473,7989-CHGTL,Plan Modification,High,Retail Store,2026-03-21 20:48:00,2026-03-24 14:24:00,65.6,Closed,2.0
TKT002474,5215-LNLDJ,Roaming Issue,Low,Mobile App,2026-02-26 07:02:00,,,Escalated,
TKT002475,7067-KSAZT,SIM Issue,Critical,Retail Store,2026-05-22 21:50:00,,,In Progress,
TKT002476,9774-NRNAU,Roaming Issue,Low,Web Portal,2026-06-04 20:12:00,2026-06-05 06:48:00,10.6,Resolved,5.0
TKT002477,1455-ESIQH,Call Drops,Medium,Call Center,2026-03-25 21:17:00,,,In Progress,
TKT002478,8035-BUYVG,Network Slowdown,Low,Chatbot,2026-05-09 07:22:00,2026-05-11 09:40:00,50.3,Resolved,1.0
TKT002479,3237-AJGEH,Plan Modification,Low,Call Center,2026-02-23 18:55:00,2026-02-25 16:49:00,45.9,Closed,2.0
TKT002480,3721-CNEYS,SIM Issue,Low,Call Center,2026-04-16 07:31:00,,,Escalated,
TKT002481,8738-JOKAR,Plan Modification,High,Chatbot,2026-02-12 20:58:00,2026-02-13 08:10:00,11.2,Resolved,1.0
TKT002482,6330-JKLPC,SIM Issue,High,Web Portal,2026-01-29 08:31:00,,,Escalated,
TKT002483,1535-VTJOQ,SIM Issue,Low,Chatbot,2026-01-28 18:24:00,,,Escalated,
TKT002484,5780-INQIK,Roaming Issue,Low,Chatbot,2026-02-27 08:50:00,,,Escalated,
TKT002485,8917-FAEMR,Broadband Outage,Low,Call Center,2026-07-17 08:58:00,,,Escalated,
TKT002486,3814-MLAXC,Plan Modification,Critical,Mobile App,2026-03-11 12:42:00,,,Escalated,
TKT002487,6502-HCJTI,Broadband Outage,Critical,Web Portal,2026-08-02 19:51:00,2026-08-05 12:33:00,64.7,Closed,1.0
TKT002488,5976-JCJRH,Plan Modification,Low,Call Center,2026-06-22 10:42:00,,,Escalated,
TKT002489,4628-WQCQQ,Broadband Outage,Critical,Call Center,2026-02-10 19:01:00,2026-02-11 09:31:00,14.5,Closed,1.0
TKT002490,0524-IAVZO,Roaming Issue,Low,Web Portal,2026-03-03 22:34:00,2026-03-04 11:58:00,13.4,Resolved,1.0
TKT002491,6047-SUHPR,Broadband Outage,High,Mobile App,2026-02-16 07:17:00,2026-02-18 09:53:00,50.6,Closed,3.0
TKT002492,7943-RQCHR,Billing Dispute,Low,Web Portal,2026-08-25 11:59:00,2026-08-27 23:29:00,59.5,Closed,2.0
TKT002493,4248-HCETZ,SIM Issue,Low,Mobile App,2026-03-18 17:42:00,2026-03-19 10:48:00,17.1,Resolved,2.0
TKT002494,5980-NOPLP,Plan Modification,Critical,Web Portal,2026-06-24 18:30:00,2026-06-25 06:18:00,11.8,Resolved,2.0
TKT002495,1579-KLYDT,Call Drops,Medium,Call Center,2026-04-12 08:15:00,,,In Progress,
TKT002496,3115-CZMZD,Roaming Issue,Critical,Call Center,2026-05-24 23:48:00,,,In Progress,
TKT002497,0334-GDDSO,Roaming Issue,Low,Call Center,2026-01-15 16:58:00,2026-01-16 04:52:00,11.9,Closed,3.0
TKT002498,9638-JIQYA,Billing Dispute,Low,Retail Store,2026-04-12 10:32:00,2026-04-13 00:38:00,14.1,Resolved,2.0
TKT002499,7279-BUYWN,Network Slowdown,Medium,Retail Store,2026-03-13 08:46:00,,,In Progress,
TKT002500,8644-XLFBW,Call Drops,Medium,Mobile App,2026-06-10 17:43:00,,,In Progress,
TKT002501,1086-LXKFY,Broadband Outage,Critical,Call Center,2026-03-07 16:01:00,2026-03-08 13:31:00,21.5,Closed,1.0
TKT002502,9734-UYXQI,Billing Dispute,High,Web Portal,2026-07-07 10:11:00,2026-07-08 19:23:00,33.2,Resolved,3.0
TKT002503,6108-OQZDQ,Network Slowdown,Low,Retail Store,2026-06-20 17:27:00,2026-06-23 14:33:00,69.1,Closed,1.0
TKT002504,9053-JZFKV,Call Drops,High,Chatbot,2026-08-26 07:17:00,,,Escalated,
TKT002505,4323-SADQS,Call Drops,Low,Call Center,2026-03-10 19:42:00,2026-03-12 19:18:00,47.6,Closed,2.0
TKT002506,8854-CCVSQ,SIM Issue,Critical,Retail Store,2026-01-16 19:03:00,2026-01-17 13:15:00,18.2,Resolved,1.0
TKT002507,8120-JDCAM,Broadband Outage,Low,Retail Store,2026-02-06 16:53:00,2026-02-08 20:29:00,51.6,Closed,4.0
TKT002508,0611-DFXKO,Broadband Outage,Low,Call Center,2026-08-27 07:23:00,,,In Progress,
TKT002509,9851-KIELU,Plan Modification,Low,Chatbot,2026-05-29 20:33:00,2026-05-29 23:21:00,2.8,Closed,3.0
TKT002510,4081-DYXAV,Plan Modification,Critical,Web Portal,2026-06-26 22:08:00,2026-06-27 22:08:00,24.0,Resolved,3.0
TKT002511,7963-GQRMY,Roaming Issue,Medium,Chatbot,2026-06-09 21:08:00,2026-06-10 02:32:00,5.4,Closed,3.0
TKT002512,8637-XJIVR,Network Slowdown,Medium,Chatbot,2026-06-28 15:51:00,,,Escalated,
TKT002513,7614-QVWQL,Call Drops,Low,Call Center,2026-04-06 15:34:00,2026-04-09 07:16:00,63.7,Closed,2.0
TKT002514,5966-EMAZU,Call Drops,Medium,Mobile App,2026-01-11 07:58:00,2026-01-11 21:16:00,13.3,Closed,3.0
TKT002515,5949-XIKAE,SIM Issue,High,Call Center,2026-08-05 16:51:00,2026-08-07 22:09:00,53.3,Closed,2.0
TKT002516,9822-OAOVB,Roaming Issue,Critical,Retail Store,2026-08-11 19:02:00,2026-08-14 08:56:00,61.9,Closed,5.0
TKT002517,3508-VLHCZ,Billing Dispute,Critical,Mobile App,2026-06-21 11:38:00,,,In Progress,
TKT002518,2812-SFXMJ,Network Slowdown,Critical,Web Portal,2026-06-18 15:06:00,2026-06-21 00:24:00,57.3,Closed,3.0
TKT002519,1970-KKFWL,Billing Dispute,Low,Call Center,2026-01-29 17:30:00,2026-01-31 10:12:00,40.7,Closed,1.0
TKT002520,6097-EQISJ,Plan Modification,Medium,Chatbot,2026-05-30 15:35:00,2026-05-31 18:59:00,27.4,Resolved,3.0
TKT002521,1251-KRREG,Network Slowdown,High,Chatbot,2026-07-06 21:56:00,,,In Progress,
TKT002522,3030-YZADT,Plan Modification,Critical,Call Center,2026-06-12 09:56:00,,,In Progress,
TKT002523,1268-ASBGA,Plan Modification,Medium,Retail Store,2026-05-22 20:25:00,2026-05-25 06:31:00,58.1,Closed,1.0
TKT002524,0871-URUWO,Broadband Outage,Low,Mobile App,2026-04-02 08:14:00,2026-04-02 22:56:00,14.7,Resolved,3.0
TKT002525,0618-XWMSS,Network Slowdown,Critical,Chatbot,2026-03-08 22:53:00,2026-03-10 03:35:00,28.7,Closed,3.0
TKT002526,6507-ZJSUR,Network Slowdown,Critical,Call Center,2026-01-26 09:37:00,2026-01-28 11:19:00,49.7,Resolved,3.0
TKT002527,5016-ETTFF,Plan Modification,High,Mobile App,2026-02-09 13:49:00,2026-02-11 22:25:00,56.6,Closed,2.0
TKT002528,9134-CEQMF,Call Drops,Critical,Mobile App,2026-08-24 17:26:00,,,In Progress,
TKT002529,4603-JANFB,SIM Issue,Critical,Retail Store,2026-04-27 07:39:00,,,Escalated,
TKT002530,3604-WLABM,Roaming Issue,Low,Web Portal,2026-03-23 10:04:00,2026-03-24 15:04:00,29.0,Closed,4.0
TKT002531,8189-XRIKE,Plan Modification,Critical,Chatbot,2026-04-01 15:40:00,2026-04-03 20:58:00,53.3,Resolved,3.0
TKT002532,8443-WVPSS,Broadband Outage,High,Web Portal,2026-08-24 10:19:00,,,Escalated,
TKT002533,2911-UREFD,Call Drops,Medium,Chatbot,2026-04-30 10:01:00,2026-05-01 13:31:00,27.5,Closed,2.0
TKT002534,6015-VVHHE,Call Drops,High,Retail Store,2026-03-04 21:58:00,2026-03-07 03:40:00,53.7,Closed,2.0
TKT002535,9986-BONCE,Plan Modification,Critical,Mobile App,2026-08-27 20:15:00,2026-08-30 13:33:00,65.3,Closed,2.0
TKT002536,5394-SVGJV,Billing Dispute,Low,Call Center,2026-03-24 07:23:00,,,In Progress,
TKT002537,0191-EQUUH,Broadband Outage,Medium,Mobile App,2026-07-02 09:01:00,,,Escalated,
TKT002538,3707-GNWHM,Network Slowdown,Low,Mobile App,2026-07-16 07:43:00,2026-07-18 14:13:00,54.5,Resolved,2.0
TKT002539,4503-BDXBD,Roaming Issue,Low,Mobile App,2026-06-11 12:32:00,,,In Progress,
TKT002540,7319-ZNRTR,Broadband Outage,Low,Web Portal,2026-01-18 20:01:00,2026-01-20 04:37:00,32.6,Closed,4.0
TKT002541,2609-IAICY,Broadband Outage,High,Retail Store,2026-07-11 17:32:00,,,In Progress,
TKT002542,6204-IEUXJ,Network Slowdown,Medium,Chatbot,2026-05-27 17:03:00,,,In Progress,
TKT002543,3237-AJGEH,Call Drops,High,Chatbot,2026-07-11 12:26:00,2026-07-14 10:44:00,70.3,Closed,3.0
TKT002544,3088-FVYWK,Roaming Issue,Medium,Chatbot,2026-02-13 18:43:00,2026-02-16 12:19:00,65.6,Resolved,5.0
TKT002545,6990-YNRIO,Billing Dispute,Low,Web Portal,2026-05-22 15:25:00,2026-05-24 05:55:00,38.5,Closed,1.0
TKT002546,7841-TZDMQ,SIM Issue,Low,Mobile App,2026-03-07 19:23:00,,,In Progress,
TKT002547,3794-NFNCH,Broadband Outage,Low,Web Portal,2026-02-16 08:06:00,2026-02-19 04:00:00,67.9,Closed,1.0
TKT002548,7799-LGRDP,Roaming Issue,Critical,Retail Store,2026-06-12 17:33:00,,,Escalated,
TKT002549,6029-WTIPC,Broadband Outage,Medium,Chatbot,2026-03-04 08:19:00,,,In Progress,
TKT002550,7721-JXEAW,Broadband Outage,Low,Web Portal,2026-03-04 07:05:00,2026-03-05 08:41:00,25.6,Resolved,3.0
TKT002551,7321-PKUYW,Broadband Outage,Critical,Retail Store,2026-06-11 14:41:00,2026-06-12 05:29:00,14.8,Closed,2.0
TKT002552,6131-FOYAS,Call Drops,Critical,Mobile App,2026-07-19 09:22:00,2026-07-21 06:58:00,45.6,Closed,3.0
TKT002553,7963-SHNDT,Roaming Issue,Medium,Mobile App,2026-03-10 10:38:00,,,Escalated,
TKT002554,3859-CVCET,Broadband Outage,Critical,Call Center,2026-04-08 11:31:00,2026-04-09 18:43:00,31.2,Closed,2.0
TKT002555,9058-HRZSV,SIM Issue,High,Retail Store,2026-05-10 21:01:00,2026-05-12 19:13:00,46.2,Resolved,3.0
TKT002556,4822-YCXMX,Plan Modification,High,Chatbot,2026-02-22 18:14:00,,,Escalated,
TKT002557,2619-WFQWU,Billing Dispute,Medium,Retail Store,2026-01-23 13:50:00,2026-01-25 02:26:00,36.6,Closed,1.0
TKT002558,2003-CKLOR,Broadband Outage,Critical,Chatbot,2026-06-28 21:06:00,,,In Progress,
TKT002559,7054-LGEQW,Billing Dispute,Critical,Chatbot,2026-06-25 23:50:00,2026-06-27 13:32:00,37.7,Resolved,1.0
TKT002560,1641-BYBTK,Broadband Outage,Medium,Web Portal,2026-04-18 12:02:00,,,In Progress,
TKT002561,9300-RENDD,Call Drops,High,Chatbot,2026-04-13 19:34:00,2026-04-15 10:22:00,38.8,Closed,3.0
TKT002562,3415-TAILE,Plan Modification,Low,Chatbot,2026-07-24 16:41:00,2026-07-24 21:23:00,4.7,Closed,3.0
TKT002563,4817-VYYWS,Network Slowdown,High,Retail Store,2026-08-19 23:21:00,,,In Progress,
TKT002564,4581-SSPWD,Network Slowdown,Low,Chatbot,2026-04-23 20:45:00,,,Escalated,
TKT002565,1636-NTNCO,Call Drops,Low,Call Center,2026-07-01 13:49:00,2026-07-04 08:43:00,66.9,Closed,4.0
TKT002566,2530-ENDWQ,SIM Issue,Low,Retail Store,2026-06-07 15:39:00,2026-06-09 07:39:00,40.0,Closed,1.0
TKT002567,0193-ESZXP,Network Slowdown,Medium,Chatbot,2026-01-05 07:51:00,,,Escalated,
TKT002568,5949-EBSQK,SIM Issue,High,Chatbot,2026-04-03 15:45:00,,,In Progress,
TKT002569,2082-CEFLT,SIM Issue,Critical,Retail Store,2026-06-20 07:07:00,2026-06-21 00:07:00,17.0,Closed,1.0
TKT002570,0407-BDJKB,Call Drops,Medium,Retail Store,2026-01-09 10:02:00,2026-01-11 23:14:00,61.2,Closed,3.0
TKT002571,0872-NXJYS,Call Drops,Low,Web Portal,2026-07-16 09:11:00,2026-07-17 05:35:00,20.4,Resolved,3.0
TKT002572,6923-EFPNL,Network Slowdown,High,Mobile App,2026-06-27 07:54:00,,,In Progress,
TKT002573,1563-IWQEX,Billing Dispute,Low,Chatbot,2026-07-11 08:52:00,2026-07-13 17:16:00,56.4,Closed,4.0
TKT002574,3999-QGRJH,SIM Issue,Low,Web Portal,2026-01-05 17:56:00,,,In Progress,
TKT002575,9548-LERKT,Billing Dispute,Critical,Retail Store,2026-02-20 11:23:00,2026-02-22 02:47:00,39.4,Resolved,3.0
TKT002576,7268-IGMFD,SIM Issue,High,Web Portal,2026-04-16 17:33:00,2026-04-17 08:27:00,14.9,Closed,3.0
TKT002577,7666-WKRON,Roaming Issue,Critical,Retail Store,2026-02-05 20:54:00,,,Escalated,
TKT002578,3419-SNJJD,Network Slowdown,Low,Mobile App,2026-01-26 10:33:00,,,Escalated,
TKT002579,4524-QCSSM,Network Slowdown,Medium,Web Portal,2026-03-30 19:04:00,2026-04-02 02:04:00,55.0,Resolved,4.0
TKT002580,0864-FVJNJ,Network Slowdown,Low,Call Center,2026-07-04 07:28:00,2026-07-06 08:10:00,48.7,Closed,5.0
TKT002581,4115-NZRKS,Broadband Outage,Medium,Mobile App,2026-05-30 09:32:00,2026-06-01 12:26:00,50.9,Closed,5.0
TKT002582,4367-NHWMM,Roaming Issue,High,Web Portal,2026-06-16 15:48:00,,,In Progress,
TKT002583,9330-IJWIO,Network Slowdown,Critical,Mobile App,2026-02-03 20:40:00,2026-02-05 21:22:00,48.7,Closed,3.0
TKT002584,5077-DXTCG,Billing Dispute,High,Mobile App,2026-07-16 14:59:00,2026-07-17 15:53:00,24.9,Closed,1.0
TKT002585,8625-AZYZY,Call Drops,Low,Web Portal,2026-05-25 22:49:00,2026-05-28 17:31:00,66.7,Closed,2.0
TKT002586,9174-FKWZE,Call Drops,Low,Chatbot,2026-03-25 08:55:00,2026-03-25 14:01:00,5.1,Closed,2.0
TKT002587,5260-UMPWX,Billing Dispute,Critical,Web Portal,2026-03-14 12:05:00,2026-03-14 16:05:00,4.0,Closed,3.0
TKT002588,6458-CYIDZ,SIM Issue,Critical,Call Center,2026-04-12 17:14:00,2026-04-12 18:14:00,1.0,Resolved,4.0
TKT002589,9889-TMAHG,Broadband Outage,Low,Call Center,2026-06-18 11:10:00,2026-06-20 15:16:00,52.1,Resolved,2.0
TKT002590,0455-ENTCR,Plan Modification,High,Web Portal,2026-01-30 12:18:00,,,In Progress,
TKT002591,4132-POCZS,Plan Modification,Low,Retail Store,2026-07-01 12:22:00,2026-07-02 06:52:00,18.5,Closed,5.0
TKT002592,7321-PKUYW,Call Drops,High,Web Portal,2026-06-29 15:59:00,2026-07-01 09:05:00,41.1,Closed,3.0
TKT002593,5129-JLPIS,Call Drops,High,Web Portal,2026-04-26 13:17:00,2026-04-29 13:17:00,72.0,Closed,3.0
TKT002594,4018-KJYUY,Billing Dispute,High,Chatbot,2026-01-12 16:52:00,2026-01-13 18:52:00,26.0,Closed,5.0
TKT002595,3913-FCUUW,Billing Dispute,Low,Web Portal,2026-08-02 13:04:00,2026-08-04 17:52:00,52.8,Closed,2.0
TKT002596,1636-NTNCO,Network Slowdown,Critical,Retail Store,2026-04-09 18:35:00,2026-04-12 15:35:00,69.0,Resolved,5.0
TKT002597,7801-KICAO,Network Slowdown,Medium,Chatbot,2026-05-29 07:03:00,2026-05-30 16:51:00,33.8,Closed,4.0
TKT002598,0337-CNPZE,Broadband Outage,High,Chatbot,2026-02-15 10:49:00,2026-02-18 09:55:00,71.1,Closed,3.0
TKT002599,7137-RYLPP,Roaming Issue,Critical,Retail Store,2026-02-02 22:26:00,2026-02-04 11:14:00,36.8,Closed,3.0
TKT002600,2911-IJORQ,Billing Dispute,Low,Chatbot,2026-05-27 09:47:00,2026-05-28 02:59:00,17.2,Closed,3.0
TKT002601,7795-CFOCW,Billing Dispute,Low,Chatbot,2026-08-08 14:45:00,2026-08-09 11:03:00,20.3,Closed,5.0
TKT002602,1657-DYMBM,Call Drops,High,Mobile App,2026-05-15 09:37:00,2026-05-18 02:31:00,64.9,Resolved,3.0
TKT002603,1428-GTBJJ,SIM Issue,High,Chatbot,2026-04-27 19:16:00,2026-04-27 20:46:00,1.5,Resolved,2.0
TKT002604,2040-LDIWQ,Plan Modification,Medium,Mobile App,2026-03-15 12:21:00,2026-03-17 06:09:00,41.8,Closed,3.0
TKT002605,2235-ZGKPT,Billing Dispute,High,Web Portal,2026-05-30 07:02:00,,,Escalated,
TKT002606,9948-YPTDG,Billing Dispute,Low,Chatbot,2026-06-11 13:41:00,,,In Progress,
TKT002607,7537-CBQUZ,SIM Issue,Medium,Mobile App,2026-01-04 15:08:00,,,Escalated,
TKT002608,5671-RQRLP,Network Slowdown,Low,Mobile App,2026-06-27 09:50:00,,,Escalated,
TKT002609,6330-JKLPC,Broadband Outage,Critical,Chatbot,2026-04-07 19:39:00,,,Escalated,
TKT002610,2782-JEEBU,SIM Issue,Low,Mobile App,2026-07-04 14:24:00,2026-07-05 19:24:00,29.0,Closed,4.0
TKT002611,2568-OIADY,Broadband Outage,Medium,Call Center,2026-08-04 13:14:00,,,In Progress,
TKT002612,4465-VDKIQ,Roaming Issue,Low,Retail Store,2026-01-07 21:51:00,,,Escalated,
TKT002613,5295-PCJOO,Roaming Issue,Medium,Call Center,2026-02-01 19:12:00,2026-02-02 01:54:00,6.7,Closed,3.0
TKT002614,5296-BFCYD,Roaming Issue,High,Web Portal,2026-01-18 07:58:00,2026-01-19 00:40:00,16.7,Resolved,5.0
TKT002615,2073-QBVBI,Roaming Issue,Critical,Call Center,2026-02-02 22:15:00,2026-02-05 18:33:00,68.3,Resolved,3.0
TKT002616,2452-KDRRH,Broadband Outage,High,Chatbot,2026-07-21 14:22:00,2026-07-23 04:58:00,38.6,Closed,4.0
TKT002617,6374-AFWOX,Broadband Outage,Medium,Web Portal,2026-04-20 12:33:00,2026-04-21 06:51:00,18.3,Closed,5.0
TKT002618,0320-JDNQG,Billing Dispute,Medium,Web Portal,2026-05-05 18:23:00,,,Escalated,
TKT002619,2195-ZRVAX,Roaming Issue,Low,Retail Store,2026-08-28 17:42:00,,,Escalated,
TKT002620,1555-DJEQW,Plan Modification,Medium,Retail Store,2026-02-28 15:22:00,2026-02-28 23:22:00,8.0,Closed,2.0
TKT002621,0495-RVCBF,Network Slowdown,High,Call Center,2026-06-19 08:15:00,2026-06-22 02:03:00,65.8,Resolved,3.0
TKT002622,3143-ILDAL,Network Slowdown,High,Chatbot,2026-07-04 14:10:00,2026-07-07 07:16:00,65.1,Closed,3.0
TKT002623,0655-RBDUG,Call Drops,Low,Retail Store,2026-02-07 18:36:00,2026-02-08 07:00:00,12.4,Closed,1.0
TKT002624,2506-CLAKW,Plan Modification,Critical,Retail Store,2026-03-27 21:24:00,2026-03-30 07:54:00,58.5,Closed,2.0
TKT002625,5940-AHUHD,Network Slowdown,Low,Call Center,2026-02-07 11:29:00,,,Escalated,
TKT002626,5393-HJZSM,SIM Issue,Medium,Mobile App,2026-07-22 08:36:00,2026-07-23 04:12:00,19.6,Closed,2.0
TKT002627,3871-IKPYH,Billing Dispute,Critical,Chatbot,2026-05-22 15:05:00,,,In Progress,
TKT002628,9507-EXLTT,Plan Modification,Critical,Chatbot,2026-04-06 08:45:00,2026-04-08 17:21:00,56.6,Closed,1.0
TKT002629,4102-HLENU,SIM Issue,Critical,Chatbot,2026-08-04 10:32:00,2026-08-06 10:50:00,48.3,Closed,3.0
TKT002630,3415-TAILE,Broadband Outage,Medium,Chatbot,2026-07-29 16:04:00,2026-08-01 00:34:00,56.5,Closed,3.0
TKT002631,1074-AMIOH,Call Drops,Critical,Chatbot,2026-07-25 12:48:00,2026-07-27 05:36:00,40.8,Closed,5.0
TKT002632,8399-YNDCH,Call Drops,Medium,Mobile App,2026-06-21 07:18:00,,,In Progress,
TKT002633,9101-BWFSS,Roaming Issue,High,Retail Store,2026-01-28 18:47:00,2026-01-31 02:17:00,55.5,Closed,2.0
TKT002634,3429-IFLEM,SIM Issue,Critical,Web Portal,2026-04-01 09:36:00,2026-04-02 17:12:00,31.6,Resolved,3.0
TKT002635,7921-BEPCI,Network Slowdown,High,Retail Store,2026-05-16 09:52:00,,,Escalated,
TKT002636,0988-JRWWP,Billing Dispute,High,Chatbot,2026-03-08 12:49:00,,,Escalated,
TKT002637,9776-CLUJA,Broadband Outage,Critical,Mobile App,2026-03-23 13:32:00,,,Escalated,
TKT002638,0682-USIXD,Broadband Outage,Critical,Mobile App,2026-07-20 16:22:00,,,In Progress,
TKT002639,1399-UBQIU,Broadband Outage,Medium,Web Portal,2026-05-03 07:12:00,2026-05-04 11:36:00,28.4,Closed,3.0
TKT002640,1696-MZVAU,Plan Modification,Medium,Web Portal,2026-03-05 14:01:00,,,Escalated,
TKT002641,7614-QVWQL,Network Slowdown,Medium,Retail Store,2026-03-15 11:29:00,2026-03-18 10:05:00,70.6,Closed,3.0
TKT002642,4471-KXAUH,Broadband Outage,Medium,Retail Store,2026-06-12 21:01:00,2026-06-13 03:31:00,6.5,Closed,3.0
TKT002643,0151-ONTOV,Broadband Outage,High,Mobile App,2026-02-09 15:14:00,,,Escalated,
TKT002644,6141-OOXUQ,Network Slowdown,Medium,Mobile App,2026-08-25 19:31:00,,,Escalated,
TKT002645,9025-ZRPVR,Network Slowdown,Medium,Web Portal,2026-08-03 11:17:00,,,In Progress,
TKT002646,0570-BFQHT,SIM Issue,Low,Retail Store,2026-04-18 17:12:00,,,Escalated,
TKT002647,0328-GRPMV,Plan Modification,Low,Retail Store,2026-04-12 12:42:00,2026-04-15 00:42:00,60.0,Closed,1.0
TKT002648,3074-GQWYX,Call Drops,Critical,Call Center,2026-01-08 18:23:00,2026-01-09 00:29:00,6.1,Resolved,2.0
TKT002649,6631-HMANX,Broadband Outage,Critical,Call Center,2026-07-23 15:08:00,,,Escalated,
TKT002650,6032-IGALN,Billing Dispute,Critical,Chatbot,2026-04-10 11:11:00,,,In Progress,
TKT002651,3148-BLQJT,Call Drops,Critical,Mobile App,2026-01-14 09:13:00,,,In Progress,
TKT002652,9254-RBFON,Broadband Outage,Medium,Web Portal,2026-04-16 23:33:00,2026-04-18 05:27:00,29.9,Resolved,1.0
TKT002653,7831-QGOXH,SIM Issue,Critical,Retail Store,2026-07-12 13:25:00,,,In Progress,
TKT002654,0238-WHBIQ,SIM Issue,Medium,Chatbot,2026-01-18 08:25:00,2026-01-19 14:13:00,29.8,Closed,3.0
TKT002655,5419-KLXBN,SIM Issue,Medium,Web Portal,2026-07-23 17:35:00,2026-07-26 03:35:00,58.0,Resolved,3.0
TKT002656,4104-PVRPS,Plan Modification,Critical,Chatbot,2026-05-15 22:12:00,,,Escalated,
TKT002657,8450-JOVAH,Network Slowdown,Critical,Chatbot,2026-07-11 23:39:00,,,Escalated,
TKT002658,5981-ITEMU,SIM Issue,Medium,Web Portal,2026-07-09 10:02:00,2026-07-10 15:38:00,29.6,Closed,2.0
TKT002659,3320-VEOYC,SIM Issue,Low,Mobile App,2026-04-03 15:59:00,,,In Progress,
TKT002660,8397-MVTAZ,Call Drops,Medium,Web Portal,2026-04-23 14:01:00,2026-04-26 08:19:00,66.3,Closed,1.0
TKT002661,6380-ARCEH,Roaming Issue,Critical,Call Center,2026-08-12 14:31:00,2026-08-13 20:37:00,30.1,Closed,4.0
TKT002662,7995-ZHHNZ,Roaming Issue,Low,Web Portal,2026-07-14 22:26:00,,,In Progress,
TKT002663,2239-JALAW,Broadband Outage,Medium,Web Portal,2026-03-11 08:39:00,,,In Progress,
TKT002664,4767-HZZHQ,Billing Dispute,Low,Mobile App,2026-01-12 17:32:00,2026-01-12 19:56:00,2.4,Resolved,5.0
TKT002665,3677-IYRBF,Plan Modification,Medium,Retail Store,2026-04-25 22:48:00,,,Escalated,
TKT002666,0224-RLWWD,Billing Dispute,High,Chatbot,2026-08-25 18:55:00,,,Escalated,
TKT002667,0946-FKYTX,Roaming Issue,High,Retail Store,2026-01-06 19:56:00,,,Escalated,
TKT002668,2952-QAYZF,Broadband Outage,Critical,Mobile App,2026-02-10 22:16:00,,,Escalated,
TKT002669,2516-VQRRV,Plan Modification,High,Web Portal,2026-02-21 17:00:00,2026-02-23 16:24:00,47.4,Closed,1.0
TKT002670,3244-DCJWY,Roaming Issue,High,Chatbot,2026-03-26 12:32:00,,,In Progress,
TKT002671,7873-CVMAW,Roaming Issue,Medium,Retail Store,2026-08-12 13:32:00,,,In Progress,
TKT002672,3049-NDXFL,Broadband Outage,Medium,Retail Store,2026-08-29 18:39:00,2026-08-30 00:33:00,5.9,Closed,2.0
TKT002673,5793-YOLJN,Network Slowdown,Low,Call Center,2026-06-30 07:25:00,2026-07-02 17:55:00,58.5,Closed,1.0
TKT002674,5702-SKUOB,Roaming Issue,Critical,Retail Store,2026-04-29 11:24:00,,,In Progress,
TKT002675,5569-OUICF,SIM Issue,Low,Call Center,2026-02-04 19:13:00,2026-02-05 00:37:00,5.4,Closed,3.0
TKT002676,8042-JVNFH,Network Slowdown,High,Retail Store,2026-04-22 19:06:00,,,In Progress,
TKT002677,1591-MQJTP,Roaming Issue,High,Web Portal,2026-03-31 21:49:00,,,Escalated,
TKT002678,9600-UDOPK,Network Slowdown,Critical,Call Center,2026-01-18 09:38:00,2026-01-19 22:32:00,36.9,Resolved,1.0
TKT002679,5876-HZVZM,Roaming Issue,High,Retail Store,2026-02-17 16:42:00,,,In Progress,
TKT002680,0318-QUUOB,SIM Issue,Medium,Retail Store,2026-07-04 18:26:00,,,Escalated,
TKT002681,3685-YLCMQ,Broadband Outage,Medium,Call Center,2026-02-27 19:58:00,2026-02-28 02:40:00,6.7,Closed,3.0
TKT002682,2823-LKABH,Broadband Outage,Low,Mobile App,2026-07-10 07:19:00,,,In Progress,
TKT002683,4603-JANFB,Network Slowdown,High,Call Center,2026-05-19 23:02:00,2026-05-20 16:20:00,17.3,Closed,2.0
TKT002684,7343-EOBEU,SIM Issue,High,Retail Store,2026-05-20 19:36:00,,,In Progress,
TKT002685,3528-HFRIQ,Network Slowdown,Critical,Chatbot,2026-03-28 19:47:00,2026-03-30 22:23:00,50.6,Resolved,1.0
TKT002686,3500-RMZLT,Billing Dispute,Low,Call Center,2026-04-06 22:36:00,,,Escalated,
TKT002687,0719-SYFRB,Broadband Outage,Medium,Chatbot,2026-08-14 11:50:00,,,In Progress,
TKT002688,6502-HCJTI,Broadband Outage,Medium,Mobile App,2026-01-13 23:46:00,2026-01-14 16:52:00,17.1,Closed,1.0
TKT002689,3927-NLNRY,Roaming Issue,Critical,Chatbot,2026-01-06 11:11:00,2026-01-08 22:23:00,59.2,Resolved,1.0
TKT002690,2719-BDAQO,Billing Dispute,Low,Retail Store,2026-01-25 13:34:00,,,In Progress,
TKT002691,2925-MXLSX,Plan Modification,Medium,Web Portal,2026-03-31 19:43:00,2026-04-02 15:31:00,43.8,Closed,3.0
TKT002692,7389-KBFIT,Network Slowdown,Critical,Chatbot,2026-01-23 23:57:00,2026-01-26 13:45:00,61.8,Resolved,1.0
TKT002693,1334-FJSVR,Billing Dispute,Medium,Chatbot,2026-05-14 10:33:00,,,In Progress,
TKT002694,0968-GSIKN,Broadband Outage,Low,Retail Store,2026-01-20 12:05:00,2026-01-20 16:17:00,4.2,Closed,3.0
TKT002695,9063-ZGTUY,Network Slowdown,Critical,Mobile App,2026-04-26 15:39:00,,,Escalated,
TKT002696,6005-OBZPH,Call Drops,High,Retail Store,2026-02-13 17:59:00,,,Escalated,
TKT002697,7966-YOTQW,Call Drops,Low,Retail Store,2026-04-23 20:52:00,,,In Progress,
TKT002698,3995-WFCSM,Plan Modification,High,Retail Store,2026-06-17 08:07:00,,,In Progress,
TKT002699,7377-DMMRI,Roaming Issue,High,Call Center,2026-05-29 16:06:00,,,In Progress,
TKT002700,8775-LHDJH,Roaming Issue,High,Call Center,2026-08-30 08:52:00,2026-09-01 12:40:00,51.8,Closed,1.0
TKT002701,2160-GPFXD,Call Drops,Low,Retail Store,2026-01-04 23:51:00,,,In Progress,
TKT002702,0117-LFRMW,Roaming Issue,High,Mobile App,2026-03-19 16:39:00,,,In Progress,
TKT002703,5336-UFNZP,Roaming Issue,Critical,Mobile App,2026-08-18 08:14:00,,,In Progress,
TKT002704,9251-WNSOD,Call Drops,Medium,Retail Store,2026-08-07 20:57:00,,,Escalated,
TKT002705,1585-MQSSU,Roaming Issue,Critical,Mobile App,2026-05-24 12:26:00,2026-05-25 14:44:00,26.3,Closed,2.0
TKT002706,5453-AXEPF,SIM Issue,Medium,Retail Store,2026-01-28 14:22:00,2026-01-31 11:46:00,69.4,Closed,4.0
TKT002707,5562-BETPV,Roaming Issue,Critical,Retail Store,2026-01-22 11:57:00,,,In Progress,
TKT002708,4518-FZBSX,Plan Modification,Critical,Retail Store,2026-08-21 17:05:00,2026-08-24 02:59:00,57.9,Closed,4.0
TKT002709,9412-ARGBX,Broadband Outage,High,Retail Store,2026-03-22 17:30:00,,,Escalated,
TKT002710,9084-OAYKL,Call Drops,Critical,Mobile App,2026-06-29 22:41:00,,,Escalated,
TKT002711,0916-QOFDP,Roaming Issue,Medium,Call Center,2026-02-13 19:21:00,2026-02-15 15:15:00,43.9,Closed,3.0
TKT002712,7765-LWVVH,SIM Issue,Critical,Web Portal,2026-08-27 10:24:00,,,In Progress,
TKT002713,2718-YSKCS,Roaming Issue,Medium,Retail Store,2026-05-31 23:15:00,,,Escalated,
TKT002714,7065-YUNRY,Plan Modification,Critical,Mobile App,2026-06-24 18:58:00,2026-06-27 18:28:00,71.5,Resolved,3.0
TKT002715,4702-IOQDC,Network Slowdown,Medium,Retail Store,2026-06-21 08:18:00,,,In Progress,
TKT002716,8182-PNAGI,Plan Modification,Critical,Call Center,2026-08-20 23:22:00,,,Escalated,
TKT002717,4464-JCOLN,Network Slowdown,High,Call Center,2026-03-31 13:55:00,2026-04-03 09:49:00,67.9,Closed,1.0
TKT002718,3348-CFRNX,Billing Dispute,High,Web Portal,2026-08-11 07:04:00,2026-08-12 20:16:00,37.2,Closed,1.0
TKT002719,5380-XPJNZ,Broadband Outage,High,Web Portal,2026-05-10 12:45:00,2026-05-12 22:45:00,58.0,Closed,4.0
TKT002720,6502-HCJTI,Roaming Issue,Medium,Web Portal,2026-07-10 12:57:00,2026-07-11 08:45:00,19.8,Closed,1.0
TKT002721,0265-PSUAE,Plan Modification,Low,Mobile App,2026-03-10 07:36:00,2026-03-13 00:30:00,64.9,Closed,3.0
TKT002722,6702-OHFWR,Broadband Outage,Medium,Mobile App,2026-02-07 08:03:00,2026-02-10 02:39:00,66.6,Closed,3.0
TKT002723,4132-POCZS,Billing Dispute,Medium,Retail Store,2026-05-20 22:21:00,2026-05-21 07:09:00,8.8,Closed,3.0
TKT002724,6704-UTUKK,SIM Issue,High,Call Center,2026-01-27 20:43:00,2026-01-30 10:55:00,62.2,Closed,3.0
TKT002725,4316-XCSLJ,Plan Modification,Critical,Call Center,2026-07-24 12:11:00,2026-07-25 17:35:00,29.4,Closed,3.0
TKT002726,5196-SGOAK,Billing Dispute,Medium,Chatbot,2026-02-10 22:35:00,2026-02-11 09:23:00,10.8,Closed,2.0
TKT002727,8204-YJCLA,Broadband Outage,High,Mobile App,2026-08-23 21:08:00,2026-08-24 05:32:00,8.4,Resolved,5.0
TKT002728,5616-PRTNT,Broadband Outage,High,Call Center,2026-08-09 10:23:00,,,Escalated,
TKT002729,2809-ILCYT,SIM Issue,Critical,Retail Store,2026-02-14 17:03:00,2026-02-14 18:03:00,1.0,Closed,5.0
TKT002730,3138-BKYAV,Call Drops,High,Retail Store,2026-05-16 23:49:00,,,In Progress,
TKT002731,1602-IJQQE,Billing Dispute,Critical,Mobile App,2026-08-30 14:12:00,,,In Progress,
TKT002732,0238-WHBIQ,Billing Dispute,High,Web Portal,2026-05-11 10:15:00,,,Escalated,
TKT002733,2761-OCIAX,SIM Issue,Critical,Retail Store,2026-07-26 16:51:00,2026-07-28 17:57:00,49.1,Closed,3.0
TKT002734,4983-CLMLV,Plan Modification,Low,Retail Store,2026-03-24 17:29:00,2026-03-26 02:47:00,33.3,Closed,2.0
TKT002735,7486-KSRVI,SIM Issue,Medium,Mobile App,2026-04-06 22:35:00,2026-04-09 06:35:00,56.0,Closed,3.0
TKT002736,6865-JZNKO,SIM Issue,High,Chatbot,2026-08-12 11:30:00,2026-08-13 08:54:00,21.4,Closed,1.0
TKT002737,5842-POCOP,Plan Modification,Low,Web Portal,2026-08-22 17:40:00,2026-08-22 18:58:00,1.3,Closed,1.0
TKT002738,1320-GVNHT,Call Drops,Medium,Mobile App,2026-05-20 11:54:00,2026-05-22 19:42:00,55.8,Resolved,5.0
TKT002739,0634-SZPQA,Plan Modification,Low,Web Portal,2026-08-31 17:56:00,,,In Progress,
TKT002740,5883-GTGVD,Billing Dispute,Low,Call Center,2026-03-12 08:00:00,,,In Progress,
TKT002741,1732-VHUBQ,Broadband Outage,Medium,Web Portal,2026-02-05 22:48:00,2026-02-06 23:54:00,25.1,Closed,1.0
TKT002742,4800-CZMPC,Plan Modification,Critical,Call Center,2026-05-11 20:48:00,2026-05-13 20:00:00,47.2,Resolved,2.0
TKT002743,9835-ZIITK,Call Drops,High,Mobile App,2026-07-09 17:41:00,2026-07-09 23:23:00,5.7,Closed,3.0
TKT002744,7321-ZNSLA,Billing Dispute,Low,Web Portal,2026-07-04 11:14:00,2026-07-07 07:50:00,68.6,Resolved,5.0
TKT002745,5692-FPTAH,Network Slowdown,High,Mobile App,2026-02-04 19:17:00,2026-02-05 10:11:00,14.9,Resolved,2.0
TKT002746,6425-YQLLO,Network Slowdown,Low,Call Center,2026-04-09 12:26:00,2026-04-11 18:26:00,54.0,Closed,3.0
TKT002747,4872-VXRIL,Plan Modification,Critical,Call Center,2026-05-09 22:04:00,,,In Progress,
TKT002748,3399-BMLVW,Billing Dispute,High,Call Center,2026-06-26 12:04:00,,,Escalated,
TKT002749,3496-LFSZU,SIM Issue,Low,Chatbot,2026-07-05 21:08:00,2026-07-08 17:56:00,68.8,Resolved,5.0
TKT002750,9606-PBKBQ,SIM Issue,Low,Retail Store,2026-01-07 07:38:00,,,Escalated,
TKT002751,6376-GAHQE,Plan Modification,High,Retail Store,2026-03-22 16:05:00,,,Escalated,
TKT002752,0207-MDKNV,SIM Issue,Low,Mobile App,2026-07-05 14:57:00,2026-07-07 07:21:00,40.4,Resolved,2.0
TKT002753,7684-XSZIY,Broadband Outage,Low,Retail Store,2026-08-02 21:26:00,,,Escalated,
TKT002754,2929-QNSRW,Billing Dispute,Low,Call Center,2026-02-27 23:40:00,2026-03-02 15:22:00,63.7,Resolved,3.0
TKT002755,4572-DVCGN,Roaming Issue,High,Web Portal,2026-01-14 19:45:00,2026-01-16 18:33:00,46.8,Closed,3.0
TKT002756,3963-RYFNS,Broadband Outage,High,Web Portal,2026-07-12 12:51:00,2026-07-13 23:21:00,34.5,Resolved,1.0
TKT002757,8519-QJGJD,Broadband Outage,Low,Mobile App,2026-08-06 08:06:00,2026-08-08 15:42:00,55.6,Closed,2.0
TKT002758,8749-TZYEC,Network Slowdown,High,Mobile App,2026-04-09 09:28:00,,,In Progress,
TKT002759,2868-SNELZ,Billing Dispute,Critical,Chatbot,2026-05-22 20:03:00,2026-05-25 05:39:00,57.6,Resolved,1.0
TKT002760,0536-ESJEP,Billing Dispute,Low,Retail Store,2026-06-09 21:53:00,2026-06-11 07:11:00,33.3,Resolved,5.0
TKT002761,3106-ULWFW,Network Slowdown,Medium,Call Center,2026-05-07 20:38:00,,,Escalated,
TKT002762,8066-POXGX,Plan Modification,Low,Call Center,2026-02-08 22:34:00,2026-02-10 11:58:00,37.4,Closed,2.0
TKT002763,0685-MLYYM,Broadband Outage,Critical,Mobile App,2026-08-11 15:31:00,,,Escalated,
TKT002764,7410-YTJIK,Network Slowdown,Critical,Call Center,2026-02-12 20:07:00,2026-02-14 12:01:00,39.9,Resolved,2.0
TKT002765,6077-BDPXA,Plan Modification,Critical,Chatbot,2026-03-24 23:38:00,,,In Progress,
TKT002766,7758-XKCBS,Billing Dispute,Low,Retail Store,2026-01-26 12:01:00,2026-01-28 05:31:00,41.5,Closed,3.0
TKT002767,5804-LEPIM,Roaming Issue,Low,Mobile App,2026-06-08 08:36:00,2026-06-09 19:36:00,35.0,Closed,1.0
TKT002768,8086-OVPWV,Call Drops,Low,Mobile App,2026-03-08 21:25:00,2026-03-09 17:37:00,20.2,Resolved,1.0
TKT002769,1309-BXVOQ,Plan Modification,High,Mobile App,2026-03-17 10:56:00,,,In Progress,
TKT002770,0463-ZSDNT,Broadband Outage,Medium,Call Center,2026-04-15 09:36:00,2026-04-15 13:48:00,4.2,Resolved,4.0
TKT002771,0980-PVMRC,Roaming Issue,Medium,Chatbot,2026-08-16 12:56:00,2026-08-17 15:32:00,26.6,Closed,4.0
TKT002772,7136-RVDTZ,Plan Modification,Low,Retail Store,2026-05-19 10:21:00,2026-05-22 01:33:00,63.2,Closed,3.0
TKT002773,2348-KCJLT,SIM Issue,Critical,Call Center,2026-01-29 10:15:00,2026-01-29 23:45:00,13.5,Closed,2.0
TKT002774,8749-JMNKX,Roaming Issue,Medium,Call Center,2026-04-23 18:05:00,2026-04-25 15:23:00,45.3,Closed,2.0
TKT002775,4701-AHWMW,Broadband Outage,Low,Call Center,2026-07-07 10:12:00,,,In Progress,
TKT002776,4231-LZUYM,Plan Modification,Medium,Retail Store,2026-06-23 10:55:00,2026-06-24 22:37:00,35.7,Closed,3.0
TKT002777,2955-BJZHG,Roaming Issue,Critical,Mobile App,2026-02-22 12:51:00,2026-02-23 12:45:00,23.9,Closed,2.0
TKT002778,7503-EPSZW,SIM Issue,Medium,Chatbot,2026-02-10 19:41:00,,,Escalated,
TKT002779,3519-ZKXGG,Roaming Issue,Critical,Chatbot,2026-08-11 12:28:00,2026-08-11 22:40:00,10.2,Resolved,1.0
TKT002780,2982-VPSGI,Plan Modification,Critical,Chatbot,2026-03-30 08:06:00,2026-04-01 19:12:00,59.1,Resolved,1.0
TKT002781,5018-LXQQG,Billing Dispute,High,Mobile App,2026-08-11 10:41:00,,,Escalated,
TKT002782,0098-BOWSO,Broadband Outage,Critical,Chatbot,2026-01-22 18:51:00,2026-01-24 11:33:00,40.7,Closed,5.0
TKT002783,5729-KLZAR,SIM Issue,Critical,Mobile App,2026-08-04 19:49:00,2026-08-06 22:37:00,50.8,Resolved,2.0
TKT002784,4803-AXVYP,Network Slowdown,High,Call Center,2026-02-23 07:15:00,,,Escalated,
TKT002785,3063-QFSZL,Network Slowdown,High,Web Portal,2026-02-02 07:49:00,2026-02-03 00:49:00,17.0,Resolved,2.0
TKT002786,0067-DKWBL,Broadband Outage,Low,Chatbot,2026-04-02 19:44:00,2026-04-03 21:26:00,25.7,Closed,2.0
TKT002787,0581-MDMPW,SIM Issue,High,Web Portal,2026-05-30 10:24:00,2026-06-01 01:30:00,39.1,Resolved,4.0
TKT002788,6278-FEPBZ,Broadband Outage,Medium,Chatbot,2026-04-09 22:55:00,2026-04-10 00:49:00,1.9,Closed,4.0
TKT002789,3669-OYSJI,Network Slowdown,High,Chatbot,2026-08-13 21:47:00,2026-08-14 12:53:00,15.1,Resolved,1.0
TKT002790,8640-SDGKB,Plan Modification,Critical,Web Portal,2026-08-08 13:41:00,2026-08-08 18:35:00,4.9,Resolved,2.0
TKT002791,4190-MFLUW,Broadband Outage,Low,Web Portal,2026-03-03 23:37:00,,,Escalated,
TKT002792,1871-MOWRM,Network Slowdown,Low,Web Portal,2026-03-01 14:44:00,2026-03-03 16:44:00,50.0,Closed,1.0
TKT002793,8625-AZYZY,SIM Issue,High,Retail Store,2026-01-23 22:31:00,2026-01-25 00:55:00,26.4,Closed,3.0
TKT002794,6585-WCEWR,Roaming Issue,High,Web Portal,2026-06-17 17:07:00,2026-06-20 03:01:00,57.9,Resolved,1.0
TKT002795,4250-ZBWLV,Billing Dispute,Critical,Call Center,2026-06-02 10:23:00,2026-06-04 14:53:00,52.5,Closed,3.0
TKT002796,8199-ZLLSA,Network Slowdown,Medium,Retail Store,2026-06-06 14:39:00,2026-06-09 03:15:00,60.6,Closed,3.0
TKT002797,2930-UOTMB,Billing Dispute,High,Chatbot,2026-06-16 22:20:00,2026-06-19 21:50:00,71.5,Closed,2.0
TKT002798,5995-OIGLP,Billing Dispute,High,Mobile App,2026-04-28 08:30:00,2026-04-30 03:48:00,43.3,Closed,1.0
TKT002799,2946-KIQSP,Network Slowdown,High,Retail Store,2026-07-12 23:28:00,2026-07-15 10:58:00,59.5,Closed,3.0
TKT002800,2296-DKZFP,Billing Dispute,High,Mobile App,2026-03-09 12:38:00,2026-03-12 05:38:00,65.0,Closed,4.0
TKT002801,2873-ZLIWT,SIM Issue,Critical,Retail Store,2026-07-22 23:38:00,2026-07-24 19:44:00,44.1,Closed,1.0
TKT002802,7893-IXHRQ,Plan Modification,Critical,Web Portal,2026-05-15 21:02:00,2026-05-18 20:20:00,71.3,Closed,3.0
TKT002803,5360-XGYAZ,Network Slowdown,Critical,Chatbot,2026-06-15 09:44:00,2026-06-15 17:44:00,8.0,Closed,1.0
TKT002804,4942-VZZOM,Plan Modification,Low,Chatbot,2026-07-30 09:24:00,,,In Progress,
TKT002805,9732-KPKBW,Call Drops,Low,Mobile App,2026-08-06 16:50:00,2026-08-08 03:44:00,34.9,Closed,2.0
TKT002806,8023-QHAIO,Network Slowdown,High,Call Center,2026-05-07 21:31:00,,,Escalated,
TKT002807,8840-DQLGN,Call Drops,Critical,Retail Store,2026-03-24 16:33:00,2026-03-25 00:09:00,7.6,Resolved,1.0
TKT002808,6777-TGHTM,SIM Issue,Low,Call Center,2026-04-29 13:39:00,2026-04-30 19:45:00,30.1,Resolved,1.0
TKT002809,8262-COGGB,Network Slowdown,Critical,Web Portal,2026-03-23 18:49:00,2026-03-26 00:13:00,53.4,Closed,3.0
TKT002810,8919-FYFQZ,Plan Modification,Critical,Mobile App,2026-08-21 21:31:00,2026-08-23 21:01:00,47.5,Closed,1.0
TKT002811,5981-ITEMU,Broadband Outage,Medium,Web Portal,2026-08-17 09:28:00,2026-08-18 00:58:00,15.5,Resolved,1.0
TKT002812,7851-FLGGQ,Roaming Issue,High,Call Center,2026-06-07 18:16:00,2026-06-10 17:46:00,71.5,Closed,3.0
TKT002813,6502-HCJTI,Roaming Issue,Medium,Web Portal,2026-06-11 23:15:00,2026-06-12 13:57:00,14.7,Closed,2.0
TKT002814,1025-FALIX,Broadband Outage,High,Retail Store,2026-02-28 22:14:00,,,Escalated,
TKT002815,8166-ORCHU,Plan Modification,Medium,Chatbot,2026-06-19 09:17:00,2026-06-21 15:41:00,54.4,Closed,4.0
TKT002816,6386-SZZKH,Broadband Outage,Low,Chatbot,2026-03-26 13:33:00,2026-03-26 23:57:00,10.4,Resolved,1.0
TKT002817,1261-FWTTE,Roaming Issue,High,Mobile App,2026-04-25 23:32:00,2026-04-26 04:50:00,5.3,Closed,1.0
TKT002818,3871-IKPYH,Billing Dispute,Critical,Web Portal,2026-07-01 19:25:00,,,Escalated,
TKT002819,5985-BEHZK,Plan Modification,Critical,Call Center,2026-04-10 07:54:00,2026-04-12 06:30:00,46.6,Resolved,3.0
TKT002820,3027-ZTDHO,Broadband Outage,Critical,Mobile App,2026-05-03 13:10:00,,,Escalated,
TKT002821,0708-LGSMF,Plan Modification,Low,Web Portal,2026-06-14 15:58:00,,,In Progress,
TKT002822,5269-NRGDP,Network Slowdown,Medium,Web Portal,2026-03-06 18:31:00,2026-03-08 21:31:00,51.0,Resolved,1.0
TKT002823,5103-MHMHY,Broadband Outage,Low,Mobile App,2026-06-13 18:29:00,2026-06-14 02:11:00,7.7,Closed,2.0
TKT002824,6956-SMUCM,Broadband Outage,High,Call Center,2026-05-05 14:43:00,2026-05-07 07:43:00,41.0,Resolved,2.0
TKT002825,5616-PRTNT,SIM Issue,Low,Web Portal,2026-02-14 22:41:00,,,Escalated,
TKT002826,3797-FKOGQ,Call Drops,Low,Mobile App,2026-08-18 10:30:00,,,Escalated,
TKT002827,5299-RULOA,Network Slowdown,Medium,Mobile App,2026-07-16 17:49:00,,,In Progress,
TKT002828,3656-TKRVZ,Call Drops,High,Retail Store,2026-04-12 22:33:00,2026-04-13 23:09:00,24.6,Closed,3.0
TKT002829,1205-WNWPJ,Plan Modification,Low,Mobile App,2026-05-23 08:54:00,,,In Progress,
TKT002830,4760-XOHVN,Billing Dispute,Low,Retail Store,2026-04-12 17:04:00,2026-04-14 09:34:00,40.5,Closed,3.0
TKT002831,1689-YQBYY,Network Slowdown,Medium,Web Portal,2026-06-27 16:22:00,2026-06-29 06:28:00,38.1,Closed,5.0
TKT002832,1226-UDFZR,Call Drops,High,Retail Store,2026-03-08 14:13:00,,,Escalated,
TKT002833,4737-AQCPU,Billing Dispute,Critical,Retail Store,2026-06-28 10:45:00,2026-06-30 07:45:00,45.0,Resolved,4.0
TKT002834,5366-IJEQJ,Roaming Issue,High,Retail Store,2026-05-26 16:12:00,2026-05-28 08:24:00,40.2,Resolved,2.0
TKT002835,9691-HKOVS,Broadband Outage,Low,Web Portal,2026-04-16 13:18:00,2026-04-18 10:12:00,44.9,Closed,2.0
TKT002836,0722-TROQR,Broadband Outage,High,Retail Store,2026-01-17 19:05:00,2026-01-20 00:23:00,53.3,Closed,3.0
TKT002837,7511-YMXVQ,Broadband Outage,Medium,Call Center,2026-05-27 22:30:00,2026-05-30 15:48:00,65.3,Closed,3.0
TKT002838,1309-XGFSN,Billing Dispute,Critical,Retail Store,2026-07-13 13:46:00,,,In Progress,
TKT002839,6080-LNESI,Network Slowdown,Low,Retail Store,2026-02-11 14:36:00,,,Escalated,
TKT002840,9710-ZUSHQ,Roaming Issue,Critical,Call Center,2026-04-06 11:34:00,2026-04-08 06:10:00,42.6,Closed,3.0
TKT002841,3410-YOQBQ,Billing Dispute,High,Web Portal,2026-08-19 07:20:00,2026-08-21 14:02:00,54.7,Closed,4.0
TKT002842,9259-PACGQ,Broadband Outage,High,Retail Store,2026-04-04 18:25:00,2026-04-05 22:43:00,28.3,Closed,3.0
TKT002843,5244-IRFIH,Call Drops,Medium,Chatbot,2026-02-08 07:39:00,2026-02-08 15:03:00,7.4,Resolved,3.0
TKT002844,4139-SUGLD,Broadband Outage,Medium,Web Portal,2026-04-19 16:50:00,2026-04-19 21:44:00,4.9,Closed,1.0
TKT002845,6023-GSSXW,Call Drops,High,Retail Store,2026-05-26 15:38:00,2026-05-28 15:32:00,47.9,Resolved,1.0
TKT002846,6905-NIQIN,Billing Dispute,High,Mobile App,2026-07-19 08:29:00,2026-07-22 05:17:00,68.8,Closed,3.0
TKT002847,8290-YWKHZ,Network Slowdown,Low,Mobile App,2026-05-12 18:35:00,,,Escalated,
TKT002848,3874-EQOEP,Plan Modification,Low,Chatbot,2026-04-16 16:39:00,,,In Progress,
TKT002849,2817-NTQDO,Billing Dispute,Critical,Chatbot,2026-05-02 13:01:00,2026-05-04 09:49:00,44.8,Resolved,2.0
TKT002850,5696-JVVQY,Call Drops,Medium,Web Portal,2026-07-20 21:11:00,2026-07-23 00:53:00,51.7,Closed,5.0
TKT002851,4911-BANWH,SIM Issue,Low,Chatbot,2026-01-05 13:26:00,,,In Progress,
TKT002852,1658-BYGOY,Plan Modification,Medium,Retail Store,2026-03-02 13:58:00,2026-03-03 16:52:00,26.9,Resolved,1.0
TKT002853,5982-XMDEX,Plan Modification,Critical,Chatbot,2026-05-30 09:09:00,2026-06-02 03:45:00,66.6,Resolved,5.0
TKT002854,2722-JMONI,Broadband Outage,High,Retail Store,2026-02-02 19:03:00,2026-02-02 20:39:00,1.6,Resolved,1.0
TKT002855,3468-DRVQJ,Plan Modification,Medium,Web Portal,2026-04-29 18:16:00,2026-05-01 23:10:00,52.9,Resolved,4.0
TKT002856,8577-QSOCG,Billing Dispute,High,Web Portal,2026-07-07 08:52:00,,,In Progress,
TKT002857,0265-EDXBD,Plan Modification,Medium,Call Center,2026-05-14 09:36:00,2026-05-16 12:06:00,50.5,Resolved,3.0
TKT002858,1035-IPQPU,Broadband Outage,High,Mobile App,2026-04-05 21:50:00,,,In Progress,
TKT002859,8194-PEEBY,SIM Issue,Critical,Chatbot,2026-06-07 08:50:00,2026-06-08 08:38:00,23.8,Closed,5.0
TKT002860,8466-PZBLH,Billing Dispute,Critical,Chatbot,2026-06-18 23:21:00,2026-06-20 12:27:00,37.1,Closed,5.0
TKT002861,9948-YPTDG,Call Drops,Critical,Web Portal,2026-03-02 16:55:00,2026-03-04 08:43:00,39.8,Closed,2.0
TKT002862,4957-TIALW,Roaming Issue,Critical,Web Portal,2026-02-06 08:17:00,,,Escalated,
TKT002863,6786-OBWQR,Call Drops,High,Call Center,2026-04-04 17:04:00,,,In Progress,
TKT002864,9885-CSMWE,Plan Modification,Medium,Mobile App,2026-02-06 22:47:00,,,Escalated,
TKT002865,3990-QYKBE,Network Slowdown,High,Mobile App,2026-06-16 12:01:00,,,Escalated,
TKT002866,3097-NQYSN,Roaming Issue,Critical,Call Center,2026-04-01 16:19:00,2026-04-04 00:19:00,56.0,Closed,2.0
TKT002867,4451-RWASJ,Network Slowdown,Medium,Web Portal,2026-04-12 14:00:00,2026-04-13 23:48:00,33.8,Closed,4.0
TKT002868,3214-IYUUQ,Plan Modification,Low,Call Center,2026-07-22 15:29:00,2026-07-24 21:59:00,54.5,Resolved,5.0
TKT002869,8722-NGNBH,Plan Modification,Critical,Retail Store,2026-03-11 13:51:00,,,In Progress,
TKT002870,5442-XSDCW,SIM Issue,Critical,Retail Store,2026-05-15 07:48:00,2026-05-18 01:18:00,65.5,Closed,3.0
TKT002871,4760-XOHVN,Broadband Outage,Medium,Mobile App,2026-06-11 19:47:00,,,Escalated,
TKT002872,2968-SSGAA,SIM Issue,Medium,Web Portal,2026-04-21 20:10:00,,,Escalated,
TKT002873,5130-YPIRV,Broadband Outage,Medium,Retail Store,2026-05-05 15:24:00,,,In Progress,
TKT002874,8069-YQQAJ,Billing Dispute,Critical,Mobile App,2026-07-25 08:44:00,2026-07-25 10:56:00,2.2,Closed,4.0
TKT002875,9053-JZFKV,SIM Issue,Medium,Mobile App,2026-02-02 09:25:00,2026-02-03 21:19:00,35.9,Closed,1.0
TKT002876,9529-OFXHY,Roaming Issue,High,Mobile App,2026-03-28 19:08:00,,,In Progress,
TKT002877,0402-CQAJN,Plan Modification,Critical,Chatbot,2026-08-10 18:59:00,2026-08-11 13:05:00,18.1,Resolved,1.0
TKT002878,0516-WJVXC,Plan Modification,Critical,Call Center,2026-08-01 16:34:00,2026-08-03 06:52:00,38.3,Resolved,2.0
TKT002879,0667-NSRGI,Plan Modification,Critical,Web Portal,2026-01-22 17:20:00,2026-01-24 22:44:00,53.4,Resolved,3.0
TKT002880,0447-RXSGD,Plan Modification,High,Retail Store,2026-07-16 09:46:00,2026-07-16 13:40:00,3.9,Resolved,3.0
TKT002881,7083-YNSKY,Plan Modification,Low,Call Center,2026-02-11 23:58:00,2026-02-14 08:04:00,56.1,Closed,2.0
TKT002882,9317-WZPGV,SIM Issue,High,Call Center,2026-05-05 17:54:00,,,Escalated,
TKT002883,2608-BHKFN,Roaming Issue,Medium,Retail Store,2026-06-29 13:11:00,2026-06-29 23:23:00,10.2,Closed,3.0
TKT002884,4250-WAROZ,Network Slowdown,Medium,Mobile App,2026-02-01 22:44:00,2026-02-04 00:56:00,50.2,Resolved,4.0
TKT002885,3211-ILJTT,Broadband Outage,Low,Call Center,2026-05-22 20:59:00,2026-05-23 01:47:00,4.8,Closed,1.0
TKT002886,1862-SKORY,Roaming Issue,High,Call Center,2026-03-24 21:42:00,,,In Progress,
TKT002887,4685-TFLLS,SIM Issue,Low,Web Portal,2026-04-24 13:32:00,,,In Progress,
TKT002888,9048-JVYVF,Plan Modification,High,Chatbot,2026-05-05 17:15:00,,,Escalated,
TKT002889,0236-HFWSV,Broadband Outage,Medium,Retail Store,2026-04-02 17:19:00,2026-04-04 06:49:00,37.5,Resolved,3.0
TKT002890,5093-FEGLU,SIM Issue,Medium,Web Portal,2026-06-17 17:50:00,,,Escalated,
TKT002891,1436-ZMJAN,Roaming Issue,Low,Web Portal,2026-06-10 18:49:00,,,Escalated,
TKT002892,8208-EUMTE,Broadband Outage,Low,Mobile App,2026-01-05 07:36:00,2026-01-06 14:06:00,30.5,Resolved,5.0
TKT002893,1157-BQCUW,Call Drops,Critical,Web Portal,2026-02-04 12:03:00,2026-02-04 13:57:00,1.9,Closed,2.0
TKT002894,2485-ITVKB,Roaming Issue,Critical,Mobile App,2026-05-21 21:29:00,2026-05-22 21:35:00,24.1,Closed,3.0
TKT002895,5074-FBGHB,Call Drops,Low,Mobile App,2026-08-22 11:41:00,2026-08-23 04:47:00,17.1,Closed,5.0
TKT002896,6425-YQLLO,Roaming Issue,Low,Retail Store,2026-01-26 17:00:00,,,In Progress,
TKT002897,2346-CZYIL,Billing Dispute,Medium,Mobile App,2026-03-13 15:23:00,,,Escalated,
TKT002898,9495-SKLKD,Roaming Issue,Low,Retail Store,2026-02-03 10:48:00,2026-02-03 13:54:00,3.1,Closed,1.0
TKT002899,6961-VCPMC,Network Slowdown,Low,Chatbot,2026-01-28 10:02:00,2026-01-30 03:08:00,41.1,Resolved,3.0
TKT002900,4760-THGOT,Billing Dispute,Low,Web Portal,2026-07-14 21:33:00,2026-07-15 15:09:00,17.6,Resolved,4.0
TKT002901,8397-MVTAZ,Billing Dispute,High,Chatbot,2026-04-18 11:22:00,,,In Progress,
TKT002902,2484-DGXPZ,Plan Modification,Low,Mobile App,2026-01-24 07:38:00,2026-01-25 09:20:00,25.7,Closed,1.0
TKT002903,9350-VLHMB,Call Drops,Medium,Mobile App,2026-05-14 21:01:00,2026-05-17 08:37:00,59.6,Closed,5.0
TKT002904,1247-QBVSH,SIM Issue,High,Mobile App,2026-05-20 12:03:00,2026-05-20 23:21:00,11.3,Resolved,5.0
TKT002905,1448-PWKYE,Network Slowdown,Low,Chatbot,2026-07-25 11:31:00,,,Escalated,
TKT002906,4806-KEXQR,SIM Issue,High,Web Portal,2026-04-27 17:00:00,2026-04-28 01:54:00,8.9,Closed,2.0
TKT002907,9667-TKTVZ,Network Slowdown,Low,Retail Store,2026-07-20 13:27:00,,,Escalated,
TKT002908,6618-RYATB,Call Drops,Critical,Mobile App,2026-03-27 22:20:00,2026-03-30 12:14:00,61.9,Resolved,2.0
TKT002909,2929-QNSRW,SIM Issue,High,Web Portal,2026-01-21 23:12:00,2026-01-23 01:06:00,25.9,Resolved,1.0
TKT002910,6686-YPGHK,Roaming Issue,Medium,Mobile App,2026-02-01 16:40:00,2026-02-01 18:46:00,2.1,Closed,2.0
TKT002911,6595-YGXIT,Call Drops,Critical,Chatbot,2026-05-25 09:44:00,,,In Progress,
TKT002912,3269-ATYWD,Roaming Issue,High,Retail Store,2026-02-21 22:18:00,2026-02-23 16:00:00,41.7,Closed,1.0
TKT002913,3755-JBMNH,Plan Modification,Low,Call Center,2026-04-15 22:31:00,2026-04-17 00:25:00,25.9,Resolved,3.0
TKT002914,0754-EEBDC,Billing Dispute,Medium,Retail Store,2026-05-26 11:05:00,2026-05-29 07:17:00,68.2,Resolved,3.0
TKT002915,0701-TJSEF,SIM Issue,Medium,Web Portal,2026-07-10 22:55:00,2026-07-11 05:43:00,6.8,Closed,5.0
TKT002916,9194-GFVOI,Call Drops,High,Call Center,2026-06-24 11:16:00,,,Escalated,
TKT002917,4291-HPAXL,Network Slowdown,High,Call Center,2026-02-07 10:12:00,2026-02-10 04:24:00,66.2,Resolved,3.0
TKT002918,5980-BDHPY,Call Drops,High,Retail Store,2026-04-15 17:10:00,2026-04-18 15:16:00,70.1,Closed,4.0
TKT002919,3422-WJOYD,SIM Issue,Critical,Mobile App,2026-03-30 14:43:00,2026-04-01 18:49:00,52.1,Closed,3.0
TKT002920,2640-LYMOV,Billing Dispute,Medium,Web Portal,2026-07-12 13:06:00,2026-07-15 11:30:00,70.4,Closed,1.0
TKT002921,9907-SWKKF,Roaming Issue,Medium,Call Center,2026-08-09 19:24:00,,,Escalated,
TKT002922,7083-YNSKY,Roaming Issue,Critical,Chatbot,2026-07-03 18:19:00,2026-07-03 23:01:00,4.7,Closed,2.0
TKT002923,1771-OADNZ,Network Slowdown,Medium,Retail Store,2026-02-24 18:23:00,2026-02-27 07:59:00,61.6,Resolved,1.0
TKT002924,3331-HQDTW,SIM Issue,Medium,Web Portal,2026-05-27 22:20:00,2026-05-30 06:02:00,55.7,Closed,1.0
TKT002925,0236-HFWSV,Billing Dispute,Low,Chatbot,2026-07-27 21:14:00,2026-07-30 16:50:00,67.6,Closed,1.0
TKT002926,5448-VWNAM,SIM Issue,Low,Call Center,2026-01-14 18:35:00,,,In Progress,
TKT002927,2265-CYWIV,SIM Issue,Medium,Call Center,2026-02-15 08:34:00,2026-02-16 05:04:00,20.5,Closed,3.0
TKT002928,3402-XRIUO,SIM Issue,Low,Web Portal,2026-07-12 23:27:00,,,Escalated,
TKT002929,2662-NNTDK,Broadband Outage,High,Mobile App,2026-03-26 15:07:00,2026-03-26 17:13:00,2.1,Closed,5.0
TKT002930,1262-OPMFY,Call Drops,Low,Mobile App,2026-08-18 13:43:00,,,Escalated,
TKT002931,1195-OIYEJ,Call Drops,High,Web Portal,2026-07-27 08:50:00,2026-07-28 12:56:00,28.1,Resolved,1.0
TKT002932,3750-CKVKH,SIM Issue,Low,Web Portal,2026-02-10 12:00:00,,,In Progress,
TKT002933,9462-MJUAW,Network Slowdown,Critical,Mobile App,2026-05-12 07:40:00,2026-05-13 10:52:00,27.2,Closed,3.0
TKT002934,3571-RFHAR,Broadband Outage,Critical,Retail Store,2026-08-02 15:18:00,2026-08-04 23:12:00,55.9,Resolved,3.0
TKT002935,4955-VCWBI,SIM Issue,Medium,Mobile App,2026-01-18 09:34:00,2026-01-20 21:46:00,60.2,Closed,3.0
TKT002936,4958-XCBDQ,Plan Modification,Critical,Chatbot,2026-08-01 20:47:00,,,Escalated,
TKT002937,9540-JYROE,SIM Issue,Critical,Call Center,2026-07-26 12:56:00,,,Escalated,
TKT002938,2091-MJTFX,Call Drops,Low,Retail Store,2026-02-20 08:36:00,2026-02-22 21:30:00,60.9,Closed,2.0
TKT002939,7534-BFESC,SIM Issue,Critical,Chatbot,2026-01-27 22:06:00,2026-01-30 18:30:00,68.4,Closed,3.0
TKT002940,0362-ZBZWJ,Broadband Outage,Low,Call Center,2026-03-15 16:58:00,2026-03-18 08:04:00,63.1,Closed,3.0
TKT002941,9863-JZAIC,SIM Issue,Low,Chatbot,2026-06-24 19:41:00,,,Escalated,
TKT002942,5298-GSTLM,Billing Dispute,Low,Call Center,2026-02-12 17:19:00,,,Escalated,
TKT002943,1396-QWFBJ,Billing Dispute,High,Chatbot,2026-08-08 17:49:00,2026-08-10 01:13:00,31.4,Resolved,3.0
TKT002944,5981-ITEMU,Call Drops,High,Web Portal,2026-02-09 14:16:00,2026-02-09 20:40:00,6.4,Closed,1.0
TKT002945,3009-JWMPU,Roaming Issue,Medium,Chatbot,2026-02-25 14:04:00,,,Escalated,
TKT002946,0927-LCSMG,Broadband Outage,Critical,Retail Store,2026-07-12 22:30:00,2026-07-13 15:06:00,16.6,Closed,2.0
TKT002947,4952-YSOGZ,Call Drops,Medium,Web Portal,2026-06-04 12:44:00,2026-06-06 10:38:00,45.9,Resolved,1.0
TKT002948,2479-BRAMR,Roaming Issue,Low,Web Portal,2026-01-02 08:31:00,2026-01-04 08:49:00,48.3,Closed,3.0
TKT002949,2845-AFFTX,Roaming Issue,Critical,Call Center,2026-08-05 10:44:00,2026-08-06 00:56:00,14.2,Resolved,1.0
TKT002950,9359-JANWS,SIM Issue,Low,Retail Store,2026-05-09 08:37:00,2026-05-09 16:01:00,7.4,Closed,4.0
TKT002951,6806-YDEUL,Broadband Outage,Medium,Web Portal,2026-03-08 15:50:00,2026-03-09 10:20:00,18.5,Closed,2.0
TKT002952,0699-NDKJM,Plan Modification,Medium,Web Portal,2026-04-13 14:37:00,,,In Progress,
TKT002953,1051-GEJLJ,Roaming Issue,High,Mobile App,2026-03-26 18:06:00,,,Escalated,
TKT002954,2372-HWUHI,Broadband Outage,Medium,Call Center,2026-06-28 15:35:00,2026-06-30 11:05:00,43.5,Resolved,2.0
TKT002955,0080-EMYVY,Roaming Issue,High,Call Center,2026-06-23 10:17:00,,,In Progress,
TKT002956,2706-QZIHY,Billing Dispute,Low,Chatbot,2026-08-13 20:06:00,2026-08-15 14:12:00,42.1,Closed,3.0
TKT002957,7180-PISOG,SIM Issue,High,Web Portal,2026-01-08 12:15:00,2026-01-08 13:09:00,0.9,Resolved,1.0
TKT002958,7317-GGVPB,SIM Issue,High,Call Center,2026-03-23 08:43:00,,,Escalated,
TKT002959,8816-VXNZD,Network Slowdown,Critical,Web Portal,2026-06-05 10:05:00,2026-06-07 13:05:00,51.0,Closed,3.0
TKT002960,3138-BKYAV,Broadband Outage,Medium,Chatbot,2026-05-26 20:45:00,,,In Progress,
TKT002961,0691-NIKRI,Plan Modification,High,Retail Store,2026-02-12 16:34:00,2026-02-15 07:22:00,62.8,Closed,5.0
TKT002962,7649-SIJJF,Plan Modification,Medium,Chatbot,2026-02-27 10:49:00,,,Escalated,
TKT002963,5848-FHRFC,Roaming Issue,Critical,Retail Store,2026-01-08 11:33:00,,,In Progress,
TKT002964,2845-AFFTX,Call Drops,Critical,Chatbot,2026-06-17 08:15:00,2026-06-17 18:57:00,10.7,Closed,1.0
TKT002965,0621-TWIEM,Call Drops,Low,Retail Store,2026-02-06 09:34:00,2026-02-08 13:46:00,52.2,Closed,1.0
TKT002966,9786-IJYDL,Call Drops,Medium,Mobile App,2026-01-06 15:12:00,,,Escalated,
TKT002967,3811-VBYBZ,Roaming Issue,Low,Retail Store,2026-01-07 14:44:00,2026-01-08 19:08:00,28.4,Resolved,1.0
TKT002968,9692-TUSXH,Broadband Outage,Medium,Chatbot,2026-03-28 21:52:00,2026-03-31 12:58:00,63.1,Resolved,1.0
TKT002969,9993-LHIEB,Plan Modification,High,Mobile App,2026-01-15 13:54:00,2026-01-16 10:36:00,20.7,Closed,4.0
TKT002970,8631-NBHFZ,SIM Issue,Low,Web Portal,2026-07-28 17:48:00,2026-07-31 09:06:00,63.3,Resolved,3.0
TKT002971,8199-ZLLSA,Roaming Issue,Critical,Retail Store,2026-01-25 17:33:00,2026-01-26 06:39:00,13.1,Closed,1.0
TKT002972,7065-YUNRY,Plan Modification,Medium,Call Center,2026-08-22 23:11:00,2026-08-25 17:29:00,66.3,Closed,2.0
TKT002973,3398-FSHON,Call Drops,Low,Mobile App,2026-05-17 19:16:00,2026-05-19 14:46:00,43.5,Closed,1.0
TKT002974,2977-CEBSX,SIM Issue,Low,Mobile App,2026-08-16 14:30:00,2026-08-19 06:30:00,64.0,Closed,5.0
TKT002975,0328-GRPMV,Billing Dispute,Critical,Call Center,2026-07-07 22:40:00,,,In Progress,
TKT002976,5766-FTRTS,SIM Issue,Critical,Web Portal,2026-05-31 07:58:00,2026-05-31 18:46:00,10.8,Closed,4.0
TKT002977,2025-JKFWI,Plan Modification,Low,Web Portal,2026-06-28 11:02:00,2026-06-30 20:56:00,57.9,Closed,1.0
TKT002978,4236-XPXAV,Roaming Issue,Medium,Retail Store,2026-08-04 21:55:00,2026-08-05 09:43:00,11.8,Closed,2.0
TKT002979,4006-HKYHO,Network Slowdown,Low,Call Center,2026-05-11 08:28:00,2026-05-13 12:04:00,51.6,Closed,3.0
TKT002980,6680-WKXRZ,Billing Dispute,High,Web Portal,2026-02-17 16:47:00,2026-02-18 07:29:00,14.7,Closed,2.0
TKT002981,7599-FKVXZ,Roaming Issue,Critical,Chatbot,2026-06-27 14:58:00,,,Escalated,
TKT002982,9505-SQFSW,Roaming Issue,Medium,Web Portal,2026-03-12 12:00:00,,,Escalated,
TKT002983,5366-IJEQJ,Broadband Outage,Low,Mobile App,2026-05-03 21:46:00,2026-05-05 12:40:00,38.9,Resolved,2.0
TKT002984,6305-YLBMM,Billing Dispute,Critical,Retail Store,2026-07-31 23:04:00,2026-08-03 22:52:00,71.8,Resolved,3.0
TKT002985,3012-VFFMN,Broadband Outage,High,Chatbot,2026-03-19 08:28:00,,,In Progress,
TKT002986,4430-YHXGG,Billing Dispute,Medium,Chatbot,2026-06-15 18:08:00,,,In Progress,
TKT002987,4958-XCBDQ,Plan Modification,Medium,Call Center,2026-04-25 23:01:00,2026-04-27 00:43:00,25.7,Resolved,3.0
TKT002988,3143-JQEGI,Roaming Issue,Low,Call Center,2026-05-23 07:19:00,2026-05-26 07:07:00,71.8,Closed,1.0
TKT002989,7729-JTEEC,Network Slowdown,Low,Retail Store,2026-07-29 13:13:00,2026-07-31 19:25:00,54.2,Resolved,4.0
TKT002990,0107-YHINA,Call Drops,Medium,Web Portal,2026-04-02 07:56:00,,,In Progress,
TKT002991,1907-UBQFC,Roaming Issue,Low,Retail Store,2026-08-04 21:13:00,2026-08-07 14:31:00,65.3,Closed,2.0
TKT002992,3301-VKTGC,Plan Modification,Low,Chatbot,2026-04-17 23:57:00,,,Escalated,
TKT002993,3144-AUDBS,Plan Modification,Low,Web Portal,2026-03-09 12:17:00,,,In Progress,
TKT002994,3014-WJKSM,Broadband Outage,High,Web Portal,2026-07-11 12:27:00,2026-07-13 07:21:00,42.9,Closed,3.0
TKT002995,4510-HIMLV,Broadband Outage,Critical,Web Portal,2026-04-28 07:37:00,2026-04-28 10:43:00,3.1,Closed,2.0
TKT002996,6060-QBMGV,SIM Issue,Critical,Call Center,2026-07-30 09:34:00,2026-07-30 17:40:00,8.1,Closed,3.0
TKT002997,2454-RPBRZ,Roaming Issue,Critical,Chatbot,2026-06-05 08:10:00,2026-06-06 16:28:00,32.3,Closed,3.0
TKT002998,4646-QZXTF,Network Slowdown,Critical,Mobile App,2026-04-08 09:13:00,,,Escalated,
TKT002999,1981-INRFU,Roaming Issue,High,Chatbot,2026-08-23 09:28:00,2026-08-26 00:22:00,62.9,Closed,2.0
TKT003000,8111-RKSPX,Roaming Issue,Low,Call Center,2026-05-04 17:03:00,2026-05-06 04:51:00,35.8,Resolved,3.0
TKT003001,6087-YPWHO,Broadband Outage,Critical,Retail Store,2026-08-02 13:12:00,,,In Progress,
TKT003002,9360-AHGNL,SIM Issue,Medium,Chatbot,2026-05-20 08:09:00,2026-05-22 13:03:00,52.9,Closed,3.0
TKT003003,8752-STIVR,Roaming Issue,Medium,Mobile App,2026-01-14 18:53:00,2026-01-16 06:59:00,36.1,Closed,2.0
TKT003004,9124-LHCJQ,Call Drops,Low,Call Center,2026-02-17 10:46:00,,,Escalated,
TKT003005,3199-NPKCN,Billing Dispute,High,Retail Store,2026-04-26 17:03:00,2026-04-29 08:45:00,63.7,Closed,2.0
TKT003006,1550-EENBN,Billing Dispute,High,Call Center,2026-02-19 17:59:00,,,In Progress,
TKT003007,4550-VBOFE,Broadband Outage,Low,Web Portal,2026-06-29 17:25:00,2026-07-01 14:55:00,45.5,Closed,2.0
TKT003008,4795-WRNVT,Call Drops,Critical,Call Center,2026-06-18 15:14:00,,,In Progress,
TKT003009,1010-DIAUQ,SIM Issue,Critical,Call Center,2026-07-01 15:33:00,2026-07-01 17:57:00,2.4,Closed,2.0
TKT003010,3683-QKIUE,SIM Issue,Low,Call Center,2026-04-01 15:20:00,2026-04-02 19:44:00,28.4,Resolved,2.0
TKT003011,5229-PRWKT,Call Drops,Low,Retail Store,2026-06-15 11:05:00,,,Escalated,
TKT003012,3398-ZOUAA,Network Slowdown,High,Retail Store,2026-02-14 09:00:00,,,In Progress,
TKT003013,8519-QJGJD,Network Slowdown,Low,Web Portal,2026-06-17 15:02:00,2026-06-17 16:44:00,1.7,Closed,1.0
TKT003014,3811-VBYBZ,Plan Modification,Critical,Retail Store,2026-08-05 20:40:00,,,Escalated,
TKT003015,2229-DPMBI,Billing Dispute,High,Retail Store,2026-08-09 20:35:00,,,Escalated,
TKT003016,4311-QTTAI,Roaming Issue,High,Chatbot,2026-03-17 10:56:00,,,Escalated,
TKT003017,4208-UFFGW,Plan Modification,Critical,Web Portal,2026-02-06 17:07:00,2026-02-08 12:25:00,43.3,Closed,1.0
TKT003018,7964-YESJC,Broadband Outage,High,Mobile App,2026-06-17 14:32:00,,,Escalated,
TKT003019,7926-IJOOU,Broadband Outage,Medium,Mobile App,2026-02-07 07:03:00,2026-02-08 07:51:00,24.8,Resolved,3.0
TKT003020,3445-HXXGF,Network Slowdown,Low,Mobile App,2026-01-22 08:21:00,2026-01-22 17:15:00,8.9,Resolved,2.0
TKT003021,2207-RYYRL,Broadband Outage,Medium,Chatbot,2026-02-11 14:30:00,2026-02-12 16:12:00,25.7,Resolved,1.0
TKT003022,6919-ELBGL,Network Slowdown,Low,Mobile App,2026-03-17 07:06:00,,,Escalated,
TKT003023,9253-QXKBE,Call Drops,High,Web Portal,2026-08-11 21:52:00,2026-08-12 14:04:00,16.2,Closed,1.0
TKT003024,4729-XKASR,Plan Modification,Low,Mobile App,2026-02-15 23:56:00,2026-02-17 02:08:00,26.2,Closed,2.0
TKT003025,6244-BESBM,Billing Dispute,Medium,Call Center,2026-08-24 10:59:00,2026-08-26 06:53:00,43.9,Closed,3.0
TKT003026,7622-FWGEW,Billing Dispute,High,Retail Store,2026-01-05 18:11:00,,,In Progress,
TKT003027,8430-TWCBX,SIM Issue,Medium,Call Center,2026-04-30 11:34:00,2026-05-02 17:40:00,54.1,Closed,4.0
TKT003028,7240-ETPTR,Network Slowdown,Low,Retail Store,2026-08-02 23:50:00,2026-08-03 23:50:00,24.0,Closed,2.0
TKT003029,8063-RJYNF,Roaming Issue,Medium,Mobile App,2026-04-13 08:19:00,2026-04-15 03:01:00,42.7,Closed,1.0
TKT003030,3006-XIMLN,Roaming Issue,Critical,Retail Store,2026-03-16 22:24:00,,,Escalated,
TKT003031,1455-ESIQH,SIM Issue,Medium,Mobile App,2026-07-20 21:13:00,,,In Progress,
TKT003032,1041-RXHRA,Plan Modification,Critical,Web Portal,2026-05-14 21:43:00,2026-05-15 12:13:00,14.5,Closed,1.0
TKT003033,4832-VRBMR,Plan Modification,High,Call Center,2026-07-05 11:12:00,,,Escalated,
TKT003034,2472-OVKUP,Plan Modification,High,Call Center,2026-08-02 16:05:00,,,In Progress,
TKT003035,6559-ILWKJ,Plan Modification,Low,Retail Store,2026-02-02 17:06:00,,,In Progress,
TKT003036,7074-IEVOJ,Roaming Issue,High,Retail Store,2026-08-11 19:23:00,,,Escalated,
TKT003037,4890-VMUAV,Broadband Outage,Critical,Web Portal,2026-02-13 21:44:00,,,In Progress,
TKT003038,5366-IJEQJ,SIM Issue,Low,Retail Store,2026-06-01 22:39:00,2026-06-03 19:51:00,45.2,Closed,3.0
TKT003039,2506-CLAKW,Call Drops,Medium,Chatbot,2026-05-14 10:27:00,,,Escalated,
TKT003040,6024-RUGGH,Billing Dispute,High,Mobile App,2026-01-30 11:26:00,2026-01-31 13:08:00,25.7,Closed,3.0
TKT003041,8679-JOEVF,SIM Issue,Critical,Call Center,2026-07-27 11:32:00,2026-07-28 02:56:00,15.4,Closed,1.0
TKT003042,4566-GOLUK,Broadband Outage,High,Call Center,2026-04-20 16:00:00,,,Escalated,
TKT003043,3229-USWAR,Billing Dispute,Low,Call Center,2026-08-28 08:51:00,2026-08-30 17:27:00,56.6,Resolved,5.0
TKT003044,0302-JOIVN,Broadband Outage,Low,Retail Store,2026-06-22 17:28:00,,,In Progress,
TKT003045,9117-SHLZX,Plan Modification,Low,Call Center,2026-04-10 18:38:00,,,Escalated,
TKT003046,4958-XCBDQ,Broadband Outage,High,Web Portal,2026-05-03 22:36:00,,,In Progress,
TKT003047,1113-IUJYX,Broadband Outage,High,Mobile App,2026-05-13 22:57:00,,,Escalated,
TKT003048,3902-FOIGH,SIM Issue,Critical,Call Center,2026-03-24 08:28:00,2026-03-25 12:46:00,28.3,Resolved,2.0
TKT003049,6968-URWQU,Plan Modification,High,Chatbot,2026-06-01 22:00:00,2026-06-04 00:24:00,50.4,Closed,5.0
TKT003050,6711-FLDFB,Broadband Outage,Medium,Chatbot,2026-03-17 15:56:00,2026-03-20 05:32:00,61.6,Closed,3.0
TKT003051,3199-XGZCY,Plan Modification,Critical,Mobile App,2026-07-16 18:39:00,,,Escalated,
TKT003052,9507-EXLTT,Billing Dispute,Medium,Chatbot,2026-04-24 07:34:00,2026-04-26 05:52:00,46.3,Closed,2.0
TKT003053,7504-UWHNB,Network Slowdown,High,Chatbot,2026-03-17 08:31:00,2026-03-17 10:31:00,2.0,Closed,5.0
TKT003054,0402-OAMEN,Roaming Issue,Medium,Retail Store,2026-07-26 10:30:00,,,In Progress,
TKT003055,2057-ZBLPD,Broadband Outage,Critical,Retail Store,2026-05-02 10:14:00,,,Escalated,
TKT003056,3424-NMNBO,Network Slowdown,Critical,Mobile App,2026-06-05 09:55:00,,,In Progress,
TKT003057,2575-GFSOE,Plan Modification,High,Web Portal,2026-08-06 22:24:00,2026-08-07 02:36:00,4.2,Closed,3.0
TKT003058,0887-HJGAR,Plan Modification,High,Retail Store,2026-06-15 09:44:00,,,In Progress,
TKT003059,0323-XWWTN,Call Drops,High,Call Center,2026-03-31 12:26:00,,,In Progress,
TKT003060,6424-ELEYH,Network Slowdown,Low,Chatbot,2026-02-15 09:32:00,2026-02-16 04:50:00,19.3,Closed,2.0
TKT003061,7730-IUTDZ,Roaming Issue,Critical,Web Portal,2026-06-04 14:54:00,,,In Progress,
TKT003062,1813-JLKWR,SIM Issue,Medium,Retail Store,2026-06-10 10:34:00,2026-06-12 15:10:00,52.6,Closed,4.0
TKT003063,3871-IKPYH,Call Drops,Low,Retail Store,2026-05-03 22:46:00,2026-05-05 00:28:00,25.7,Resolved,2.0
TKT003064,9086-YJYXS,Network Slowdown,High,Mobile App,2026-01-29 07:03:00,,,Escalated,
TKT003065,4482-EWFMI,Broadband Outage,Critical,Retail Store,2026-04-21 23:18:00,2026-04-24 08:00:00,56.7,Closed,2.0
TKT003066,7537-RBWEA,Call Drops,Medium,Web Portal,2026-04-22 16:01:00,2026-04-24 17:13:00,49.2,Closed,4.0
TKT003067,2984-MIIZL,Call Drops,Critical,Chatbot,2026-04-24 10:09:00,2026-04-27 00:39:00,62.5,Closed,3.0
TKT003068,5906-DVAPM,Network Slowdown,High,Chatbot,2026-03-18 19:38:00,,,In Progress,
TKT003069,0468-YRPXN,SIM Issue,Critical,Retail Store,2026-01-09 11:19:00,2026-01-09 20:13:00,8.9,Closed,3.0
TKT003070,4628-WQCQQ,Plan Modification,Low,Web Portal,2026-06-10 09:46:00,2026-06-11 20:04:00,34.3,Closed,1.0
TKT003071,4619-EVPHY,Call Drops,Low,Mobile App,2026-01-09 16:45:00,2026-01-10 22:39:00,29.9,Closed,3.0
TKT003072,0019-EFAEP,Roaming Issue,Low,Call Center,2026-03-23 21:08:00,,,Escalated,
TKT003073,3519-ZKXGG,Billing Dispute,High,Retail Store,2026-05-25 08:30:00,,,In Progress,
TKT003074,6702-OHFWR,SIM Issue,High,Mobile App,2026-02-11 08:43:00,2026-02-13 09:19:00,48.6,Closed,1.0
TKT003075,6825-UYPFK,Plan Modification,Low,Web Portal,2026-08-26 23:57:00,2026-08-29 00:21:00,48.4,Closed,3.0
TKT003076,4078-SAYYN,Billing Dispute,Critical,Web Portal,2026-05-28 09:28:00,,,Escalated,
TKT003077,7979-CORPM,Call Drops,Low,Chatbot,2026-03-04 11:26:00,,,In Progress,
TKT003078,4568-TTZRT,SIM Issue,Low,Retail Store,2026-01-12 10:44:00,2026-01-13 04:50:00,18.1,Closed,3.0
TKT003079,6097-EQISJ,Roaming Issue,Medium,Retail Store,2026-04-07 20:22:00,2026-04-09 14:34:00,42.2,Closed,3.0
TKT003080,8644-XLFBW,Broadband Outage,High,Retail Store,2026-07-15 21:10:00,2026-07-17 00:10:00,27.0,Resolved,2.0
TKT003081,5052-PNLOS,SIM Issue,High,Call Center,2026-05-08 09:54:00,,,In Progress,
TKT003082,4083-EUGRJ,SIM Issue,Low,Web Portal,2026-01-19 14:09:00,2026-01-21 05:33:00,39.4,Closed,3.0
TKT003083,1063-DHQJF,Roaming Issue,Medium,Chatbot,2026-06-20 13:42:00,2026-06-23 01:48:00,60.1,Resolved,4.0
TKT003084,0027-KWYKW,Billing Dispute,Critical,Call Center,2026-02-03 07:06:00,2026-02-05 07:06:00,48.0,Closed,1.0
TKT003085,8544-JNBOX,Broadband Outage,High,Retail Store,2026-08-15 13:48:00,2026-08-17 12:12:00,46.4,Closed,5.0
TKT003086,0407-BDJKB,Billing Dispute,Low,Web Portal,2026-07-23 13:48:00,2026-07-26 08:48:00,67.0,Closed,2.0
TKT003087,8083-YTZES,Broadband Outage,Medium,Chatbot,2026-01-06 22:44:00,2026-01-08 22:02:00,47.3,Closed,2.0
TKT003088,0866-QLSIR,Plan Modification,Medium,Retail Store,2026-04-30 14:50:00,2026-05-03 01:56:00,59.1,Closed,2.0
TKT003089,1699-UOTXU,Broadband Outage,Low,Mobile App,2026-07-07 09:13:00,2026-07-08 21:13:00,36.0,Closed,3.0
TKT003090,6635-MYYYZ,Broadband Outage,Critical,Retail Store,2026-07-29 12:10:00,2026-07-31 06:58:00,42.8,Closed,3.0
TKT003091,1399-UBQIU,Call Drops,High,Call Center,2026-03-18 21:19:00,2026-03-21 10:13:00,60.9,Resolved,5.0
TKT003092,5136-RGMZO,SIM Issue,Medium,Mobile App,2026-03-13 20:45:00,,,In Progress,
TKT003093,7531-GQHME,Plan Modification,High,Call Center,2026-06-01 18:26:00,,,Escalated,
TKT003094,3426-NIYYL,Roaming Issue,Critical,Retail Store,2026-03-23 14:51:00,2026-03-26 02:57:00,60.1,Closed,2.0
TKT003095,2359-QWQUL,Roaming Issue,High,Chatbot,2026-04-18 17:51:00,2026-04-20 11:39:00,41.8,Resolved,3.0
TKT003096,5174-RNGBH,Call Drops,High,Retail Store,2026-02-19 23:53:00,,,In Progress,
TKT003097,6683-VLCTZ,Broadband Outage,Medium,Web Portal,2026-02-08 08:11:00,2026-02-09 16:41:00,32.5,Resolved,2.0
TKT003098,1334-PDUKM,Plan Modification,High,Chatbot,2026-05-08 23:33:00,,,Escalated,
TKT003099,4713-ZBURT,Plan Modification,Critical,Call Center,2026-05-17 07:37:00,,,Escalated,
TKT003100,3990-QYKBE,Roaming Issue,Medium,Retail Store,2026-06-19 16:32:00,2026-06-21 08:50:00,40.3,Closed,3.0
TKT003101,8207-DMRVL,Broadband Outage,Critical,Chatbot,2026-03-05 08:06:00,2026-03-07 02:36:00,42.5,Closed,3.0
TKT003102,2983-ZANRP,Plan Modification,Critical,Retail Store,2026-07-25 16:10:00,,,In Progress,
TKT003103,6581-NQCBA,Roaming Issue,High,Chatbot,2026-03-14 23:50:00,2026-03-16 15:02:00,39.2,Closed,1.0
TKT003104,9874-QLCLH,Call Drops,Medium,Mobile App,2026-04-25 11:00:00,2026-04-25 16:12:00,5.2,Closed,3.0
TKT003105,0254-FNMCI,Call Drops,High,Retail Store,2026-05-04 16:39:00,2026-05-07 11:45:00,67.1,Resolved,3.0
TKT003106,9040-KZVWO,Call Drops,High,Chatbot,2026-04-23 17:34:00,2026-04-25 07:28:00,37.9,Resolved,4.0
TKT003107,7629-WIXZF,Billing Dispute,Medium,Web Portal,2026-04-05 07:22:00,,,In Progress,
TKT003108,2810-FTLEM,Call Drops,Low,Retail Store,2026-08-19 10:20:00,,,In Progress,
TKT003109,4505-EXZHB,SIM Issue,Low,Chatbot,2026-08-12 07:00:00,,,Escalated,
TKT003110,3129-AAQOU,Call Drops,High,Chatbot,2026-02-05 13:40:00,2026-02-07 07:10:00,41.5,Closed,4.0
TKT003111,8761-NSOBC,Roaming Issue,Medium,Retail Store,2026-04-14 23:21:00,2026-04-16 07:45:00,32.4,Closed,2.0
TKT003112,6029-CSMJE,Plan Modification,Low,Web Portal,2026-01-18 18:30:00,2026-01-20 08:24:00,37.9,Resolved,2.0
TKT003113,4558-FANTW,SIM Issue,Medium,Call Center,2026-02-28 23:06:00,2026-03-01 08:06:00,9.0,Closed,3.0
TKT003114,3066-RRJIO,Call Drops,High,Mobile App,2026-06-05 09:47:00,,,In Progress,
TKT003115,7153-CHRBV,Billing Dispute,Critical,Chatbot,2026-04-24 10:56:00,2026-04-26 19:56:00,57.0,Resolved,4.0
TKT003116,1038-ZAGBI,Plan Modification,Medium,Mobile App,2026-01-07 13:37:00,,,Escalated,
TKT003117,7254-IQWOZ,SIM Issue,Medium,Mobile App,2026-06-16 23:49:00,,,Escalated,
TKT003118,4729-XKASR,Billing Dispute,High,Chatbot,2026-06-07 11:06:00,,,In Progress,
TKT003119,3677-IYRBF,Call Drops,Critical,Retail Store,2026-02-28 13:31:00,,,Escalated,
TKT003120,7321-PKUYW,Billing Dispute,High,Mobile App,2026-02-19 12:34:00,,,Escalated,
TKT003121,1465-VINDH,SIM Issue,Low,Retail Store,2026-07-21 11:01:00,2026-07-23 20:37:00,57.6,Closed,2.0
TKT003122,0513-RBGPE,Network Slowdown,Low,Web Portal,2026-02-04 11:41:00,2026-02-06 05:05:00,41.4,Closed,4.0
TKT003123,3148-BLQJT,Plan Modification,Medium,Retail Store,2026-05-06 08:50:00,,,In Progress,
TKT003124,7219-TLZHO,Broadband Outage,Medium,Chatbot,2026-01-03 08:25:00,2026-01-04 12:37:00,28.2,Closed,4.0
TKT003125,8727-JQFHV,Network Slowdown,Low,Call Center,2026-01-24 08:41:00,2026-01-27 00:11:00,63.5,Closed,2.0
TKT003126,6161-ERDGD,Roaming Issue,High,Retail Store,2026-07-15 16:33:00,,,Escalated,
TKT003127,0925-VYDLG,Call Drops,High,Chatbot,2026-04-27 11:14:00,2026-04-30 00:50:00,61.6,Closed,3.0
TKT003128,4355-HBJHH,Plan Modification,Critical,Retail Store,2026-08-03 15:51:00,2026-08-04 06:51:00,15.0,Closed,2.0
TKT003129,2656-FMOKZ,Broadband Outage,Medium,Mobile App,2026-02-28 21:45:00,,,In Progress,
TKT003130,4566-NECEV,SIM Issue,Low,Mobile App,2026-06-27 19:42:00,,,Escalated,
TKT003131,3091-FYHKI,Call Drops,Critical,Chatbot,2026-03-25 14:43:00,,,Escalated,
TKT003132,6718-BDGHG,Roaming Issue,Critical,Chatbot,2026-06-12 13:57:00,2026-06-14 14:33:00,48.6,Resolved,5.0
TKT003133,4897-QSUYC,Billing Dispute,High,Mobile App,2026-08-13 22:55:00,2026-08-15 19:25:00,44.5,Resolved,3.0
TKT003134,3323-CPBWR,Broadband Outage,Medium,Chatbot,2026-04-18 16:34:00,2026-04-21 12:40:00,68.1,Closed,5.0
TKT003135,7743-EXURX,SIM Issue,Low,Mobile App,2026-06-30 12:25:00,,,Escalated,
TKT003136,1596-BBVTG,Plan Modification,Critical,Web Portal,2026-08-31 07:48:00,2026-09-01 14:12:00,30.4,Closed,1.0
TKT003137,7225-IILWY,Network Slowdown,Critical,Mobile App,2026-04-29 12:12:00,2026-05-02 02:30:00,62.3,Closed,1.0
TKT003138,2026-TGDHM,Roaming Issue,Medium,Call Center,2026-07-24 21:39:00,2026-07-25 20:15:00,22.6,Closed,3.0
TKT003139,8945-MUQUF,Roaming Issue,Critical,Web Portal,2026-07-06 18:27:00,2026-07-08 02:03:00,31.6,Closed,2.0
TKT003140,2815-CPTUL,Roaming Issue,High,Call Center,2026-01-25 15:20:00,2026-01-28 13:44:00,70.4,Closed,1.0
TKT003141,3092-IGHWF,Billing Dispute,Low,Chatbot,2026-05-10 21:10:00,,,Escalated,
TKT003142,6461-SZMCV,Call Drops,High,Retail Store,2026-01-22 23:18:00,2026-01-23 04:18:00,5.0,Resolved,2.0
TKT003143,9330-IJWIO,Plan Modification,High,Mobile App,2026-08-16 14:26:00,,,Escalated,
TKT003144,0757-WCUUZ,Roaming Issue,Medium,Chatbot,2026-04-30 21:01:00,2026-05-02 06:25:00,33.4,Closed,2.0
TKT003145,9061-TIHDA,Roaming Issue,Low,Mobile App,2026-02-22 07:12:00,,,Escalated,
TKT003146,7802-EFKNY,Plan Modification,Low,Call Center,2026-01-08 14:47:00,,,Escalated,
TKT003147,1322-AGOQM,Plan Modification,Critical,Call Center,2026-05-20 09:32:00,2026-05-22 20:50:00,59.3,Closed,3.0
TKT003148,1501-SGHBW,SIM Issue,Low,Retail Store,2026-02-06 16:25:00,2026-02-09 16:13:00,71.8,Resolved,1.0
TKT003149,0117-LFRMW,Broadband Outage,Medium,Web Portal,2026-04-18 09:32:00,2026-04-20 07:02:00,45.5,Resolved,2.0
TKT003150,6595-COKXZ,Billing Dispute,High,Retail Store,2026-03-16 13:22:00,2026-03-18 09:34:00,44.2,Closed,1.0
TKT003151,5229-PRWKT,SIM Issue,Low,Call Center,2026-06-04 08:36:00,2026-06-06 09:54:00,49.3,Closed,3.0
TKT003152,0415-MOSGF,Network Slowdown,Low,Retail Store,2026-08-19 13:36:00,2026-08-21 00:30:00,34.9,Closed,3.0
TKT003153,5445-UTODQ,Plan Modification,Low,Call Center,2026-05-26 13:37:00,2026-05-26 23:55:00,10.3,Closed,3.0
TKT003154,1410-RSCMR,Call Drops,Critical,Web Portal,2026-02-07 12:41:00,,,Escalated,
TKT003155,2956-GGUCQ,Broadband Outage,Low,Mobile App,2026-04-10 10:58:00,2026-04-13 02:58:00,64.0,Closed,2.0
TKT003156,9057-MSWCO,Billing Dispute,Critical,Mobile App,2026-08-07 21:34:00,2026-08-08 21:52:00,24.3,Closed,1.0
TKT003157,2672-DZUOY,Call Drops,Medium,Chatbot,2026-01-28 15:35:00,2026-01-29 20:23:00,28.8,Closed,3.0
TKT003158,8019-ENHXU,Billing Dispute,Low,Web Portal,2026-05-23 21:17:00,2026-05-24 00:17:00,3.0,Closed,2.0
TKT003159,7820-ZYGNY,Network Slowdown,High,Web Portal,2026-06-29 09:17:00,2026-07-01 09:41:00,48.4,Closed,3.0
TKT003160,4765-OXPPD,Plan Modification,Low,Mobile App,2026-06-20 18:27:00,,,Escalated,
TKT003161,3597-MVHJT,SIM Issue,Medium,Web Portal,2026-08-16 19:02:00,2026-08-17 14:38:00,19.6,Closed,3.0
TKT003162,1131-QQZEB,Plan Modification,Medium,Chatbot,2026-02-22 12:28:00,2026-02-24 20:46:00,56.3,Closed,3.0
TKT003163,6323-AYBRX,SIM Issue,Low,Call Center,2026-01-02 13:01:00,2026-01-04 17:31:00,52.5,Resolved,3.0
TKT003164,3144-AUDBS,Call Drops,Low,Mobile App,2026-04-08 17:44:00,,,In Progress,
TKT003165,4529-CKBCL,Plan Modification,Critical,Mobile App,2026-06-06 20:16:00,,,In Progress,
TKT003166,6770-XUAGN,Roaming Issue,High,Web Portal,2026-02-19 12:56:00,,,In Progress,
TKT003167,4817-VYYWS,Call Drops,Low,Chatbot,2026-06-09 17:50:00,2026-06-10 13:14:00,19.4,Closed,2.0
TKT003168,3803-KMQFW,Broadband Outage,Medium,Chatbot,2026-08-29 09:32:00,2026-08-31 17:02:00,55.5,Closed,3.0
TKT003169,9788-YTFGE,Broadband Outage,Medium,Chatbot,2026-02-11 07:27:00,,,In Progress,
TKT003170,2123-VSCOT,Network Slowdown,Critical,Chatbot,2026-08-31 13:38:00,2026-09-01 23:32:00,33.9,Closed,4.0
TKT003171,7503-MIOGA,SIM Issue,Medium,Retail Store,2026-03-29 13:26:00,,,Escalated,
TKT003172,0247-SLUJI,Roaming Issue,Critical,Mobile App,2026-06-17 13:02:00,2026-06-18 12:44:00,23.7,Resolved,3.0
TKT003173,2061-VVFST,Broadband Outage,High,Web Portal,2026-06-24 20:43:00,2026-06-26 15:43:00,43.0,Closed,3.0
TKT003174,6680-WKXRZ,Plan Modification,High,Call Center,2026-05-27 16:16:00,,,Escalated,
TKT003175,0685-MLYYM,Call Drops,High,Retail Store,2026-08-25 11:28:00,2026-08-26 06:04:00,18.6,Resolved,1.0
TKT003176,3982-XWFZQ,Billing Dispute,Low,Web Portal,2026-08-05 08:49:00,,,In Progress,
TKT003177,5376-DEQCP,Roaming Issue,Medium,Mobile App,2026-01-30 23:28:00,,,In Progress,
TKT003178,7321-PKUYW,SIM Issue,Medium,Retail Store,2026-01-06 18:59:00,2026-01-07 10:23:00,15.4,Closed,2.0
TKT003179,3021-VLNRJ,Plan Modification,Medium,Call Center,2026-03-02 10:45:00,,,In Progress,
TKT003180,4510-PYUSH,Plan Modification,Low,Retail Store,2026-08-28 09:08:00,2026-08-28 17:20:00,8.2,Closed,1.0
TKT003181,9249-FXSCK,SIM Issue,Medium,Chatbot,2026-08-22 17:34:00,2026-08-23 21:34:00,28.0,Closed,3.0
TKT003182,6712-OAWRH,Plan Modification,Medium,Call Center,2026-06-21 21:16:00,,,Escalated,
TKT003183,2576-HXMPA,Roaming Issue,Medium,Call Center,2026-08-23 09:24:00,,,Escalated,
TKT003184,9084-OAYKL,Roaming Issue,Critical,Web Portal,2026-08-23 23:45:00,,,In Progress,
TKT003185,0236-HFWSV,Billing Dispute,High,Retail Store,2026-05-25 15:55:00,,,In Progress,
TKT003186,9572-MTILT,Network Slowdown,Critical,Mobile App,2026-08-07 09:02:00,2026-08-08 17:50:00,32.8,Closed,2.0
TKT003187,5795-KTGUD,Billing Dispute,High,Call Center,2026-02-05 21:58:00,,,Escalated,
TKT003188,9497-QCMMS,Broadband Outage,Medium,Mobile App,2026-04-01 07:52:00,,,In Progress,
TKT003189,8225-BTJAU,SIM Issue,High,Chatbot,2026-07-26 17:07:00,2026-07-27 04:43:00,11.6,Resolved,3.0
TKT003190,5732-IKGQH,Network Slowdown,Low,Call Center,2026-07-15 12:56:00,2026-07-17 04:14:00,39.3,Closed,1.0
TKT003191,9851-QXEEQ,Call Drops,Low,Mobile App,2026-02-26 20:06:00,2026-03-01 06:24:00,58.3,Resolved,2.0
TKT003192,7876-DNYAP,Call Drops,Low,Chatbot,2026-07-12 15:11:00,,,Escalated,
TKT003193,0913-XWSCN,Broadband Outage,Critical,Mobile App,2026-07-08 19:07:00,,,In Progress,
TKT003194,4116-TZAQJ,Call Drops,Low,Chatbot,2026-08-24 11:56:00,,,Escalated,
TKT003195,8161-QYMTT,SIM Issue,Critical,Mobile App,2026-05-22 23:15:00,2026-05-23 10:57:00,11.7,Closed,1.0
TKT003196,2712-SYWAY,Roaming Issue,Medium,Mobile App,2026-02-20 15:57:00,,,In Progress,
TKT003197,4086-WITJG,Billing Dispute,Medium,Retail Store,2026-07-01 18:27:00,2026-07-04 16:03:00,69.6,Closed,4.0
TKT003198,1403-LKLIK,Roaming Issue,Medium,Chatbot,2026-04-05 23:19:00,,,Escalated,
TKT003199,6770-XUAGN,Roaming Issue,Critical,Web Portal,2026-06-14 14:45:00,,,In Progress,
TKT003200,1345-ZUKID,Billing Dispute,Low,Call Center,2026-07-01 16:07:00,2026-07-03 07:55:00,39.8,Resolved,4.0
TKT003201,3346-BRMIS,Plan Modification,Critical,Web Portal,2026-05-04 21:00:00,,,In Progress,
TKT003202,0310-MVLET,Network Slowdown,Low,Retail Store,2026-03-11 20:09:00,2026-03-13 23:57:00,51.8,Closed,3.0
TKT003203,2754-VDLTR,Call Drops,High,Chatbot,2026-02-10 23:51:00,2026-02-11 12:15:00,12.4,Closed,2.0
TKT003204,5940-AHUHD,Broadband Outage,Low,Web Portal,2026-01-25 16:07:00,2026-01-27 16:07:00,48.0,Closed,1.0
TKT003205,9402-ROUMJ,Billing Dispute,Medium,Call Center,2026-07-21 12:43:00,2026-07-23 19:43:00,55.0,Resolved,5.0
TKT003206,0423-UDIJQ,SIM Issue,Low,Web Portal,2026-06-25 18:59:00,,,In Progress,
TKT003207,0343-QLUZP,Plan Modification,Medium,Call Center,2026-08-09 18:59:00,2026-08-10 01:47:00,6.8,Closed,2.0
TKT003208,5673-TIYIB,SIM Issue,Medium,Call Center,2026-08-03 07:49:00,2026-08-06 02:31:00,66.7,Closed,2.0
TKT003209,8974-OVACP,SIM Issue,High,Chatbot,2026-02-26 18:48:00,,,Escalated,
TKT003210,7384-GHBPI,Billing Dispute,Critical,Call Center,2026-02-03 19:02:00,,,In Progress,
TKT003211,5876-QMYLD,Plan Modification,Critical,Mobile App,2026-08-25 08:19:00,,,Escalated,
TKT003212,0269-XFESX,Broadband Outage,High,Chatbot,2026-08-27 22:52:00,,,In Progress,
TKT003213,5236-PERKL,Call Drops,Critical,Call Center,2026-06-09 16:48:00,,,In Progress,
TKT003214,8859-AXJZP,Billing Dispute,Critical,Call Center,2026-07-17 07:36:00,2026-07-19 06:18:00,46.7,Closed,3.0
TKT003215,7196-LIWRH,Network Slowdown,Critical,Web Portal,2026-06-09 20:26:00,,,Escalated,
TKT003216,9079-YEXQJ,Network Slowdown,Critical,Mobile App,2026-07-31 11:50:00,,,In Progress,
TKT003217,3721-WKIIL,Call Drops,Critical,Retail Store,2026-05-04 07:56:00,2026-05-06 21:38:00,61.7,Closed,2.0
TKT003218,3627-FCRDW,Roaming Issue,Critical,Retail Store,2026-05-28 08:37:00,,,In Progress,
TKT003219,9330-DHBFL,Roaming Issue,Medium,Mobile App,2026-06-22 08:06:00,,,Escalated,
TKT003220,0637-YLETY,Call Drops,Low,Mobile App,2026-03-06 08:21:00,2026-03-07 06:45:00,22.4,Closed,1.0
TKT003221,7314-OXENN,Billing Dispute,Critical,Retail Store,2026-07-07 20:15:00,2026-07-10 01:21:00,53.1,Closed,3.0
TKT003222,2886-KEFUM,Plan Modification,High,Retail Store,2026-03-26 14:06:00,2026-03-27 06:48:00,16.7,Closed,3.0
TKT003223,3426-NIYYL,Network Slowdown,High,Retail Store,2026-08-16 08:49:00,,,In Progress,
TKT003224,9714-EDSUC,Broadband Outage,Medium,Mobile App,2026-07-18 18:07:00,,,Escalated,
TKT003225,9576-ANLXO,Plan Modification,Medium,Web Portal,2026-04-30 20:25:00,2026-04-30 22:25:00,2.0,Closed,1.0
TKT003226,6715-OFDBP,SIM Issue,Critical,Call Center,2026-07-02 19:37:00,2026-07-03 18:01:00,22.4,Closed,1.0
TKT003227,7929-SKFGK,Network Slowdown,High,Chatbot,2026-03-30 12:36:00,2026-03-31 19:36:00,31.0,Closed,3.0
TKT003228,5076-YVXCM,Call Drops,Medium,Retail Store,2026-08-28 14:36:00,2026-08-28 19:48:00,5.2,Closed,5.0
TKT003229,9722-UJOJR,Billing Dispute,High,Web Portal,2026-02-17 23:16:00,,,In Progress,
TKT003230,5076-YVXCM,Network Slowdown,High,Web Portal,2026-07-17 10:04:00,,,In Progress,
TKT003231,0524-IAVZO,SIM Issue,Medium,Retail Store,2026-05-27 07:15:00,,,Escalated,
TKT003232,6496-SLWHQ,Billing Dispute,Critical,Chatbot,2026-02-24 23:21:00,,,Escalated,
TKT003233,3806-YAZOV,Broadband Outage,High,Web Portal,2026-05-03 12:53:00,2026-05-06 04:05:00,63.2,Resolved,4.0
TKT003234,1163-VIPRI,Roaming Issue,Critical,Mobile App,2026-06-12 21:17:00,,,Escalated,
TKT003235,7142-HVGBG,Billing Dispute,Low,Retail Store,2026-01-19 16:00:00,2026-01-21 14:12:00,46.2,Closed,1.0
TKT003236,6726-WEXXK,Network Slowdown,Critical,Mobile App,2026-01-03 11:42:00,2026-01-04 21:06:00,33.4,Closed,1.0
TKT003237,0030-FNXPP,Plan Modification,High,Mobile App,2026-06-21 17:44:00,2026-06-23 20:02:00,50.3,Resolved,3.0
TKT003238,4285-GYRQC,Plan Modification,Low,Retail Store,2026-08-30 12:37:00,,,In Progress,
TKT003239,5453-AXEPF,Network Slowdown,Critical,Chatbot,2026-06-28 10:47:00,2026-06-29 00:47:00,14.0,Closed,4.0
TKT003240,6615-NGGZJ,Broadband Outage,High,Mobile App,2026-01-22 20:16:00,2026-01-25 11:58:00,63.7,Resolved,3.0
TKT003241,2260-USTRB,Network Slowdown,Low,Call Center,2026-07-11 17:14:00,2026-07-12 13:44:00,20.5,Closed,1.0
TKT003242,2253-KPMNB,Call Drops,Medium,Retail Store,2026-07-06 15:37:00,,,Escalated,
TKT003243,8467-WYNSR,SIM Issue,High,Web Portal,2026-06-26 17:14:00,2026-06-29 00:20:00,55.1,Closed,4.0
TKT003244,4074-SJFFA,Call Drops,Low,Mobile App,2026-01-25 09:03:00,2026-01-25 17:15:00,8.2,Closed,3.0
TKT003245,0056-EPFBG,Broadband Outage,Critical,Web Portal,2026-01-28 22:47:00,,,In Progress,
TKT003246,0247-SLUJI,Call Drops,Low,Retail Store,2026-06-25 17:45:00,,,Escalated,
TKT003247,6771-XWBDM,Broadband Outage,Low,Retail Store,2026-06-03 16:09:00,2026-06-06 09:33:00,65.4,Closed,2.0
TKT003248,0266-GMEAO,Broadband Outage,High,Retail Store,2026-05-06 14:22:00,2026-05-08 09:52:00,43.5,Resolved,3.0
TKT003249,6457-GIRWB,Broadband Outage,Medium,Call Center,2026-06-03 13:34:00,2026-06-03 19:34:00,6.0,Closed,3.0
TKT003250,3976-BWUCK,Network Slowdown,Critical,Mobile App,2026-03-10 10:39:00,2026-03-11 08:15:00,21.6,Closed,3.0
TKT003251,9300-AGZNL,SIM Issue,Critical,Retail Store,2026-05-12 17:19:00,2026-05-14 11:25:00,42.1,Closed,2.0
TKT003252,3007-FDPEA,SIM Issue,Medium,Call Center,2026-03-10 16:20:00,2026-03-11 19:20:00,27.0,Resolved,5.0
TKT003253,4704-ERYFC,Billing Dispute,Low,Retail Store,2026-08-07 08:09:00,2026-08-09 21:21:00,61.2,Closed,1.0
TKT003254,4759-TRPLW,Roaming Issue,Low,Mobile App,2026-02-04 17:10:00,2026-02-06 04:04:00,34.9,Resolved,1.0
TKT003255,9256-JTBNZ,Call Drops,High,Retail Store,2026-01-16 19:44:00,,,In Progress,
TKT003256,1666-JXLKU,Call Drops,High,Web Portal,2026-05-10 10:42:00,2026-05-12 01:06:00,38.4,Resolved,3.0
TKT003257,9746-YKGXB,Plan Modification,High,Mobile App,2026-01-02 17:29:00,2026-01-03 02:05:00,8.6,Closed,3.0
TKT003258,0727-IWKVK,SIM Issue,High,Retail Store,2026-03-30 21:15:00,2026-04-01 18:51:00,45.6,Closed,2.0
TKT003259,2692-AQCPF,Network Slowdown,Critical,Web Portal,2026-08-05 14:50:00,2026-08-06 14:38:00,23.8,Resolved,3.0
TKT003260,0876-WDUUZ,Plan Modification,Low,Chatbot,2026-01-12 18:47:00,,,Escalated,
TKT003261,9114-AAFQH,SIM Issue,Critical,Call Center,2026-07-24 16:33:00,2026-07-24 21:39:00,5.1,Resolved,5.0
TKT003262,0875-CABNR,Network Slowdown,High,Web Portal,2026-02-01 12:19:00,2026-02-03 10:37:00,46.3,Closed,2.0
TKT003263,6015-VVHHE,Call Drops,High,Web Portal,2026-07-24 17:52:00,,,Escalated,
TKT003264,2625-TRCZQ,Broadband Outage,Medium,Call Center,2026-07-23 09:58:00,,,In Progress,
TKT003265,7326-RIGQZ,Broadband Outage,Critical,Mobile App,2026-03-30 13:34:00,,,In Progress,
TKT003266,2637-FKFSY,Plan Modification,High,Retail Store,2026-01-03 15:58:00,2026-01-04 19:52:00,27.9,Closed,5.0
TKT003267,0980-FEXWF,Broadband Outage,Critical,Retail Store,2026-07-19 22:06:00,,,In Progress,
TKT003268,0979-MOZQI,Roaming Issue,High,Chatbot,2026-06-11 18:02:00,2026-06-14 15:20:00,69.3,Resolved,4.0
TKT003269,7120-RFMVS,Broadband Outage,Critical,Chatbot,2026-08-09 22:04:00,2026-08-10 22:04:00,24.0,Resolved,1.0
TKT003270,2719-BDAQO,Call Drops,Critical,Chatbot,2026-02-09 10:00:00,2026-02-10 18:42:00,32.7,Closed,1.0
TKT003271,2983-ZANRP,Roaming Issue,Low,Call Center,2026-05-11 23:44:00,,,In Progress,
TKT003272,9068-FHQHD,Call Drops,High,Mobile App,2026-05-16 18:50:00,2026-05-17 04:20:00,9.5,Closed,3.0
TKT003273,1855-CFULU,Network Slowdown,High,Retail Store,2026-01-12 20:00:00,2026-01-15 05:36:00,57.6,Closed,3.0
TKT003274,5167-ZFFMM,Network Slowdown,Medium,Mobile App,2026-03-07 22:51:00,,,In Progress,
TKT003275,6941-PMGEP,Network Slowdown,Critical,Web Portal,2026-02-01 18:03:00,2026-02-02 05:51:00,11.8,Resolved,2.0
TKT003276,7854-FOKSF,Billing Dispute,Medium,Call Center,2026-08-11 13:25:00,,,In Progress,
TKT003277,3511-BFTJW,Plan Modification,Low,Retail Store,2026-06-11 11:56:00,,,In Progress,
TKT003278,3785-KTYSH,Call Drops,Low,Web Portal,2026-05-17 11:07:00,2026-05-18 14:55:00,27.8,Closed,4.0
TKT003279,4237-CLSMM,Billing Dispute,Critical,Web Portal,2026-06-12 23:37:00,2026-06-15 20:07:00,68.5,Closed,3.0
TKT003280,0188-GWFLE,Plan Modification,Medium,Mobile App,2026-03-11 14:18:00,,,In Progress,
TKT003281,0757-WCUUZ,Billing Dispute,High,Mobile App,2026-03-10 11:48:00,2026-03-10 18:18:00,6.5,Resolved,3.0
TKT003282,1357-BIJKI,Plan Modification,Critical,Chatbot,2026-06-13 11:03:00,2026-06-13 14:33:00,3.5,Closed,3.0
TKT003283,0843-WTBXE,SIM Issue,Low,Chatbot,2026-02-15 11:46:00,,,In Progress,
TKT003284,4236-XPXAV,Plan Modification,Critical,Mobile App,2026-03-15 07:11:00,2026-03-15 12:11:00,5.0,Closed,3.0
TKT003285,4322-RCYMT,Broadband Outage,Critical,Retail Store,2026-01-23 11:34:00,,,In Progress,
TKT003286,6352-TWCAU,Roaming Issue,Medium,Chatbot,2026-04-27 09:37:00,,,In Progress,
TKT003287,1265-XTECC,Broadband Outage,Critical,Retail Store,2026-02-19 18:00:00,,,In Progress,
TKT003288,3744-ZRRDZ,Plan Modification,Critical,Call Center,2026-02-19 14:51:00,2026-02-21 18:15:00,51.4,Closed,2.0
TKT003289,4424-TKOPW,SIM Issue,Low,Call Center,2026-04-22 11:32:00,,,In Progress,
TKT003290,3049-NDXFL,SIM Issue,Medium,Mobile App,2026-06-14 22:01:00,,,Escalated,
TKT003291,7927-AUXBZ,SIM Issue,Low,Mobile App,2026-06-23 07:30:00,,,In Progress,
TKT003292,3671-SHRSP,Billing Dispute,Medium,Retail Store,2026-06-07 16:07:00,2026-06-09 19:13:00,51.1,Closed,3.0
TKT003293,2027-DNKIV,Billing Dispute,Medium,Web Portal,2026-06-08 11:44:00,2026-06-10 15:02:00,51.3,Resolved,4.0
TKT003294,1905-OEILC,Network Slowdown,High,Web Portal,2026-03-19 10:41:00,2026-03-21 02:05:00,39.4,Closed,4.0
TKT003295,3967-KXAPS,Plan Modification,Critical,Chatbot,2026-01-27 09:22:00,,,In Progress,
TKT003296,5353-WILCI,SIM Issue,Medium,Chatbot,2026-07-18 12:32:00,2026-07-18 19:02:00,6.5,Resolved,4.0
TKT003297,7663-CUXZB,Call Drops,Critical,Call Center,2026-05-18 19:25:00,2026-05-20 11:55:00,40.5,Closed,3.0
TKT003298,8984-EYLLL,Broadband Outage,Low,Retail Store,2026-05-03 16:44:00,,,Escalated,
TKT003299,6286-ZHAOK,SIM Issue,Medium,Chatbot,2026-03-10 08:30:00,,,In Progress,
TKT003300,8374-UULRV,Broadband Outage,Low,Web Portal,2026-02-04 18:03:00,,,In Progress,
TKT003301,3877-JRJIP,Call Drops,Medium,Mobile App,2026-04-15 09:06:00,2026-04-16 07:24:00,22.3,Resolved,2.0
TKT003302,2403-BCASL,Call Drops,Low,Mobile App,2026-01-12 08:06:00,2026-01-14 23:00:00,62.9,Resolved,3.0
TKT003303,2430-USGXP,Network Slowdown,Critical,Chatbot,2026-08-09 15:56:00,,,In Progress,
TKT003304,5146-YYFRZ,SIM Issue,Low,Mobile App,2026-01-09 08:10:00,2026-01-11 18:40:00,58.5,Closed,4.0
TKT003305,0224-HJAPT,Call Drops,Critical,Chatbot,2026-07-13 09:40:00,,,Escalated,
TKT003306,9589-ABEPT,SIM Issue,High,Chatbot,2026-01-18 19:31:00,,,Escalated,
TKT003307,5512-IDZEI,Network Slowdown,Low,Call Center,2026-02-12 10:46:00,2026-02-12 22:04:00,11.3,Closed,4.0
TKT003308,4176-RELJR,SIM Issue,Critical,Mobile App,2026-03-16 21:34:00,,,In Progress,
TKT003309,8849-GYOKR,Billing Dispute,Low,Retail Store,2026-05-22 09:04:00,,,Escalated,
TKT003310,7089-XXAYG,Plan Modification,High,Retail Store,2026-03-04 17:33:00,2026-03-05 23:15:00,29.7,Resolved,3.0
TKT003311,6715-OFDBP,Broadband Outage,Critical,Web Portal,2026-02-04 21:28:00,,,In Progress,
TKT003312,6518-LGAOV,Billing Dispute,Medium,Chatbot,2026-06-03 12:40:00,,,In Progress,
TKT003313,6979-ZNSFF,Call Drops,High,Call Center,2026-07-04 22:17:00,2026-07-06 21:05:00,46.8,Closed,3.0
TKT003314,3194-ORPIK,Billing Dispute,Low,Call Center,2026-02-05 07:50:00,,,Escalated,
TKT003315,4154-AQUGT,Roaming Issue,High,Chatbot,2026-01-02 20:34:00,2026-01-03 03:16:00,6.7,Resolved,2.0
TKT003316,3633-CDBUW,Plan Modification,Low,Call Center,2026-02-04 14:25:00,2026-02-06 22:13:00,55.8,Resolved,4.0
TKT003317,5202-IVJNU,SIM Issue,Critical,Chatbot,2026-01-25 19:13:00,,,Escalated,
TKT003318,4589-IUAJB,Network Slowdown,Low,Retail Store,2026-02-10 14:04:00,,,Escalated,
TKT003319,8183-ONMXC,SIM Issue,High,Web Portal,2026-08-02 22:33:00,2026-08-05 01:45:00,51.2,Closed,1.0
TKT003320,4526-ZJJTM,Broadband Outage,Critical,Web Portal,2026-06-18 15:55:00,2026-06-19 03:55:00,12.0,Closed,5.0
TKT003321,0529-ONKER,Billing Dispute,Low,Web Portal,2026-05-21 20:28:00,,,In Progress,
TKT003322,1627-AFWVJ,Broadband Outage,High,Call Center,2026-04-10 21:32:00,2026-04-12 05:08:00,31.6,Closed,3.0
TKT003323,3282-ZISZV,Billing Dispute,Medium,Web Portal,2026-06-12 21:39:00,2026-06-13 10:21:00,12.7,Resolved,4.0
TKT003324,0056-EPFBG,Plan Modification,Critical,Retail Store,2026-03-14 22:53:00,,,Escalated,
TKT003325,2612-RRIDN,Call Drops,Low,Mobile App,2026-03-01 15:12:00,2026-03-03 18:18:00,51.1,Closed,1.0
TKT003326,8603-IJWDN,SIM Issue,Low,Retail Store,2026-06-11 22:00:00,2026-06-14 09:54:00,59.9,Closed,1.0
TKT003327,3639-XJHKQ,Plan Modification,Low,Call Center,2026-03-05 15:45:00,,,In Progress,
TKT003328,7825-GKXMW,Roaming Issue,Medium,Chatbot,2026-04-26 11:57:00,2026-04-27 07:15:00,19.3,Closed,3.0
TKT003329,5574-NXZIU,SIM Issue,Critical,Retail Store,2026-08-14 15:04:00,2026-08-17 14:04:00,71.0,Closed,1.0
TKT003330,2592-SEIFQ,Plan Modification,Medium,Retail Store,2026-08-05 23:21:00,2026-08-06 20:21:00,21.0,Resolved,1.0
TKT003331,5536-RTPWK,Billing Dispute,High,Mobile App,2026-03-06 19:38:00,2026-03-07 13:50:00,18.2,Resolved,3.0
TKT003332,3585-ISXZP,Plan Modification,Low,Retail Store,2026-05-09 08:12:00,2026-05-09 10:48:00,2.6,Closed,1.0
TKT003333,9554-DFKIC,Roaming Issue,Critical,Web Portal,2026-01-17 21:39:00,,,Escalated,
TKT003334,2608-BHKFN,Network Slowdown,Low,Call Center,2026-07-23 22:15:00,2026-07-24 12:15:00,14.0,Closed,3.0
TKT003335,1069-QJOEE,Call Drops,Low,Chatbot,2026-05-07 18:14:00,,,In Progress,
TKT003336,0742-NXBGR,Broadband Outage,High,Call Center,2026-05-07 13:11:00,,,Escalated,
TKT003337,0195-IESCP,Plan Modification,Medium,Call Center,2026-04-04 10:40:00,2026-04-05 12:04:00,25.4,Closed,3.0
TKT003338,6635-CPNUN,Billing Dispute,Critical,Call Center,2026-01-06 15:58:00,,,In Progress,
TKT003339,3138-BKYAV,Plan Modification,High,Web Portal,2026-08-12 17:26:00,2026-08-13 15:20:00,21.9,Closed,2.0
TKT003340,6953-PBDIN,Call Drops,Medium,Call Center,2026-05-19 14:04:00,2026-05-20 22:10:00,32.1,Closed,3.0
TKT003341,1918-ZBFQJ,Billing Dispute,High,Mobile App,2026-04-06 15:29:00,2026-04-08 02:53:00,35.4,Closed,2.0
TKT003342,4881-JVQOD,Roaming Issue,Critical,Chatbot,2026-01-14 23:49:00,,,In Progress,
TKT003343,2746-DIJLO,SIM Issue,Medium,Call Center,2026-08-24 23:14:00,,,In Progress,
TKT003344,6474-FVJLC,Plan Modification,Medium,Mobile App,2026-02-12 16:51:00,,,Escalated,
TKT003345,4597-ELFTS,Roaming Issue,Low,Mobile App,2026-08-12 08:02:00,,,In Progress,
TKT003346,8042-JVNFH,Network Slowdown,High,Retail Store,2026-04-09 15:09:00,2026-04-11 16:33:00,49.4,Closed,1.0
TKT003347,2642-DTVCO,Plan Modification,Critical,Chatbot,2026-04-24 12:24:00,2026-04-26 06:30:00,42.1,Resolved,3.0
TKT003348,0979-PHULV,Billing Dispute,High,Chatbot,2026-06-01 18:18:00,2026-06-03 16:54:00,46.6,Closed,1.0
TKT003349,2636-OHFMN,Call Drops,Medium,Retail Store,2026-07-13 16:05:00,2026-07-14 00:29:00,8.4,Closed,3.0
TKT003350,8592-PLTMQ,Broadband Outage,Medium,Call Center,2026-05-21 10:20:00,2026-05-21 15:26:00,5.1,Resolved,2.0
TKT003351,8510-AWCXC,Call Drops,Critical,Mobile App,2026-03-30 19:50:00,2026-04-01 17:32:00,45.7,Resolved,1.0
TKT003352,7541-YLXCL,Roaming Issue,Low,Call Center,2026-06-26 10:42:00,2026-06-28 19:54:00,57.2,Resolved,3.0
TKT003353,7359-SSBJK,Broadband Outage,Critical,Mobile App,2026-07-28 17:41:00,2026-07-28 19:53:00,2.2,Closed,3.0
TKT003354,5295-PCJOO,Broadband Outage,High,Retail Store,2026-06-16 18:29:00,2026-06-19 11:47:00,65.3,Closed,3.0
TKT003355,7548-SEPYI,Plan Modification,Low,Mobile App,2026-04-06 09:58:00,,,In Progress,
TKT003356,5013-SBUIH,SIM Issue,Medium,Call Center,2026-05-07 12:56:00,2026-05-10 09:14:00,68.3,Resolved,2.0
TKT003357,7603-USHJS,Billing Dispute,High,Chatbot,2026-04-08 22:01:00,,,Escalated,
TKT003358,2656-TABEH,SIM Issue,High,Mobile App,2026-08-06 22:11:00,,,In Progress,
TKT003359,6549-BTYPG,Network Slowdown,High,Call Center,2026-05-18 13:47:00,2026-05-19 04:53:00,15.1,Resolved,3.0
TKT003360,4476-OSWTN,Plan Modification,Medium,Retail Store,2026-08-21 21:21:00,,,In Progress,
TKT003361,5057-LCOUI,Roaming Issue,High,Retail Store,2026-03-21 13:24:00,2026-03-24 10:18:00,68.9,Closed,2.0
TKT003362,6615-NGGZJ,Call Drops,Critical,Call Center,2026-07-19 13:33:00,2026-07-20 18:27:00,28.9,Resolved,2.0
TKT003363,4795-WRNVT,Call Drops,Critical,Call Center,2026-06-03 17:37:00,,,Escalated,
TKT003364,2911-IJORQ,Billing Dispute,High,Chatbot,2026-08-03 22:47:00,2026-08-06 11:05:00,60.3,Resolved,1.0
TKT003365,5813-UECBU,Plan Modification,Medium,Call Center,2026-06-24 11:26:00,,,In Progress,
TKT003366,1582-RAFML,Roaming Issue,Medium,Mobile App,2026-08-23 12:24:00,,,In Progress,
TKT003367,5366-OBVMR,Billing Dispute,Medium,Mobile App,2026-02-18 22:22:00,2026-02-21 00:52:00,50.5,Closed,3.0
TKT003368,3106-ULWFW,Billing Dispute,Medium,Mobile App,2026-06-17 13:55:00,2026-06-19 02:49:00,36.9,Closed,1.0
TKT003369,7503-ZGUZJ,Network Slowdown,Critical,Call Center,2026-01-13 08:13:00,2026-01-16 02:55:00,66.7,Closed,2.0
TKT003370,4634-JLRJT,Plan Modification,High,Web Portal,2026-03-25 08:16:00,2026-03-26 08:10:00,23.9,Closed,3.0
TKT003371,4869-EPIUS,Call Drops,Medium,Retail Store,2026-04-03 16:12:00,2026-04-03 20:54:00,4.7,Resolved,3.0
TKT003372,1349-WXNGG,Broadband Outage,High,Web Portal,2026-06-15 08:41:00,2026-06-15 21:17:00,12.6,Resolved,1.0
TKT003373,2911-UREFD,SIM Issue,Critical,Mobile App,2026-02-08 22:04:00,2026-02-09 00:22:00,2.3,Closed,3.0
TKT003374,5997-OPVFA,SIM Issue,Critical,Retail Store,2026-06-09 20:52:00,2026-06-11 19:46:00,46.9,Resolved,3.0
TKT003375,1143-NMNQJ,SIM Issue,Medium,Web Portal,2026-01-27 10:03:00,2026-01-28 23:03:00,37.0,Closed,3.0
TKT003376,9830-ECLEN,Roaming Issue,High,Call Center,2026-02-18 19:25:00,2026-02-19 18:01:00,22.6,Closed,4.0
TKT003377,5889-JTMUL,Billing Dispute,High,Mobile App,2026-02-21 20:24:00,2026-02-23 22:54:00,50.5,Closed,3.0
TKT003378,2120-SMPEX,Billing Dispute,Critical,Mobile App,2026-08-23 15:52:00,,,Escalated,
TKT003379,5868-YTYKS,SIM Issue,Medium,Retail Store,2026-01-07 18:25:00,2026-01-08 18:19:00,23.9,Closed,1.0
TKT003380,8910-LEDAG,Network Slowdown,Critical,Chatbot,2026-08-23 07:12:00,,,Escalated,
TKT003381,9564-KCLHR,Roaming Issue,Critical,Web Portal,2026-05-14 22:31:00,,,Escalated,
TKT003382,3336-JORSO,Network Slowdown,Critical,Call Center,2026-02-07 19:12:00,,,Escalated,
TKT003383,4361-JEIVL,Roaming Issue,Medium,Chatbot,2026-01-22 12:03:00,,,Escalated,
TKT003384,2037-XJFUP,Call Drops,High,Retail Store,2026-04-28 15:41:00,2026-04-29 05:53:00,14.2,Resolved,3.0
TKT003385,8098-LLAZX,Plan Modification,Low,Call Center,2026-03-15 18:56:00,2026-03-17 08:38:00,37.7,Closed,1.0
TKT003386,1355-KUSBG,SIM Issue,Medium,Retail Store,2026-02-23 22:41:00,,,In Progress,
TKT003387,3811-VBYBZ,Roaming Issue,Low,Mobile App,2026-02-06 18:41:00,2026-02-09 05:05:00,58.4,Resolved,3.0
TKT003388,5294-CDGWY,Network Slowdown,High,Call Center,2026-04-10 12:19:00,2026-04-12 23:13:00,58.9,Resolved,3.0
TKT003389,5193-QLVZB,Broadband Outage,Critical,Retail Store,2026-06-15 15:02:00,2026-06-17 00:32:00,33.5,Closed,4.0
TKT003390,9548-LERKT,Broadband Outage,High,Web Portal,2026-05-26 17:32:00,2026-05-27 00:02:00,6.5,Closed,4.0
TKT003391,1092-GANHU,Plan Modification,Critical,Web Portal,2026-04-01 15:19:00,2026-04-02 05:07:00,13.8,Closed,2.0
TKT003392,6110-OHIHY,Broadband Outage,Critical,Mobile App,2026-03-08 10:01:00,,,In Progress,
TKT003393,6987-XQSJT,Plan Modification,Critical,Chatbot,2026-03-13 16:35:00,,,Escalated,
TKT003394,8388-DMKAE,SIM Issue,Medium,Mobile App,2026-06-12 08:51:00,,,In Progress,
TKT003395,2954-PIBKO,Call Drops,Critical,Retail Store,2026-03-26 07:49:00,2026-03-26 09:49:00,2.0,Closed,4.0
TKT003396,3413-DHLPB,Plan Modification,Medium,Chatbot,2026-06-23 20:05:00,2026-06-24 14:41:00,18.6,Resolved,4.0
TKT003397,6305-YLBMM,Roaming Issue,Low,Chatbot,2026-03-11 08:33:00,2026-03-13 11:03:00,50.5,Closed,1.0
TKT003398,4547-LYTDD,Plan Modification,Low,Web Portal,2026-06-28 15:34:00,2026-06-30 20:16:00,52.7,Resolved,2.0
TKT003399,6064-ZATLR,Roaming Issue,Medium,Mobile App,2026-08-20 15:00:00,2026-08-21 06:48:00,15.8,Closed,3.0
TKT003400,0094-OIFMO,Roaming Issue,Medium,Web Portal,2026-05-09 20:08:00,2026-05-10 01:50:00,5.7,Closed,2.0
TKT003401,2481-SBOYW,Call Drops,Critical,Call Center,2026-01-25 23:30:00,,,In Progress,
TKT003402,5103-MHMHY,Billing Dispute,High,Mobile App,2026-03-09 20:24:00,2026-03-10 16:54:00,20.5,Closed,3.0
TKT003403,0504-HHAPI,Billing Dispute,High,Call Center,2026-03-11 20:44:00,2026-03-12 15:50:00,19.1,Closed,3.0
TKT003404,1915-OAKWD,Billing Dispute,Low,Call Center,2026-06-05 14:37:00,2026-06-08 05:55:00,63.3,Closed,5.0
TKT003405,2833-SLKDQ,Billing Dispute,High,Retail Store,2026-05-24 21:38:00,2026-05-27 04:26:00,54.8,Closed,3.0
TKT003406,6815-ABQFQ,Roaming Issue,High,Web Portal,2026-03-13 18:50:00,,,Escalated,
TKT003407,3716-LRGXK,Billing Dispute,Medium,Call Center,2026-06-26 17:05:00,2026-06-28 20:47:00,51.7,Resolved,3.0
TKT003408,1043-YCUTE,SIM Issue,Low,Mobile App,2026-08-01 13:40:00,,,In Progress,
TKT003409,8319-QBEHW,Plan Modification,High,Call Center,2026-08-22 10:12:00,,,Escalated,
TKT003410,2996-XAUVF,Plan Modification,Critical,Chatbot,2026-01-17 07:44:00,2026-01-18 12:50:00,29.1,Closed,3.0
TKT003411,8780-YRMTT,SIM Issue,Low,Web Portal,2026-01-03 08:49:00,2026-01-05 12:49:00,52.0,Closed,2.0
TKT003412,5919-TMRGD,Plan Modification,Critical,Chatbot,2026-07-09 12:12:00,2026-07-09 14:36:00,2.4,Resolved,2.0
TKT003413,9661-MHUMO,Billing Dispute,Low,Chatbot,2026-08-29 14:26:00,2026-08-30 08:14:00,17.8,Closed,2.0
TKT003414,6857-VWJDT,Network Slowdown,Low,Chatbot,2026-02-13 22:57:00,2026-02-15 18:09:00,43.2,Closed,3.0
TKT003415,1925-TIBLE,Billing Dispute,Medium,Retail Store,2026-05-24 15:38:00,,,In Progress,
TKT003416,8624-GIOUT,Plan Modification,Critical,Retail Store,2026-03-15 18:30:00,2026-03-18 02:00:00,55.5,Closed,3.0
TKT003417,1582-RAFML,Roaming Issue,High,Chatbot,2026-02-15 18:23:00,2026-02-16 09:47:00,15.4,Closed,1.0
TKT003418,3571-RFHAR,Billing Dispute,High,Retail Store,2026-03-03 08:55:00,2026-03-05 09:49:00,48.9,Resolved,2.0
TKT003419,3927-NLNRY,Roaming Issue,Low,Web Portal,2026-06-09 23:05:00,,,In Progress,
TKT003420,4747-LCAQL,Network Slowdown,High,Chatbot,2026-01-02 21:49:00,2026-01-03 12:37:00,14.8,Closed,5.0
TKT003421,8563-IIOXK,SIM Issue,Critical,Chatbot,2026-06-01 13:58:00,,,Escalated,
TKT003422,1402-PTHGN,Broadband Outage,Low,Call Center,2026-02-09 21:01:00,2026-02-10 03:19:00,6.3,Resolved,4.0
TKT003423,5393-RXQSZ,Broadband Outage,Low,Mobile App,2026-07-17 10:23:00,,,In Progress,
TKT003424,5522-JBWMO,Call Drops,Medium,Call Center,2026-03-14 20:26:00,,,Escalated,
TKT003425,7551-DACSP,Call Drops,Low,Chatbot,2026-07-18 18:56:00,,,Escalated,
TKT003426,3780-DDGSE,SIM Issue,Critical,Chatbot,2026-08-05 13:24:00,2026-08-07 12:00:00,46.6,Resolved,5.0
TKT003427,5989-PGKJB,Call Drops,Critical,Call Center,2026-07-07 10:51:00,,,Escalated,
TKT003428,4614-NUVZD,SIM Issue,Critical,Web Portal,2026-04-26 19:31:00,,,In Progress,
TKT003429,2511-ALLCS,Plan Modification,Medium,Retail Store,2026-07-11 20:35:00,,,In Progress,
TKT003430,2055-PDADH,SIM Issue,Medium,Chatbot,2026-01-06 07:07:00,2026-01-07 13:25:00,30.3,Resolved,3.0
TKT003431,8356-WUAOJ,Billing Dispute,Critical,Call Center,2026-05-19 17:37:00,2026-05-21 16:49:00,47.2,Resolved,2.0
TKT003432,5804-LEPIM,Billing Dispute,Critical,Call Center,2026-03-18 10:30:00,,,Escalated,
TKT003433,5081-NWSUP,Network Slowdown,High,Retail Store,2026-03-20 23:01:00,,,Escalated,
TKT003434,6713-OKOMC,Network Slowdown,Low,Retail Store,2026-06-27 20:15:00,2026-06-28 11:45:00,15.5,Closed,3.0
TKT003435,3804-RVTGV,Billing Dispute,High,Retail Store,2026-05-14 11:38:00,,,Escalated,
TKT003436,2961-VNFKL,Broadband Outage,High,Call Center,2026-07-16 20:34:00,2026-07-19 18:22:00,69.8,Closed,3.0
TKT003437,7693-QPEFS,Billing Dispute,High,Chatbot,2026-01-09 17:58:00,2026-01-11 21:28:00,51.5,Closed,4.0
TKT003438,7943-RQCHR,Broadband Outage,Low,Mobile App,2026-05-23 12:07:00,2026-05-26 11:55:00,71.8,Closed,3.0
TKT003439,9685-WKZGT,Billing Dispute,High,Web Portal,2026-07-01 21:30:00,2026-07-04 05:48:00,56.3,Closed,3.0
TKT003440,4958-GZWIY,Plan Modification,Medium,Web Portal,2026-08-31 16:08:00,2026-08-31 17:20:00,1.2,Resolved,2.0
TKT003441,3716-BDVDB,Network Slowdown,Critical,Web Portal,2026-01-25 18:20:00,,,Escalated,
TKT003442,1465-VINDH,SIM Issue,Critical,Web Portal,2026-04-10 16:30:00,2026-04-13 07:12:00,62.7,Closed,2.0
TKT003443,1626-ERCMM,SIM Issue,High,Mobile App,2026-06-13 16:34:00,,,In Progress,
TKT003444,6794-HKIAJ,Plan Modification,Critical,Mobile App,2026-03-11 18:41:00,,,Escalated,
TKT003445,1223-UNPKS,SIM Issue,Critical,Chatbot,2026-06-17 18:35:00,2026-06-20 03:41:00,57.1,Closed,1.0
TKT003446,5840-NVDCG,SIM Issue,Low,Retail Store,2026-04-15 19:54:00,,,Escalated,
TKT003447,9399-APLBT,SIM Issue,Critical,Web Portal,2026-07-03 22:03:00,2026-07-06 20:27:00,70.4,Closed,2.0
TKT003448,0617-AQNWT,Roaming Issue,Medium,Retail Store,2026-05-13 13:37:00,,,In Progress,
TKT003449,2636-ALXXZ,Roaming Issue,Critical,Retail Store,2026-05-16 17:26:00,,,In Progress,
TKT003450,8181-YHCMF,SIM Issue,Critical,Web Portal,2026-03-11 16:01:00,2026-03-12 00:31:00,8.5,Resolved,3.0
TKT003451,8213-TAZPM,SIM Issue,High,Mobile App,2026-07-22 08:56:00,,,Escalated,
TKT003452,2911-UREFD,Plan Modification,Medium,Web Portal,2026-02-28 08:02:00,,,In Progress,
TKT003453,2479-BRAMR,Plan Modification,Critical,Call Center,2026-02-22 09:27:00,2026-02-23 20:21:00,34.9,Closed,1.0
TKT003454,2955-BJZHG,Roaming Issue,High,Web Portal,2026-08-28 17:35:00,,,In Progress,
TKT003455,3308-DGHKL,Roaming Issue,Low,Mobile App,2026-02-19 08:00:00,,,In Progress,
TKT003456,5889-LFOLL,Network Slowdown,Critical,Chatbot,2026-01-16 09:12:00,,,In Progress,
TKT003457,2446-BEGGB,Broadband Outage,High,Web Portal,2026-01-04 14:20:00,2026-01-06 17:32:00,51.2,Resolved,1.0
TKT003458,8399-YNDCH,Call Drops,Medium,Mobile App,2026-07-24 14:32:00,,,In Progress,
TKT003459,1534-OULXE,Billing Dispute,Critical,Web Portal,2026-02-12 20:01:00,,,In Progress,
TKT003460,0392-BZIUW,SIM Issue,Low,Call Center,2026-04-08 17:22:00,2026-04-11 06:46:00,61.4,Closed,3.0
TKT003461,1302-UHBDD,Network Slowdown,Critical,Mobile App,2026-04-17 15:36:00,,,In Progress,
TKT003462,3001-CBHLQ,Network Slowdown,High,Chatbot,2026-01-11 08:36:00,,,Escalated,
TKT003463,5227-JSCFE,Call Drops,High,Call Center,2026-05-08 21:04:00,2026-05-10 07:28:00,34.4,Resolved,4.0
TKT003464,1550-LOAHA,SIM Issue,Critical,Chatbot,2026-04-12 07:34:00,2026-04-14 19:04:00,59.5,Closed,1.0
TKT003465,5327-XOKKY,SIM Issue,Medium,Retail Store,2026-03-23 21:44:00,2026-03-24 10:08:00,12.4,Resolved,3.0
TKT003466,4572-DVCGN,Plan Modification,Critical,Retail Store,2026-04-26 10:14:00,,,In Progress,
TKT003467,8118-LSUEL,Plan Modification,Low,Chatbot,2026-03-28 23:54:00,,,In Progress,
TKT003468,6502-HCJTI,Broadband Outage,Low,Call Center,2026-06-15 14:56:00,2026-06-16 08:26:00,17.5,Closed,1.0
TKT003469,1194-SPVSP,SIM Issue,Low,Web Portal,2026-07-17 21:19:00,,,Escalated,
TKT003470,3858-VOBET,Billing Dispute,High,Web Portal,2026-04-14 21:03:00,2026-04-16 08:03:00,35.0,Closed,1.0
TKT003471,3198-VELRD,Network Slowdown,High,Web Portal,2026-07-18 14:50:00,,,In Progress,
TKT003472,1624-WOIWJ,Network Slowdown,High,Retail Store,2026-07-09 22:44:00,2026-07-12 01:38:00,50.9,Resolved,3.0
TKT003473,9803-FTJCG,Call Drops,Critical,Chatbot,2026-08-30 12:27:00,,,In Progress,
TKT003474,0704-VCUMB,Plan Modification,Critical,Web Portal,2026-03-01 17:32:00,,,In Progress,
TKT003475,4818-QIUFN,Broadband Outage,Medium,Chatbot,2026-07-30 16:57:00,2026-08-01 22:21:00,53.4,Closed,1.0
TKT003476,5027-QPKTE,Plan Modification,Low,Web Portal,2026-08-09 20:10:00,2026-08-12 18:28:00,70.3,Closed,1.0
TKT003477,2469-DTSGX,Call Drops,Medium,Web Portal,2026-04-04 21:26:00,,,Escalated,
TKT003478,8610-WFCJF,SIM Issue,High,Call Center,2026-03-14 14:56:00,,,Escalated,
TKT003479,1084-UQCHV,Billing Dispute,High,Chatbot,2026-05-05 13:29:00,2026-05-06 12:59:00,23.5,Closed,2.0
TKT003480,7673-BQGKU,Plan Modification,Medium,Retail Store,2026-04-19 07:38:00,,,In Progress,
TKT003481,5032-USPKF,Broadband Outage,High,Retail Store,2026-01-03 13:54:00,,,In Progress,
TKT003482,3481-JHUZH,Plan Modification,Medium,Retail Store,2026-02-04 11:23:00,2026-02-06 04:11:00,40.8,Closed,5.0
TKT003483,3677-IYRBF,Broadband Outage,Medium,Web Portal,2026-06-15 14:37:00,2026-06-17 23:13:00,56.6,Resolved,1.0
TKT003484,7079-QRCBC,Network Slowdown,Medium,Call Center,2026-01-08 23:33:00,2026-01-11 22:09:00,70.6,Closed,1.0
TKT003485,3640-PHQXK,Plan Modification,Low,Web Portal,2026-08-30 12:41:00,2026-08-31 00:11:00,11.5,Closed,1.0
TKT003486,2720-WGKHP,Network Slowdown,High,Mobile App,2026-02-09 09:57:00,2026-02-11 17:57:00,56.0,Closed,1.0
TKT003487,4154-AQUGT,Network Slowdown,Critical,Retail Store,2026-03-13 15:48:00,2026-03-14 20:42:00,28.9,Closed,1.0
TKT003488,0289-IVARM,Call Drops,High,Call Center,2026-06-21 07:35:00,,,Escalated,
TKT003489,5774-QPLTF,Call Drops,High,Mobile App,2026-08-23 09:52:00,2026-08-24 19:34:00,33.7,Closed,3.0
TKT003490,2845-HSJCY,Call Drops,Low,Mobile App,2026-05-10 14:34:00,2026-05-11 21:16:00,30.7,Resolved,3.0
TKT003491,2359-QWQUL,Call Drops,High,Retail Store,2026-07-08 18:42:00,,,Escalated,
TKT003492,4844-JJWUY,Broadband Outage,Medium,Call Center,2026-06-21 13:53:00,2026-06-24 02:23:00,60.5,Closed,2.0
TKT003493,1455-UGQVH,Billing Dispute,Low,Mobile App,2026-04-14 11:18:00,,,Escalated,
TKT003494,4994-OBRSZ,Broadband Outage,Medium,Mobile App,2026-03-08 10:38:00,2026-03-10 06:02:00,43.4,Closed,5.0
TKT003495,1635-NZATJ,Plan Modification,Critical,Chatbot,2026-07-18 08:43:00,2026-07-21 00:13:00,63.5,Resolved,5.0
TKT003496,0407-BDJKB,Network Slowdown,High,Mobile App,2026-02-14 07:03:00,,,Escalated,
TKT003497,7643-RCHXS,Call Drops,Medium,Retail Store,2026-06-17 23:16:00,2026-06-20 12:40:00,61.4,Closed,3.0
TKT003498,7242-EDTYC,Broadband Outage,Medium,Mobile App,2026-02-27 19:46:00,2026-02-28 01:28:00,5.7,Resolved,4.0
TKT003499,6769-DYBQN,Call Drops,Medium,Chatbot,2026-05-07 15:40:00,,,In Progress,
TKT003500,5996-EBTKM,Network Slowdown,Medium,Web Portal,2026-01-03 13:57:00,,,Escalated,
